POI_id,latitude,longitude,category,visits,sid_1,sid_2,sid_3,semantic_id
49bbd6c0f964a520f4531fe3,40.719810375488535,-74.00258103213994,75,24,9,21,56,<a_9><b_21><c_56>
4a43c0aef964a520c6a61fe3,40.60679958140643,-74.04416981025437,252,97,6,32,22,<a_6><b_32><c_22>
4c5cc7b485a1e21e00d35711,40.716161684843215,-73.88307005845945,6,96,57,60,21,<a_57><b_60><c_21>
4ce1863bc4f6a35d8bd2db6c,40.61915106755737,-74.03588760058483,6,16,43,58,60,<a_43><b_58><c_60>
4c0ab56f7e3fc9288c1df482,40.741190550641626,-73.98966309787518,362,38,63,46,49,<a_63><b_46><c_49>
4c00297392a6c9280cc243e2,40.86198150306815,-74.04790453737951,70,37,38,34,10,<a_38><b_34><c_10>
4b9830a5f964a520c73235e3,40.82678953781387,-73.94950923509141,48,27,59,47,61,<a_59><b_47><c_61>
4ba8a9a9f964a5206ee539e3,40.88302032878746,-74.0758752822876,72,68,2,45,51,<a_2><b_45><c_51>
4c955b3558d4b60c06d03129,40.76067264603736,-74.00367709397945,87,12,23,5,12,<a_23><b_5><c_12>
4ba0e0edf964a520138437e3,40.736676,-73.98891,69,60,59,30,26,<a_59><b_30><c_26>
4a676ff4f964a5206fc91fe3,40.655535144394925,-74.00862937888984,69,36,63,34,57,<a_63><b_34><c_57>
4c5ef77bfff99c74eda954d3,40.74186151409088,-73.98943362953369,48,100,22,16,7,<a_22><b_16><c_7>
4bcde547511f95210d62b5c7,40.75094552248844,-74.00563392176072,69,29,33,7,39,<a_33><b_7><c_39>
3fd66200f964a52035e41ee3,40.73169799836348,-73.98922693741638,263,101,57,51,20,<a_57><b_51><c_20>
4b3a8e5df964a520d86925e3,40.82650767315227,-73.95039081573486,307,95,49,46,13,<a_49><b_46><c_13>
4b55ec3bf964a520aaf627e3,40.86283581665962,-74.19723987579346,205,29,43,18,19,<a_43><b_18><c_19>
40b68100f964a5207d001fe3,40.74218830848454,-73.98792418909154,139,302,22,11,49,<a_22><b_11><c_49>
4bf5cedf4d5f20a1833d98fe,40.90105786688402,-74.1507625579834,299,18,58,10,47,<a_58><b_10><c_47>
40e74880f964a520150a1fe3,40.74140750304299,-73.98843795061111,148,42,22,15,63,<a_22><b_15><c_63>
4ad607d3f964a520a10421e3,40.77807780906056,-73.95449161535045,21,10,3,47,46,<a_3><b_47><c_46>
49b15042f964a520d4521fe3,40.727612,-74.007306,253,10,37,45,51,<a_37><b_45><c_51>
4ca66eec5a1e952129d98ace,40.77843896961532,-73.95451457533076,7,11,27,6,51,<a_27><b_6><c_51>
4c79b79381bca093e689fe14,40.92431190858341,-73.99688829591487,369,43,8,29,53,<a_8><b_29><c_53>
447bf8f1f964a520ec331fe3,40.76391920774746,-73.9731399591735,66,84,47,18,19,<a_47><b_18><c_19>
4dbdebed6e810768bf82ad95,40.80396497665877,-74.00513467434556,232,14,7,2,60,<a_7><b_2><c_60>
4e79392ce4cdb158f1cf4b75,40.80204208379726,-74.00063278107605,6,68,57,7,60,<a_57><b_7><c_60>
4bdb4bf54b1f952169ac670b,40.73971082815715,-73.9825179760415,48,9,11,19,17,<a_11><b_19><c_17>
4b093cd0f964a520db1423e3,40.75099579556285,-73.99068832397461,307,23,45,39,60,<a_45><b_39><c_60>
4c17d9974ff90f47a9890d49,40.74710920467287,-74.15280867121942,249,65,47,29,29,<a_47><b_29><c_29>
4ab11744f964a520046820e3,40.75110145517336,-73.98130059242249,110,9,37,61,20,<a_37><b_61><c_20>
4b298573f964a52050a024e3,40.69541297284045,-73.98732159326325,208,12,3,45,5,<a_3><b_45><c_5>
4c1d0f98c09ed13ad4c5828e,40.80463955350257,-73.93786213355276,83,12,7,7,4,<a_7><b_7><c_4>
4b7c9fe1f964a520559e2fe3,40.71589126048056,-74.03416156768799,305,22,60,45,58,<a_60><b_45><c_58>
4a7a0832f964a5203ce81fe3,40.745245,-73.982692,224,14,27,16,24,<a_27><b_16><c_24>
4e5dbf1e1f6e3022a71c242b,40.91220464465255,-74.01238511084367,6,24,43,38,45,<a_43><b_38><c_45>
4c56f9ad30d82d7f3cbcd862,40.746976519995165,-73.98325258717293,155,21,38,58,26,<a_38><b_58><c_26>
4d4de33cd6f3224bca73a1a6,40.91192343390238,-73.78237724304199,138,71,48,46,53,<a_48><b_46><c_53>
4c62bfd0e1621b8dfe232453,40.75951304689015,-73.83147239685059,369,38,47,3,42,<a_47><b_3><c_42>
4b8d2387f964a520dbe932e3,40.72703111110143,-74.0348482131958,305,33,6,7,49,<a_6><b_7><c_49>
4c1a2bbf838020a1adc4e661,40.75141159824277,-73.97994107572931,69,39,63,32,35,<a_63><b_32><c_35>
4af42a00f964a52055f021e3,40.75539131865308,-73.974259146779,69,10,62,0,2,<a_62><b_0><c_2>
4b565676f964a520120c28e3,40.725891,-73.79143081000001,232,8,37,45,51,<a_37><b_45><c_51>
4c3b49c54565e21eb775566a,40.715280885129175,-74.03639537384788,118,21,5,44,45,<a_5><b_44><c_45>
462a6065f964a520d9451fe3,40.75821277375464,-73.98682594299316,118,15,43,39,48,<a_43><b_39><c_48>
4a8ae51ef964a520c10a20e3,40.74546290596493,-73.99098305111815,253,3,51,47,48,<a_51><b_47><c_48>
45c76421f964a52066421fe3,40.744044646949455,-73.98373696088365,253,14,16,46,52,<a_16><b_46><c_52>
4cd1a3d601eaf04db979bf5d,40.67755881343268,-73.74452479795166,48,18,8,29,24,<a_8><b_29><c_24>
4c3a1d102c8020a1f9d58d00,40.68006413170521,-73.76161876452181,48,22,18,56,54,<a_18><b_56><c_54>
4bbfcfd3461576b0d4487932,40.68083,-73.76331,251,16,30,44,40,<a_30><b_44><c_40>
4ee6e1970e61681b98844283,40.7462390539103,-73.98058960845994,51,13,16,28,35,<a_16><b_28><c_35>
4c0b32d37e3fc928650bf582,40.77352187640244,-73.95678520202637,369,27,47,61,26,<a_47><b_61><c_26>
4cd544d894848cfa6a0de5b1,40.824777351716186,-73.88307005845945,6,12,13,41,41,<a_13><b_41><c_41>
43695300f964a5208c291fe3,40.74828059076867,-73.98556262254715,91,92,49,63,21,<a_49><b_63><c_21>
4b4b7979f964a520249d26e3,40.74837050671544,-73.98568868637085,187,26,38,46,53,<a_38><b_46><c_53>
4df53b7bd4c01ff6b2f262ec,40.94175914870915,-74.01238511084367,6,139,49,6,23,<a_49><b_6><c_23>
4eb4ce184901cef9d84576f8,40.61848447230498,-73.75366953292578,6,49,54,21,22,<a_54><b_21><c_22>
4c81086adc018cfaa883c16c,40.70242744248474,-73.99048447608948,69,30,63,47,58,<a_63><b_47><c_58>
40abf500f964a52035f31ee3,40.73083612189599,-73.99764060974121,139,77,22,54,26,<a_22><b_54><c_26>
4caf3aa3b4b0a35db3273fce,40.730769,-73.9974505,138,9,37,59,4,<a_37><b_59><c_4>
4f67c6d5e4b0e34eb630101a,40.75568181015381,-73.88307005845945,6,36,49,22,4,<a_49><b_22><c_4>
4459d2f1f964a520d7321fe3,40.68968493541091,-74.17938709259033,277,72,6,18,33,<a_6><b_18><c_33>
4a737bf8f964a52091dc1fe3,40.707149,-73.99057,81,351,6,7,36,<a_6><b_7><c_36>
49c27575f964a520f1551fe3,40.73652697126574,-73.9905595779419,302,48,2,39,51,<a_2><b_39><c_51>
41102700f964a520d60b1fe3,40.75061379403183,-73.98856401443481,294,92,22,44,3,<a_22><b_44><c_3>
4c6b02f46d390f4717d3099a,40.73561850046403,-73.99721413850784,187,11,2,46,39,<a_2><b_46><c_39>
4c4dcaa49efabe9a41cc1569,40.65556631523727,-74.0083941052192,69,31,33,19,58,<a_33><b_19><c_58>
4bc7afbc14d7952160ee67e9,40.74434648174866,-73.99543065278503,317,9,52,5,42,<a_52><b_5><c_42>
49e7c7c6f964a5201b651fe3,40.71110949732056,-74.00504350662231,208,38,59,63,6,<a_59><b_63><c_6>
4c922cde7f3b8cfadacca21e,40.95158380800399,-74.08855676651001,205,28,13,19,20,<a_13><b_19><c_20>
4ddfe92e8877e0877e661125,40.89621269901943,-73.87670483270945,138,60,49,12,19,<a_49><b_12><c_19>
4a888403f964a520bb0620e3,40.738949,-73.989828,156,52,60,14,7,<a_60><b_14><c_7>
4ab66100f964a520ce7620e3,40.63904061589954,-73.99794101715088,185,14,36,19,46,<a_36><b_19><c_46>
4d0a9b2f27f8a35dd0432713,40.747048,-74.15257036685944,120,18,10,31,30,<a_10><b_31><c_30>
4e555a38b0fb1e5686bd6646,40.80050589400566,-74.20418389625108,368,24,11,39,59,<a_11><b_39><c_59>
4d983945b7bf2c0febf5ea2d,40.826702515225065,-73.95129203796387,309,15,7,17,27,<a_7><b_17><c_27>
4f3ceffde4b0811223a089bb,40.76050365575564,-73.94384937087554,347,15,58,59,36,<a_58><b_59><c_36>
4e6f593d88779c905de9cfa7,40.791172,-73.944024,103,23,55,46,47,<a_55><b_46><c_47>
4b2da0ddf964a520c9d924e3,40.78911988122579,-73.97335052490234,369,9,2,52,39,<a_2><b_52><c_39>
42829c80f964a5206a221fe3,40.75280620914171,-73.97717535495758,79,519,22,63,62,<a_22><b_63><c_62>
4b93d226f964a520625334e3,40.664795945581965,-73.92295351101858,79,35,49,63,9,<a_49><b_63><c_9>
4df2f04dd4c01ff6b2eaca87,40.66421141550086,-73.91474954903893,138,44,49,60,42,<a_49><b_60><c_42>
4b8fbf80f964a5202a6033e3,40.841927,-73.873511,307,34,57,39,37,<a_57><b_39><c_37>
43a52546f964a520532c1fe3,40.645089355976346,-73.7845230102539,277,243,6,52,14,<a_6><b_52><c_14>
4c23e755f7ced13a3dfd216d,40.83260433886108,-73.86046496281456,48,25,27,44,27,<a_27><b_44><c_27>
4a6ddef7f964a52033d31fe3,40.83487295164295,-74.22620648606099,156,23,36,61,53,<a_36><b_61><c_53>
4eda1085f5b921398839dd94,40.73569746375886,-73.81249842275241,6,30,49,47,17,<a_49><b_47><c_17>
4d262ad8b7d5236a10401009,40.70024353438826,-73.9411211013794,307,19,47,63,61,<a_47><b_63><c_61>
4a06f10df964a5200c731fe3,40.72098907275997,-73.98104874535339,110,21,16,11,13,<a_16><b_11><c_13>
4cf2622de9425481cbe96fc5,40.77226863280218,-73.93010370763156,6,35,47,1,29,<a_47><b_1><c_29>
4ec36fc4754a58e0f97f1766,40.83991796598711,-73.87893676757812,369,23,13,52,35,<a_13><b_52><c_35>
4b983023f964a520a13235e3,40.9657708121501,-74.0756607055664,66,8,36,54,25,<a_36><b_54><c_25>
481dfa3af964a5207f4f1fe3,40.7526195459056,-73.99336294005377,301,49,47,29,29,<a_47><b_29><c_29>
4d66b1ef84f28cfa548a6e69,40.80494,-73.992149,123,51,63,46,41,<a_63><b_46><c_41>
4b44a049f964a5201cf825e3,40.70491221172606,-74.01401281356812,307,12,22,63,12,<a_22><b_63><c_12>
4e2bada17d8b7deda6d3fda6,40.87097828520945,-73.82876808947316,369,19,47,47,7,<a_47><b_47><c_7>
4b5ca9dcf964a520f83c29e3,40.69783672870847,-73.92736598127738,307,16,8,16,29,<a_8><b_16><c_29>
4b344fb5f964a520eb2625e3,40.86782694231008,-73.82703923160857,308,69,8,29,20,<a_8><b_29><c_20>
4b9ad23ef964a52006d935e3,40.78986319381769,-73.94593309268163,150,36,49,14,0,<a_49><b_14><c_0>
4bea48bca9900f47d1641640,40.868125922072615,-73.8257646560669,48,5,37,46,43,<a_37><b_46><c_43>
4f194039e4b0cfc595e6ee11,40.612495623372205,-73.98887973002674,6,20,43,5,40,<a_43><b_5><c_40>
4165d880f964a5207e1d1fe3,40.70145732419213,-74.01321428847186,341,52,6,18,20,<a_6><b_18><c_20>
4a1de847f964a520aa7b1fe3,40.74763188753914,-73.98638613123016,232,11,59,18,4,<a_59><b_18><c_4>
4a34038ef964a520929b1fe3,40.761471535292976,-73.96677374839783,37,8,11,51,48,<a_11><b_51><c_48>
4ba62142f964a520b43539e3,40.695941850543576,-73.99039194274509,139,10,37,32,15,<a_37><b_32><c_15>
4e300d723151250387b61125,40.72634864558351,-73.98415714502335,232,24,32,42,25,<a_32><b_42><c_25>
4c1c47d601379521e50a47f3,40.83309951197968,-74.01021480560303,309,13,59,50,1,<a_59><b_50><c_1>
4d8faa2f1716a143f36050f7,40.69958070509618,-73.91140241689858,299,8,7,50,56,<a_7><b_50><c_56>
4bdc528dfed22d7fcea057c9,40.60189764651378,-73.99352073669434,307,84,6,47,45,<a_6><b_47><c_45>
4e63eda6b3ad629a3a9d1309,40.69321217941903,-73.93010370763156,6,45,49,4,45,<a_49><b_4><c_45>
3fd66200f964a520e1f01ee3,40.82720714615709,-73.92603062509322,56,9,48,32,9,<a_48><b_32><c_9>
4ecc046b0e61aaf0384f19c4,40.73946479913673,-74.00265603689895,253,12,2,52,59,<a_2><b_52><c_59>
4a9fb11cf964a520343d20e3,40.81022009968992,-73.96047592163086,208,5,15,39,39,<a_15><b_39><c_39>
49e4a677f964a52014631fe3,40.70234499714752,-73.99068489671282,253,14,59,63,21,<a_59><b_63><c_21>
4b77007bf964a5204b732ee3,40.931951,-74.132019,40,63,59,55,5,<a_59><b_55><c_5>
4c1a94bcb4e62d7f0c08d893,40.6997717683002,-74.01339054107666,338,12,58,42,50,<a_58><b_42><c_50>
4e220e09ae6015b212acbc5b,40.917332043073934,-74.1885824928771,6,35,16,56,1,<a_16><b_56><c_1>
3fd66200f964a520def11ee3,40.73528249691621,-73.99040315158283,139,224,22,11,11,<a_22><b_11><c_11>
4ec56c366c254debeb50c1c4,40.73506258918989,-73.99080514490619,262,27,22,31,25,<a_22><b_31><c_25>
4a69f764f964a5204bcc1fe3,40.7055407474374,-74.00825638391181,219,10,62,40,25,<a_62><b_40><c_25>
4bf993688d30d13a6c770218,40.67314689987917,-73.9989542278136,39,5,11,13,18,<a_11><b_13><c_18>
4bd6f47d29eb9c7462db95e1,40.89002830179658,-74.07025337219238,299,27,35,44,33,<a_35><b_44><c_33>
4ea5a1bcf7909c68df719911,40.69351488369677,-73.99171189097368,186,37,16,0,0,<a_16><b_0><c_0>
4f49abc9e4b07165fa77eb39,40.95589866525352,-74.06818444009077,314,10,35,44,57,<a_35><b_44><c_57>
4ad4a7c0f964a52085e820e3,40.69415730258867,-73.99187257970313,224,8,23,13,38,<a_23><b_13><c_38>
4a991c59f964a520662d20e3,40.95634251626308,-74.06902771574032,308,49,47,10,33,<a_47><b_10><c_33>
4ec7ef6a93ad41338d60c36a,40.61848447230498,-73.75366953292578,6,51,54,21,22,<a_54><b_21><c_22>
4f4f883fe4b0e5248151646b,40.61848447230498,-73.75366953292578,6,26,45,51,29,<a_45><b_51><c_29>
4b8411c4f964a520bd1e31e3,40.75005297929758,-73.97360801696777,69,15,12,9,19,<a_12><b_9><c_19>
4f2729f9e4b067a3297bbda6,40.74512069910293,-73.99247516123957,71,14,16,14,0,<a_16><b_14><c_0>
4b719475f964a520d54e2de3,40.86236520399265,-74.19631719589233,187,19,16,61,49,<a_16><b_61><c_49>
4c339a34ed37a5936aa06d03,40.95620483337088,-74.06860321010105,288,21,16,1,43,<a_16><b_1><c_43>
4a478d19f964a520d2a91fe3,40.6444055420497,-74.0729570388794,341,115,49,63,48,<a_49><b_63><c_48>
4b0737c3f964a520e4f922e3,40.75650612666626,-73.98802757263184,307,123,47,63,47,<a_47><b_63><c_47>
4c60606413791b8dc5624faf,40.78684822470861,-73.7891039524069,299,20,59,1,22,<a_59><b_1><c_22>
4ad68321f964a5208e0721e3,40.73977358599364,-74.00257587432861,307,61,47,7,47,<a_47><b_7><c_47>
4c33bc7216adc9286421c49c,40.63137917724519,-73.9514422416687,201,6,22,59,18,<a_22><b_59><c_18>
4b521c6cf964a520be6827e3,40.824774703393686,-73.94421629695893,307,18,45,31,26,<a_45><b_31><c_26>
41390580f964a520dc1a1fe3,40.742016043363805,-74.00516336676101,302,61,22,19,60,<a_22><b_19><c_60>
4a07ac6af964a5208f731fe3,40.917335441802095,-74.0756607055664,308,82,47,47,39,<a_47><b_47><c_39>
4b58f22af964a520c07428e3,40.747744648563874,-73.9853024482727,253,12,59,40,23,<a_59><b_40><c_23>
4f612184e4b01b3ebd898091,40.75696158119556,-73.9898237883206,293,65,46,37,41,<a_46><b_37><c_41>
4aba69b7f964a520388120e3,40.693216517472514,-73.98999899625778,307,9,16,59,41,<a_16><b_59><c_41>
4c1836421436a593271a8d75,40.75756480347108,-73.96864592496735,329,50,49,39,4,<a_49><b_39><c_4>
4b48c4a8f964a520195626e3,40.7373,-74.03744,50,63,22,55,22,<a_22><b_55><c_22>
4bdd72b0d33f2d7f46f38a3c,40.73729142446389,-74.03733632862806,253,19,13,24,47,<a_13><b_24><c_47>
4b3a1855f964a520026125e3,40.69147464622913,-73.98738384246826,307,77,6,10,60,<a_6><b_10><c_60>
4c77089c59a3236aa9aec018,40.729545,-73.986137,306,6,11,13,14,<a_11><b_13><c_14>
4acfc371f964a520d2d520e3,40.68430737873073,-73.97759780287743,307,71,6,1,34,<a_6><b_1><c_34>
4ae6258af964a52013a521e3,40.81554068461798,-73.95842347218186,307,54,6,22,8,<a_6><b_22><c_8>
4a68fff8f964a5206dcb1fe3,40.800356,-73.94687168,157,21,46,18,30,<a_46><b_18><c_30>
4a9ae1cef964a520543320e3,40.82809886666084,-73.93391132354736,252,53,8,49,42,<a_8><b_49><c_42>
4b2c7911f964a52044c724e3,40.821344149632274,-73.95403861999512,307,7,8,57,61,<a_8><b_57><c_61>
4b2ac07af964a520ecae24e3,40.71814377480724,-74.00015652179718,307,29,6,7,63,<a_6><b_7><c_63>
4a859ca3f964a520a5fe1fe3,40.75275186110882,-73.97305386754967,53,20,47,61,22,<a_47><b_61><c_22>
4b16f47bf964a5201ac023e3,40.74803725830298,-73.94687175750732,307,60,35,44,47,<a_35><b_44><c_47>
3fd66200f964a52037e31ee3,40.714464086511576,-73.9991158246994,109,10,25,28,48,<a_25><b_28><c_48>
4f1a558ae4b0d7904185f778,40.96541694223362,-74.06288376421803,244,84,49,48,21,<a_49><b_48><c_21>
4283ee00f964a520ce221fe3,40.76355592117652,-73.97286772727966,288,20,22,18,24,<a_22><b_18><c_24>
4e7ea6e793adeda960d078c3,40.93508141690897,-73.96537147003376,6,75,54,56,53,<a_54><b_56><c_53>
4ce44fc14eb46a314b225ba3,40.84769339441966,-73.900887966156,369,15,48,24,32,<a_48><b_24><c_32>
4bc8f5db0687ef3b970ad9cc,40.78302025831567,-73.94907872385646,329,15,2,34,20,<a_2><b_34><c_20>
4b02c41cf964a520c14922e3,40.7117844949098,-74.00208234786987,88,86,60,22,34,<a_60><b_22><c_34>
4acf58baf964a52028d320e3,40.71421605600625,-74.00596618652344,369,47,47,48,29,<a_47><b_48><c_29>
4a676321f964a52051c91fe3,40.71265872860487,-74.00588035583496,78,15,22,51,47,<a_22><b_51><c_47>
4a578bb6f964a5205bb61fe3,40.75803174296939,-73.97142385887315,36,9,5,2,22,<a_5><b_2><c_22>
4c64e410cdb6e21ebed7333e,40.88899013040254,-74.0558123588562,329,33,15,39,11,<a_15><b_39><c_11>
4bec4056fd60a5932dba3af1,40.910894,-74.031547,69,78,59,14,60,<a_59><b_14><c_60>
4a4d10fbf964a52082ad1fe3,40.67837610578439,-73.90339851379395,307,124,6,7,6,<a_6><b_7><c_6>
4f7a46d8e4b0c69aa3802c19,40.76028084171016,-73.95057115870543,329,42,60,53,19,<a_60><b_53><c_19>
4e38657bd4c0dc7ad2efc4d9,40.63404533026696,-74.14161270853154,6,19,16,55,1,<a_16><b_55><c_1>
4e405e39483b04e17abb677f,40.63129905755473,-73.95096148591898,0,21,16,28,54,<a_16><b_28><c_54>
4c179f6430d30f4726c636a9,40.63118003289066,-73.9510246270118,187,20,43,40,25,<a_43><b_40><c_25>
4abe6469f964a5202f8d20e3,40.932806255079214,-74.07115459442139,253,5,13,59,12,<a_13><b_59><c_12>
4a84eb0af964a520e1fd1fe3,40.712033033064166,-74.00699299251195,253,9,16,18,45,<a_16><b_18><c_45>
4daab34b43a1128196fe7329,40.90266453914116,-74.00578886034883,138,71,60,56,40,<a_60><b_56><c_40>
4b61052df964a52066062ae3,40.73122649796362,-73.98887973002674,6,44,43,38,29,<a_43><b_38><c_29>
4c4f5881eaa1be9abdf1c345,40.896905775860006,-74.03017044067383,208,34,62,7,47,<a_62><b_7><c_47>
4d500a037ee1a35d828b8134,40.8985172327846,-74.02913150536541,212,18,16,11,13,<a_16><b_11><c_13>
4a63d085f964a520dac51fe3,40.74911014966418,-73.98845672607422,79,70,47,14,35,<a_47><b_14><c_35>
4f280555e4b04e256a110c94,40.75892783097537,-73.96144262467183,31,10,23,57,63,<a_23><b_57><c_63>
49f35e1ef964a520946a1fe3,40.75918262141176,-73.96217731622924,47,14,14,47,9,<a_14><b_47><c_9>
4514fc3df964a520e8391fe3,40.57840084043545,-73.93618583679199,197,6,33,49,0,<a_33><b_49><c_0>
4b53672bf964a520199b27e3,40.764016,-73.82947598,48,20,11,39,6,<a_11><b_39><c_6>
49c65aa8f964a52038571fe3,40.71655807771725,-74.00008678436278,43,6,1,17,9,<a_1><b_17><c_9>
4e602d907d8b854088aa523c,40.834873,-74.225148,244,19,32,29,22,<a_32><b_29><c_22>
4c3b3126be4620a16fe90b13,40.63216903989131,-73.94998566640727,187,11,59,49,7,<a_59><b_49><c_7>
4840fef8f964a52031501fe3,40.81143815229546,-74.06779646873474,169,15,35,44,27,<a_35><b_44><c_27>
4e575fe418a802f9c8b815d1,40.64250711434345,-73.88739668602256,137,31,60,25,8,<a_60><b_25><c_8>
4baf25ecf964a520b1ed3be3,40.82406998798592,-73.8930669417162,307,9,29,8,25,<a_29><b_8><c_25>
4c1918c7fe5a76b07b0f0315,40.77912606570555,-73.95490489457822,148,21,43,39,47,<a_43><b_39><c_47>
4bfbd408f214a59364abaf0e,40.882241619308815,-74.2096209526062,299,11,54,61,61,<a_54><b_61><c_61>
4a1f0bf5f964a520fb7b1fe3,40.677036,-73.972353,156,12,23,22,26,<a_23><b_22><c_26>
4bb904a753649c743e9e47fb,40.734770989672406,-74.10484313964844,299,10,55,18,28,<a_55><b_18><c_28>
4a663f7cf964a52046c81fe3,40.70919832245443,-74.01118576526642,139,38,6,58,34,<a_6><b_58><c_34>
4558b83bf964a5204b3d1fe3,40.74272121548715,-73.99276210416295,157,49,60,10,52,<a_60><b_10><c_52>
4b61a925f964a520231c2ae3,40.66263818239269,-73.90887022018433,81,41,49,61,19,<a_49><b_61><c_19>
4d843e5c9324236af330b60e,40.73308000062968,-73.9998722076416,110,11,15,22,42,<a_15><b_22><c_42>
4b2d93a9f964a5201fd924e3,40.73158408988183,-74.00021553039551,307,37,6,47,61,<a_6><b_47><c_61>
4ef6571c722e34060e72b97f,40.96532877881822,-74.06292392141155,118,83,49,14,2,<a_49><b_14><c_2>
4eb9f83ccc21a9a7a1b2c579,40.82998413731276,-73.98887973002674,6,33,54,3,53,<a_54><b_3><c_53>
4dda5f517d8b32266434825b,40.75615113,-73.978965,69,24,59,52,58,<a_59><b_52><c_58>
4a635e65f964a520e3c41fe3,40.740223,-73.982688,160,12,12,41,43,<a_12><b_41><c_43>
4b688176f964a520b47c2be3,40.755312350357976,-73.98122092140568,157,21,55,44,10,<a_55><b_44><c_10>
4eda64ced5fb8f213a5d740e,40.74611901545656,-73.99307012557983,157,42,46,2,35,<a_46><b_2><c_35>
4b02f734f964a520814b22e3,40.74755129813944,-73.98114057260048,241,12,27,4,28,<a_27><b_4><c_28>
4eff658d0aaffcf6f40c152c,40.88989838302784,-74.0027187575326,83,11,41,4,33,<a_41><b_4><c_33>
4b79cb4af964a5207a122fe3,40.77943655102251,-73.80902767181396,138,48,49,47,9,<a_49><b_47><c_9>
4e275a6d1f6e88a154577bf0,40.777543,-73.813097,46,34,16,1,50,<a_16><b_1><c_50>
4b82fa73f964a52090f030e3,40.75313016065781,-73.97621627458902,312,36,48,39,24,<a_48><b_39><c_24>
4b8c205cf964a52081bf32e3,40.84274539270614,-74.1011783748029,48,12,27,43,48,<a_27><b_43><c_48>
4acbcf3ef964a520c1c720e3,40.74516543756736,-73.9768418625638,157,10,55,54,7,<a_55><b_54><c_7>
4df2c095d22d8c5470dba3ae,40.80713951975112,-74.17684116064805,6,26,57,36,7,<a_57><b_36><c_7>
4bcb92d5511f9521f7ccb1c7,40.85328395428388,-73.97450594111876,84,14,1,13,33,<a_1><b_13><c_33>
4b76ed15f964a520366b2ee3,40.77792543423929,-73.96661281585693,12,23,46,52,63,<a_46><b_52><c_63>
3fd66200f964a520f3e71ee3,40.76215645567817,-73.96609179749629,46,12,7,32,24,<a_7><b_32><c_24>
49c9439bf964a5204e581fe3,40.73757,-74.0017,156,20,2,55,49,<a_2><b_55><c_49>
4df6ad65c65b87473b0518e8,40.74356460165412,-73.98216214776504,198,27,53,46,34,<a_53><b_46><c_34>
4b340eeaf964a5208d2425e3,40.626571,-73.97696897971106,48,8,36,37,23,<a_36><b_37><c_23>
4efbd8c32c5b0c24c9b97cda,40.7435523173049,-73.98197849420325,198,22,8,5,29,<a_8><b_5><c_29>
4afb4334f964a520791c22e3,40.95105710437937,-74.08986568450928,197,64,60,56,20,<a_60><b_56><c_20>
3fd66200f964a52057e71ee3,40.74510703877938,-73.9783501625061,233,7,34,23,56,<a_34><b_23><c_56>
4bc39a73461576b0e8e17e32,40.94931791975774,-74.08792872284181,202,27,13,15,53,<a_13><b_15><c_53>
4ccf295f7b6854814e14baf8,40.947669894526186,-74.08349275588989,187,15,13,40,24,<a_13><b_40><c_24>
4a6a39f5f964a520e1cc1fe3,40.667480389982366,-74.21548962593079,79,18,59,63,22,<a_59><b_63><c_22>
4e1529cffa764fb14ae5558e,40.77519535932481,-73.81249842275241,6,44,16,1,14,<a_16><b_1><c_14>
4f2f24a2e4b01982f2cbf8b9,40.77519535932481,-73.81249842275241,6,34,16,3,20,<a_16><b_3><c_20>
4c390fc70a71c9b6f5e841c9,40.81592791796448,-73.95801020048518,91,12,32,11,29,<a_32><b_11><c_29>
4ad77a2bf964a520280b21e3,40.71948548899754,-74.0427017211914,79,159,47,28,29,<a_47><b_28><c_29>
4b996536f964a520467835e3,40.717891692153806,-73.99794101715088,369,28,49,40,48,<a_49><b_40><c_48>
4de45622c65b7a3e21485ecf,40.73132216899088,-74.05938718735511,6,53,19,42,51,<a_19><b_42><c_51>
4bbe675182a2ef3bf7542bd2,40.734169392726656,-74.0282392501831,305,47,53,3,53,<a_53><b_3><c_53>
4cb8544d90c9a143cb907ed6,40.74554431251457,-73.98028542966405,202,15,59,14,51,<a_59><b_14><c_51>
4b4cd39ff964a5207ac026e3,40.74581150547076,-73.98004438197451,187,35,60,36,5,<a_60><b_36><c_5>
4abbe19ef964a520548520e3,40.732267009830224,-74.06304359436035,79,80,47,7,36,<a_47><b_7><c_36>
4e053973636520fa74e59c42,40.62729430124766,-73.95361626406626,6,35,53,40,42,<a_53><b_40><c_42>
42911d00f964a520f5231fe3,40.750794799423865,-73.99357639021292,79,643,6,54,25,<a_6><b_54><c_25>
4c2cdf2d8ef52d7fed9933ba,40.75850533742767,-73.98914337158203,301,79,46,29,3,<a_46><b_29><c_3>
4b105b45f964a520916e23e3,40.635055311991,-74.0117222070694,307,46,60,52,63,<a_60><b_52><c_63>
4a4138ebf964a520f9a41fe3,40.74490101607357,-73.99805899339255,165,37,43,39,16,<a_43><b_39><c_16>
4b86926ef964a520209031e3,40.74862247391861,-74.03892517089844,305,72,60,25,27,<a_60><b_25><c_27>
4a92a28ff964a520451d20e3,40.78322231631631,-73.83344650268555,294,26,59,47,26,<a_59><b_47><c_26>
4c6bf59399b9236af82ce1c9,40.86679532183928,-74.10016536712646,294,33,54,25,49,<a_54><b_25><c_49>
49f76cc2f964a5209d6c1fe3,40.73420076077984,-74.16483829470191,79,83,6,6,3,<a_6><b_6><c_3>
451287ebf964a520a1391fe3,40.74119771684408,-74.00239165956324,71,66,60,24,41,<a_60><b_24><c_41>
3fd66200f964a52020e71ee3,40.74455698610794,-73.99065019420007,251,11,44,2,24,<a_44><b_2><c_24>
412d2800f964a520df0c1fe3,40.7714256153356,-73.97350072860723,139,85,22,63,36,<a_22><b_63><c_36>
47f39422f964a5209b4e1fe3,40.7352186567552,-74.00994920143108,43,5,40,20,30,<a_40><b_20><c_30>
477a3514f964a520214d1fe3,40.731155872068506,-73.98872764725327,118,68,50,21,33,<a_50><b_21><c_33>
4e15ee97814dbda3c8f946a8,40.84494497801863,-74.09463109843134,6,48,53,46,27,<a_53><b_46><c_27>
4e7e6b125503f21e714e6906,40.84637533928019,-73.96537147003376,6,75,49,4,22,<a_49><b_4><c_22>
4ec1e417f5b9abc8bcde8598,40.84637533928019,-73.96537147003376,6,72,8,5,22,<a_8><b_5><c_22>
4f555da0e4b0b1295c78126c,40.91142654418945,-73.9869384765625,244,37,53,51,31,<a_53><b_51><c_31>
4edd03c9722e1da3055ce6e7,40.753041896907845,-73.9890719854358,228,7,34,54,33,<a_34><b_54><c_33>
4b54cfd0f964a520a1cd27e3,40.76526206059751,-73.98003290350556,307,37,60,62,45,<a_60><b_62><c_45>
4d93502452ed224b932f1aac,40.70427281157053,-73.9867591687836,141,28,27,1,15,<a_27><b_1><c_15>
4f75cc97e4b048859086b92a,40.753402,-74.038721,329,29,43,52,32,<a_43><b_52><c_32>
4ab04eb9f964a520fe6620e3,40.7260600748942,-73.99165450210911,301,5,44,4,51,<a_44><b_4><c_51>
4ae6363ef964a520aba521e3,40.75044987008408,-73.99221103886612,169,78,47,24,59,<a_47><b_24><c_59>
4e1bb93518a8c65001f5b391,40.60259048645985,-73.98887973002674,6,35,57,36,34,<a_57><b_36><c_34>
4f429948e4b015f1bcc998e3,40.71057518520275,-73.81579267141066,367,27,48,46,34,<a_48><b_46><c_34>
4ad90280f964a520161721e3,40.75827778801546,-73.98802757263184,99,11,0,25,28,<a_0><b_25><c_28>
4bb6aca66edc76b07b5d311c,40.742019,-74.048426,60,28,35,48,15,<a_35><b_48><c_15>
4a078b2ff964a5207f731fe3,40.66436017920261,-73.94593883293109,101,12,46,3,27,<a_46><b_3><c_27>
4a43bcb7f964a520bba61fe3,40.705953265881305,-73.99656772613525,252,118,6,46,43,<a_6><b_46><c_43>
4ad78220f964a520960b21e3,40.71037756449118,-74.00755405426025,307,103,6,29,32,<a_6><b_29><c_32>
4e0977b87d8b2a0180676fa4,40.836080595143486,-73.82426211435131,6,73,57,39,34,<a_57><b_39><c_34>
4d8fc9006174a0938f5be6e3,40.8464543664312,-73.94216171197777,264,31,29,2,18,<a_29><b_2><c_18>
4adcfa0df964a520196321e3,40.75876539294497,-73.95249366760254,118,25,59,56,41,<a_59><b_56><c_41>
4c7be24f566db60c98054c0e,40.78629710523134,-74.04612026108265,308,13,22,56,43,<a_22><b_56><c_43>
3fd66200f964a520dbe31ee3,40.720480045234375,-73.99355980323412,270,7,39,57,25,<a_39><b_57><c_25>
4b91e2faf964a520a7dd33e3,40.75554295707458,-73.97036778954721,118,6,9,49,23,<a_9><b_49><c_23>
4eeb4c51775b1d4812e0261c,40.69211070019279,-73.98889981642176,148,38,16,56,2,<a_16><b_56><c_2>
49ecd458f964a52099671fe3,40.713565479798646,-73.97236347198486,252,84,6,29,36,<a_6><b_29><c_36>
4a6f8c85f964a52079d61fe3,40.7926289275032,-74.04188632965088,294,29,8,63,21,<a_8><b_63><c_21>
4a498225f964a52064ab1fe3,40.74049401829621,-73.98710489273071,284,8,14,34,18,<a_14><b_34><c_18>
4ae9014af964a520f4b321e3,40.73412061435751,-74.16445255279541,79,12,53,58,19,<a_53><b_58><c_19>
4af12cb7f964a520d3e021e3,40.83162208784265,-74.13679361343384,48,17,63,47,39,<a_63><b_47><c_39>
4ab84166f964a520bd7c20e3,40.708411471755454,-73.95790636539459,307,58,6,20,41,<a_6><b_20><c_41>
4a19b507f964a520347a1fe3,40.718090320753845,-73.99999866268365,253,16,59,10,39,<a_59><b_10><c_39>
4f22c7bde4b0b2f98daff0dc,40.96535501903463,-74.06283213352812,134,90,60,28,33,<a_60><b_28><c_33>
4b716ba6f964a520c2452de3,40.70681537653545,-73.95348072052002,307,35,29,42,19,<a_29><b_42><c_19>
4b28f330f964a5207c9624e3,40.75485632616687,-73.98597836494446,61,5,0,50,34,<a_0><b_50><c_34>
4ae8fd76f964a520e1b321e3,40.7255768,-74.004252,307,92,9,42,30,<a_9><b_42><c_30>
4bc5e13e41cb76b0f5ef3e6f,40.76633906356843,-74.21865463256836,48,5,61,15,20,<a_61><b_15><c_20>
4cca1c3982bfa35df6e250c9,40.696558013644136,-73.95361626406626,6,66,54,10,63,<a_54><b_10><c_63>
4d67b0ff8bc02c0f1a453332,40.75279445210956,-73.97373112061709,138,14,2,1,49,<a_2><b_1><c_49>
4a357950f964a520079d1fe3,40.71878936305442,-73.99280801499084,110,11,13,15,30,<a_13><b_15><c_30>
4cfb90ee2d80a143302e4cd8,40.73268976628568,-73.97463798522949,12,21,46,1,42,<a_46><b_1><c_42>
4d5b3dd522ad2d430a63e695,40.75274100802376,-73.97330797224723,26,37,43,61,17,<a_43><b_61><c_17>
4eac1f2f82312ec2f735797a,40.86590418380428,-73.89482953406639,6,9,44,58,45,<a_44><b_58><c_45>
4b03242cf964a520f94c22e3,40.70541414411096,-73.94938295189516,307,48,49,30,56,<a_49><b_30><c_56>
4b44b650f964a5201afa25e3,40.86284175229376,-74.05562090890453,156,38,13,5,56,<a_13><b_5><c_56>
4c2cff8075579521c6555d83,40.86554661915456,-73.85753613051872,2,28,39,9,6,<a_39><b_9><c_6>
4cb647b49c7ba35dc7c19006,40.83664807467437,-74.11432385980143,83,50,57,4,53,<a_57><b_4><c_53>
4ca38cf55720b1f71fc632ef,40.95643122681711,-74.06887282865802,62,11,36,17,7,<a_36><b_17><c_7>
4f28b918e4b0188938346690,40.625784494598165,-74.0828838592642,6,64,49,60,63,<a_49><b_60><c_63>
4f7042d4a17cff2ad64f4951,40.65979779957303,-74.11579728126526,329,31,54,3,53,<a_54><b_3><c_53>
4ca38721d7c337043fc0a162,40.94671189223704,-74.06816149376203,138,22,59,1,33,<a_59><b_1><c_33>
4f71aa93e4b00bcde29e9632,40.81730240823581,-73.93573240048947,157,7,0,62,32,<a_0><b_62><c_32>
4d5bedbb5d153704613a6ce7,40.71430985040704,-73.94939443218914,138,133,57,24,53,<a_57><b_24><c_53>
4bdc4bfdfed22d7f649a57c9,40.721719,-73.984641,232,12,56,55,28,<a_56><b_55><c_28>
3fd66200f964a5200ae91ee3,40.75739368035236,-73.99330097284587,261,9,32,51,50,<a_32><b_51><c_50>
41156d00f964a520f40b1fe3,40.71362368518315,-73.94971014000632,245,14,14,8,25,<a_14><b_8><c_25>
4d61b919865a224bef72ba85,40.71595073760232,-73.94959533722336,68,75,57,56,42,<a_57><b_56><c_42>
4f48749de4b0e13229e306a7,40.75765180683012,-74.03588760058483,6,16,17,3,30,<a_17><b_3><c_30>
40e9eb80f964a5201c0a1fe3,40.717952061710704,-73.98541049112558,270,13,44,56,40,<a_44><b_56><c_40>
4d98ba360caaa143bdf3b3b3,40.7646651291205,-73.98807048797607,369,25,48,12,30,<a_48><b_12><c_30>
4c56f9c37329c928b9c48d80,40.80135487762457,-73.9439010336709,228,8,50,0,7,<a_50><b_0><c_7>
4de54677e4cde71744a4fba8,40.7418191670992,-73.99140199090107,69,59,59,55,49,<a_59><b_55><c_49>
4a7f68e6f964a520eff31fe3,40.7517259507129,-73.99347945959305,31,9,56,11,10,<a_56><b_11><c_10>
4b14699bf964a520c7a223e3,40.72721803205818,-74.05188610954036,157,21,39,6,51,<a_39><b_6><c_51>
49e4ec34f964a5206e631fe3,40.72696606629052,-74.0383243560791,308,55,22,56,41,<a_22><b_56><c_41>
49b79f54f964a5202c531fe3,40.758728399405584,-73.97855791454388,140,39,22,44,44,<a_22><b_44><c_44>
3fd66200f964a520d7f11ee3,40.75372797263211,-73.98368835767094,139,132,22,51,31,<a_22><b_51><c_31>
4f174bfee4b078805c24065f,40.87744097115002,-73.90658830179062,6,18,7,32,7,<a_7><b_32><c_7>
4cddbe60db125481b5322cce,40.787855984049095,-73.79333210698177,264,92,60,5,33,<a_60><b_5><c_33>
4d90fce35091a1cdc365c701,40.734853,-73.988588,118,10,32,10,13,<a_32><b_10><c_13>
4bf9e8e85ec320a10d0d8bd3,40.84066470643357,-74.16179180145264,299,63,49,22,17,<a_49><b_22><c_17>
4d0ef5e271e8a1cde47078bd,40.79095220100642,-73.80611368575275,254,12,44,6,25,<a_44><b_6><c_25>
4a928e9df964a520281d20e3,40.75365075876886,-73.96948390098557,157,30,29,10,27,<a_29><b_10><c_27>
4ab939f0f964a520967e20e3,40.74137193935539,-73.98931503295898,307,54,60,49,20,<a_60><b_49><c_20>
4eed29af722ea776175c1dbf,40.71775084928534,-73.95186267956281,157,12,32,13,61,<a_32><b_13><c_61>
4e93dfadd5fb27b8eadcc029,40.62225920956359,-74.17456984519958,299,16,35,56,26,<a_35><b_56><c_26>
4aea4ec4f964a520eaba21e3,40.63580842646567,-74.19698238372803,252,19,13,19,22,<a_13><b_19><c_22>
4840fe6bf964a52030501fe3,40.75722129839836,-73.99154663085938,309,339,6,46,26,<a_6><b_46><c_26>
4bba1bab7421a5936165c340,40.75163299987047,-73.97588549950576,307,61,36,22,22,<a_36><b_22><c_22>
40b92400f964a52099001fe3,40.72686016559601,-73.99980166666667,224,6,11,6,61,<a_11><b_6><c_61>
42508380f964a520bb201fe3,40.743313,-73.97992594014012,43,15,1,24,7,<a_1><b_24><c_7>
4a72e5fef964a52050db1fe3,40.746513326247246,-74.00895646619486,157,13,34,20,51,<a_34><b_20><c_51>
4ad8add6f964a520a61321e3,40.73573434642415,-73.99056762456905,307,105,6,29,59,<a_6><b_29><c_59>
4d3260b2511760fc57f4e2bd,40.96533795,-74.0628079,51,76,47,29,29,<a_47><b_29><c_29>
4a6b59fbf964a5208ace1fe3,40.72918161936382,-73.9905971288681,157,21,36,52,60,<a_36><b_52><c_60>
4d757b46e40aa09373dd0be2,40.74613120785279,-73.97810339927673,148,5,32,41,11,<a_32><b_41><c_11>
4b094f8cf964a520871523e3,40.75909046091092,-73.98468017578125,301,10,56,10,44,<a_56><b_10><c_44>
4276bf00f964a5208b211fe3,40.76430758425931,-73.98882150650024,245,43,14,21,20,<a_14><b_21><c_20>
46b16b46f964a52098491fe3,40.74434084563527,-73.99042637629252,251,18,43,2,9,<a_43><b_2><c_9>
4bc36e134cdfc9b6c3569721,40.76609348850453,-73.98334441336685,150,11,29,35,40,<a_29><b_35><c_40>
4a4821f5f964a52095aa1fe3,40.76117085825042,-74.01128768920898,299,299,6,46,26,<a_6><b_46><c_26>
4e798074a809c2cd9bc5ce4c,40.780227,-73.792836,299,39,54,47,42,<a_54><b_47><c_42>
4e7980b4fa7600c1ffe698fc,40.78168478226392,-73.78896894871082,6,50,54,56,49,<a_54><b_56><c_49>
4e1a3fb62271b0e9720dd7f2,40.78168478226392,-73.78896894871082,6,62,54,56,53,<a_54><b_56><c_53>
4ee039c72c5bb0e03e90c60d,40.78168478226392,-73.78896894871082,6,38,54,16,21,<a_54><b_16><c_21>
4a78b7faf964a5203ee61fe3,40.75214805919624,-73.97416157683648,224,20,39,39,30,<a_39><b_39><c_30>
41005500f964a5204e0b1fe3,40.666674206504105,-73.98817096588479,43,13,40,28,13,<a_40><b_28><c_13>
4f4bfd23e4b0705904c82323,40.877199345212254,-73.836025107013,6,32,49,32,7,<a_49><b_32><c_7>
4ca73d06b7106dcb6fb065a5,40.83424989024898,-73.9452327809692,221,9,36,24,0,<a_36><b_24><c_0>
4e6d062f483b1f5ebe55b4c4,40.73824750084677,-74.03024462799436,138,13,53,61,5,<a_53><b_61><c_5>
4ad5d824f964a520b70321e3,40.75817622525516,-73.9703505709776,156,16,58,55,20,<a_58><b_55><c_20>
4d8512acd5fab60c65eaef9b,40.67282675532094,-73.99085998535155,307,15,36,5,52,<a_36><b_5><c_52>
4f6b2a25e4b0803c8aaeab4c,40.67589786738171,-73.92373427592095,91,17,54,47,46,<a_54><b_47><c_46>
49de0156f964a52021601fe3,40.805144639820114,-73.93914699554443,79,121,47,12,34,<a_47><b_12><c_34>
4b08c6faf964a5201f1223e3,40.74951025126238,-73.9716075225125,91,25,18,53,41,<a_18><b_53><c_41>
4f1e2589e4b0475df9cd00cc,40.88108826152176,-74.07113588841028,6,43,4,23,53,<a_4><b_23><c_53>
4c08065b7c9ad13ab19e2c1e,40.80785512034932,-73.94546239164602,369,66,47,47,46,<a_47><b_47><c_46>
4d59fbb724466ea8c4507d9f,40.863929,-74.079579,43,55,54,43,53,<a_54><b_43><c_53>
4cc59facb2beb1f7d1c6234c,40.737741,-74.033078,56,5,61,57,15,<a_61><b_57><c_15>
4e524903fa7687935fb8f0f9,40.80496514019883,-73.94109400181172,110,37,14,42,10,<a_14><b_42><c_10>
4ad507bff964a520660121e3,40.7722274447236,-73.98302876064133,140,40,54,21,2,<a_54><b_21><c_2>
4b5bac53f964a520250f29e3,40.82787106175464,-74.10190679181018,149,15,4,15,53,<a_4><b_15><c_53>
4c720c75ad69b60c14a982b9,40.71918330855339,-73.98901459578161,198,13,14,28,40,<a_14><b_28><c_40>
4ea4acaab80355a982afff79,40.96535583001569,-74.06285508050317,242,86,49,14,58,<a_49><b_14><c_58>
4e0c71ecae60909ff14a650c,40.8118780892695,-73.90872122495026,293,37,29,42,46,<a_29><b_42><c_46>
49b50c87f964a520f4521fe3,40.728345706846646,-73.9994477526927,43,11,1,37,11,<a_1><b_37><c_11>
4a32c3f9f964a5208c9a1fe3,40.705888200473375,-73.9900016784668,252,150,6,29,40,<a_6><b_29><c_40>
49f7bc04f964a520d56c1fe3,40.77867,-73.948125,47,8,48,3,6,<a_48><b_3><c_6>
4b41e8f5f964a52019ca25e3,40.78577311803029,-73.9509916305542,307,96,49,21,41,<a_49><b_21><c_41>
4d857db65ad3a0938b29e7fd,40.78158643369462,-74.03603390827419,329,19,50,6,33,<a_50><b_6><c_33>
4ef7ce55c512f22778e7e0a4,40.70477380546345,-73.94186034276925,6,19,12,35,62,<a_12><b_35><c_62>
4ec34517722e5b8e03d67d9c,40.70477380546345,-73.94186034276925,6,26,18,48,37,<a_18><b_48><c_37>
4b8ace56f964a5204a8232e3,40.86035289142279,-74.19816255569458,201,15,57,21,56,<a_57><b_21><c_56>
4ce6f877fe90a35d3c4e390e,40.83784887414401,-73.9439756576843,91,10,14,35,26,<a_14><b_35><c_26>
4a9bc4d8f964a520303520e3,40.73929092246981,-74.15574073791504,79,21,21,5,14,<a_21><b_5><c_14>
4c7170dafa49a1cd60e6a8e3,40.70956429635586,-73.79806280136108,71,106,49,35,21,<a_49><b_35><c_21>
4f33f87fe4b02be5072cd47f,40.735687799616535,-73.81273680526725,293,13,60,18,28,<a_60><b_18><c_28>
43f5aaebf964a520a22f1fe3,40.721215,-73.987393,224,6,4,43,46,<a_4><b_43><c_46>
4d6d0aef8a4541bddd658ae5,40.759769494984965,-73.96155742041213,48,26,36,29,3,<a_36><b_29><c_3>
4b0c16c3f964a520ad3623e3,40.75887312433252,-73.96266519579538,31,12,7,5,44,<a_7><b_5><c_44>
4c0c2b61bbc676b0a8b44cd5,40.735604988736725,-73.9719633703152,354,63,46,53,25,<a_46><b_53><c_25>
4ebd265cb8f7b504a7528ddf,40.75625175475495,-73.97174527012704,138,16,57,48,53,<a_57><b_48><c_53>
4e7e4637e5fab8674b378ffb,40.80356163623484,-73.94186034276925,6,9,30,50,14,<a_30><b_50><c_14>
4b92d391f964a5205c1f34e3,40.82462308059908,-73.9413465789418,329,50,49,4,35,<a_49><b_4><c_35>
4ceb041afe90a35de6e0500e,40.74043668515678,-73.98490545194795,178,5,15,12,40,<a_15><b_12><c_40>
4f4daa8fe4b0b0a214b444c3,40.93508141690897,-73.96537147003376,6,50,54,1,29,<a_54><b_1><c_29>
4cf526178333224b089d1e8e,40.96532194280211,-74.06280344980541,263,69,49,47,9,<a_49><b_47><c_9>
3fd66200f964a520f7e41ee3,40.72615562548205,-73.98364284819401,107,7,17,50,18,<a_17><b_50><c_18>
4eaa78414fc6d0cb8bbaadfd,40.862803360720974,-73.84731888771057,369,8,14,34,32,<a_14><b_34><c_32>
4eaa787e4fc6d0cb8bbab462,40.86616246600479,-73.86088013648987,369,8,14,34,32,<a_14><b_34><c_32>
4f540c75e4b0c416063473a9,40.93508141690897,-73.96537147003376,6,31,54,3,32,<a_54><b_3><c_32>
4ee0eb7f1081e7177cac10b0,40.74954092693113,-73.97773325443268,301,67,49,6,2,<a_49><b_6><c_2>
4606214ef964a520c6441fe3,40.58414368954832,-73.93951538728527,118,17,1,1,53,<a_1><b_1><c_53>
4c5443cd1b46c9b660794cce,40.917762096880736,-73.77304648915751,267,67,48,29,35,<a_48><b_29><c_35>
4ece4f0d29c223f92671e550,40.91788113806607,-73.77322459332524,139,59,48,6,34,<a_48><b_6><c_34>
4b1f3784f964a520ec2424e3,40.73855929950341,-74.03072834014893,148,17,4,10,34,<a_4><b_10><c_34>
4e8d318eb803ca3dfcbcaf54,40.76087144655763,-73.98887973002674,6,7,4,13,62,<a_4><b_13><c_62>
4c082c5a340720a116b98293,40.75608725117609,-73.96758984041038,53,12,4,47,39,<a_4><b_47><c_39>
4b67b670f964a520af5b2be3,40.75616479199092,-73.99060249328613,31,37,29,29,4,<a_29><b_29><c_4>
4e5efbb8d22d7239c1aaa852,40.75678716880064,-73.9901451688078,309,17,25,34,21,<a_25><b_34><c_21>
4bcc4cee3740b7132dba6365,40.694842426245394,-73.9942717552185,369,28,59,51,8,<a_59><b_51><c_8>
49ebd1d6f964a52036671fe3,40.69772073971887,-73.99302035242692,198,22,18,56,57,<a_18><b_56><c_57>
4f73bc94e4b0e33c0d2401bc,40.7251711375904,-73.98317223921723,63,24,54,38,48,<a_54><b_38><c_48>
4c003ec9c30a2d7fb345121d,40.76975455229351,-74.02395597350795,83,25,45,42,49,<a_45><b_42><c_49>
4d9085bad00a6ea8938ce54f,40.77211000587436,-74.02176407619899,83,31,45,24,39,<a_45><b_24><c_39>
4d8f74cf1716a143e3ed4af7,40.96541698333333,-74.06291968333333,139,73,49,14,21,<a_49><b_14><c_21>
4ba8b4fdf964a5209ee839e3,40.67076899629418,-74.18085152846197,273,57,42,31,57,<a_42><b_31><c_57>
4bbe2867eeca9521b8174df1,40.67274110989961,-74.18081712967889,314,54,42,22,57,<a_42><b_22><c_57>
4e2ce53dd22d3f83c89eb007,40.775828988869165,-74.23554035653764,6,34,49,16,19,<a_49><b_16><c_19>
3fd66200f964a52093ea1ee3,40.719209382315626,-73.99687107972214,126,5,56,0,34,<a_56><b_0><c_34>
4ed255c1d3e3521ce7f4f66a,40.73569746375886,-73.81249842275241,6,35,18,44,28,<a_18><b_44><c_28>
4c65c855e2ee9c746794312f,40.60790819430413,-74.00176041628802,307,29,30,39,62,<a_30><b_39><c_62>
40da1980f964a5206c011fe3,40.77062934379982,-73.91698122024536,111,8,28,30,44,<a_28><b_30><c_44>
4d69f050de28224b66164abe,40.72789007835151,-73.99897144381916,49,28,4,23,19,<a_4><b_23><c_19>
4cc24bac4fcfbfb79547bd24,40.76597116277859,-74.16509908485864,6,90,49,16,20,<a_49><b_16><c_20>
4bef51155e7b9c743b26b58d,40.70423610738375,-73.79380891769573,294,21,54,40,31,<a_54><b_40><c_31>
4c1e31d5fcf8c9b61ad6ac0b,40.704393113626125,-73.79307359467165,146,11,54,59,29,<a_54><b_59><c_29>
4c59a8bfb05c1b8d1f50d6b1,40.70239645717224,-73.79117782747943,318,14,4,5,42,<a_4><b_5><c_42>
4d3e1b47557d6dcb4c484b44,40.96535005,-74.06280286666667,299,91,49,52,59,<a_49><b_52><c_59>
4b9efd61f964a520b00e37e3,40.74553377781002,-74.16464567184448,39,23,19,45,22,<a_19><b_45><c_22>
4f4c8043e4b0393385cf7b81,40.875788,-74.065925,329,30,54,13,53,<a_54><b_13><c_53>
4bc4aa3ab492d13a4e5baa60,40.6791734818247,-73.75508308410645,48,19,49,46,12,<a_49><b_46><c_12>
4e00c3177d8beaa1649d7a7e,40.69206706548725,-73.73460675784585,138,49,57,31,20,<a_57><b_31><c_20>
4eaa3e3d49015844896ef36e,40.628964535118925,-73.96537147003376,6,43,47,10,22,<a_47><b_10><c_22>
4dd53375ae60a78cec67b104,40.67495825554103,-73.73607208422482,103,45,49,49,54,<a_49><b_49><c_54>
4f45cffce4b027982e20856c,40.61848447230498,-73.75366953292578,6,29,54,35,38,<a_54><b_35><c_38>
4c97edbdf419a09395806b88,40.65016889724004,-73.94957542419434,369,197,49,63,36,<a_49><b_63><c_36>
4e741b50d1643f93b152e3ea,40.79012656060537,-73.84778739924586,6,52,4,23,21,<a_4><b_23><c_21>
4f106a1de4b067f66e78b229,40.767237460001375,-73.89482953406639,6,81,49,58,35,<a_49><b_58><c_35>
4ce787870f196dcba2303fae,40.77519535932481,-73.81249842275241,6,8,28,7,57,<a_28><b_7><c_57>
4e6eab51d1647b1137a3a2d0,40.7041677477342,-73.94818899760006,83,59,28,28,40,<a_28><b_28><c_40>
4de94ed6b0fbcb7c9ada3448,40.76159666739103,-74.04429006958527,299,24,49,54,2,<a_49><b_54><c_2>
4dab754b43a112819710e6c7,40.76165063333333,-74.04438426666667,299,26,54,38,53,<a_54><b_38><c_53>
4f3287b8e4b0f6064c42542e,40.61416154900377,-74.00063278107605,6,18,4,42,33,<a_4><b_42><c_33>
4bb52e252ea19521bd20aa2f,40.63523850278024,-73.9628791809082,307,45,6,61,47,<a_6><b_61><c_47>
4f0a4ea7e4b033211b9d7660,40.63578842250358,-73.96276851130986,140,8,57,43,42,<a_57><b_43><c_42>
4ad04456f964a520c7d720e3,40.760871,-73.990166,245,30,14,17,36,<a_14><b_17><c_36>
4ad00245f964a52045d720e3,40.73680709413176,-74.03088725252944,31,13,19,17,37,<a_19><b_17><c_37>
4a229fa8f964a520797d1fe3,40.78447335869806,-73.96120548248291,137,21,13,60,25,<a_13><b_60><c_25>
49e4a769f964a52015631fe3,40.57334843776636,-73.98030281066895,258,121,6,62,20,<a_6><b_62><c_20>
4ddb05fb8877102e8a85cc02,40.82723114887419,-73.94560589818066,110,56,4,7,59,<a_4><b_7><c_59>
4db99e916a2334682dac5e74,40.82733296448843,-73.94563459947481,110,36,4,23,41,<a_4><b_23><c_41>
4e80010cf9f4c8c37f4c9ae7,40.8276361255471,-73.94684493541718,255,69,28,28,41,<a_28><b_28><c_41>
4ba8805ef964a52091dd39e3,40.82677242597907,-73.94607659886712,110,67,49,48,3,<a_49><b_48><c_3>
4bc19d1e920eb71359fe1a2c,40.752155221763225,-73.99148807430478,301,53,54,19,47,<a_54><b_19><c_47>
4a0c2e7bf964a52014751fe3,40.76224486711165,-73.9792871763928,301,181,28,44,46,<a_28><b_44><c_46>
4f3370e6e4b0de3f8581757d,40.80227784854576,-73.99948596954346,137,21,49,60,42,<a_49><b_60><c_42>
4ed7215c4901772cdf8a47ba,40.82728397239936,-73.94556199416152,165,56,28,35,53,<a_28><b_35><c_53>
4ea237b0f7909c68de07935c,40.80331737923849,-74.00635242462158,314,11,18,18,3,<a_18><b_18><c_3>
4eebf2a48231688f1ca181db,40.70310011191117,-73.93010370763155,6,25,14,29,5,<a_14><b_29><c_5>
4e71561b7d8b53db1bc11bce,40.57912417974672,-73.82426211435131,6,52,57,25,28,<a_57><b_25><c_28>
3fd66200f964a52060e81ee3,40.798840875789125,-73.96306123830033,43,28,1,34,31,<a_1><b_34><c_31>
4e1e4ad845dd3be9c473415d,40.77221449847732,-73.95037025468532,329,31,19,42,51,<a_19><b_42><c_51>
4b71f6d2f964a52012672de3,40.866770981342086,-74.20047998428345,198,23,19,60,8,<a_19><b_60><c_8>
4aaaf5cdf964a520475820e3,40.777423,-73.948947,53,37,50,23,60,<a_50><b_23><c_60>
4d840239f1e56ea802cf6c8a,40.60259048645985,-73.98887973002674,6,38,54,12,31,<a_54><b_12><c_31>
4f36b52de4b02a70e07ad7c5,40.612495623372205,-73.98887973002674,6,21,57,37,34,<a_57><b_37><c_34>
4ea7a5e2775bfe4802f96862,40.60259048645985,-73.98887973002674,6,15,30,29,16,<a_30><b_29><c_16>
4eab69569adfbd5e5d88ebbe,40.604532,-73.992438,264,66,45,42,32,<a_45><b_42><c_32>
4edca47446907c1b45463ea5,40.660187498578246,-73.90658830179062,6,30,49,58,34,<a_49><b_58><c_34>
4ed2ceed61af476c0b7c346d,40.660187498578246,-73.90658830179062,6,26,49,58,33,<a_49><b_58><c_33>
4bc9c4ea937ca593fa40a692,40.59029692668765,-74.06643390655518,258,8,4,23,39,<a_4><b_23><c_39>
4e69aae8d4c01ce0173b3be4,40.73569746375886,-73.81249842275241,6,27,45,12,45,<a_45><b_12><c_45>
4b8baecef964a520d8a632e3,40.68649587700388,-74.18251991271973,273,15,58,53,32,<a_58><b_53><c_32>
4aab7319f964a520935920e3,40.764430266666665,-73.987953,111,10,17,23,3,<a_17><b_23><c_3>
4c3884bb18e72d7f606a18f5,40.77748265426145,-74.05815124511719,299,22,7,59,60,<a_7><b_59><c_60>
4bc3ba974cdfc9b634d39721,40.78143609348328,-74.05677403485737,153,28,51,38,27,<a_51><b_38><c_27>
4a9fc4fbf964a520493d20e3,40.747582087041366,-74.17188763618469,79,37,58,1,42,<a_58><b_1><c_42>
3fd66200f964a5206de71ee3,40.75187357799962,-73.9740800857544,228,47,41,30,20,<a_41><b_30><c_20>
4e538e2d22711d4da5bccef1,40.72878266166665,-74.00717182515037,91,15,26,5,31,<a_26><b_5><c_31>
4b1319b4f964a520189423e3,40.72973295583471,-74.00623072155904,139,14,26,48,35,<a_26><b_48><c_35>
49ecee93f964a520af671fe3,40.640497899496765,-73.78941535949707,343,2,41,8,4,<a_41><b_8><c_4>
4af1fd6ff964a520fbe421e3,40.75309259600205,-73.97358763499668,311,11,46,9,10,<a_46><b_9><c_10>
4ed7c726f5b915cfe2a874f5,40.75285675549502,-73.97367372638176,311,35,46,45,60,<a_46><b_45><c_60>
4a5fb924f964a52018c01fe3,40.640725851595455,-73.78937244415283,273,3,41,18,25,<a_41><b_18><c_25>
4f177855e4b0259edde1ff9e,40.753125961930586,-73.97379425425618,155,25,38,42,41,<a_38><b_42><c_41>
4ee73945e30005f8ba684170,40.75307160144737,-73.97346710699287,0,29,38,5,15,<a_38><b_5><c_15>
4b5d9f0df964a520d06329e3,40.6930853448663,-73.92848253250122,307,31,6,4,63,<a_6><b_4><c_63>
4f7044e3e4b0e0075d0dcd1f,40.76096605157223,-73.88538698372311,293,34,60,22,53,<a_60><b_22><c_53>
4e96ddb49adf7f572e17e445,40.89487348356578,-74.07849279653145,83,26,41,37,40,<a_41><b_37><c_40>
4d00f8ce3ea69eb0afd43649,40.644079913907895,-73.78239870071411,273,27,54,47,21,<a_54><b_47><c_21>
4c12c5d5a1010f47e17f4918,40.79672258044242,-73.94124984741211,369,16,13,35,38,<a_13><b_35><c_38>
49ff53e6f964a5200c701fe3,40.77920900596156,-73.9551287537907,157,23,34,39,44,<a_34><b_39><c_44>
4d63b651e7f060fccc778e72,40.75653669935336,-73.99718670967665,284,33,42,5,31,<a_42><b_5><c_31>
4a411c15f964a520c7a41fe3,40.76489500515031,-73.916954,160,21,41,44,43,<a_41><b_44><c_43>
4079dc00f964a52070f21ee3,40.7386405913415,-73.99253368377686,146,10,38,43,41,<a_38><b_43><c_41>
4b0e9ae4f964a520e05823e3,40.84120527898384,-74.15902421865839,112,16,41,8,39,<a_41><b_8><c_39>
4b16d62bf964a52027be23e3,40.8465953797366,-73.94228225952985,264,59,46,49,4,<a_46><b_49><c_4>
4be42c292457a59316d4a915,40.8463461517002,-73.94103527069092,139,64,21,5,54,<a_21><b_5><c_54>
4d061a21a2685481f219c0bd,40.91180260727112,-73.99780649062002,83,34,29,4,21,<a_29><b_4><c_21>
4a5a0495f964a520a4b91fe3,40.743854,-73.987898,156,43,46,19,58,<a_46><b_19><c_58>
4f719efce4b04c3d1681ae79,40.76654851401369,-73.92228182105531,293,12,58,39,4,<a_58><b_39><c_4>
4a7f0913f964a5208af21fe3,40.74372911428571,-73.976438,253,32,38,18,30,<a_38><b_18><c_30>
4be767efd4f7c9b610e02720,40.76332470041056,-74.03166184172059,293,18,46,39,56,<a_46><b_39><c_56>
4de797941fc7fcfe04ac1dcf,40.73144383697537,-73.96323917017544,87,17,58,45,60,<a_58><b_45><c_60>
4e9cab36b8f77a8b46dd92b4,40.59655374473915,-73.95077705383301,369,29,42,5,31,<a_42><b_5><c_31>
4a19d10ff964a520597a1fe3,40.759272,-73.981107,146,18,7,5,4,<a_7><b_5><c_4>
4d3c9ef499c22d43c7db614b,40.96457180013344,-74.06643390655518,83,48,49,4,14,<a_49><b_4><c_14>
4e034363b61ce80e5d67d09f,40.7065225854893,-74.00947988033295,31,21,38,58,26,<a_38><b_58><c_26>
4a36c1b9f964a520dd9d1fe3,40.74167304814132,-73.97428784381152,185,81,38,42,48,<a_38><b_42><c_48>
4bf6f7e413aed13a6e8ceaf7,40.78614007703091,-73.85758207332279,69,40,51,14,32,<a_51><b_14><c_32>
4b86ddcff964a520b0a231e3,40.82991732677595,-74.14106369018555,287,24,38,60,42,<a_38><b_60><c_42>
4c34ba027cc0c9b60ed1f39a,40.76568899694568,-73.93309593200684,104,34,60,17,41,<a_60><b_17><c_41>
4c45d9df36d6a593d6716ca8,40.74625307260463,-74.16346213007058,199,46,49,23,7,<a_49><b_23><c_7>
4d93828762ad5481a4cd834b,40.75566091379096,-73.97538900375366,69,25,63,49,27,<a_63><b_49><c_27>
4e734ad98998f94a582a5f5c,40.781679837405086,-73.97932123709242,157,3,41,36,9,<a_41><b_36><c_9>
4b20ed51f964a5206c3524e3,40.70813495353977,-73.83076429367065,253,38,58,9,25,<a_58><b_9><c_25>
4a819c70f964a52006f71fe3,40.77934896127287,-73.94778144420592,253,19,46,9,8,<a_46><b_9><c_8>
4d99f332a2c6548100631354,40.914614,-73.772586,110,29,2,5,59,<a_2><b_5><c_59>
4cd95a235e1b721e58b23ed9,40.70353165632546,-73.80230514842124,107,32,42,53,1,<a_42><b_53><c_1>
4b498c79f964a5201e7126e3,40.85723693198472,-73.86762857437134,307,34,60,19,40,<a_60><b_19><c_40>
4a06ff94f964a52017731fe3,40.79962395900535,-73.97343267040648,139,51,47,62,41,<a_47><b_62><c_41>
4b990014f964a5203b5b35e3,40.77114935894503,-73.99442195892334,299,10,53,60,56,<a_53><b_60><c_56>
4f3c2aabe4b08b7acf7ff6ff,40.884482759429375,-73.87838157439592,71,36,60,26,6,<a_60><b_26><c_6>
4af1d4c8f964a52099e321e3,40.8864595193891,-73.87842178344727,307,68,46,56,34,<a_46><b_56><c_34>
4a61542bf964a5204ec21fe3,40.77007682324887,-73.91798973083496,307,45,13,2,56,<a_13><b_2><c_56>
4b23af24f964a5200f5824e3,40.77131186284329,-73.91743183135986,256,38,29,57,49,<a_29><b_57><c_49>
4bbd63494e069c7494c59ee3,40.94246719077515,-74.02115821838379,104,26,46,9,58,<a_46><b_9><c_58>
4bf16d7aef99c9b6c8495b42,40.74733835203195,-73.98198997255602,118,45,38,34,10,<a_38><b_34><c_10>
4ba3045bf964a520102838e3,40.72247782080547,-74.23110008239746,299,10,46,51,17,<a_46><b_51><c_17>
4d98324bb7bf2c0f26bbea2d,40.82517623700004,-73.94768714904785,309,23,18,63,4,<a_18><b_63><c_4>
4bd58ae76f649521ce2c6fec,40.74642994150507,-73.98111761579283,69,46,26,9,8,<a_26><b_9><c_8>
4e6dd06a922ebcdd8c0b1102,40.81894086323423,-73.95222544670105,309,15,42,17,57,<a_42><b_17><c_57>
4c49c9469e3e2d7f66fc3f49,40.598891,-73.955353,21,28,26,63,54,<a_26><b_63><c_54>
4bab9c66f964a520e8b83ae3,40.751621,-73.990009,69,10,41,63,24,<a_41><b_63><c_24>
4c4bfb8c5609c9b6a204e091,40.58358323125094,-73.8265585899353,81,43,45,9,19,<a_45><b_9><c_19>
4e6665701fc747ca49e8d231,40.818486177634,-73.94988656044006,104,27,26,61,51,<a_26><b_61><c_51>
4e8dc55bf790e886ae0fd1c6,40.70477380546345,-73.94186034276925,6,18,12,35,22,<a_12><b_35><c_22>
4ebbe3538b81c444e94e0f73,40.67595516173947,-73.9237974258862,24,10,12,35,17,<a_12><b_35><c_17>
4e18dbedae6092c27656cead,40.70321245088548,-73.94362549860294,329,51,38,30,62,<a_38><b_30><c_62>
4b1bd941f964a52019fe23e3,40.599300435969774,-73.95592864757464,307,56,26,48,53,<a_26><b_48><c_53>
4ba8c654f964a520dbed39e3,40.816486371807535,-73.90780709937098,307,41,21,35,23,<a_21><b_35><c_23>
4f40351fa17cf53abe49a0f4,40.81827071326029,-73.90658830179062,6,28,51,21,55,<a_51><b_21><c_55>
4e8aaccd4fc68f2d71de9384,40.81586355521672,-73.90775978565216,230,34,51,37,37,<a_51><b_37><c_37>
4ea54ec1b6347b9968f892b2,40.808071673899136,-74.20859779647374,149,32,42,43,35,<a_42><b_43><c_35>
49e3a2b3f964a520a6621fe3,40.74697,-73.98138,253,67,38,11,15,<a_38><b_11><c_15>
4a78449bf964a52056e51fe3,40.687084,-73.976106,149,15,33,23,24,<a_33><b_23><c_24>
4c2e8f153896e21eb88ae290,40.78129194530576,-74.02120749093491,31,53,46,32,53,<a_46><b_32><c_53>
4e7003401838f0daa0640eea,40.87245323076741,-73.83819325801178,369,18,42,53,2,<a_42><b_53><c_2>
4e89a96d4690c079de1c85f8,40.71518524863918,-74.0354085138342,157,16,26,14,15,<a_26><b_14><c_15>
4bf6e98313aed13a5572eaf7,40.8741592397011,-73.83753276420217,91,15,42,33,57,<a_42><b_33><c_57>
4c7475a02db5236ad38cba79,40.67158174962631,-73.9984667301178,252,8,52,1,18,<a_52><b_1><c_18>
4e66116a483bd9a975d92b0b,40.78236482850316,-74.02322725651749,197,12,26,45,16,<a_26><b_45><c_16>
4e4d2eb262e1e5f467205997,40.78214673903127,-74.02334201528342,320,9,26,9,31,<a_26><b_9><c_31>
4be1d2ad4283c9b62d9d54f8,40.70908991941677,-73.81811900410534,112,26,42,19,51,<a_42><b_19><c_51>
4ba7063ef964a520387d39e3,40.72966216538398,-74.04763775758458,6,79,18,5,60,<a_18><b_5><c_60>
4e838ce193ad6c49304782dc,40.72255535553747,-73.99940758211055,156,18,46,0,40,<a_46><b_0><c_40>
4d2cc14bb47d2c0fd1608594,40.74167309464583,-73.99576350140552,157,40,46,22,31,<a_46><b_22><c_31>
4ba02868f964a520615e37e3,40.82919,-73.948376,32,28,54,56,25,<a_54><b_56><c_25>
44d9e8dbf964a5208a361fe3,40.72413519041223,-73.99778927450977,292,23,60,9,6,<a_60><b_9><c_6>
4bf54a01cad2c9285dd69c99,40.76985337613312,-73.99028599262238,69,26,51,8,52,<a_51><b_8><c_52>
4bc09001461576b0ee487a32,40.621496,-74.03178885,160,2,26,9,31,<a_26><b_9><c_31>
4badc1bcf964a52047673be3,40.70917392412283,-73.82070064544678,307,29,6,54,25,<a_6><b_54><c_25>
4c799c17bd346dcb2423f6ef,40.86107855194721,-73.93010370763155,6,86,45,26,32,<a_45><b_26><c_32>
4ab41590f964a520c46f20e3,40.7429651739036,-73.99287700653076,307,68,42,54,54,<a_42><b_54><c_54>
4bc5c26e5935c9b6984ca6d2,40.737116,-73.81773096975977,196,19,12,12,57,<a_12><b_12><c_57>
4cc998bdd063a143dbf00eb4,40.73716581443959,-73.81772266787175,196,10,10,43,27,<a_10><b_43><c_27>
4cb4ad0f07bab713fa9d50cc,40.7370797706936,-73.81808280944824,199,25,12,9,45,<a_12><b_9><c_45>
4c068305d3842d7f85b7bf41,40.655513964295885,-74.00622498310831,110,64,60,26,32,<a_60><b_26><c_32>
4aa42b50f964a520a44520e3,40.741672705942285,-73.98928821086884,369,110,60,56,8,<a_60><b_56><c_8>
4ba8cc8cf964a520c6ef39e3,40.74154858407892,-73.97483882600585,201,12,55,11,38,<a_55><b_11><c_38>
40d38200f964a52041011fe3,40.75485025788179,-73.98800493858226,40,21,22,5,54,<a_22><b_5><c_54>
4b689cabf964a520cf822be3,40.95672907623208,-74.06300067901611,185,54,33,43,27,<a_33><b_43><c_27>
4e26ef40a809510950dbce03,40.854907,-73.90528,103,44,52,63,37,<a_52><b_63><c_37>
4b06d110f964a520c3f022e3,40.85880110037853,-73.932586312294,307,56,49,49,44,<a_49><b_49><c_44>
4a92c25af964a520981d20e3,40.74400563300867,-73.97669792175293,253,22,33,24,22,<a_33><b_24><c_22>
4b9e71d0f964a52065e436e3,40.752522706592416,-73.98677064685069,155,34,12,45,27,<a_12><b_45><c_27>
4e7a4294b61c0c4cb58f56ce,40.740754144262496,-74.0578293800354,103,23,5,0,57,<a_5><b_0><c_57>
4e3009bf1838f1c552cb0d4b,40.76366213713549,-74.02338791877044,314,9,21,24,47,<a_21><b_24><c_47>
4e54e3a17d8b96cd06121e05,40.66521166066117,-73.94186034276925,6,26,30,28,54,<a_30><b_28><c_54>
4e57a6cf18382ada066fc343,40.763792,-74.023892,299,10,13,4,5,<a_13><b_4><c_5>
4a8d57e7f964a5207c0f20e3,40.70707563416248,-74.01064395904541,299,7,55,3,57,<a_55><b_3><c_57>
4b7ce0f6f964a52028a82fe3,40.87036516454396,-74.19895648956299,198,24,46,28,57,<a_46><b_28><c_57>
4af18817f964a5203fe121e3,40.73606359173575,-74.02938723564148,79,69,47,4,44,<a_47><b_4><c_44>
4b720649f964a520c96a2de3,40.87077892932014,-74.19814109802246,198,26,38,28,4,<a_38><b_28><c_4>
4b0dc4abf964a520b64f23e3,40.878445,-73.921659,79,27,21,45,15,<a_21><b_45><c_15>
4de5ae6dd4c09fc98b6e8368,40.67595516173947,-73.92373427592095,329,11,53,10,47,<a_53><b_10><c_47>
4ba8fa3df964a520ecff39e3,40.74211268500876,-73.98972048733542,69,42,10,44,52,<a_10><b_44><c_52>
4f43812ce4b09d14bc86a290,40.71107121164565,-74.00967949930464,91,7,2,35,44,<a_2><b_35><c_44>
4aef4884f964a52032d721e3,40.73769779943962,-73.98845791524543,69,35,33,52,47,<a_33><b_52><c_47>
4be5927e2468c928f22d0043,40.80659156077262,-73.95105332750173,187,21,51,4,35,<a_51><b_4><c_35>
4dff64a9a809baedbd915521,40.703083611834224,-73.94261519999797,312,25,52,54,20,<a_52><b_54><c_20>
4b6cba4cf964a5209e4f2ce3,40.707560746779045,-73.94025590261084,307,29,50,15,22,<a_50><b_15><c_22>
49f5ef43f964a520d86b1fe3,40.75271883902363,-73.98321568965912,110,30,33,39,41,<a_33><b_39><c_41>
4cbfbedea0c4f04d1e085731,40.73977053760343,-74.00258123874664,307,56,47,61,14,<a_47><b_61><c_14>
4afd78c6f964a520012822e3,40.750546,-73.976485,253,15,42,45,9,<a_42><b_45><c_9>
4b257718f964a5205a7224e3,40.711131380000005,-74.006383,112,34,13,39,20,<a_13><b_39><c_20>
4be6d905d4f7c9b6451b2720,40.82749248,-73.8566178,91,44,63,31,22,<a_63><b_31><c_22>
4e5d406118a8463c4d94db19,40.86088438,-73.88990591390933,185,21,10,44,10,<a_10><b_44><c_10>
4add9a9ef964a520206521e3,40.80780016884344,-73.94511222839355,253,46,38,49,28,<a_38><b_49><c_28>
4f79a0cce4b06bb78057f47c,40.86133198810645,-73.89028487916683,155,12,33,38,48,<a_33><b_38><c_48>
4a0b04dcf964a520ba741fe3,40.7133335138603,-74.01606043481961,140,8,27,41,22,<a_27><b_41><c_22>
4f09d863e4b0aa2dc7c9990e,40.77952303008534,-73.94635787068191,69,15,10,14,31,<a_10><b_14><c_31>
4bdc9fb73904a59345084f9e,40.71343536379427,-73.95807266235352,369,163,6,29,33,<a_6><b_29><c_33>
4af318f0f964a5209fea21e3,40.75270452466205,-73.97569973252601,69,67,46,61,5,<a_46><b_61><c_5>
4a699cddf964a520f3cb1fe3,40.80704983333333,-73.96448956666666,253,27,33,5,28,<a_33><b_5><c_28>
4b46cdc4f964a520732826e3,40.80991152281341,-74.06785011291504,308,57,46,30,11,<a_46><b_30><c_11>
4b02f41ff964a520614b22e3,40.810538091449885,-73.96355485535629,69,28,33,13,58,<a_33><b_13><c_58>
4ee5295c9adf398200319470,40.64244028555888,-73.8873737181129,331,60,13,5,45,<a_13><b_5><c_45>
4dda977ad22d38ef4332c419,40.71529762488199,-74.0147852897644,148,10,36,0,51,<a_36><b_0><c_51>
4e94b7510cd60d94b53c0bf2,40.77089747711729,-73.98957252502441,187,22,46,19,24,<a_46><b_19><c_24>
4aafba97f964a520946420e3,40.69326244953332,-73.9917348465147,208,62,38,1,59,<a_38><b_1><c_59>
4cd713dfd2f62d43623f7d6e,40.8159366327874,-73.91719579696654,309,26,21,57,38,<a_21><b_57><c_38>
4a2bfc41f964a52000971fe3,40.76266834615508,-73.96865740411552,298,12,12,6,48,<a_12><b_6><c_48>
4b06ab0bf964a5206dee22e3,40.88366806062851,-74.05626344761434,185,68,45,28,62,<a_45><b_28><c_62>
4e37e5de1838d056d2767a96,40.88244673773804,-74.05593644157884,103,53,33,1,43,<a_33><b_1><c_43>
4e7e0c4161af6aae1575c4a2,40.80356163623484,-73.94186034276925,6,87,49,58,32,<a_49><b_58><c_32>
4c4e136b9efabe9ab54e7b69,40.74657419673222,-73.99579524993895,187,13,33,41,41,<a_33><b_41><c_41>
4e1f052645dd3be9c4793cef,40.72050610933929,-74.03292986611318,69,14,10,14,31,<a_10><b_14><c_31>
4c1fd342920076b03559c5e9,40.7526134939238,-73.98631726267949,91,35,59,14,52,<a_59><b_14><c_52>
4d21fb8429292d436d6f5274,40.744673971876566,-73.93414800168307,320,16,63,48,59,<a_63><b_48><c_59>
4ae33a3df964a520f99121e3,40.733029,-73.990038,253,10,38,51,5,<a_38><b_51><c_5>
4e36efbae4cd9aba7cd3ed27,40.749997548245005,-74.15281440521491,103,8,51,38,27,<a_51><b_38><c_27>
49c224c6f964a520e2551fe3,40.895019294718885,-73.94258075790712,69,42,51,44,6,<a_51><b_44><c_6>
4e009d3918a8abfb3f6ac5a7,40.82723996688574,-73.94570922281969,110,66,60,46,45,<a_60><b_46><c_45>
4d5bf2d1590b224b809e9b6d,40.77111685811769,-73.98942232131958,194,20,63,46,27,<a_63><b_46><c_27>
4bd974b02e6f0f4789940a08,40.74484351925524,-73.98396997814501,103,35,38,19,12,<a_38><b_19><c_12>
4f6cbcd3e4b0e3b3bc49693f,40.72518463103597,-73.99675056632964,69,17,10,15,46,<a_10><b_15><c_46>
4b704bbcf964a520b7102de3,40.75136273389425,-73.97971150609682,69,44,63,14,33,<a_63><b_14><c_33>
4d4df5d7a7f86ea812823cde,40.70621215482598,-73.9225516455076,300,10,27,62,8,<a_27><b_62><c_8>
4ae0adf3f964a520948121e3,40.74722445029306,-73.9438247680664,69,43,63,48,16,<a_63><b_48><c_16>
4b678fecf964a5205d552be3,40.790421466158406,-73.9454394305906,48,19,53,7,4,<a_53><b_7><c_4>
4cc1c59742d1b60c770f0c13,40.745779316528726,-73.97529223725327,110,9,10,57,40,<a_10><b_57><c_40>
4da307d5e7b8a09077802121,40.75678244392934,-74.00150299072266,284,28,22,30,44,<a_22><b_30><c_44>
4a70539cf964a52049d71fe3,40.73893324113601,-73.99237275123596,71,26,12,6,48,<a_12><b_6><c_48>
4a9bfd37f964a520a23520e3,40.755002,-73.968647,253,11,62,27,40,<a_62><b_27><c_40>
4ede4768be7be2833c414ab5,40.70646022457398,-74.0124281478333,91,16,62,44,59,<a_62><b_44><c_59>
4dd43ad9e4cd1c4babb579be,40.78932359487556,-73.94537054740798,329,50,49,29,29,<a_49><b_29><c_29>
4bc4687eb492d13af9f0a960,40.61262896356314,-74.00092899799347,307,18,46,62,32,<a_46><b_62><c_32>
4a69c63bf964a52006cc1fe3,40.76330553806572,-73.98325258717293,69,26,5,44,28,<a_5><b_44><c_28>
4b67309bf964a52059402be3,40.72494964561905,-74.00141716003418,69,16,62,36,47,<a_62><b_36><c_47>
4a0e0f85f964a520bf751fe3,40.74587751338479,-73.98814227092514,301,12,18,40,27,<a_18><b_40><c_27>
4aa52d50f964a520834720e3,40.745892,-73.987999,253,15,63,28,63,<a_63><b_28><c_63>
4e21f579e4cdf685918b1b20,40.78095822680289,-74.05988916093087,153,16,51,57,9,<a_51><b_57><c_9>
4d4113ec1bd2a14343e6f97c,40.69302900066383,-73.85954898955855,6,28,29,53,8,<a_29><b_53><c_8>
4f3c31d0e4b026d357d12fea,40.80537240669982,-73.94273574726765,71,21,60,19,5,<a_60><b_19><c_5>
4f0ba727e4b0261c937b8781,40.74337624282437,-73.98483084377504,69,36,10,15,50,<a_10><b_15><c_50>
4d99cbdc7cfc145660ac49f6,40.74994731802104,-73.98151516914368,32,34,62,48,28,<a_62><b_48><c_28>
4a53d9a7f964a520c7b21fe3,40.74551752113523,-73.99235129356384,69,60,63,32,4,<a_63><b_32><c_4>
4a6e9b04f964a520eed41fe3,40.74349260764578,-73.98497432100493,110,33,10,57,0,<a_10><b_57><c_0>
4b9d5e2af964a52046a736e3,40.6866365127154,-73.97745023056954,69,15,62,48,28,<a_62><b_48><c_28>
4be9eccf415e20a15d78e4bb,40.749978,-73.98153,69,29,62,62,59,<a_62><b_62><c_59>
4d9434251231b60c6bdb74a1,40.962451,-74.092604,255,132,49,47,9,<a_49><b_47><c_9>
4a416369f964a52036a51fe3,40.76826484861582,-73.9824378490448,234,14,7,51,3,<a_7><b_51><c_3>
4ee65fa48b81bab285422aa2,40.76332030251672,-73.98245484526635,69,34,63,41,47,<a_63><b_41><c_47>
42829c80f964a5205f221fe3,40.71370599034548,-74.01420126337966,69,97,33,35,43,<a_33><b_35><c_43>
4864629bf964a520e6501fe3,40.77007379958742,-73.98452667169322,208,12,63,38,48,<a_63><b_38><c_48>
4aeb54a8f964a52006c121e3,40.7289214304988,-74.00715460988235,263,14,41,35,3,<a_41><b_35><c_3>
4c700bc7d97fa143bac0f4ca,40.741699477687774,-73.97477569270944,190,20,62,51,37,<a_62><b_51><c_37>
4e3c2d30ae6045423653c241,40.87576041703128,-74.06575785040975,329,16,49,23,50,<a_49><b_23><c_50>
4b6ef312f964a520b3d22ce3,40.71949454863749,-73.9932900780202,52,17,24,6,53,<a_24><b_6><c_53>
4d15231f8312236a890e50ba,40.80489686471875,-73.93880357143554,138,44,60,10,12,<a_60><b_10><c_12>
4b4f3d64f964a5206cfe26e3,40.803894,-73.937624,307,50,60,47,45,<a_60><b_47><c_45>
4e9b73749a52edbd65bc8bcf,40.84954115670261,-73.91834636014222,6,9,18,58,35,<a_18><b_58><c_35>
4bc3670fb492d13a9bb2a860,40.69251591040359,-73.85915279388428,81,10,42,46,57,<a_42><b_46><c_57>
4c29f2e597d00f47f02442ea,40.75098826258705,-74.0058864142103,69,6,3,35,2,<a_3><b_35><c_2>
4b102c47f964a520916a23e3,40.965368733333335,-74.06283225,118,11,59,11,60,<a_59><b_11><c_60>
49d164f1f964a5207c5b1fe3,40.72025984096279,-74.00608152178401,69,38,12,34,28,<a_12><b_34><c_28>
4f4faefbe4b05c40d6e2174b,40.7533563254318,-73.9870174251268,69,51,63,9,58,<a_63><b_9><c_58>
4b00a2abf964a520264022e3,40.8541298046618,-74.03318232245012,237,16,34,54,10,<a_34><b_54><c_10>
4db479a693a017099dd9c8b8,40.927804584201205,-74.13085190951095,74,13,44,42,51,<a_44><b_42><c_51>
4c51735a9d642d7f66888ddd,40.72867964802866,-73.85947146184573,202,28,38,0,7,<a_38><b_0><c_7>
4be167910f03a593b02419b4,40.74686681162143,-73.94427537918091,76,27,59,11,8,<a_59><b_11><c_8>
4e989a78d22d3f4f88a3f2b1,40.803367614746094,-74.0064468383789,250,38,57,19,34,<a_57><b_19><c_34>
4f431687e4b08c6c28974062,40.80342452093311,-74.00652338231824,299,25,49,16,58,<a_49><b_16><c_58>
4a426fc3f964a520dda51fe3,40.76081329459152,-73.97227764129639,157,37,16,51,47,<a_16><b_51><c_47>
4c6f9028b5fe952146446111,40.72172024902872,-73.97979759474113,257,23,16,30,0,<a_16><b_30><c_0>
4b586707f964a520225628e3,40.75315784209899,-73.97393200030595,155,25,38,42,48,<a_38><b_42><c_48>
4bb7d95153649c74916146fb,40.70240710847517,-73.79997253417969,307,31,60,62,23,<a_60><b_62><c_23>
4b7f151af964a5202b1530e3,40.853534154574064,-73.9203585933636,79,15,18,30,5,<a_18><b_30><c_5>
4b676520f964a520404c2be3,40.84974480089399,-73.93489427809632,157,19,35,42,9,<a_35><b_42><c_9>
4ccaea11e47a95218e59fd99,40.70358545408646,-73.79929929971695,83,10,10,31,45,<a_10><b_31><c_45>
42af6f80f964a5205a251fe3,40.75231,-73.975419,156,23,46,32,50,<a_46><b_32><c_50>
4dda64457d8b32266434f95d,40.753245,-73.973397,69,10,43,54,24,<a_43><b_54><c_24>
4bbde0814e069c74f1399fe3,40.77018064,-73.98789707,187,3,52,55,1,<a_52><b_55><c_1>
4c7c071181bca09382ee0415,40.77690793839747,-74.03673962613668,138,52,49,18,21,<a_49><b_18><c_21>
4c7e42725af8b60ccfd39110,40.89839491047176,-74.02952167280056,190,14,22,61,4,<a_22><b_61><c_4>
4ae8906ef964a52071b021e3,40.71267092713338,-74.01193141937256,79,88,6,39,3,<a_6><b_39><c_3>
4c0fc26c98102d7f28bee506,40.765469703342255,-73.98041169261889,159,16,55,58,37,<a_55><b_58><c_37>
4c02ec6bf56c2d7f442f1c66,40.66911608150882,-73.94283771514893,138,25,54,5,56,<a_54><b_5><c_56>
4c33e80116adc9280d75c49c,40.71101335835864,-74.00891055923843,21,11,58,63,12,<a_58><b_63><c_12>
4eaa78cc4fc6d0cb8bbabcda,40.87591426515748,-73.90795826911926,369,9,50,35,12,<a_50><b_35><c_12>
4c93b34721c7199c14740b7f,40.81919256285133,-74.16168987751007,94,13,24,47,53,<a_24><b_47><c_53>
4d4b5ceb8e948cfa35fcef48,40.69321217941903,-73.93010370763156,6,78,60,15,53,<a_60><b_15><c_53>
4a98863df964a5207e2c20e3,40.782978604018936,-73.83175134658813,294,12,16,34,31,<a_16><b_34><c_31>
4a982ad4f964a520c12a20e3,40.73529128534676,-74.00236129760742,312,23,36,62,15,<a_36><b_62><c_15>
4d8389947e8ef04d716df8bd,40.75556338853696,-73.97573232650757,234,15,3,44,41,<a_3><b_44><c_41>
4adccf82f964a520133021e3,40.75254117265956,-73.9883660914967,220,20,3,15,29,<a_3><b_15><c_29>
4ad4bc35f964a520f9e820e3,40.7399818923273,-73.99335980415344,91,11,16,30,24,<a_16><b_30><c_24>
4f36cf39e4b0fc67a89276f5,40.76853552076642,-73.95557647143723,148,8,50,39,52,<a_50><b_39><c_52>
46dd1429f964a5208d4a1fe3,40.774319,-73.988478,156,17,24,6,22,<a_24><b_6><c_22>
4e35a4a3d22d86185a6e5f2d,40.78969237045133,-73.84696900073686,110,46,12,44,48,<a_12><b_44><c_48>
4bc5b04b41cb76b0a1a03e6f,40.73523006577503,-73.8201523688399,190,17,12,45,5,<a_12><b_45><c_5>
4a65b705f964a5208fc71fe3,40.77662552133105,-74.01072978973389,87,47,2,5,2,<a_2><b_5><c_2>
4df27e5ad22d8c5470da6596,40.5770155421849,-73.98116111755371,309,90,49,63,29,<a_49><b_63><c_29>
4b02fd24f964a520b04b22e3,40.862018,-73.925207,63,6,28,0,9,<a_28><b_0><c_9>
4b55dcb9f964a52074f327e3,40.75046894256904,-73.97637697628132,118,8,3,33,52,<a_3><b_33><c_52>
4e5577f445dd0a4826e6ab3e,40.69321217941903,-73.93010370763156,6,89,59,1,28,<a_59><b_1><c_28>
4d2f5ae2940137044fa1eeda,40.68900261661789,-73.9290847274161,293,81,59,55,42,<a_59><b_55><c_42>
4a9320d2f964a520e31e20e3,40.72568701208368,-74.00570103493192,253,7,24,45,41,<a_24><b_45><c_41>
4b0b68cef964a5202f3123e3,40.67933621045698,-73.93028497695923,307,63,34,47,24,<a_34><b_47><c_24>
45404cb9f964a520393c1fe3,40.73426694935767,-73.99110674858093,228,5,23,51,56,<a_23><b_51><c_56>
4a6b310df964a52024ce1fe3,40.74627135089917,-73.97983776942861,253,10,33,42,25,<a_33><b_42><c_25>
4c9a4c72eaa5a1432318cbe4,40.75892111759599,-73.9771919613682,142,18,34,62,54,<a_34><b_62><c_54>
4a8c017df964a520dc0c20e3,40.75269756436712,-73.99003612905999,69,47,38,32,41,<a_38><b_32><c_41>
4f2a6d55e4b04e33ba6416f9,40.74764847532018,-73.99302035242692,146,11,55,47,54,<a_55><b_47><c_54>
4d7511de170ab1f70edcfc94,40.77787134925543,-73.95476139494657,224,19,23,34,22,<a_23><b_34><c_22>
4b509489f964a520272827e3,40.70986036314217,-74.0104484362781,312,18,33,31,17,<a_33><b_31><c_17>
4b9e63dcf964a52069df36e3,40.75912296762007,-74.20852661132812,293,10,38,9,22,<a_38><b_9><c_22>
4c7c0f00794e224b4b266d28,40.64440722605739,-74.02412811097311,86,9,56,13,53,<a_56><b_13><c_53>
4d378b226eef5481afca3848,40.84302968918218,-73.94186034276925,6,18,54,14,59,<a_54><b_14><c_59>
4b780846f964a520d2b22ee3,40.632195,-73.94833087920928,253,16,60,9,21,<a_60><b_9><c_21>
4ddaf97b183802d5373be2eb,40.753322521807306,-73.98147344600336,139,12,23,41,8,<a_23><b_41><c_8>
4a8075b6f964a52052f51fe3,40.75917985432286,-73.9817726612091,69,14,3,36,6,<a_3><b_36><c_6>
4c8ac04852a98cfa84992fe9,40.743107753743374,-73.98923841533589,318,8,36,41,61,<a_36><b_41><c_61>
4b54a26af964a520edc327e3,40.71909517493139,-74.03437614440918,157,4,23,0,22,<a_23><b_0><c_22>
4b70977af964a520f7232de3,40.87698509068455,-74.06686305999756,48,13,27,14,7,<a_27><b_14><c_7>
4b6c5484f964a5203a312ce3,40.86552149046927,-74.19462203979492,203,20,16,42,4,<a_16><b_42><c_4>
3fd66200f964a520ddf01ee3,40.82827721161922,-73.92655344439045,176,132,47,54,61,<a_47><b_54><c_61>
4a8951caf964a520df0720e3,40.714167263011184,-74.00162100791931,82,7,5,12,31,<a_5><b_12><c_31>
3fd66200f964a5203be71ee3,40.73589287214794,-74.00520443916321,219,7,32,6,23,<a_32><b_6><c_23>
4e5fbb62d164df36c401d705,40.71467811815389,-74.00188092652859,72,7,33,38,43,<a_33><b_38><c_43>
4bd57bb44e32d13a8dd9c080,40.62940441,-73.918612,227,19,49,10,60,<a_49><b_10><c_60>
4c006f47efa2ef3bf74baa8c,40.57393518797987,-74.0842866897583,258,33,46,7,50,<a_46><b_7><c_50>
4f74a494e4b0da64dfe954dd,40.754597385692016,-73.98423397734838,7,21,34,47,3,<a_34><b_47><c_3>
4e00b995d1647696f1211347,40.75064359225685,-73.9761416630434,228,4,23,34,60,<a_23><b_34><c_60>
4283ee00f964a5209d221fe3,40.75671096305903,-74.00100198012031,311,44,47,19,24,<a_47><b_19><c_24>
4e2c85ccd164223a698d6b22,40.59057903474003,-74.06620530900362,258,44,46,19,22,<a_46><b_19><c_22>
49dcd96bf964a520b15f1fe3,40.74845178656272,-73.98507714271545,253,19,38,19,49,<a_38><b_19><c_49>
4528a216f964a520173b1fe3,40.73405557647634,-73.87084722518921,308,44,47,2,21,<a_47><b_2><c_21>
4b8ecf45f964a520843833e3,40.73559207942734,-73.98869276046753,251,9,27,20,39,<a_27><b_20><c_39>
4b4bc134f964a52093a626e3,40.760802,-73.983493,253,7,33,44,32,<a_33><b_44><c_32>
40c3b000f964a520e8001fe3,40.76119392605275,-73.98700594707448,43,7,15,25,12,<a_15><b_25><c_12>
4b015037f964a5200e4222e3,40.75558487796569,-73.97939584740452,110,12,62,45,4,<a_62><b_45><c_4>
4b1e78c2f964a520461a24e3,40.76799670467506,-73.98189067840576,307,40,6,45,61,<a_6><b_45><c_61>
3fd66200f964a5209fe71ee3,40.76526318064232,-73.9815824906134,116,7,27,57,56,<a_27><b_57><c_56>
4ab103f0f964a520c66720e3,40.724985078628535,-73.99588975417934,156,6,23,0,8,<a_23><b_0><c_8>
4a426f82f964a520dca51fe3,40.74897024850466,-73.98947371253458,157,38,2,35,22,<a_2><b_35><c_22>
4ecbb4d993adb4bd1b32cc39,40.66961585203345,-73.95960014369386,307,17,16,5,47,<a_16><b_5><c_47>
4b17d9a2f964a520d8c823e3,40.736618,-73.996506,199,13,7,31,2,<a_7><b_31><c_2>
4e0dacd8e4cd27fc7d27683c,40.75573065069135,-73.97545867908866,253,8,2,9,29,<a_2><b_9><c_29>
4b92a503f964a520160d34e3,40.84350462709147,-73.93913651788439,21,52,31,25,44,<a_31><b_25><c_44>
4adcdc95f964a520046221e3,40.75922735258565,-73.98283362960619,224,7,32,11,21,<a_32><b_11><c_21>
4ed1eb9a77c8ea62fdf51ef0,40.786895890469935,-73.80806100921448,260,37,30,42,60,<a_30><b_42><c_60>
4b8c3293f964a520a0c332e3,40.75671275704185,-73.97812172886994,69,3,51,15,37,<a_51><b_15><c_37>
4d15545cbb488cfaf6c29ed4,40.88595663003309,-74.0434956550598,369,63,60,46,60,<a_60><b_46><c_60>
4c7fa35f01df3704cab7e6ac,40.89748967940884,-74.03334617614746,209,45,63,32,22,<a_63><b_32><c_22>
4b636f5df964a5209d792ae3,40.66161146080779,-73.96224590222664,307,26,6,14,24,<a_6><b_14><c_24>
49e7f5faf964a52035651fe3,40.63116747782979,-73.95221471786499,208,10,5,6,37,<a_5><b_6><c_37>
4cb9f7de0180721e426b9761,40.9514946738398,-74.0886640548706,201,16,59,35,54,<a_59><b_35><c_54>
4cdc016e39172d43b65483d8,40.79405806559824,-73.96672889763002,219,9,2,60,39,<a_2><b_60><c_39>
4e2593e118388c58be2d3573,40.75323066574951,-73.9735646772875,314,19,63,5,42,<a_63><b_5><c_42>
4ddba353ae60aa300190c83e,40.74423056993966,-73.97635975824929,230,10,33,7,39,<a_33><b_7><c_39>
4b1ff2eaf964a520372b24e3,40.7456316423557,-73.99357128089437,228,6,31,11,10,<a_31><b_11><c_10>
4aa57787f964a5207c4820e3,40.72678506374359,-74.00346747445712,139,52,9,55,12,<a_9><b_55><c_12>
4b5764b8f964a5207a3528e3,40.727035,-74.005569,64,31,37,34,41,<a_37><b_34><c_41>
4bd3a9b4462cb713a110df07,40.67284025644557,-73.8707270170631,109,105,60,7,26,<a_60><b_7><c_26>
4c81773e74d7b60c6e2577d8,40.67284344395805,-73.87066384993089,109,83,49,14,2,<a_49><b_14><c_2>
4c3c82a417f2ef3bcf1381f4,40.672841077323234,-73.87062939512292,233,87,49,52,21,<a_49><b_52><c_21>
4c92b83ad84a6dcb8a4d3787,40.673961849996935,-73.87238084019783,300,26,49,50,3,<a_49><b_50><c_3>
4aaa4e0ef964a520ad5520e3,40.71306941116871,-74.0044105052948,307,15,6,4,48,<a_6><b_4><c_48>
4a967ab2f964a520362620e3,40.76537005568367,-73.97605687379837,301,57,6,60,34,<a_6><b_60><c_34>
4b4a2e99f964a520ac7d26e3,40.74569956652132,-73.97912610229315,369,32,49,40,3,<a_49><b_40><c_3>
4e683b847d8bef8fc4624c6c,40.70408557217732,-73.73013313667236,6,8,45,8,38,<a_45><b_8><c_38>
4b3a1551f964a520e06025e3,40.79751876019981,-74.14632914353639,157,28,63,48,6,<a_63><b_48><c_6>
4d0304fc54d0236ac1a2e6d5,40.96550875,-74.06288358333333,301,73,49,14,9,<a_49><b_14><c_9>
4bc865df6501c9b6d3fe3f29,40.60217460538842,-73.99372458457947,83,21,45,26,3,<a_45><b_26><c_3>
4c524854384c76b00080f62a,40.833165200622425,-73.94186034276925,6,44,6,49,53,<a_6><b_49><c_53>
4e6fe48c1fc7d3fc71285ec2,40.75557768724385,-73.97818048527262,253,25,38,45,39,<a_38><b_45><c_39>
4ab5c01df964a520017620e3,40.71860727913039,-73.98811340332031,307,55,6,12,34,<a_6><b_12><c_34>
4cd3f20d9828b60cc31ad884,40.82507881379304,-73.92013549804688,369,38,47,47,29,<a_47><b_47><c_29>
4e8400f36c250c1bbe263c26,40.66186359728481,-73.91834636014222,6,11,17,30,41,<a_17><b_30><c_41>
4e666cc9a809de01ca03a8f5,40.72330662896355,-74.00072746825762,66,12,56,60,60,<a_56><b_60><c_60>
4a1467b2f964a52034781fe3,40.71882683268336,-73.98820996284485,150,9,58,21,8,<a_58><b_21><c_8>
4d9d998ac99fb60c610eca8b,40.58426059372138,-73.94598475492066,8,10,2,43,26,<a_2><b_43><c_26>
4a82f150f964a5209af91fe3,40.75883320311407,-73.97044240333102,228,8,3,2,34,<a_3><b_2><c_34>
4aa7a44ef964a520e44c20e3,40.74203143584153,-73.99019681919303,228,17,62,32,14,<a_62><b_32><c_14>
4aee747df964a520dcd321e3,40.88941188949587,-73.89850616455078,307,38,54,54,51,<a_54><b_54><c_51>
49e36914f964a5207b621fe3,40.74982540095488,-73.98796319961548,140,67,47,17,3,<a_47><b_17><c_3>
4b054e0df964a520aa5722e3,40.761154,-73.973408,253,9,63,11,41,<a_63><b_11><c_41>
49b7ed6df964a52030531fe3,40.756489872673846,-73.98626804351807,140,264,47,46,16,<a_47><b_46><c_16>
4ae5a028f964a52022a121e3,40.874486,-73.909589,307,30,54,11,26,<a_54><b_11><c_26>
4bd73de632a29521cc1dd6b8,40.7347903065194,-73.98970900944474,158,5,37,63,15,<a_37><b_63><c_15>
4b8fd0e5f964a520bc6333e3,40.80122721477755,-74.0003028102289,139,28,54,14,63,<a_54><b_14><c_63>
4cf950652d80a1438bff3cd8,40.75911759196612,-73.97041370572528,34,8,9,63,20,<a_9><b_63><c_20>
4e028dacb0fb88a1209ac864,40.73898201597659,-73.989677131176,59,8,27,14,61,<a_27><b_14><c_61>
441a8599f964a52036311fe3,40.733758,-73.988277,48,40,22,49,61,<a_22><b_49><c_61>
49e4df73f964a52062631fe3,40.760883374098434,-73.98500875552415,157,26,59,1,24,<a_59><b_1><c_24>
4b3613a9f964a520013025e3,40.59024368944973,-73.89894920251417,370,34,59,1,17,<a_59><b_1><c_17>
4bcdd06768f976b00bd66483,40.67467387583241,-73.73529057814937,33,17,54,38,42,<a_54><b_38><c_42>
4a8cc1d4f964a520130f20e3,40.73316247409845,-73.99104044018358,40,61,22,16,30,<a_22><b_16><c_30>
4b755890f964a52084072ee3,40.67412869719397,-73.73220920562744,69,15,8,38,60,<a_8><b_38><c_60>
4a3ffdc5f964a5202da41fe3,40.73709857380555,-73.99039768167009,253,22,2,31,3,<a_2><b_31><c_3>
4b72fa37f964a52082932de3,40.67394769045332,-73.72899244795049,150,9,17,32,58,<a_17><b_32><c_58>
4f1c4386e4b08fa665a1598a,40.78168478226392,-73.78896894871082,6,17,43,50,41,<a_43><b_50><c_41>
4ae8915df964a52079b021e3,40.71925780607042,-74.04154300689697,253,6,2,43,33,<a_2><b_43><c_33>
4a90a5caf964a520f01820e3,40.82530613438675,-74.1381025314331,53,8,4,22,48,<a_4><b_22><c_48>
4a6dff78f964a5208dd31fe3,40.74681866964715,-73.94420526985277,62,43,63,31,52,<a_63><b_31><c_52>
4e8c7a42c2ee854c75d05669,40.72026611026408,-74.04388189315796,91,12,59,52,58,<a_59><b_52><c_58>
4a65c4eef964a52098c71fe3,40.74673848853252,-73.94372308398437,149,10,5,21,0,<a_5><b_21><c_0>
3fd66200f964a520cce51ee3,40.74514799387085,-73.99811064164594,43,11,32,50,7,<a_32><b_50><c_7>
4aabea99f964a520ec5a20e3,40.7429720695904,-74.00662093580515,69,15,59,11,58,<a_59><b_11><c_58>
4c744e26ff1fb60cb731f3a7,40.69032712271465,-73.95148383433914,110,24,16,13,17,<a_16><b_13><c_17>
4f4657cbe4b0f8695e6d26f1,40.75301444406983,-73.97435097726799,69,20,59,41,51,<a_59><b_41><c_51>
3fd66200f964a5206fe71ee3,40.75293,-73.974725,157,10,13,13,10,<a_13><b_13><c_10>
4b1040cff964a520526c23e3,40.7485813176138,-73.98541049112558,7,6,37,10,53,<a_37><b_10><c_53>
4b649f18f964a520f4c22ae3,40.760740156333405,-73.97603273391724,94,15,34,48,4,<a_34><b_48><c_4>
4e558a3dd22d9b4ff4b61c4a,40.75790224096385,-73.99486825207848,83,37,13,39,11,<a_13><b_39><c_11>
4e0f90f6c65ba20da22b8ed9,40.785005387544295,-73.84888146352341,369,7,35,60,0,<a_35><b_60><c_0>
4f44429ce4b0f1d45ca8af2b,40.83934783935547,-73.86264038085938,242,7,19,34,63,<a_19><b_34><c_63>
4eb1877fd3e36bac670d2898,40.743832,-74.006813,141,8,31,32,19,<a_31><b_32><c_19>
4a494ce4f964a5202cab1fe3,40.740218563480376,-73.98382076104348,208,23,59,34,56,<a_59><b_34><c_56>
4aec28cdf964a5206bc521e3,40.70779133739243,-74.01315450668335,307,14,11,23,35,<a_11><b_23><c_35>
4b7c5919f964a520ee8d2fe3,40.87828303779774,-74.0657901763916,48,6,31,5,55,<a_31><b_5><c_55>
4a6d2857f964a5209fd21fe3,40.70386504122757,-73.94740149378777,81,44,6,29,4,<a_6><b_29><c_4>
4efd28368231bcb7014c0a64,40.80120973416272,-73.94370586303829,245,20,14,48,34,<a_14><b_48><c_34>
4cbe5493611abfb717f5a405,40.72800542208163,-73.99348519842566,157,29,39,62,35,<a_39><b_62><c_35>
4c896e121dcd199c41a04c1b,40.79012656060537,-73.84778739924586,6,77,47,29,49,<a_47><b_29><c_49>
4ad684abf964a520970721e3,40.75047562272483,-73.94028425216675,307,106,6,7,21,<a_6><b_7><c_21>
4101a680f964a5205a0b1fe3,40.740727951827786,-74.00861104297583,43,28,1,24,2,<a_1><b_24><c_2>
4ef6440dbe7bb4784cba70d2,40.67414892154103,-73.87085335126653,33,16,54,58,48,<a_54><b_58><c_48>
4e170f052271881f2051d874,40.67437280846492,-73.87091159820557,221,16,30,56,27,<a_30><b_56><c_27>
4cbb676bbac937049de8f17c,40.74460673077905,-73.9988279770589,369,7,27,60,54,<a_27><b_60><c_54>
4b5a028bf964a52078a728e3,40.72511192441721,-73.99697437685539,31,9,23,10,57,<a_23><b_10><c_57>
3fd66200f964a520dee51ee3,40.72613839512974,-73.994965811503,43,6,40,4,60,<a_40><b_4><c_60>
4ada106af964a520ed1d21e3,40.73340972232626,-74.00285648282618,253,34,8,62,29,<a_8><b_62><c_29>
4ccfa5e49d87224b1e81503b,40.77059295446288,-73.91834636014222,6,4,52,3,29,<a_52><b_3><c_29>
4b61c5adf964a520c1212ae3,40.91637850483696,-74.07649656441112,62,17,34,32,35,<a_34><b_32><c_35>
4c374bf80a71c9b6f2893ec9,40.72288437724696,-73.99875640869139,369,25,22,5,34,<a_22><b_5><c_34>
4ebc0ac17ee5cb25a5bd2298,40.67632098987665,-73.8707270170631,33,1,0,0,49,<a_0><b_0><c_49>
3fd66200f964a52074e71ee3,40.75250498676928,-73.97758003761531,237,9,39,32,18,<a_39><b_32><c_18>
49d7dbf5f964a5206c5d1fe3,40.74448892047892,-73.98093396123286,251,10,56,28,32,<a_56><b_28><c_32>
3fd66200f964a52053eb1ee3,40.72201114788852,-74.00430259242555,301,10,44,5,62,<a_44><b_5><c_62>
4a33eb53f964a5206a9b1fe3,40.85121557428245,-73.95206451416016,252,73,47,22,45,<a_47><b_22><c_45>
4b5f8cb2f964a520ffc029e3,40.74287572734082,-73.99256124416165,31,15,23,57,2,<a_23><b_57><c_2>
4cc6053db3de9c74da0eb4c9,40.91907427311102,-74.17415142059326,309,11,0,62,63,<a_0><b_62><c_63>
4b23edfcf964a5201e5d24e3,40.91532869189857,-74.07670140266418,166,26,8,16,8,<a_8><b_16><c_8>
4d7d446979c4b1f736610af3,40.85037085897802,-74.09999110638731,91,45,53,46,27,<a_53><b_46><c_27>
4e0dcf4262e1d5a30cfa6cae,40.73760274513559,-74.21820482943748,299,7,18,58,46,<a_18><b_58><c_46>
4ae9143ef964a5204bb421e3,40.67641886124958,-73.95891710110432,329,26,43,1,61,<a_43><b_1><c_61>
3fd66200f964a5202ee61ee3,40.730178,-74.0003224,22,7,1,38,6,<a_1><b_38><c_6>
49d95652f964a520235e1fe3,40.718862,-73.945087,58,8,4,33,20,<a_4><b_33><c_20>
4bd23b3fcaff95216c6ed2f0,40.83261031647883,-73.86104498129052,233,9,2,32,50,<a_2><b_32><c_50>
3fd66200f964a5204ee41ee3,40.73653170754329,-73.9908281005557,111,21,36,2,46,<a_36><b_2><c_46>
4b22fbf3f964a520975124e3,40.711574723840826,-73.8571571019757,184,12,35,13,29,<a_35><b_13><c_29>
44e454a3f964a52053371fe3,40.763512849967526,-73.9869198616602,245,19,14,51,36,<a_14><b_51><c_36>
4bd75116304fce72985e33ab,40.667260667168485,-73.7982988357544,301,90,49,47,21,<a_49><b_47><c_21>
4db12e95a86e63d21166092b,40.72584842252312,-74.00399271271695,299,75,9,55,10,<a_9><b_55><c_10>
43bba61df964a520eb2c1fe3,40.73485228613973,-73.99108529090881,48,42,22,56,41,<a_22><b_56><c_41>
4aabdb37f964a520775a20e3,40.743644,-73.992241,253,19,59,31,10,<a_59><b_31><c_10>
4a044315f964a520ea711fe3,40.73600396017387,-74.0017489391183,41,3,24,13,28,<a_24><b_13><c_28>
49db721df964a520d35e1fe3,40.828585959081536,-74.14026975631714,165,20,43,17,7,<a_43><b_17><c_7>
4bc5b5525935c9b6b137a6d2,40.69433808355395,-73.91874074935913,369,12,27,56,38,<a_27><b_56><c_38>
4a95cf86f964a520c92420e3,40.79409,-73.96717,48,8,27,34,3,<a_27><b_34><c_3>
4e3cb594fa76455375af1684,40.927146635512806,-74.11812337576457,6,30,57,3,27,<a_57><b_3><c_27>
4aab0204f964a520855820e3,40.74131915864618,-74.00611595251165,118,6,32,37,27,<a_32><b_37><c_27>
4ae4eb45f964a5206e9f21e3,40.73822396962131,-73.99621367454529,307,55,47,12,11,<a_47><b_12><c_11>
4bad9f36f964a520875f3be3,40.61429110761208,-73.99510928115475,43,15,61,43,13,<a_61><b_43><c_13>
4d573ff9e7f1a1cd258611a5,40.82742367232467,-73.9462315854279,83,16,7,28,22,<a_7><b_28><c_22>
4ae49e4ff964a520639c21e3,40.81112146076908,-73.95236626267427,307,10,7,29,24,<a_7><b_29><c_24>
3fd66200f964a52062e61ee3,40.72156712536507,-73.99559140205383,233,6,32,26,52,<a_32><b_26><c_52>
4cac775536fa6dcb16abde78,40.57728499874663,-74.00001013995829,83,20,45,35,4,<a_45><b_35><c_4>
4c320866ed37a593da266b03,40.6782621941429,-73.89171481132507,307,52,60,60,38,<a_60><b_60><c_38>
4c9f07e00313370445d56ed5,40.57696138238364,-73.98161692574057,150,64,6,10,34,<a_6><b_10><c_34>
4e55cc9763651dfb132106e4,40.91142073810325,-73.98678302764893,245,72,46,22,41,<a_46><b_22><c_41>
4e7393931495dffb8efa57da,40.76183722175493,-73.96639823913574,146,20,38,7,15,<a_38><b_7><c_15>
4e68c13d483bc776308ceb32,40.72884745383909,-74.00745874605595,284,14,26,31,37,<a_26><b_31><c_37>
4e78746fd4c084f1c75db357,40.728845593897866,-74.00747596129659,69,12,26,48,31,<a_26><b_48><c_31>
4bdec4fce75c0f477eb0c803,40.72880249381272,-74.00722920936592,155,14,26,31,37,<a_26><b_31><c_37>
4d069c5be350b60c7c428e42,40.65059217489343,-73.89949321746826,79,37,46,59,33,<a_46><b_59><c_33>
49cdac4cf964a5200e5a1fe3,40.73502528943212,-74.02672162996859,87,24,13,4,40,<a_13><b_4><c_40>
4c614e8512e5c928d935214c,40.8297671433432,-73.89216005802155,307,10,39,43,28,<a_39><b_43><c_28>
4a6f77a1f964a5203ed61fe3,40.77909533410843,-73.94470453262329,156,20,46,61,20,<a_46><b_61><c_20>
4bd1a190b221c9b640d1d5d0,40.91802034314512,-73.76782894134521,112,49,38,22,57,<a_38><b_22><c_57>
4df5fac0d22d8c5470e5bbd4,40.74260751232707,-73.96644115447998,87,12,46,4,12,<a_46><b_4><c_12>
4a96a837f964a5207e2620e3,40.66983925667895,-73.94427989374886,202,22,30,48,31,<a_30><b_48><c_31>
4a5eac1ff964a52008bf1fe3,40.67003926666667,-73.944317,48,21,30,48,31,<a_30><b_48><c_31>
4d3ed116557d6dcb4c375244,40.66968283452149,-73.94415360713862,299,18,6,26,29,<a_6><b_26><c_29>
4b7099c1f964a52081242de3,40.808157479622295,-74.20869827270508,79,30,46,12,24,<a_46><b_12><c_24>
4cddd01469136dcbe19bd1e6,40.65449922645149,-74.12866115570068,305,9,13,43,60,<a_13><b_43><c_60>
4b367d28f964a520963625e3,40.76487640472523,-73.97264242172241,307,31,29,60,32,<a_29><b_60><c_32>
4e807ae155030a836e4703da,40.63355855667462,-73.92037007537644,138,47,6,60,7,<a_6><b_60><c_7>
4bfd2d30f7c82d7f58c08d04,40.63231909707915,-73.91826885573577,83,23,60,47,43,<a_60><b_47><c_43>
4cb1e95deb65b1f7025278cd,40.76884222653736,-74.02432319991237,138,29,49,17,54,<a_49><b_17><c_54>
4a887a70f964a520970620e3,40.774642605894,-73.95421035537034,253,4,52,31,6,<a_52><b_31><c_6>
4c0e7b537189c928848fd8b6,40.951770179049326,-74.05961036682129,267,8,23,0,32,<a_23><b_0><c_32>
4d990fb097d06ea8eff1420b,40.63217491395537,-73.91834636014222,6,45,54,5,52,<a_54><b_5><c_52>
4e807bdd77c8b3558801aaa0,40.63217491395537,-73.91834636014222,6,47,49,58,17,<a_49><b_58><c_17>
4e6934d2b993038735685814,40.65624023152919,-74.00596101418844,322,11,52,14,43,<a_52><b_14><c_43>
4e7baab82c5bf851fdc1b4e0,40.86256571421139,-73.90098747322116,79,8,38,35,18,<a_38><b_35><c_18>
4bbcab328ec3d13a99081b28,40.69866966946415,-73.98709777147383,187,15,38,40,40,<a_38><b_40><c_40>
4c61d3d3e1621b8db50d2253,40.75134162086649,-73.99047802660205,69,4,41,61,0,<a_41><b_61><c_0>
4eab92207beb32cb143f9d8d,40.81827071326029,-73.90658830179062,6,31,51,37,37,<a_51><b_37><c_37>
4eeaa4ed77c8730d38061384,40.858618843688845,-73.85582475342396,79,35,36,31,31,<a_36><b_31><c_31>
4a81ae64f964a5203ff71fe3,40.743527,-73.973873,160,16,10,31,10,<a_10><b_31><c_10>
4c9adfc978ffa093317d7075,40.67334753512089,-74.11102294921875,138,22,8,21,18,<a_8><b_21><c_18>
507ec3fc3d7c9d76543be4bd,40.77241920296236,-74.18476721485364,21,14,3,9,51,<a_3><b_9><c_51>
4b5882e7f964a520665b28e3,40.70589218868404,-74.00570278337092,69,12,51,48,21,<a_51><b_48><c_21>
4c337ca066e40f47c016c88b,40.705851475592524,-74.00528387485899,69,12,51,48,7,<a_51><b_48><c_7>
4a35477cf964a520b79c1fe3,40.73004029,-73.992856,171,15,27,45,16,<a_27><b_45><c_16>
4c8688ffd92ea093ea416f72,40.75394790219735,-73.98551379443012,71,47,51,45,34,<a_51><b_45><c_34>
4eca62a99adf9c7bf6626dc2,40.75369734701415,-73.9855424897826,69,48,51,45,8,<a_51><b_45><c_8>
4b837318f964a520a30631e3,40.67287551105413,-73.8706983047328,39,101,49,14,2,<a_49><b_14><c_2>
4a9c58faf964a520e13620e3,40.75911137894531,-73.97954506794183,69,8,11,45,20,<a_11><b_45><c_20>
4a676294f964a5204ec91fe3,40.75844191525234,-73.98225397448012,69,6,62,62,63,<a_62><b_62><c_63>
4caf1ae81168a093485f1f23,40.7587486226439,-73.97859808949039,140,2,51,40,49,<a_51><b_40><c_49>
3fd66200f964a520b6e41ee3,40.73037922382355,-73.989322,59,5,5,19,15,<a_5><b_19><c_15>
4a3d4aecf964a52012a21fe3,40.758505337427664,-73.97652626037598,94,12,13,46,9,<a_13><b_46><c_9>
4a723953f964a520a2da1fe3,40.73124093737987,-73.98864730158843,330,7,0,56,8,<a_0><b_56><c_8>
4bdae4a22a3a0f477369acb6,40.89239656932563,-74.11344766616821,312,18,33,44,23,<a_33><b_44><c_23>
4a9bc45ef964a5202f3520e3,40.74838487956845,-73.98577205244833,118,13,10,29,15,<a_10><b_29><c_15>
3fd66200f964a52098e51ee3,40.73644,-73.99734223,160,7,12,58,26,<a_12><b_58><c_26>
4c4f4fbc8b5520a127124804,40.78139497312454,-74.02042899936573,118,14,54,8,46,<a_54><b_8><c_46>
4c4dd520f53d0f477f73a3a5,40.75394056006232,-73.97507988021978,69,28,12,9,17,<a_12><b_9><c_17>
4f09c266e4b0aa2dc7b04f86,40.788886032710174,-73.84657272234311,139,31,10,47,43,<a_10><b_47><c_43>
4b9fc0fff964a520873b37e3,40.74790307210697,-73.98575483525792,69,25,62,13,52,<a_62><b_13><c_52>
4bfc3c96d6f2c9b625e74ec8,40.709456,-74.0063757,110,19,63,15,12,<a_63><b_15><c_12>
4bf6bda6b182c9b66869745a,40.71021491165874,-74.00571405887604,110,13,42,10,45,<a_42><b_10><c_45>
4ae5e447f964a520eca221e3,40.76275135232567,-73.96765871566664,149,12,34,38,7,<a_34><b_38><c_7>
4cc080619ca8548179d7bc16,40.761268375278135,-73.96862983703613,17,21,2,5,43,<a_2><b_5><c_43>
4bfd59c7f61dc9b626e49ede,40.76073931107491,-73.926380815956,150,10,38,38,6,<a_38><b_38><c_6>
4b1280dbf964a520568a23e3,40.78526853551638,-73.84581462232683,31,20,12,12,31,<a_12><b_12><c_31>
4b38d401f964a520d65025e3,40.76044707055429,-73.98752245874954,253,4,41,40,63,<a_41><b_40><c_63>
4e04aa572271233b767de49e,40.784130873393686,-73.84579739274713,21,12,12,8,20,<a_12><b_8><c_20>
4c40f8ab520fa59343f3c8ac,40.686700359537575,-73.98017064508767,94,17,63,31,2,<a_63><b_31><c_2>
4adb7174f964a5208a2721e3,40.761636,-73.925897,31,9,10,7,54,<a_10><b_7><c_54>
4a49212cf964a52004ab1fe3,40.73825815091825,-73.9892154594962,149,5,16,59,47,<a_16><b_59><c_47>
4a6f3aa4f964a520add51fe3,40.736018182039565,-73.81846364366427,208,21,59,52,43,<a_59><b_52><c_43>
4cadda9b55238cfa9e31b5fb,40.781356200000005,-74.02031600475311,153,15,38,36,52,<a_38><b_36><c_52>
42756d80f964a5207d211fe3,40.74985920636586,-73.98996152288103,56,15,34,15,22,<a_34><b_15><c_22>
4d2b7e7ab818a35df652b08a,40.69321217941903,-73.93010370763156,6,77,60,18,60,<a_60><b_18><c_60>
4b4b76d3f964a520c29c26e3,40.73991469094372,-73.98923267637623,33,4,10,55,15,<a_10><b_55><c_15>
4cc384c142d1b60cba011813,40.73012815477761,-74.00051513936097,97,22,12,39,59,<a_12><b_39><c_59>
4abe363df964a520fa8b20e3,40.865552,-73.927632,111,7,12,6,12,<a_12><b_6><c_12>
4cde4467c4f6a35de3f4c86c,40.92039063491639,-74.00063278107605,6,18,18,5,53,<a_18><b_5><c_53>
4ba83a9cf964a52054d239e3,40.76339949292576,-73.92409712076187,91,36,60,12,63,<a_60><b_12><c_63>
4bb8b73a314e9521deaa489d,40.80408605446223,-74.1932289423512,70,8,3,28,15,<a_3><b_28><c_15>
4b6c43a2f964a5208a2c2ce3,40.74095989432878,-73.98918102573148,247,7,55,52,34,<a_55><b_52><c_34>
4531059cf964a520683b1fe3,40.76232480057456,-73.9678144454956,294,52,22,16,34,<a_22><b_16><c_34>
49da5fa7f964a5207e5e1fe3,40.72641318283085,-73.993821144104,118,7,34,9,9,<a_34><b_9><c_9>
4e9ece470aaf5cc08f9fb6aa,40.95118044151091,-74.08925946594023,205,9,2,26,21,<a_2><b_26><c_21>
4ab5320cf964a5202b7320e3,40.74260751232707,-73.99270534515381,66,12,23,62,24,<a_23><b_62><c_24>
4a40f778f964a520afa41fe3,40.61001858166589,-73.92026424407959,308,12,63,29,14,<a_63><b_29><c_14>
4afb634af964a520951d22e3,40.755404,-73.979639,253,18,2,45,44,<a_2><b_45><c_44>
49edd0a5f964a520fa671fe3,40.69467289675027,-73.99408203608046,253,24,9,45,28,<a_9><b_45><c_28>
45a62f89f964a52003411fe3,40.71800153431413,-73.99028290313753,106,25,43,17,33,<a_43><b_17><c_33>
4a27d838f964a5208b911fe3,40.74583423860072,-73.99327860034312,96,19,39,32,47,<a_39><b_32><c_47>
4be5a2e19026ef3b60c20a38,40.77026714207738,-73.83640130445583,157,12,48,25,0,<a_48><b_25><c_0>
4c409cdde26920a1842a5de7,40.76839606924846,-74.14227502362286,107,6,51,37,19,<a_51><b_37><c_19>
4f56af10e4b0861b32cf96a6,40.71145479886284,-73.98887973002674,6,9,61,62,45,<a_61><b_62><c_45>
4ad71c45f964a520b50821e3,40.74064691662654,-73.99104044018358,253,15,5,63,41,<a_5><b_63><c_41>
4c393d4bedba9521bc49d625,40.81575799858361,-74.22062873840332,112,6,42,18,49,<a_42><b_18><c_49>
4b437919f964a52034e125e3,40.74016643521196,-73.98603031011922,157,13,13,12,30,<a_13><b_12><c_30>
42893400f964a52052231fe3,40.66390776998241,-73.970947265625,139,59,60,24,41,<a_60><b_24><c_41>
4d8d608dc1b1721e071f1846,40.67443632773219,-73.73013313667236,6,31,42,5,1,<a_42><b_5><c_1>
4baaa3b7f964a520e37b3ae3,40.86249502851064,-73.90103280544281,307,14,12,53,32,<a_12><b_53><c_32>
4dd2834eb0fb0becaf99d85c,40.9250807762146,-74.1067879,94,20,13,29,3,<a_13><b_29><c_3>
4a617558f964a52071c21fe3,40.76325905651765,-73.97982055170644,165,23,22,7,34,<a_22><b_7><c_34>
4d777b06926a6dcb1e454900,40.92399288858661,-73.99764006815617,2,31,33,63,22,<a_33><b_63><c_22>
4f5df924e4b008b1589a3ef7,40.92401798641897,-73.99767450040193,2,28,33,63,22,<a_33><b_63><c_22>
4ec7c0f5722e143796a232c3,40.843089,-73.973083,69,12,10,9,53,<a_10><b_9><c_53>
4c6fd808d274b60c0fa9d70d,40.765378,-74.147923,103,16,42,48,53,<a_42><b_48><c_53>
4b6488d9f964a5208cbb2ae3,40.92405018986446,-73.99747364554779,2,25,33,5,54,<a_33><b_5><c_54>
4c13a8c6b7b9c928d5dfa937,40.936052,-74.0375,139,20,29,62,62,<a_29><b_62><c_62>
4e4724d052b1bac0d9814862,40.935764637927136,-74.03786991677048,86,14,29,38,61,<a_29><b_38><c_61>
4ea306695c5cd12b35e4dd0b,40.805688747694646,-74.01008605957031,299,29,47,10,14,<a_47><b_10><c_14>
4bd970f90f7cd13a1d677c9f,40.750719454249314,-73.97515296936035,69,10,33,35,2,<a_33><b_35><c_2>
4b696ecdf964a5201fa22be3,40.74109555804945,-73.99270534515381,156,71,60,35,26,<a_60><b_35><c_26>
4a48080ff964a52075aa1fe3,40.81967266642876,-73.95994453399868,48,20,33,2,20,<a_33><b_2><c_20>
4cc5a39738aaa093baee1962,40.760089932355946,-73.97408122508193,33,27,12,63,30,<a_12><b_63><c_30>
4de45c45ae60e7f3ac1d7925,40.60948916260309,-73.92172336578369,228,8,35,57,47,<a_35><b_57><c_47>
4b240a1ff964a520b25f24e3,40.73228891214305,-74.01051196130837,139,20,22,1,24,<a_22><b_1><c_24>
4d73e6e49d2fa1430d58e9d6,40.75968986010941,-73.96237246820378,4,3,51,57,9,<a_51><b_57><c_9>
4d99dff9daec224bc322693e,40.72050781243786,-74.04410073842384,152,6,28,36,15,<a_28><b_36><c_15>
4cb943d823a4199c0e49ed89,40.7243633850256,-73.87130987645999,6,4,28,62,39,<a_28><b_62><c_39>
4e351de014952ff6cbc4bb7d,40.72953,-73.874835,322,4,10,33,62,<a_10><b_33><c_62>
4aeedbe6f964a5206cd421e3,40.74370844320254,-73.9870805544023,253,7,37,30,46,<a_37><b_30><c_46>
4e2908af315171a3be0eddf9,40.761942896511016,-73.78896894871082,6,82,49,14,63,<a_49><b_14><c_63>
49d29c7ef964a520c05b1fe3,40.74034794940396,-73.99240629487407,149,7,34,46,8,<a_34><b_46><c_8>
4b5848d0f964a520f55028e3,40.66130995253368,-74.11637130665052,305,108,49,60,59,<a_49><b_60><c_59>
4ba8dcd2f964a52019f539e3,40.75909748186482,-73.97041370572528,112,17,12,7,30,<a_12><b_7><c_30>
4a883971f964a5207b0520e3,40.7702393297702,-73.9818263053894,66,4,0,13,19,<a_0><b_13><c_19>
4abfcad8f964a5203b9220e3,40.76130088092224,-73.98620367050171,156,12,3,18,4,<a_3><b_18><c_4>
4af70950f964a5200f0522e3,40.781773295128296,-73.98112909419699,99,33,63,25,26,<a_63><b_25><c_26>
4cbb5d9fcdccb71341b16e79,40.740101294140445,-73.99206770155075,278,9,12,6,0,<a_12><b_6><c_0>
4aad466df964a5206f5f20e3,40.71624906568188,-74.03320670127869,307,17,60,61,47,<a_60><b_61><c_47>
4e121003a809291902bc4623,40.79012656060537,-73.84778739924586,6,26,16,10,6,<a_16><b_10><c_6>
4f5684de771657f331e5ca01,40.963240757086346,-74.09463109843134,6,66,49,47,9,<a_49><b_47><c_9>
4b4bb51df964a520c5a426e3,40.75102830623012,-73.99425029754639,153,6,28,49,48,<a_28><b_49><c_48>
49f3a34cf964a520cd6a1fe3,40.76503892396417,-73.74358177185059,31,8,23,3,47,<a_23><b_3><c_47>
49f39d66f964a520c06a1fe3,40.76581056035128,-73.74500747108777,110,9,34,43,30,<a_34><b_43><c_30>
4cae1f8a1463a143d0ff89a9,40.642617864305,-73.88745410578491,139,37,59,5,2,<a_59><b_5><c_2>
4d900c2e1716a143175d59f7,40.79080333503995,-73.97897114216441,301,10,12,6,15,<a_12><b_6><c_15>
4afb2990f964a520a91b22e3,40.7384071267882,-73.98565727114978,32,4,62,16,57,<a_62><b_16><c_57>
3fd66200f964a520b9e51ee3,40.74829382877648,-74.00868102429098,254,7,16,17,18,<a_16><b_17><c_18>
4b203d47f964a5202e2f24e3,40.69928373090004,-73.99051666259766,307,24,60,46,16,<a_60><b_46><c_16>
42717900f964a5206f211fe3,40.66760245789949,-73.96317958831787,130,18,16,46,47,<a_16><b_46><c_47>
4e6e3d8f18380b4aac553e9f,40.731805,-73.975817,242,33,49,5,39,<a_49><b_5><c_39>
408c5100f964a520c6f21ee3,40.72651075083395,-73.98171901702881,139,8,59,51,24,<a_59><b_51><c_24>
4a9f2373f964a520ab3c20e3,40.73539476106774,-73.99436323779317,208,9,34,47,28,<a_34><b_47><c_28>
4dd7c0afd1647fcf3e518ff3,40.720599497806894,-73.96312594413757,296,22,16,11,44,<a_16><b_11><c_44>
4c2603d9905a0f47456c6260,40.76305616209761,-73.74328136444092,299,56,47,10,34,<a_47><b_10><c_34>
4e6b670f45ddadf2d0e3002d,40.64410926419323,-74.01935984573612,141,16,36,58,8,<a_36><b_58><c_8>
4b00400cf964a520f93b22e3,40.63146467104961,-73.94761741161346,118,6,28,61,46,<a_28><b_61><c_46>
4a58b908f964a520b7b71fe3,40.77652789768823,-73.9794073259115,111,7,9,61,44,<a_9><b_61><c_44>
4d6de14329586dcb773eaaf1,40.60259048645985,-73.98887973002674,6,52,54,35,40,<a_54><b_35><c_40>
4f6b4fdce4b0f7fc54a574f2,40.63130312006654,-73.96078213464835,368,15,59,55,56,<a_59><b_55><c_56>
4f71179ee4b005ed80d6f4dd,40.789808426719794,-74.225942826706,329,22,59,14,22,<a_59><b_14><c_22>
4cf4571d8333224b72831a8e,40.81297516822815,-74.00172829627991,69,17,33,53,53,<a_33><b_53><c_53>
4c150e5677cea5933283d160,40.81228335679098,-74.00254086221508,21,9,33,17,25,<a_33><b_17><c_25>
49d60947f964a520a85c1fe3,40.75645736467708,-73.8460636138916,176,93,47,54,36,<a_47><b_54><c_36>
4e4fe3902271a1bdc3e47f05,40.60259048645985,-73.98887973002674,6,12,45,36,40,<a_45><b_36><c_40>
4ce47104ae896dcbee855038,40.59555553017763,-73.80073403370818,6,63,49,55,9,<a_49><b_55><c_9>
4e26eba0149503e3719ae51d,40.59537124719099,-73.79675592725259,258,60,49,55,8,<a_49><b_55><c_8>
4cc16cad873c236a9788b823,40.59029975760402,-73.79982927280264,48,11,38,31,0,<a_38><b_31><c_0>
4cd1e59fde0f6dcbf7e67363,40.87785167732287,-74.11812337576457,6,34,47,57,22,<a_47><b_57><c_22>
4a8c0960f964a520e50c20e3,40.83306206439124,-73.87470650539105,2,20,34,41,44,<a_34><b_41><c_44>
4c427b03ce54e21ed5d50c1a,40.800194,-73.99455,70,9,62,51,51,<a_62><b_51><c_51>
4d56ec83c6edf04dd0d7d6a2,40.80019176006317,-73.99466335773468,39,6,24,19,49,<a_24><b_19><c_49>
4f677137e4b06cb9fdedbe32,40.76921864258713,-74.25901478846667,6,74,49,19,6,<a_49><b_19><c_6>
4f23799ee5e87114ad3af2ad,40.661205798151336,-73.88063192367554,329,38,49,13,34,<a_49><b_13><c_34>
4a21834ff964a520077d1fe3,40.74215230390258,-73.99064540863037,37,20,22,10,61,<a_22><b_10><c_61>
4a5e4f41f964a52059be1fe3,40.77585368600669,-73.97525489330292,139,15,2,45,33,<a_2><b_45><c_33>
4bcdd0a6fb84c9b61c98223e,40.86631938476324,-73.92820065010599,227,8,17,27,35,<a_17><b_27><c_35>
4a452221f964a520d8a71fe3,40.71520900487956,-74.04685897537672,45,5,56,20,49,<a_56><b_20><c_49>
4356de00f964a520d2281fe3,40.72817023363015,-73.9878495820916,150,11,56,53,13,<a_56><b_53><c_13>
4b4114a7f964a520bbc025e3,40.75258879956551,-73.92107963562012,48,10,33,6,42,<a_33><b_6><c_42>
4f5e82dae4b01989c438cbb6,40.75870179473494,-73.97852921814837,253,34,52,45,15,<a_52><b_45><c_15>
4c5b03f904f9be9a0a38f360,40.72343212477769,-74.00055530971083,13,11,34,6,42,<a_34><b_6><c_42>
4c748875db52b1f7188576dc,40.66700011240677,-74.23554035653764,6,17,17,22,29,<a_17><b_22><c_29>
4ddbb875d22d22fb7c83911e,40.604596,-73.992494,322,10,18,14,60,<a_18><b_14><c_60>
4de3cbd8e4cd056f74638556,40.773883557841096,-73.98221953946711,294,8,23,29,21,<a_23><b_29><c_21>
4a065273f964a520ec721fe3,40.76022,-73.98439,46,28,49,25,48,<a_49><b_25><c_48>
4db745a50437af5fb4c8f48b,40.79173406918958,-73.978902270956,141,19,59,1,23,<a_59><b_1><c_23>
4dc433ced4c0ad9c0f6880d4,40.75220303394731,-73.99424272282393,83,3,31,32,40,<a_31><b_32><c_40>
4bc1feccf8219c74490fb410,40.755254557622095,-73.84614944458008,142,8,16,3,2,<a_16><b_3><c_2>
4f7147c2e4b005ed80fa2d4f,40.78168478226392,-73.78896894871082,6,38,54,25,29,<a_54><b_25><c_29>
4f383f94e4b0a67fed23961d,40.78007738220326,-73.79265422954384,227,20,57,16,9,<a_57><b_16><c_9>
4e2aefd4aeb745b1fabd9ba8,40.691707934646594,-73.98287954280876,296,13,39,51,54,<a_39><b_51><c_54>
467ffefcf964a52019481fe3,40.77917988484352,-73.95085242398278,24,8,39,56,19,<a_39><b_56><c_19>
4ae4ecb7f964a520799f21e3,40.90514482692817,-74.03167247772217,118,9,50,47,19,<a_50><b_47><c_19>
4b085910f964a520b90923e3,40.78292986145215,-73.83085012435913,294,12,63,25,7,<a_63><b_25><c_7>
4a907f83f964a5203a1820e3,40.90579352751887,-74.03098583221436,308,5,9,26,53,<a_9><b_26><c_53>
4e56cfc3aeb784cb898d51cb,40.854834946546106,-73.88604998588562,369,3,56,41,4,<a_56><b_41><c_4>
3fd66200f964a52058e41ee3,40.728602348741525,-73.98996152288103,53,8,56,25,13,<a_56><b_25><c_13>
4f352147e4b0b9c464d1d9ef,40.66051123809162,-73.81729761074061,155,15,50,43,35,<a_50><b_43><c_35>
40d77680f964a52059011fe3,40.728279,-73.992795,156,14,34,56,63,<a_34><b_56><c_63>
4e4b34e3814d52398af27a92,40.80927000313523,-73.94907116889954,157,36,53,19,11,<a_53><b_19><c_11>
4dd892fcfa76ad96d1425e3f,40.87950459605868,-74.12986841096105,6,24,43,22,48,<a_43><b_22><c_48>
4dc18b838877c00d6adb2c2d,40.76190063095743,-73.98709203245016,146,14,9,25,62,<a_9><b_25><c_62>
4bb5ec1fef159c742c2b75f7,40.699168629214334,-73.98959423050022,72,30,13,60,63,<a_13><b_60><c_63>
4b9fb437f964a520833637e3,40.76274736599172,-73.98761987686157,99,11,9,57,46,<a_9><b_57><c_46>
4cdc8c7699026dcb4a0c1481,40.744047317914,-73.98402736930704,156,34,63,1,19,<a_63><b_1><c_19>
4bccb5f0b6c49c74193f9491,40.9495768386675,-74.06738705353489,157,15,46,58,22,<a_46><b_58><c_22>
3fd66200f964a52038e41ee3,40.73354816138232,-73.99102896237186,304,17,43,24,9,<a_43><b_24><c_9>
46ac520df964a52071491fe3,40.794400116706655,-73.92686878577719,138,7,35,6,6,<a_35><b_6><c_6>
4a5e4c09f964a52055be1fe3,40.774382579429485,-73.98286232535908,48,9,39,15,12,<a_39><b_15><c_12>
4dc87e4b2271353fc8dee748,40.825409,-73.947929,33,15,16,48,28,<a_16><b_48><c_28>
4bce6fa268f976b00e2a6683,40.863020847419,-74.0828838592642,6,59,54,5,7,<a_54><b_5><c_7>
4d4f4dc207b1a09016acf83b,40.73801542750209,-73.99047228767945,156,19,13,48,17,<a_13><b_48><c_17>
49f754c1f964a520896c1fe3,40.73308000062968,-74.1708254814148,169,31,32,29,22,<a_32><b_29><c_22>
4839a8ddf964a5200e501fe3,40.687415187557306,-73.96922528743744,296,8,3,63,17,<a_3><b_63><c_17>
4b511e75f964a520654327e3,40.91742684140853,-74.05707235485711,294,7,50,33,42,<a_50><b_33><c_42>
4afd738bf964a520e92722e3,40.734269,-73.990084,66,28,22,30,42,<a_22><b_30><c_42>
4c6fc1379375a0930fc70437,40.79889202318283,-74.11812337576457,6,29,36,18,22,<a_36><b_18><c_22>
4c7c2e64aa3ba093dc0daa74,40.6710256041641,-73.87547597866657,227,15,19,58,30,<a_19><b_58><c_30>
4750accef964a520b24c1fe3,40.722338469866095,-73.99329007802021,179,10,27,56,49,<a_27><b_56><c_49>
4c138eb6f1e0b7136cab34bc,40.71994085251552,-73.95129203796387,172,21,58,56,63,<a_58><b_56><c_63>
4b3febc4f964a52019b225e3,40.61930119062167,-73.98981804937846,253,47,60,12,2,<a_60><b_12><c_2>
4a833fa5f964a5207efa1fe3,40.73512291106378,-73.99118391277207,7,10,27,6,0,<a_27><b_6><c_0>
4a5403b8f964a520f3b21fe3,40.7307695395171,-73.99069610553344,239,26,50,19,7,<a_50><b_19><c_7>
4db45c94f7b121c29f4a0fd9,40.76423163456096,-74.21681195536361,138,13,23,40,51,<a_23><b_40><c_51>
4c06b7be8a81c9b6c0292690,40.74982540095488,-73.98783445358276,140,7,9,48,42,<a_9><b_48><c_42>
4b0591e5f964a5204cdf22e3,40.77114935894503,-73.98270606994629,286,20,39,29,15,<a_39><b_29><c_15>
43237380f964a520a6271fe3,40.77308312955881,-73.98281335830688,382,9,35,12,63,<a_35><b_12><c_63>
428d2880f964a520b5231fe3,40.75673068586622,-73.97406974625711,301,57,60,7,59,<a_60><b_7><c_59>
4bad9a3ff964a520625e3be3,40.72688322060254,-73.99640624193349,91,30,7,37,27,<a_7><b_37><c_27>
4a98966ff964a520d42c20e3,40.76669659750053,-73.92148733139038,307,57,49,14,48,<a_49><b_14><c_48>
4b929865f964a520060834e3,40.717664,-73.997261,33,5,37,37,12,<a_37><b_37><c_12>
4a021207f964a52029711fe3,40.73743415035814,-73.99128147407096,43,71,7,29,11,<a_7><b_29><c_11>
4c3b626762f1c9287d6f8f53,40.84817642706647,-74.04763775758458,6,20,57,52,34,<a_57><b_52><c_34>
4ed1c86df9f406f6fe8c958c,40.79012656060537,-73.84778739924586,6,47,57,16,5,<a_57><b_16><c_5>
4bd730f609ecb7131855467c,40.608479182296605,-74.12698745727539,299,14,2,14,22,<a_2><b_14><c_22>
45e94762f964a52071431fe3,40.73891377108314,-74.03018151296773,43,6,40,52,35,<a_40><b_52><c_35>
4a65a823f964a5208cc71fe3,40.76147966168067,-74.07551050186157,79,62,47,13,10,<a_47><b_13><c_10>
4bdad87c3904a593608d479e,40.965220398828144,-74.06305586641602,301,43,49,57,3,<a_49><b_57><c_3>
4a534cc4f964a5202cb21fe3,40.72982797782921,-73.99982929229736,253,2,24,24,5,<a_24><b_24><c_5>
4c98aeeed799a1cddc24b452,40.91604842460468,-74.07639331045151,9,7,11,11,56,<a_11><b_11><c_56>
43fa07c9f964a520d92f1fe3,40.68456336807219,-73.97761667053776,79,56,47,16,35,<a_47><b_16><c_35>
49da73e1f964a5208a5e1fe3,40.72931975,-73.98924,239,5,44,11,23,<a_44><b_11><c_23>
49b5889bf964a520fa521fe3,40.73378729454453,-73.99303525686264,253,7,9,47,31,<a_9><b_47><c_31>
4b659666f964a52078f52ae3,40.81780414338999,-73.80359888076782,299,15,60,47,8,<a_60><b_47><c_8>
4da4881522a5f04d67b03a55,40.74863806916286,-73.9893417165806,62,34,59,14,10,<a_59><b_14><c_10>
4ed020cb5c5c9528f8f2d34a,40.85803216472994,-73.85636329650879,140,19,7,13,14,<a_7><b_13><c_14>
49d7aaf5f964a5204a5d1fe3,40.72180301361468,-73.99981399503366,7,13,22,3,16,<a_22><b_3><c_16>
4e1500cd52b1b9e5643ce076,40.61037463455395,-74.10889830433004,299,8,7,15,54,<a_7><b_15><c_54>
428a8580f964a52083231fe3,40.75688403086968,-73.9865630865097,118,30,48,46,19,<a_48><b_46><c_19>
4c063ac9d3842d7f1c3fbf41,40.60233803273628,-74.06333122960736,252,26,36,45,32,<a_36><b_45><c_32>
4a01f87bf964a5201a711fe3,40.74995544581752,-73.98755550384521,7,26,22,36,30,<a_22><b_36><c_30>
4ad0eac3f964a52013db20e3,40.76245925351319,-73.98745932961936,140,8,27,21,52,<a_27><b_21><c_52>
4c8afc6a770fb60c222ad8c3,40.70477380546345,-73.94186034276925,6,29,6,21,63,<a_6><b_21><c_63>
4c3f6b713735be9a795b15a4,40.73447774695927,-73.99210787367122,32,12,32,6,23,<a_32><b_6><c_23>
4a75f517f964a520cbe11fe3,40.75171,-73.990295,253,18,2,62,30,<a_2><b_62><c_30>
4ee2b3caf9ab478e59c076b0,40.732461021437416,-73.98789302811853,43,8,40,22,15,<a_40><b_22><c_15>
40b7d280f964a52095001fe3,40.76023134804513,-73.99512075872225,43,3,40,11,47,<a_40><b_11><c_47>
4d7d13306152b60c1f7c9d26,40.557295,-73.911548,258,2,24,24,2,<a_24><b_24><c_2>
4d5c7eb11ef2f04de5bef5cd,40.76042349214541,-73.99119539057452,251,11,27,16,15,<a_27><b_16><c_15>
4b40cf3df964a5206bbb25e3,40.71834202528393,-74.00061816553153,369,31,47,45,21,<a_47><b_45><c_21>
4b54d362f964a52058ce27e3,40.68990542829335,-73.95177657844081,307,176,49,48,26,<a_49><b_48><c_26>
4b5e0e1ff964a520357b29e3,40.87429176923305,-73.91099452972412,79,6,50,29,40,<a_50><b_29><c_40>
4cb12bf4db32f04dbc72c64d,40.867421210996966,-73.92481930428818,369,23,6,14,7,<a_6><b_14><c_7>
4c7541f11b30a093b5c6ee09,40.82488396694971,-73.85730743408203,48,9,22,61,24,<a_22><b_61><c_24>
44abe943f964a52008351fe3,40.714482,-73.957302,227,6,37,39,4,<a_37><b_39><c_4>
4d3f3c07cb84b60ce1527bab,40.94832653464658,-74.06976773004898,21,33,16,47,32,<a_16><b_47><c_32>
4ddfe4311f6ed1828c5fc861,40.610828321124906,-73.97712595918333,6,13,8,50,56,<a_8><b_50><c_56>
4a942a25f964a520972020e3,40.72428494517419,-74.00196433067322,253,7,63,59,18,<a_63><b_59><c_18>
4d40485889616dcb9cf002b5,40.688073736593104,-73.981043006149,155,30,60,56,3,<a_60><b_56><c_3>
4c8e330f1664b1f784329e2f,40.740133,-73.993435,187,13,3,44,42,<a_3><b_44><c_42>
4ec101392c5b252c1a28429a,40.6866771440928,-73.97945323993258,155,33,59,1,49,<a_59><b_1><c_49>
3fd66200f964a520abe51ee3,40.735754595656175,-74.00079059301935,43,9,1,17,21,<a_1><b_17><c_21>
4a5fa3caf964a520f9bf1fe3,40.75302361800699,-73.99680376052856,43,4,20,21,39,<a_20><b_21><c_39>
4cc6e7d2f49676b0ba4674d5,40.76679183558998,-73.96280868955054,224,9,36,11,56,<a_36><b_11><c_56>
4a773e0df964a520f1e31fe3,40.785672315100136,-73.97271524012237,253,13,2,6,60,<a_2><b_6><c_60>
49f3417bf964a5207a6a1fe3,40.74442473818606,-73.99649232309052,157,24,59,42,23,<a_59><b_42><c_23>
3fd66200f964a5205fe41ee3,40.730928,-73.991353,66,13,37,39,23,<a_37><b_39><c_23>
4c33727a66e40f478904c88b,40.94892337953688,-74.069721837773,153,35,59,42,26,<a_59><b_42><c_26>
49da74aef964a5208b5e1fe3,40.73001497344702,-73.99150371551514,253,20,22,13,4,<a_22><b_13><c_4>
4f6125d6e4b08711dad5d68b,40.76022036174862,-73.95868176654295,354,6,17,59,44,<a_17><b_59><c_44>
4b868537f964a520bc8d31e3,40.5847565470127,-73.95034790039062,299,25,47,10,31,<a_47><b_10><c_31>
49cbb6f9f964a5200f591fe3,40.75831461619259,-73.9772837904573,294,42,22,10,8,<a_22><b_10><c_8>
3fd66200f964a52073e81ee3,40.7761672,-73.9561516,53,7,32,63,48,<a_32><b_63><c_48>
4de799c81fc7fcfe04ac2f06,40.70325778219064,-73.9958725378969,87,4,31,40,2,<a_31><b_40><c_2>
4a5519d5f964a520adb31fe3,40.7368875094195,-73.99020829705454,1,14,32,32,15,<a_32><b_32><c_15>
4f6bd56de4b03cbd0ec369ee,40.7628041519645,-73.98008455661042,165,11,36,40,7,<a_36><b_40><c_7>
4c87cdcf3d15a1cdb37e1b28,40.82708616679473,-73.86262423084388,48,6,5,31,5,<a_5><b_31><c_5>
4ac79e84f964a52086b820e3,40.7081979835282,-73.86868000030518,166,7,27,11,23,<a_27><b_11><c_23>
3fd66200f964a520aee81ee3,40.757123775433385,-73.98948267102242,224,9,0,56,1,<a_0><b_56><c_1>
4b64e55df964a52032d82ae3,40.70934674544578,-73.95964980125427,83,20,11,42,28,<a_11><b_42><c_28>
4b67772af964a520ae502be3,40.78703300045056,-73.97750188436821,148,7,27,28,63,<a_27><b_28><c_63>
3fd66200f964a5205deb1ee3,40.72158048138015,-73.95763710722129,383,12,27,16,42,<a_27><b_16><c_42>
4a43bd40f964a520bfa61fe3,40.75673368214285,-73.95445704460144,252,72,6,22,29,<a_6><b_22><c_29>
4a523c9df964a5206cb11fe3,40.73710647765176,-73.99032307563172,228,9,46,19,41,<a_46><b_19><c_41>
4d8393ded5fab60c2654cf9b,40.75331211090088,-73.974555,247,8,22,9,38,<a_22><b_9><c_38>
4a1f42aff964a520167c1fe3,40.759534,-73.991765,224,7,56,32,56,<a_56><b_32><c_56>
474d3e5df964a520a24c1fe3,40.71653437713537,-73.96144836446048,45,15,48,40,20,<a_48><b_40><c_20>
434da380f964a520a4281fe3,40.74427796524831,-73.99184796528314,56,4,9,40,26,<a_9><b_40><c_26>
4da3e303573d1456ad53227d,40.68966427723383,-73.95976659908459,329,23,49,53,4,<a_49><b_53><c_4>
4901ef67f964a5205b521fe3,40.673615,-73.99171,270,9,56,10,1,<a_56><b_10><c_1>
4b607313f964a5209be629e3,40.74800474617332,-74.00862693786621,157,6,32,13,0,<a_32><b_13><c_0>
4bafaa5df964a52066153ce3,40.57514126948244,-73.98150444030762,151,17,13,21,45,<a_13><b_21><c_45>
4c34ec49ed37a593e5b76f03,40.75853188571069,-73.99273914874487,97,15,11,3,6,<a_11><b_3><c_6>
4e359a41814d2eb947337c4e,40.82358935335903,-74.22380201337529,6,26,57,39,33,<a_57><b_39><c_33>
4f7b9c56e4b077ebd9994d85,40.747769813772514,-74.03588760058483,6,8,14,29,39,<a_14><b_29><c_39>
4ab94773f964a520c07e20e3,40.77269419000318,-73.9820645818322,298,5,35,34,42,<a_35><b_34><c_42>
4be078b398f2a5935a5dc25a,40.72737259531574,-74.02115821838379,252,31,8,7,27,<a_8><b_7><c_27>
4ed7082a77c86e4f2b10b351,40.61404835966892,-73.93010370763156,6,25,54,5,21,<a_54><b_5><c_21>
4bdbb6563904a593cfe04b9e,40.730101,-73.980512,43,9,32,40,39,<a_32><b_40><c_39>
4b9553a8f964a520999c34e3,40.680614633454965,-74.11436095833778,139,14,58,53,14,<a_58><b_53><c_14>
49c2df9cf964a5203b561fe3,40.74107414663219,-74.0051408163161,66,27,22,29,5,<a_22><b_29><c_5>
4f08fe51e4b0ca3a5ce8b8f1,40.643104416532985,-74.0255683216748,155,19,1,55,22,<a_1><b_55><c_22>
4ba16222f964a52033b237e3,40.64256911101708,-73.88731055634743,91,65,60,5,1,<a_60><b_5><c_1>
3fd66200f964a52038eb1ee3,40.72449429624432,-73.99334746639536,47,7,14,21,36,<a_14><b_21><c_36>
49e17f24f964a520d1611fe3,40.77486674679395,-73.98179484046595,166,54,47,17,35,<a_47><b_17><c_35>
4ad48c46f964a52028e820e3,40.74732198777881,-74.13690090179443,294,6,15,37,45,<a_15><b_37><c_45>
4ab5817ef964a5200c7520e3,40.697802665282175,-73.99414516303145,157,44,60,47,56,<a_60><b_47><c_56>
4d8fb0e1b46488bf0e3adda2,40.67335042443954,-73.95708033593266,224,7,34,4,56,<a_34><b_4><c_56>
4b76cf7af964a520d3602ee3,40.65526229575358,-73.9615085721016,307,64,29,44,42,<a_29><b_44><c_42>
4a513b17f964a520d2b01fe3,40.69902344282463,-73.81001472473143,79,277,6,28,12,<a_6><b_28><c_12>
4ef4c5b099111bd0a9b8e9c2,40.77211112866,-73.96095474201344,253,21,59,11,38,<a_59><b_11><c_38>
40fb0f00f964a520ef0a1fe3,40.67084402478737,-73.9777544138508,161,7,15,47,27,<a_15><b_47><c_27>
4f7dff1de4b09d309a6d3bd3,40.70156643050114,-73.98887973002674,6,23,53,5,21,<a_53><b_5><c_21>
4aba2a01f964a520768020e3,40.73339068888698,-73.97608426952706,157,10,32,19,32,<a_32><b_19><c_32>
4f5b8222e4b068aa4e672804,40.616788249216725,-73.97330640287038,62,5,61,5,18,<a_61><b_5><c_18>
4afa22cff964a520fd1622e3,40.84894322160766,-73.9369797706604,369,32,47,12,44,<a_47><b_12><c_44>
4e471e34887781a619b51264,40.91776506286093,-74.0774258475067,314,8,1,51,34,<a_1><b_51><c_34>
4a525e9df964a52094b11fe3,40.754018027698336,-73.98453241079356,63,17,59,3,14,<a_59><b_3><c_14>
42699000f964a52049211fe3,40.772236267305765,-73.95585198947303,67,5,21,37,39,<a_21><b_37><c_39>
4dd815df45ddced82097c83c,40.92549192900452,-74.10637760442646,6,14,34,16,34,<a_34><b_16><c_34>
4ed3a7fab634dd29954a1053,40.71612227852646,-74.19334444820117,69,17,60,28,5,<a_60><b_28><c_5>
4b08998bf964a520320f23e3,40.7772917298741,-73.98068904876709,94,8,23,57,8,<a_23><b_57><c_8>
3fd66200f964a5208be41ee3,40.72955059800335,-73.9843602377087,146,12,56,24,50,<a_56><b_24><c_50>
4bddb1eee75c0f471e39c503,40.760802711191495,-73.99910343314372,91,5,62,57,49,<a_62><b_57><c_49>
4bb3ec359af3b7132dc48b28,40.72561027403996,-73.99197578430176,118,9,39,61,48,<a_39><b_61><c_48>
4acd1704f964a520d0ca20e3,40.74282782101021,-74.00383203415198,110,13,21,32,14,<a_21><b_32><c_14>
4ac8c37af964a5207fbc20e3,40.75172001339673,-73.99286540351027,150,5,55,54,5,<a_55><b_54><c_5>
4e1a41d3183880768f53f08c,40.73927783583925,-73.9896573589282,222,5,0,20,33,<a_0><b_20><c_33>
4a5d186ff964a5202bbd1fe3,40.7385662300362,-73.99005334586639,298,9,9,10,24,<a_9><b_10><c_24>
4c632b6479d1e21ecdfad715,40.72602279947592,-74.04960273975725,94,5,5,40,2,<a_5><b_40><c_2>
3fd66200f964a520bbe61ee3,40.71933912149095,-74.00487184524536,301,18,44,57,13,<a_44><b_57><c_13>
4116be80f964a520fc0b1fe3,40.70443641202592,-74.01012361049652,43,24,1,32,9,<a_1><b_32><c_9>
4eca5e1ad3e3e131f591b275,40.91667915084404,-74.08733791578139,138,8,10,1,56,<a_10><b_1><c_56>
4f561f56e4b005c47ff07256,40.91638190285937,-74.0871945157301,293,8,18,14,51,<a_18><b_14><c_51>
4c79d385566db60c9679460e,40.678666986414335,-74.10167276859283,79,14,8,4,53,<a_8><b_4><c_53>
4cd6bb247da9a35db400f1b9,40.76510142774325,-73.76918408,94,11,35,6,51,<a_35><b_6><c_51>
4add0473f964a520836321e3,40.90122520923615,-73.817176,294,6,27,44,55,<a_27><b_44><c_55>
427d5680f964a520a8211fe3,40.6716389935202,-73.96381202180841,179,18,49,25,24,<a_49><b_25><c_24>
4b4ddd6ff964a520c0d926e3,40.71478702896252,-74.01238511084367,6,4,0,24,56,<a_0><b_24><c_56>
4bf453a66a31d13a92a0952e,40.729798,-74.038666,299,16,35,45,31,<a_35><b_45><c_31>
4f008bfa61af974bcea5389f,40.71931256136211,-73.836025107013,6,20,57,13,34,<a_57><b_13><c_34>
4c13d7d482a3c9b68536fcf8,40.76035821078917,-73.97618293762207,7,27,22,55,23,<a_22><b_55><c_23>
4e8bac9b6c25fbeecd5147f8,40.70408637926169,-73.9480799340999,293,26,43,24,7,<a_43><b_24><c_7>
4cb0bd9c562d224b8b251988,40.583254489560304,-73.82132412887107,94,6,0,61,45,<a_0><b_61><c_45>
4a4c5c64f964a52030ad1fe3,40.74209540263046,-74.00742530822754,152,2,0,61,37,<a_0><b_61><c_37>
48970b66f964a52075511fe3,40.76279561547783,-73.98758098483086,97,25,27,41,6,<a_27><b_41><c_6>
4c020c87fd082d7f1aed0785,40.713852,-73.957991,118,4,9,36,39,<a_9><b_36><c_39>
4a9e7463f964a520383a20e3,40.76268165875816,-73.98912937507284,110,13,9,46,39,<a_9><b_46><c_39>
4c07b3a98a81c9b629972790,40.715092,-74.19185894,112,2,15,27,21,<a_15><b_27><c_21>
427c0500f964a52099211fe3,40.7443775904305,-73.99620538575003,251,6,44,54,53,<a_44><b_54><c_53>
4d9e7e76ae31b1f7431cb103,40.650315,-73.964913,329,33,57,12,13,<a_57><b_12><c_13>
4b3bef0df964a520bb7e25e3,40.74559767243396,-73.90328983226816,307,46,29,46,11,<a_29><b_46><c_11>
4b40d02df964a5207bbb25e3,40.65078524807129,-73.87308141384973,312,6,27,61,32,<a_27><b_61><c_32>
4a8471c9f964a520a0fc1fe3,40.75909046091092,-73.98592472076416,99,3,20,13,50,<a_20><b_13><c_50>
4db617c76e8179a9139d7b58,40.96530185,-74.06305251666667,299,40,53,7,30,<a_53><b_7><c_30>
4db8bb7b6a2334682d99ea38,40.74916220499632,-73.90658830179062,6,9,44,55,25,<a_44><b_55><c_25>
3fd66200f964a520d7e81ee3,40.772301,-73.955844,251,7,1,10,48,<a_1><b_10><c_48>
4be5f12dd4f7c9b6402d2620,40.85697956642347,-73.86219927039365,299,9,7,17,60,<a_7><b_17><c_60>
4b9abe7bf964a520dcd135e3,40.83874913796459,-73.87310028076172,299,6,28,47,55,<a_28><b_47><c_55>
46ea2358f964a520cf4a1fe3,40.76066701799484,-73.99494767189026,56,6,61,2,53,<a_61><b_2><c_53>
3fd66200f964a520dfe31ee3,40.71978727764392,-73.98724124700989,47,7,25,20,50,<a_25><b_20><c_50>
4ca9f653a643b7130eb4e9a6,40.83537240790504,-74.13870334625244,132,8,39,28,63,<a_39><b_28><c_63>
49ccb947f964a5208c591fe3,40.74809415449163,-73.98609638214111,53,15,35,57,11,<a_35><b_57><c_11>
4c892b0f7223b1f7dfb031a8,40.747631,-73.98613,146,14,3,19,44,<a_3><b_19><c_44>
4f1bb6eee4b095bc460c85a3,40.83013107750001,-73.89150789839596,369,10,7,26,17,<a_7><b_26><c_17>
4b208e76f964a520213324e3,40.582704252811,-73.98557118513084,48,12,36,57,21,<a_36><b_57><c_21>
4ad15b84f964a5202dde20e3,40.74098074308632,-74.00804406336863,63,14,18,33,8,<a_18><b_33><c_8>
40bbc700f964a520a2001fe3,40.74790144316556,-73.98689116651354,38,11,23,3,23,<a_23><b_3><c_23>
4ca6923314c33704b345c13b,40.7737430506671,-74.03264872116209,138,23,43,14,30,<a_43><b_14><c_30>
43920486f964a520662b1fe3,40.76362499327396,-73.99757623672485,60,75,54,25,25,<a_54><b_25><c_25>
4a5e05c3f964a520e8bd1fe3,40.786910575209646,-73.97773719594208,166,10,7,34,3,<a_7><b_34><c_3>
4a01af35f964a520ea701fe3,40.7502797300461,-73.99423698401398,53,10,44,51,33,<a_44><b_51><c_33>
4bbe4a11a8449c742cee8321,40.750085490425846,-73.99309158325195,240,7,44,51,42,<a_44><b_51><c_42>
4a330050f964a520e49a1fe3,40.77268095647125,-73.95842347218186,237,4,56,27,43,<a_56><b_27><c_43>
4da461ccb521224bd30231ee,40.83433373621397,-73.88697177925734,103,1,0,37,9,<a_0><b_37><c_9>
4d55435a611aa35d29c23239,40.81010860635189,-73.80350573593947,43,18,32,21,8,<a_32><b_21><c_8>
4c05304339d476b0227b32a7,40.84336374022088,-73.93525593409399,284,41,49,53,16,<a_49><b_53><c_16>
3fd66200f964a520cee51ee3,40.741797,-73.997271,118,15,32,55,20,<a_32><b_55><c_20>
49c4fbcdf964a520d9561fe3,40.736772,-74.000943,253,7,5,6,58,<a_5><b_6><c_58>
4a7dff4df964a52091f01fe3,40.7405579801227,-74.00777996246534,45,35,7,48,2,<a_7><b_48><c_2>
4b004499f964a520253c22e3,40.652230943519655,-73.86997475262231,294,8,37,40,8,<a_37><b_40><c_8>
49b1f97af964a520dd521fe3,40.73400374936925,-74.00299564003944,125,9,44,51,13,<a_44><b_51><c_13>
4c4ca999b301b7130ad70789,40.76741095844762,-73.96537147003376,6,18,19,18,38,<a_19><b_18><c_38>
3fd66200f964a5207eea1ee3,40.73761,-73.987941,251,17,48,39,51,<a_48><b_39><c_51>
481a14a5f964a520734f1fe3,40.67230729295687,-73.95784374357962,45,13,56,1,14,<a_56><b_1><c_14>
3fd66200f964a52061e41ee3,40.73682775975944,-73.99064540863037,239,11,39,42,11,<a_39><b_42><c_11>
4a3e88a9f964a52006a31fe3,40.71863980562837,-73.95997166633606,263,7,25,47,11,<a_25><b_47><c_11>
4f80ed31e4b0bc141791c877,40.80388979600296,-73.9690189969325,198,10,14,53,51,<a_14><b_53><c_51>
451d2920f964a5208d3a1fe3,40.75699374459088,-73.98907899856567,165,30,48,51,3,<a_48><b_51><c_3>
3fd66200f964a52021e41ee3,40.71985365222551,-73.98849234913988,43,6,40,20,20,<a_40><b_20><c_20>
4b1d4d9bf964a520780e24e3,40.72143496141081,-74.05938718735511,6,15,54,1,63,<a_54><b_1><c_63>
4addf75cf964a520d66621e3,40.755564,-73.922738,146,24,53,31,7,<a_53><b_31><c_7>
41575800f964a520321d1fe3,40.740015,-73.982205,53,19,56,23,35,<a_56><b_23><c_35>
44510be3f964a520a0321fe3,40.756717428206045,-73.98858547210693,255,25,48,51,42,<a_48><b_51><c_42>
4de9bd7ed22da22d4ec20795,40.64053341403471,-73.97712595918333,6,4,48,51,56,<a_48><b_51><c_56>
4bd1b96a77b29c7439118d82,40.57745558120849,-73.98124694824219,307,110,6,62,37,<a_6><b_62><c_37>
4c998dbdd4b1b1f72ee2c835,40.597704131964136,-74.16509908485864,6,23,57,51,27,<a_57><b_51><c_27>
43fb97c1f964a520e52f1fe3,40.73038744892437,-74.17164389305132,60,10,4,27,11,<a_4><b_27><c_11>
4dd17130d164679b8d47054b,40.74207420173684,-74.00589215267118,58,14,1,38,49,<a_1><b_38><c_49>
4800619cf964a520ec4e1fe3,40.731844250688674,-73.98386478424072,233,23,4,25,33,<a_4><b_25><c_33>
4aa88b91f964a520915120e3,40.729751,-73.9987545,43,7,32,40,16,<a_32><b_40><c_16>
4bc4946db492d13a0835aa60,40.88227406571999,-74.21217441558838,48,7,15,39,48,<a_15><b_39><c_48>
4edb9e40e300851bfaf59a9e,40.8033416365219,-74.0064487825594,48,10,34,18,14,<a_34><b_18><c_14>
40a2ba80f964a520fef21ee3,40.75006726071233,-74.00270154186394,60,53,18,57,9,<a_18><b_57><c_9>
4c1ea461eac020a19b0e4ac2,40.7686098599664,-73.91103497521671,253,6,14,0,1,<a_14><b_0><c_1>
3fd66200f964a5202be41ee3,40.726104216543966,-73.98921310901642,245,27,14,8,25,<a_14><b_8><c_25>
4bb90257314e9521b509499d,40.965810267788015,-74.06760603189468,103,43,49,1,39,<a_49><b_1><c_39>
4ae297f6f964a520278f21e3,40.73486134006284,-73.99302609127328,61,2,61,41,8,<a_61><b_41><c_8>
49f47a7af964a5200a6b1fe3,40.74946079318199,-73.9848365828663,61,7,14,43,15,<a_14><b_43><c_15>
4bbbfe5be5b0d13a9bdb6e7c,40.756225,-73.881152,108,21,14,8,17,<a_14><b_8><c_17>
4cc35db6d43ba14387a35ff8,40.72036368727871,-73.9870834350586,242,15,4,39,3,<a_4><b_39><c_3>
4bf33c3c6ba2b7131b1a8977,40.88827738472728,-74.02044433530425,60,10,25,47,33,<a_25><b_47><c_33>
4e4dcaffbd41b76bef933358,40.76389579376656,-73.98261554174415,253,18,30,22,45,<a_30><b_22><c_45>
4ada0b96f964a520b61d21e3,40.690525226258906,-73.99196440177379,165,9,27,50,23,<a_27><b_50><c_23>
4c26b50fa852c9287f33e76c,40.64350090452625,-73.90490893133068,138,79,49,22,29,<a_49><b_22><c_29>
4ad8fa6ef964a520ac1621e3,40.68805850973953,-73.98049054251578,307,27,8,40,41,<a_8><b_40><c_41>
4846c5acf964a5206f501fe3,40.71749323698053,-74.00106579065323,263,7,56,23,5,<a_56><b_23><c_5>
4ce70ae08ef78cfae280909b,40.7207366,-73.9887598,60,2,25,34,47,<a_25><b_34><c_47>
4f7cd62de4b08ccdc588e204,40.68419809161396,-73.72202749829913,231,8,14,62,33,<a_14><b_62><c_33>
4ad9f3b3f964a520431c21e3,40.774337635336,-73.98478493103883,89,15,16,63,38,<a_16><b_63><c_38>
4b464af8f964a520c01c26e3,40.77322937882862,-73.98461580276489,89,6,3,60,35,<a_3><b_60><c_35>
4e56b255ae60220987ba047a,40.60927923356644,-74.10637760442646,6,15,14,55,53,<a_14><b_55><c_53>
4acfd8bef964a52069d620e3,40.734692,-74.00214116,56,6,17,33,62,<a_17><b_33><c_62>
4ee535472c5b5fc6cd1fd9d9,40.72639997828572,-73.9917348465147,125,18,1,5,15,<a_1><b_5><c_15>
4a60baf0f964a52018c11fe3,40.730592217474026,-73.98163318634033,307,37,57,53,25,<a_57><b_53><c_25>
4add27e4f964a520586421e3,40.73177921058233,-73.98240566253662,31,43,57,36,45,<a_57><b_36><c_45>
4c0872116071a5936962dc32,40.676851402943775,-73.95570849054509,138,9,18,34,9,<a_18><b_34><c_9>
4f516615e4b0195da2b45c54,40.74446539326095,-73.97613018434151,43,5,40,4,15,<a_40><b_4><c_15>
4a1afeb7f964a520b77a1fe3,40.721940025100544,-73.95757970819359,261,17,4,1,27,<a_4><b_1><c_27>
4e5d3ee6aeb73819c62f46ad,40.75971165100758,-73.82953774226677,138,29,47,58,51,<a_47><b_58><c_51>
3fd66200f964a5205ae91ee3,40.74065934700641,-73.99826558632256,127,30,14,42,17,<a_14><b_42><c_17>
4f2ea82fe4b09d49e97faf80,40.706138429779976,-73.95296477053591,135,13,18,6,58,<a_18><b_6><c_58>
4baea035f964a52033c83be3,40.68864362699706,-73.9611411094665,307,8,17,10,28,<a_17><b_10><c_28>
3fd66200f964a52056e71ee3,40.745212,-73.978328,43,9,1,34,41,<a_1><b_34><c_41>
40d77680f964a52056011fe3,40.73187465880783,-73.98396423902786,245,21,14,27,36,<a_14><b_27><c_36>
4e532e13c65bea7986d08e3b,40.85977463341219,-74.12986841096105,6,24,57,34,40,<a_57><b_34><c_40>
4d6dca43fbb8a1cde7006b0f,40.653046,-73.973021,91,16,29,46,10,<a_29><b_46><c_10>
49e8aef4f964a52067651fe3,40.73596877446251,-73.87561379445675,111,10,54,50,50,<a_54><b_50><c_50>
4b0b6315f964a5200d3123e3,40.753050382397895,-73.98573761806597,69,20,19,56,5,<a_19><b_56><c_5>
49e7ce15f964a5201d651fe3,40.714910864081496,-74.01505625496242,165,15,43,26,49,<a_43><b_26><c_49>
4d44eb661b62b1f78069f8e2,40.965334383333335,-74.06280386666667,138,37,57,48,10,<a_57><b_48><c_10>
4abadd53f964a520338320e3,40.76171380095544,-73.99395004329756,245,15,14,8,46,<a_14><b_8><c_46>
4b91836bf964a52017c233e3,40.80235417394059,-74.01239945650796,39,22,49,34,31,<a_49><b_34><c_31>
4d5ea5f2196ba0933d470456,40.672881641150106,-73.87076721431846,33,37,49,39,41,<a_49><b_39><c_41>
4a19d1edf964a5205a7a1fe3,40.761869727120846,-73.97948741912842,234,18,4,18,35,<a_4><b_18><c_35>
4e1b799ed22ddd4af9ed7dd8,40.672888741097566,-73.87088780603517,33,31,49,25,9,<a_49><b_25><c_9>
4d28a17d77a2a1cd903464b7,40.67373751294118,-73.87086483619008,25,9,45,58,30,<a_45><b_58><c_30>
4b314658f964a520b60325e3,40.935651,-73.902079,79,9,18,55,61,<a_18><b_55><c_61>
3fd66200f964a52065ea1ee3,40.7274539008228,-73.98476600646973,149,6,0,38,15,<a_0><b_38><c_15>
48778b89f964a52014511fe3,40.733014961731286,-73.9897871017456,63,10,4,21,49,<a_4><b_21><c_49>
4bd2374bcaff9521f662d2f0,40.713723,-73.95761367,43,8,40,23,3,<a_40><b_23><c_3>
4e38da3faeb72d065962d9c5,40.60259048645985,-73.98887973002674,6,22,4,23,60,<a_4><b_23><c_60>
4e34c95b7d8b0c62b2ce3b2e,40.769619,-73.910056,49,28,25,7,34,<a_25><b_7><c_34>
4a89cd2ff964a520100920e3,40.72884268160186,-73.98814227092512,233,9,56,21,1,<a_56><b_21><c_1>
4bfd63edf7c82d7f831d8e04,40.74393865874401,-73.98399867372817,301,51,19,45,40,<a_19><b_45><c_40>
4bc53e2b6c26b7139a26ebf3,40.74093223261556,-74.00535273659517,369,15,54,21,3,<a_54><b_21><c_3>
43a72ba0f964a520672c1fe3,40.73416736029532,-73.99048715829849,166,69,7,16,9,<a_7><b_16><c_9>
4f4226d47716e5cd5e9d4355,40.82497237470613,-73.95361626406626,6,27,57,8,3,<a_57><b_8><c_3>
4e19dabd6284ea724705f1c2,40.88393649661271,-73.88307005845945,6,12,57,59,58,<a_57><b_59><c_58>
441e57d6f964a52077311fe3,40.75750197035067,-73.98468736643798,53,8,1,36,1,<a_1><b_36><c_1>
4b9b4452f964a52035fd35e3,40.86104664796391,-73.92088102426091,63,5,28,0,9,<a_28><b_0><c_9>
4d151b74b15cb1f78b01a621,40.9653582,-74.06283223333334,124,23,4,60,41,<a_4><b_60><c_41>
4e1d174c1f6e47e5e794d658,40.7953635077476,-73.95361626406626,6,13,28,44,1,<a_28><b_44><c_1>
4c080a48009a0f47db78e5bf,40.87873731327488,-73.83842468261719,307,13,28,0,19,<a_28><b_0><c_19>
46d28fdff964a520544a1fe3,40.710938,-73.948309,58,10,57,18,18,<a_57><b_18><c_18>
4d4236c38b88b1f7ac4be933,40.76071686239771,-73.91834636014222,6,19,57,37,53,<a_57><b_37><c_53>
4e050c11aeb74c399100f847,40.965331033333335,-74.0627049,227,16,25,29,27,<a_25><b_29><c_27>
4c0097e8ad15a593c53c8e73,40.70897873714814,-73.8414716720581,299,28,19,60,21,<a_19><b_60><c_21>
4b8f50d9f964a520365133e3,40.646098782777614,-73.9026689529419,307,66,6,4,63,<a_6><b_4><c_63>
4c176109f693b7139f0f5f54,40.645805724956496,-73.90217542648315,83,26,58,23,15,<a_58><b_23><c_15>
4be3499f1dd22d7fdd4296bd,40.64060640507159,-73.90576440732153,83,22,30,23,21,<a_30><b_23><c_21>
4dd2768ad22d67839c5be4c0,40.64041091042064,-73.905666802868,88,51,6,22,7,<a_6><b_22><c_7>
4d2fe29e4db13704a1fef55d,40.69954648520066,-73.836025107013,6,14,45,58,45,<a_45><b_58><c_45>
3fd66200f964a5205dea1ee3,40.72218618767068,-73.99712358372733,241,4,41,52,20,<a_41><b_52><c_20>
4a64792df964a52034c61fe3,40.63434458771481,-74.01447669732755,112,9,29,13,39,<a_29><b_13><c_39>
49c046f1f964a5205b551fe3,40.64557779020594,-73.77643346786499,273,50,60,5,45,<a_60><b_5><c_45>
4e6938ef45dd0f430c1834c5,40.78534773308225,-73.97571695061713,94,10,21,7,58,<a_21><b_7><c_58>
4e7f42ff9a52594cdf7d4e08,40.691620825972336,-73.78819052136058,94,11,46,59,21,<a_46><b_59><c_21>
4f059f4761af9d3db8eb6f6b,40.832484107252746,-73.91520884226871,314,25,46,29,17,<a_46><b_29><c_17>
4da4d091fa8c7394fc86d456,40.83260084998289,-73.91522032458555,329,29,46,51,34,<a_46><b_51><c_34>
4bf542e7ed30b7139034f49a,40.83255976233986,-73.91532366540676,103,32,46,19,15,<a_46><b_19><c_15>
4f79a81ae4b09489387bafb6,40.83261202417384,-73.91535237118067,110,15,38,13,25,<a_38><b_13><c_25>
4c069355cf8c76b065b43a65,40.77202687527417,-73.95888805389404,4,4,42,33,57,<a_42><b_33><c_57>
4b01b98df964a520e04422e3,40.77095885665391,-73.98710351049733,111,10,52,39,54,<a_52><b_39><c_54>
4a998174f964a520b62e20e3,40.721273088874895,-73.84692305545667,157,26,46,38,54,<a_46><b_38><c_54>
4db44994cda1c57c82583709,40.73939794092962,-73.99320973426613,284,48,47,45,48,<a_47><b_45><c_48>
4ad9d4f4f964a520191b21e3,40.77939389900411,-73.94523829221725,48,8,46,36,59,<a_46><b_36><c_59>
4b97f2e5f964a5209a2135e3,40.75257190641799,-73.99460426750439,118,13,42,59,30,<a_42><b_59><c_30>
4baab59af964a520ab813ae3,40.873074871194376,-73.88679027557373,307,9,42,8,58,<a_42><b_8><c_58>
4dfd08bb1fc71fb37df997f4,40.78593558615825,-73.8466215133667,94,10,10,28,43,<a_10><b_28><c_43>
4ad35d4df964a520fde320e3,40.766647842986686,-73.92088115215302,253,14,42,23,15,<a_42><b_23><c_15>
4ac2521ff964a520b29820e3,40.78089970281194,-73.98125535659763,253,25,59,14,22,<a_59><b_14><c_22>
4c225ae47e85c9283ee5bb21,40.74174,-73.99365,48,42,59,39,56,<a_59><b_39><c_56>
45b893e3f964a520cf411fe3,40.75239971617386,-73.99415090184415,166,37,47,25,23,<a_47><b_25><c_23>
4b0c09cbf964a520ff3523e3,40.72111512901744,-73.8473308194441,253,25,46,49,12,<a_46><b_49><c_12>
4ab26766f964a520146b20e3,40.75544236028292,-73.99124704067701,253,14,13,6,48,<a_13><b_6><c_48>
4c9a57cc78fc236aa3b83497,40.59977193613878,-73.97390330322037,94,15,10,60,58,<a_10><b_60><c_58>
4aaadf68f964a520ce5720e3,40.8041295012635,-74.2486310005188,48,5,20,44,1,<a_20><b_44><c_1>
4b92dc22f964a520432234e3,40.75460438258571,-73.84554862976074,307,53,29,40,3,<a_29><b_40><c_3>
4a4696baf964a52026a91fe3,40.735259,-74.001785,140,9,27,21,56,<a_27><b_21><c_56>
4e3463aed4c063434822b8cb,40.6728498,-73.87080693,72,31,49,52,30,<a_49><b_52><c_30>
4b864e7af964a520738531e3,40.967786,-74.07368968333333,233,26,59,63,34,<a_59><b_63><c_34>
4e1bbe40d164040ac7c105a1,40.82981420071464,-73.91834636014222,6,8,17,38,6,<a_17><b_38><c_6>
4e4712d7b61c03d0cd158c78,40.7301861621649,-73.9835682395307,242,16,18,63,63,<a_18><b_63><c_63>
4a1b544df964a520eb7a1fe3,40.80396143368935,-73.96288904600681,94,6,21,10,58,<a_21><b_10><c_58>
4db9f3a50437ffd207981bfa,40.73336758446482,-74.00296551527998,369,21,36,51,33,<a_36><b_51><c_33>
4c1137ab8559ef3b5db06a53,40.73352393457447,-74.00432554645808,9,10,62,48,15,<a_62><b_48><c_15>
4b021b27f964a520bf4722e3,40.76013133908869,-74.04415237421385,111,9,34,57,45,<a_34><b_57><c_45>
4c5deacad25320a1f57dc77a,40.68378078887897,-74.0999796351583,330,8,53,34,63,<a_53><b_34><c_63>
49fce426f964a520ed6e1fe3,40.7688813932515,-73.9820036551295,156,7,12,52,18,<a_12><b_52><c_18>
424de080f964a520b6201fe3,40.805097,-73.966071,43,1,24,50,18,<a_24><b_50><c_18>
4e8684590aaf882b7042b9d7,40.71145479886284,-73.98887973002674,6,11,16,56,63,<a_16><b_56><c_63>
4a97b7c3f964a520b52920e3,40.78453747457131,-73.97976315928804,157,12,42,5,51,<a_42><b_5><c_51>
43850280f964a520fd2a1fe3,40.745675553377886,-74.0056798295036,118,4,56,0,8,<a_56><b_0><c_8>
4a6c6b4af964a52082d01fe3,40.76019571910803,-73.98485380013902,46,8,34,9,50,<a_34><b_9><c_50>
4b5f42a1f964a52094b029e3,40.7595730799586,-73.98524405790694,253,19,54,63,21,<a_54><b_63><c_21>
42f15a80f964a520bb261fe3,40.75930175423635,-73.9849591255188,32,6,62,47,21,<a_62><b_47><c_21>
4bcb13850687ef3b3af4dccc,40.755831522299765,-73.96477741308915,111,7,17,36,28,<a_17><b_36><c_28>
4d4ac10da0ef54814b6ffff6,40.78401843692215,-73.97452399134636,127,5,50,57,14,<a_50><b_57><c_14>
4be37fa5b02ec9b6b6d64fc0,40.74982540095488,-73.8627576828003,79,25,53,14,47,<a_53><b_14><c_47>
4e9364f2cc2178bffe297c09,40.65173175523031,-73.97266387939453,139,10,52,48,10,<a_52><b_48><c_10>
4a19aaebf964a520307a1fe3,40.75811474431927,-73.82963977754116,253,15,2,58,48,<a_2><b_58><c_48>
4a411158f964a520baa41fe3,40.74911234903996,-73.97567103570407,220,8,39,34,10,<a_39><b_34><c_10>
4ab7927bf964a5201f7a20e3,40.785714,-73.97277653217316,148,7,33,60,28,<a_33><b_60><c_28>
45d1a484f964a520af421fe3,40.74277821468304,-73.99833798408508,253,15,38,32,33,<a_38><b_32><c_33>
4db9684dced7cef042e4c7d3,40.722340607446,-73.98782908916473,224,9,9,16,33,<a_9><b_16><c_33>
44b78a37f964a52070351fe3,40.73008303366041,-74.00060695729111,118,8,56,52,52,<a_56><b_52><c_52>
4a7b6456f964a520e1ea1fe3,40.675409,-73.97786351666667,48,3,31,32,8,<a_31><b_32><c_8>
4b72b08df964a520e3832de3,40.65079702473058,-73.95877360445469,112,9,33,26,49,<a_33><b_26><c_49>
4b42a10ef964a520cdd725e3,40.95998593699977,-74.06716332576782,237,8,17,25,61,<a_17><b_25><c_61>
4da5dd2fcda1c55f755f88c5,40.759297303663125,-73.99532735481978,301,9,32,54,29,<a_32><b_54><c_29>
4a93d972f964a520e61f20e3,40.771057319017146,-73.95674168044599,253,8,45,61,54,<a_45><b_61><c_54>
49caa5a0f964a520d0581fe3,40.74304318524658,-73.98022803738444,43,25,56,3,42,<a_56><b_3><c_42>
4c474126417b20a12501dda9,40.65050102796826,-73.87139888439285,11,10,17,32,55,<a_17><b_32><c_55>
453cacc7f964a520153c1fe3,40.74276195733468,-73.97692322731018,166,45,7,19,36,<a_7><b_19><c_36>
3fd66200f964a52036eb1ee3,40.74789,-74.004466,43,8,32,33,13,<a_32><b_33><c_13>
4b38e86ef964a520055225e3,40.81436516937082,-74.22000465933647,253,20,52,44,27,<a_52><b_44><c_27>
49d6bed4f964a520015d1fe3,40.74543104733995,-73.99851808849003,251,14,43,56,3,<a_43><b_56><c_3>
4fe3c2ffe4b090323d44dca0,40.72926995832787,-73.98929006596519,38,7,56,20,52,<a_56><b_20><c_52>
4ea33bdcb6347b996825dbca,40.71803614501977,-73.95103610720828,329,9,35,57,8,<a_35><b_57><c_8>
4a96a056f964a520672620e3,40.747614599377656,-73.883957862854,307,28,6,62,3,<a_6><b_62><c_3>
42829c80f964a52025221fe3,40.76590104372366,-73.9634343210755,253,8,5,42,9,<a_5><b_42><c_9>
4a70a76cf964a52017d81fe3,40.738166,-74.00114,205,16,36,57,24,<a_36><b_57><c_24>
4cf49346e942548186b87bc5,40.90447651180845,-74.10088012450512,138,9,50,63,21,<a_50><b_63><c_21>
4ea8a4b3cc217c087dda3f6d,40.80186852886792,-74.02669429779053,299,19,49,46,50,<a_49><b_46><c_50>
4aaf803ef964a520376420e3,40.78008648315284,-73.92702341079712,252,31,6,56,4,<a_6><b_56><c_4>
4b5623a2f964a5202f0228e3,40.76467118377428,-73.9768820378688,253,4,37,30,41,<a_37><b_30><c_41>
4ee298ec490152e4bd5b075e,40.69379488214113,-73.98541049112558,118,3,37,4,50,<a_37><b_4><c_50>
4eebfbab0aaf1d45b0374e3a,40.73159302118331,-74.03196593883797,139,4,23,49,16,<a_23><b_49><c_16>
49d936c8f964a520135e1fe3,40.758865313652905,-73.99240629487407,232,7,9,21,34,<a_9><b_21><c_34>
49ee4a7df964a52047681fe3,40.77425387649768,-73.94419952955188,139,6,9,52,44,<a_9><b_52><c_44>
4a4560a7f964a5201aa81fe3,40.707555,-74.007066,32,12,56,56,49,<a_56><b_56><c_49>
4b5fbcf0f964a520b2ca29e3,40.60589932242496,-73.98453814989372,31,29,36,55,31,<a_36><b_55><c_31>
4b4ec3acf964a52029f526e3,40.70566047104496,-73.89644622802734,300,13,37,40,19,<a_37><b_40><c_19>
49c6630ef964a5203d571fe3,40.60570191978616,-73.98525553606459,111,12,50,60,10,<a_50><b_60><c_10>
4bfdb176b68d0f478e30e957,40.606173,-73.98629386,306,8,2,15,2,<a_2><b_15><c_2>
4f03fee92c5b145d090cc4fe,40.833165200622425,-73.94186034276925,6,12,17,5,60,<a_17><b_5><c_60>
449f923ff964a520c5341fe3,40.73019161989554,-73.98417084713711,222,7,23,16,18,<a_23><b_16><c_18>
4cb73d67589f236ac95b3d3d,40.70615905707933,-73.89630228963256,309,34,7,39,47,<a_7><b_39><c_47>
4a0ad357f964a520ae741fe3,40.75557964275588,-73.97086143493652,224,11,9,55,53,<a_9><b_55><c_53>
4a0d771df964a5207d751fe3,40.71553668131168,-73.99857547529987,149,4,61,11,34,<a_61><b_11><c_34>
4b53da66f964a5203cad27e3,40.74410317521528,-73.91249656677246,307,13,51,45,34,<a_51><b_45><c_34>
4bf4b96898ac0f47a66464a8,40.780167724221975,-73.80259037017822,299,16,53,45,20,<a_53><b_45><c_20>
421a7600f964a5209d1f1fe3,40.77361447158453,-73.9641058682518,179,19,60,63,26,<a_60><b_63><c_26>
4e4bf6acd164d2bc73b4067e,40.75684745958904,-73.99362802505493,239,7,37,39,58,<a_37><b_39><c_58>
4daca907f7b17c2b98513650,40.71034280601823,-73.96110971663865,309,20,11,39,34,<a_11><b_39><c_34>
4ba94983f964a520961b3ae3,40.63855505,-73.895153,21,10,59,59,58,<a_59><b_59><c_58>
4ae32263f964a520ca9021e3,40.69277622390466,-73.99032354354858,78,7,3,63,49,<a_3><b_63><c_49>
4c5f529ab6f3be9a8f085d73,40.72445000728839,-73.74550163524083,369,8,8,37,22,<a_8><b_37><c_22>
4a935020f964a5208a1f20e3,40.75538459186637,-73.9226245880127,4,21,21,42,24,<a_21><b_42><c_24>
40fb0f00f964a520df0a1fe3,40.760472,-73.977779,63,17,48,5,38,<a_48><b_5><c_38>
41196180f964a5200b0c1fe3,40.69118178774824,-73.97480964660645,139,20,59,52,59,<a_59><b_52><c_59>
4af390e7f964a520a5ee21e3,40.760260692426186,-73.97747039794922,30,13,57,13,35,<a_57><b_13><c_35>
4a9c60eef964a520ff3620e3,40.750248045828585,-73.98991584777832,7,15,55,35,15,<a_55><b_35><c_15>
4a9c4e29f964a520c23620e3,40.76051875005879,-73.92217274297889,227,6,11,15,37,<a_11><b_15><c_37>
4bbf97b174a9a59311b9cef6,40.7602,-73.977355,91,12,48,4,63,<a_48><b_4><c_63>
4e5422e445dd5c591f463be3,40.77067079552426,-73.96607457854454,238,5,37,32,31,<a_37><b_32><c_31>
4cd84a313ec4b1f763cdbd3f,40.71011731976856,-74.0118670463562,69,12,63,41,8,<a_63><b_41><c_8>
460d4b66f964a52005451fe3,40.74481848035928,-73.99515151977539,48,22,59,25,11,<a_59><b_25><c_11>
4ec6d0b4be7ba4fc6da4febd,40.72783447937824,-73.9908969674878,301,9,8,50,29,<a_8><b_50><c_29>
43fe1ba4f964a520f82f1fe3,40.73673498897392,-73.98976065994738,40,30,22,54,7,<a_22><b_54><c_7>
41c0d000f964a5208e1e1fe3,40.75944749601904,-73.99131016856117,43,6,37,16,16,<a_37><b_16><c_16>
4a62af49f964a52073c41fe3,40.63949763333333,-73.97983020000001,53,10,50,53,35,<a_50><b_53><c_35>
4e8bcbd5dab424ec72a19378,40.63941333333334,-73.97987413333334,0,13,47,21,23,<a_47><b_21><c_23>
4c4b15acc668e21e8d0094f9,40.74557029238338,-73.90323815867245,112,11,50,13,27,<a_50><b_13><c_27>
4eaa287b0aafb00bd86ed1f7,40.75093890185689,-73.98590326309204,329,13,8,16,9,<a_8><b_16><c_9>
4af9d0aff964a520741422e3,40.728863,-73.980763,127,3,61,4,15,<a_61><b_4><c_15>
4eba99d3be7b1e562036cb46,40.717997,-73.959328,253,4,3,4,62,<a_3><b_4><c_62>
49d36ca4f964a520f75b1fe3,40.72686036833717,-73.9802598953247,253,14,5,31,18,<a_5><b_31><c_18>
4d7e74cde7e1721ef8cfe00b,40.708226,-74.004974,43,11,1,24,1,<a_1><b_24><c_1>
4de3e4effa7651589f21983d,40.721488,-73.995029,58,5,4,43,61,<a_4><b_43><c_61>
4b2fc073f964a5201aef24e3,40.78572595883766,-74.19757431317201,37,9,59,34,43,<a_59><b_34><c_43>
49ce965bf964a520605a1fe3,40.72957974686472,-73.9869141226312,232,20,48,6,16,<a_48><b_6><c_16>
4bbe816e98f49521516ad163,40.91404635747453,-73.997863877643,31,8,32,20,45,<a_32><b_20><c_45>
4cced0adaa25a35dcbbf220f,40.681168,-74.212389,94,12,58,58,9,<a_58><b_58><c_9>
4b5752f9f964a5206d3128e3,40.681098,-73.97596,241,9,11,47,24,<a_11><b_47><c_24>
45096dd1f964a5203c391fe3,40.758992940688046,-73.9194917678833,53,3,28,40,5,<a_28><b_40><c_5>
4f316ef3e4b08a0e6d8189be,40.775418547278,-73.96286034727628,155,6,26,7,0,<a_26><b_7><c_0>
49d3d4a7f964a5201a5c1fe3,40.74088398082356,-74.00765959043375,301,37,49,19,38,<a_49><b_19><c_38>
40f1d480f964a5206a0a1fe3,40.74706188749892,-74.00519371032715,139,89,22,15,26,<a_22><b_15><c_26>
4f1af1e6e5e85dca13107267,40.74110982790194,-73.98887973002674,6,5,11,5,32,<a_11><b_5><c_32>
3fd66200f964a52019eb1ee3,40.7246224724009,-73.99586106037441,53,10,48,2,61,<a_48><b_2><c_61>
4c6145c4832fa5933198f1d3,40.650641014449874,-74.22077894210815,138,21,55,44,20,<a_55><b_44><c_20>
40f32600f964a520730a1fe3,40.74312379755446,-73.9892154594962,56,4,28,59,42,<a_28><b_59><c_42>
4d5dec94618aa090a573e5e1,40.762464507620656,-73.96581055442489,4,6,34,59,16,<a_34><b_59><c_16>
4a1a4d4df964a520917a1fe3,40.82540355725982,-73.95661354064941,139,38,7,32,11,<a_7><b_32><c_11>
4b7d7a14f964a520f2c02fe3,40.66869292137888,-73.93140077590942,79,27,47,58,17,<a_47><b_58><c_17>
4a5b7bd6f964a52049bb1fe3,40.74508,-73.982476,228,14,59,31,28,<a_59><b_31><c_28>
4081c500f964a52081f21ee3,40.72123579454978,-73.95244816617493,139,34,57,24,47,<a_57><b_24><c_47>
4c1c2ac8eac020a1872d46c2,40.775276834803655,-73.95360946655273,369,30,49,49,63,<a_49><b_49><c_63>
4a84a4e5f964a52036fd1fe3,40.777059,-73.949276,31,3,24,39,55,<a_24><b_39><c_55>
49f85cbbf964a520f26c1fe3,40.8161477453172,-73.98043155670166,48,8,27,41,63,<a_27><b_41><c_63>
4bf81a008d30d13a4f1c0018,40.70644125441471,-74.15183544158936,299,27,36,47,31,<a_36><b_47><c_31>
4a1c91b1f964a520527b1fe3,40.7371935817703,-73.99653553962708,253,6,2,43,38,<a_2><b_43><c_38>
4a847222f964a520a1fc1fe3,40.75753505143226,-73.98516371078425,253,16,60,61,59,<a_60><b_61><c_59>
49bed279f964a520e4541fe3,40.7590758017476,-73.98392980432138,63,6,15,19,14,<a_15><b_19><c_14>
4a81c425f964a52083f71fe3,40.77914001737549,-73.94793659448624,48,11,27,1,2,<a_27><b_1><c_2>
48c50c4bf964a520dc511fe3,40.75249255272536,-73.98029116889106,240,9,23,18,15,<a_23><b_18><c_15>
42daf100f964a52035261fe3,40.70357833730756,-74.01618003845215,139,10,16,11,6,<a_16><b_11><c_6>
452d6886f964a5204a3b1fe3,40.753271503883234,-73.9822769165039,89,19,63,63,35,<a_63><b_63><c_35>
4a43ae41f964a520aba61fe3,40.75401921961654,-73.98210525512695,224,10,23,56,2,<a_23><b_56><c_2>
4e7fdff20aafbd4bf63b3998,40.7106834327866,-74.00461247163237,198,14,59,50,32,<a_59><b_50><c_32>
4a8c31aef964a520410d20e3,40.753499070431374,-73.97978782653809,233,5,3,58,24,<a_3><b_58><c_24>
427c0500f964a52097211fe3,40.778936659294864,-73.96229820007625,179,31,22,61,27,<a_22><b_61><c_27>
4bad3de2f964a520233d3be3,40.67692778613304,-73.89869928359985,307,58,6,56,1,<a_6><b_56><c_1>
4d1a880b1683a14310747551,40.773942932058,-73.94186034276925,6,14,53,7,29,<a_53><b_7><c_29>
4ab3163bf964a520766d20e3,40.69813445726876,-73.99260715503765,110,5,20,22,23,<a_20><b_22><c_23>
4b9eb87ef964a52075fc36e3,40.804510118099934,-73.93754640640921,31,14,60,61,18,<a_60><b_61><c_18>
4ace6c89f964a52078d020e3,40.773839,-73.87122,277,134,6,24,18,<a_6><b_24><c_18>
4c18fe064ff90f47d1370f49,40.717177,-73.955141,67,18,36,55,31,<a_36><b_55><c_31>
3fd66200f964a520ccf11ee3,40.7438789760452,-73.98157101223632,107,10,15,29,17,<a_15><b_29><c_17>
4b2acab2f964a520beaf24e3,40.74322529020578,-73.99635314941406,113,16,48,17,30,<a_48><b_17><c_30>
4c02c91d0d0e0f47c9a6019a,40.78671640081785,-73.8091064670309,94,28,6,4,22,<a_6><b_4><c_22>
4b76b394f964a5204f592ee3,40.80423128310824,-73.93684032384479,48,7,21,7,19,<a_21><b_7><c_19>
4a79f9bcf964a5201ee81fe3,40.72125203810384,-73.9891728758812,4,12,27,14,43,<a_27><b_14><c_43>
42377700f964a52026201fe3,40.784663301055176,-73.97932123709242,300,11,27,24,47,<a_27><b_24><c_47>
40f1d480f964a520510a1fe3,40.739619,-74.006403,67,4,28,3,57,<a_28><b_3><c_57>
4cfbed25d8468cfacd6df76b,40.71404731341298,-73.95492106676102,238,6,32,3,47,<a_32><b_3><c_47>
4eac4dd4775bf0856a5a9dd0,40.760302,-73.99527,284,45,47,3,51,<a_47><b_3><c_51>
4ec9763849010f98cee35863,40.82658398262613,-73.9559380887786,256,18,8,32,39,<a_8><b_32><c_39>
4b8ca10bf964a520c5d832e3,40.88357190912476,-73.86267185211182,307,56,60,60,41,<a_60><b_60><c_41>
4ad3dff7f964a520b2e620e3,40.76240414394372,-73.92674248782345,48,18,59,7,25,<a_59><b_7><c_25>
476f8da1f964a520044d1fe3,40.69516273601986,-73.99544786910717,113,10,15,57,15,<a_15><b_57><c_15>
3fd66200f964a5202fe81ee3,40.77836414910471,-73.98163318634033,151,6,23,21,27,<a_23><b_21><c_27>
4a5a713bf964a52054ba1fe3,40.753825,-73.973799,34,10,55,52,15,<a_55><b_52><c_15>
4c5bed609b28d13a854c5570,40.746964349631696,-73.80769729614258,139,7,27,24,24,<a_27><b_24><c_24>
448acb74f964a52048341fe3,40.711295,-73.961444,318,8,32,8,28,<a_32><b_8><c_28>
4bb8ba90cf2fc9b66ec69f02,40.77381437268857,-74.17543888092041,139,12,12,13,17,<a_12><b_13><c_17>
43d9af53f964a520702e1fe3,40.7594122094148,-73.9917807575885,111,9,39,28,30,<a_39><b_28><c_30>
43cbf323f964a520c52d1fe3,40.7616909474116,-73.99105310440063,245,18,14,39,4,<a_14><b_39><c_4>
4efd1635f790570bcf88cbfd,40.71456338809374,-74.01544645119131,251,4,0,25,28,<a_0><b_25><c_28>
44d8c155f964a52079361fe3,40.76271587683453,-73.98763664066797,123,16,39,56,19,<a_39><b_56><c_19>
4b0ff4a0f964a520b16623e3,40.75589879828258,-73.9792121911996,40,10,22,17,26,<a_22><b_17><c_26>
3fd66200f964a52054e91ee3,40.727119,-73.993104,127,5,0,13,15,<a_0><b_13><c_15>
4d9e7b18640b54812969cc2d,40.75052331906269,-73.93994017936863,72,19,45,24,35,<a_45><b_24><c_35>
4e2de053a8092ca5c37048b0,40.62595620370298,-73.99701833724976,79,30,6,47,26,<a_6><b_47><c_26>
4a67d29cf964a52020ca1fe3,40.718931592174485,-73.98912937507284,157,22,39,60,53,<a_39><b_60><c_53>
4aff3636f964a520ed3522e3,40.587023931932805,-73.95421035537034,307,23,30,21,20,<a_30><b_21><c_20>
4c7d8ca0b53db1f757829d11,40.59523399590661,-73.95519733428955,307,30,6,30,5,<a_6><b_30><c_5>
4bcb05dc0687ef3bcde2dccc,40.60906562433294,-73.95777225494385,307,44,6,48,52,<a_6><b_48><c_52>
4a97e23df964a520db2920e3,40.77800831707478,-73.9541472153185,156,17,46,19,58,<a_46><b_19><c_58>
4aeae96bf964a52096bc21e3,40.74892778289527,-73.99007056267124,123,9,55,7,14,<a_55><b_7><c_14>
4a415001f964a52014a51fe3,40.76396628964295,-73.915114402771,157,28,60,35,60,<a_60><b_35><c_60>
4f3a5687e4b03d78318d2208,40.74997526827238,-73.97949341469202,253,18,26,54,8,<a_26><b_54><c_8>
4e81b2806da161a76898c16e,40.75158901292357,-73.97452889871566,69,37,33,23,51,<a_33><b_23><c_51>
4a8a998af964a5202b0a20e3,40.70964742200671,-74.01051729615469,253,83,29,60,30,<a_29><b_60><c_30>
4a3fbfacf964a520eaa31fe3,40.74029892315393,-73.98678302764893,253,18,46,9,8,<a_46><b_9><c_8>
4a954328f964a520cf2220e3,40.70972827284494,-74.01076978215657,69,84,6,12,53,<a_6><b_12><c_53>
4a7490b8f964a520a0de1fe3,40.68670555359189,-73.99048950444671,253,42,52,4,25,<a_52><b_4><c_25>
4d00b2c6ba1da1cd33ec8928,40.71967452712271,-74.00445179358778,61,3,41,8,25,<a_41><b_8><c_25>
4b0cb04df964a520054123e3,40.85541922129015,-73.92921209335327,307,29,29,50,25,<a_29><b_50><c_25>
491ada01f964a52072521fe3,40.725292088686246,-73.99214602821085,253,5,5,9,45,<a_5><b_9><c_45>
4af3318cf964a5209ceb21e3,40.59524417925351,-73.95515710115433,307,32,38,46,5,<a_38><b_46><c_5>
4b38c482f964a520275025e3,40.76806170936613,-73.74941825866699,81,48,46,37,27,<a_46><b_37><c_27>
4c619e7feb82d13aa96a03d6,40.73433936337379,-74.059097476286,299,20,46,4,39,<a_46><b_4><c_39>
4b5b08c9f964a520f9df28e3,40.82786090041683,-73.925651460886,307,52,6,47,26,<a_6><b_47><c_26>
4c2cc3dbae6820a16bd31943,40.74856989102761,-73.98940484509166,69,25,35,61,48,<a_35><b_61><c_48>
4a679cbef964a520c9c91fe3,40.74435379672637,-73.98249501939839,91,63,45,53,63,<a_45><b_53><c_63>
4c157c24a5eb76b0ab7ac3b7,40.74744592622918,-74.00065860485748,48,9,12,7,54,<a_12><b_7><c_54>
4c4798891ddec92873069e32,40.74434194850082,-73.98244910610394,110,47,45,1,34,<a_45><b_1><c_34>
4b06db2df964a5208df122e3,40.74554200153562,-73.98246058442858,21,34,54,7,54,<a_54><b_7><c_54>
4b37ec3cf964a520b74825e3,40.74994975483617,-73.98386667401014,110,9,51,31,3,<a_51><b_31><c_3>
4aabc152f964a520f15920e3,40.7139039417223,-74.00896220456364,253,30,55,1,43,<a_55><b_1><c_43>
4bf1ab8da09076b01fe829d4,40.752881387988616,-73.9769983291626,81,11,51,37,63,<a_51><b_37><c_63>
4a5dd98ef964a520c2bd1fe3,40.73784112293886,-73.98849808812169,253,8,55,0,38,<a_55><b_0><c_38>
4cdf4390df986ea8d331e116,40.79067094456822,-74.20032308006297,6,25,57,12,27,<a_57><b_12><c_27>
4b82ac15f964a520a5dd30e3,40.79263095814757,-74.2000937461853,79,24,55,3,6,<a_55><b_3><c_6>
4c7e428dd598a093cd23c562,40.86849913440985,-74.04021263122559,69,30,41,1,48,<a_41><b_1><c_48>
4bb0c649f964a520bd5b3ce3,40.64931643139256,-73.9638992386005,112,6,33,60,8,<a_33><b_60><c_8>
4a9fe7baf964a520863d20e3,40.714219577962055,-74.01256012787448,69,6,51,37,37,<a_51><b_37><c_37>
4ad75f23f964a520e30921e3,40.77984966409195,-73.94659896048339,157,11,41,35,24,<a_41><b_35><c_24>
4ba24598f964a520b0e837e3,40.63535650906132,-74.10638620755533,185,30,26,9,30,<a_26><b_9><c_30>
4e3695d5483bf3839a3a0c1b,40.72522354013928,-74.0075333454209,69,17,51,9,10,<a_51><b_9><c_10>
4d43040858e9b1f7933fdfce,40.92970904052616,-74.07544681319126,69,5,24,9,18,<a_24><b_9><c_18>
4b50870af964a5202e2627e3,40.75453936473234,-73.98837089538574,110,14,2,17,0,<a_2><b_17><c_0>
49ee4554f964a52042681fe3,40.755612636697954,-73.98959996944906,112,40,42,49,5,<a_42><b_49><c_5>
4b902989f964a5206a7933e3,40.699739232584776,-73.95021915435791,307,10,56,27,10,<a_56><b_27><c_10>
4b755c75f964a52038082ee3,40.7386668,-73.995777,110,8,51,37,37,<a_51><b_37><c_37>
4b047731f964a520645422e3,40.68710604029088,-73.97541046142578,307,17,18,62,48,<a_18><b_62><c_48>
4ae27bdcf964a5208d8e21e3,40.68610536956845,-73.99047374725342,307,46,41,63,3,<a_41><b_63><c_3>
4aca10d4f964a5205dc020e3,40.65299279819418,-73.90020087549914,91,59,21,55,44,<a_21><b_55><c_44>
4c34d1323896e21e1e35ec90,40.757373133649786,-73.98593274615102,69,2,51,37,37,<a_51><b_37><c_37>
4ca657139f4776b037529813,40.753205124603774,-73.9981163803399,149,7,51,37,37,<a_51><b_37><c_37>
4c5b433f2815c928d0ffae67,40.74496479182735,-73.99345636367798,69,13,51,10,44,<a_51><b_10><c_44>
4f693f8de4b074b7daf6c0f2,40.79396685845335,-74.15335626699198,6,7,10,23,15,<a_10><b_23><c_15>
4f66b7c3e4b08ac7271179ee,40.79396685845335,-74.15335626699198,6,9,10,28,40,<a_10><b_28><c_40>
4ae27cdff964a520958e21e3,40.680695458897176,-73.99565446485214,81,16,13,40,23,<a_13><b_40><c_23>
4a7d9cd9f964a520efee1fe3,40.67352655223766,-73.9959454536438,79,44,45,48,27,<a_45><b_48><c_27>
4bd9e2225f34b713dde03579,40.660391929765225,-73.9980697631836,307,22,63,35,46,<a_63><b_35><c_46>
4e286bb01fc7f0a6e14995a7,40.75379775034375,-73.9868152141571,253,48,5,42,25,<a_5><b_42><c_25>
4a97fe69f964a520082a20e3,40.80615113329764,-74.07784459703637,69,35,33,41,58,<a_33><b_41><c_58>
4bcf4cfe9854d13a18caf54d,40.70685754464424,-74.00608726023904,69,11,10,45,41,<a_10><b_45><c_41>
4adc9f3af964a520072e21e3,40.706520408611205,-74.00476167255299,228,12,33,62,35,<a_33><b_62><c_35>
4a242d0ff964a520fd7d1fe3,40.70833915788416,-74.00792355700952,48,9,5,13,60,<a_5><b_13><c_60>
4d7e60eb564b8cfa2ac8f064,40.69420717783917,-73.98686247136257,186,16,62,44,41,<a_62><b_44><c_41>
4b0b2275f964a520772d23e3,40.75885710200309,-73.98109465898243,307,82,13,13,31,<a_13><b_13><c_31>
4b9ffda2f964a5206c5037e3,40.75809655681089,-73.9820531034839,69,23,12,57,21,<a_12><b_57><c_21>
4c9a162d292a6dcbc4b6cb76,40.750091737679625,-73.91028286586223,69,50,10,14,52,<a_10><b_14><c_52>
4cbc63b976ad9c7435e5e7cb,40.70253724602918,-73.79992961883545,309,48,49,53,16,<a_49><b_53><c_16>
439c437bf964a520f02b1fe3,40.75853784442297,-73.98560285568237,301,74,47,31,46,<a_47><b_31><c_46>
49ef216ef964a52080681fe3,40.75790395514735,-73.9864182472229,69,33,62,48,21,<a_62><b_48><c_21>
4a91768cf964a520441a20e3,40.72619059610766,-73.98624839410414,112,18,59,35,54,<a_59><b_35><c_54>
4f7db8eae4b021182169e8f0,40.9020261856204,-74.0085375648089,83,31,12,35,52,<a_12><b_35><c_52>
4d83d942d5fab60c3b42d59b,40.74698304826779,-73.98505466820684,71,19,33,41,41,<a_33><b_41><c_41>
4b9673caf964a52011cd34e3,40.755253353706,-73.97945897918443,155,25,5,9,45,<a_5><b_9><c_45>
4a3c2132f964a52022a11fe3,40.66715574677851,-73.99066167203445,97,29,60,29,12,<a_60><b_29><c_12>
4d1cf67b756e8cfa797c4a54,40.75249619943229,-73.99423124520388,253,8,10,35,37,<a_10><b_35><c_37>
4baa673bf964a520d8663ae3,40.77350198619314,-73.98102578853477,69,58,33,55,8,<a_33><b_55><c_8>
4af96e34f964a520bb1122e3,40.755120459541295,-73.97954642772675,253,8,33,48,57,<a_33><b_48><c_57>
4f393be0e4b0e313d5665cac,40.753314605576,-73.9868969055432,69,32,33,29,31,<a_33><b_29><c_31>
4af57814f964a52043f921e3,40.74433543734781,-73.99541343646136,253,33,33,7,35,<a_33><b_7><c_35>
4a6df6f5f964a52070d31fe3,40.75068227758624,-73.98359693517386,69,13,10,9,53,<a_10><b_9><c_53>
4e5160c3483bb770492ac1ea,40.75437372000164,-73.97497657130793,253,7,33,54,58,<a_33><b_54><c_58>
4dd27f5c1f6ef5f6ccd5df9c,40.70188518471335,-73.76582451883537,60,11,10,57,59,<a_10><b_57><c_59>
4c8f65821664b1f7afd9a72f,40.962576,-74.07160158333333,202,8,10,35,54,<a_10><b_35><c_54>
49ef2af5f964a52084681fe3,40.74521157611056,-73.98263849837286,149,16,60,41,51,<a_60><b_41><c_51>
4ed6c15ee300234fec8ed987,40.77943802033173,-73.9740200196214,32,11,62,18,62,<a_62><b_18><c_62>
4b15385cf964a5207da923e3,40.731145569840216,-74.00841132037564,373,16,33,17,15,<a_33><b_17><c_15>
4bc4ac4cb492d13a755faa60,40.74049401829623,-73.98673474788666,71,8,62,9,40,<a_62><b_9><c_40>
4aa01922f964a520483e20e3,40.74907894406079,-73.98399867372817,253,26,59,14,42,<a_59><b_14><c_42>
4b0a9290f964a520352523e3,40.74202374678596,-73.98998447863148,69,32,63,6,50,<a_63><b_6><c_50>
4bd1a262a8b3a593ae06665f,40.75416009822106,-73.97382869077786,155,14,12,34,31,<a_12><b_34><c_31>
4e271458149503e3719cd115,40.64906765955578,-73.89617597185178,110,25,13,23,63,<a_13><b_23><c_63>
4ecd10b67ee51c2d50c87209,40.70795058646715,-73.78573744997894,159,23,63,1,31,<a_63><b_1><c_31>
4a43baaaf964a520b9a61fe3,40.738665,-73.975303,185,9,12,45,40,<a_12><b_45><c_40>
4e46948162845e1d3c92eb7d,40.75121342362821,-74.02533880675394,103,14,63,5,7,<a_63><b_5><c_7>
4a3d735cf964a5204ba21fe3,40.75155887388283,-73.98263849837286,294,21,59,34,62,<a_59><b_34><c_62>
4acbf5dff964a52073c820e3,40.745742838208535,-73.99751381653546,4,3,20,44,43,<a_20><b_44><c_43>
4ba82484f964a52051ce39e3,40.660555887861165,-74.17174136107501,308,18,16,1,14,<a_16><b_1><c_14>
4dc7ff9eae608779d177957d,40.74113695073794,-73.99574054634681,69,4,42,34,58,<a_42><b_34><c_58>
4c3f0dd76faac9b6ca040f76,40.69382563377511,-73.98716663974452,82,10,42,44,30,<a_42><b_44><c_30>
4b049219f964a520425522e3,40.7548186621782,-73.97512579527391,155,11,63,46,38,<a_63><b_46><c_38>
4e2b1951d4c0e5c89ac0dc26,40.65944908730784,-74.17111641815272,69,12,16,55,44,<a_16><b_55><c_44>
4c08325f6071a59359e5db32,40.65947006274328,-74.17110495129045,7,11,43,44,18,<a_43><b_44><c_18>
4ad0df23f964a5209bda20e3,40.742862660166125,-73.99238907827885,152,22,33,36,57,<a_33><b_36><c_57>
4aca718ff964a520f6c120e3,40.76695833299644,-73.95777486481806,156,39,63,58,30,<a_63><b_58><c_30>
4bc8756114d79521650f69e9,40.82144157832533,-73.9878988265991,369,17,27,29,32,<a_27><b_29><c_32>
4bef137c2ff520a13216e8a2,40.73166539024325,-74.19816255569458,37,6,34,34,40,<a_34><b_34><c_40>
4c757abb3adda1432e7707af,40.718005536050974,-74.00696396827698,200,25,63,5,15,<a_63><b_5><c_15>
4b71c288f964a520d25a2de3,40.74836992791293,-73.99050672121244,69,7,10,19,26,<a_10><b_19><c_26>
4bea96e76295c9b6908b8608,40.66147748707395,-73.91629391821795,307,12,60,7,40,<a_60><b_7><c_40>
4e895343d5fbe29bfafc851c,40.74954092693113,-73.98661136627197,7,15,22,47,45,<a_22><b_47><c_45>
4db7159b93a017099e0e0357,40.7549708172285,-73.98015342739531,69,20,63,34,2,<a_63><b_34><c_2>
4c8ff873de3d236acadc6718,40.709516823511386,-74.08783121112451,195,9,3,14,5,<a_3><b_14><c_5>
4d8cf0c55234a09063b5aabd,40.730121,-74.00296,232,15,50,2,53,<a_50><b_2><c_53>
4ab7e859f964a5206f7b20e3,40.7105727473657,-73.95584106445312,299,13,39,28,5,<a_39><b_28><c_5>
4abc3ed5f964a520e48620e3,40.86075860452271,-74.19882774353027,208,20,54,26,54,<a_54><b_26><c_54>
4ed417828231b9ef8cdf7cd4,40.69604841969268,-73.98802175204773,194,12,38,10,59,<a_38><b_10><c_59>
4e7741b845ddd4324086eaac,40.75752331463292,-73.96917868724836,307,17,35,31,53,<a_35><b_31><c_53>
4b342f9df964a520e52525e3,40.64225636695538,-74.14209365844727,252,11,26,48,32,<a_26><b_48><c_32>
4c87a82556e03704a41cb4a3,40.695905463269405,-73.98825131174901,195,12,38,62,59,<a_38><b_62><c_59>
4c64661286ea76b035290ebb,40.965274096356254,-74.06268871487116,104,24,18,42,46,<a_18><b_42><c_46>
4c726993ad69b60cdc5183b9,40.77194221904095,-74.02945855753435,83,18,41,36,37,<a_41><b_36><c_37>
4ce6d1330f196dcb0a0f3aae,40.79301881008675,-73.94794464111328,332,10,12,13,52,<a_12><b_13><c_52>
4e64846b18a8ce02fdc01c5e,40.7605713632254,-73.96232081034739,324,9,58,45,47,<a_58><b_45><c_47>
49cbcc5cf964a5201d591fe3,40.73403986666158,-73.99317530121836,228,5,3,10,18,<a_3><b_10><c_18>
4c2d20773a4d0f476f5be386,40.64119798879807,-73.99636033196725,101,9,39,20,35,<a_39><b_20><c_35>
4e4418ef1838e44e89884745,40.79437893161566,-73.94883189698274,110,18,12,47,14,<a_12><b_47><c_14>
4a11b947f964a52038771fe3,40.741706255475066,-73.98530718776547,69,7,55,62,30,<a_55><b_62><c_30>
4b8d5d69f964a5204af732e3,40.74379022679562,-73.98389160633087,110,84,49,30,19,<a_49><b_30><c_19>
4acbdd2ef964a52016c820e3,40.75816510418584,-73.98926137117284,253,8,34,62,15,<a_34><b_62><c_15>
4a09f665f964a52077741fe3,40.76744416223376,-73.97193431854248,162,5,3,46,54,<a_3><b_46><c_54>
4a749103f964a520a2de1fe3,40.73714480561841,-73.99020552635193,224,12,50,61,49,<a_50><b_61><c_49>
4c619e19de1b2d7fbc4de070,40.71216158223567,-73.93977944733855,104,10,63,15,12,<a_63><b_15><c_12>
4b572861f964a520ac2828e3,40.7625685886431,-73.96796464920044,307,19,60,13,0,<a_60><b_13><c_0>
4b186041f964a520bed123e3,40.76791696540287,-73.96357597575265,307,21,13,19,0,<a_13><b_19><c_0>
4ce2a056ffcf3704bed62c82,40.693437826390245,-73.98600161483961,91,22,46,28,60,<a_46><b_28><c_60>
4a799b0ff964a52039e71fe3,40.69375934315463,-73.9867591687836,146,15,12,6,15,<a_12><b_6><c_15>
49ee004ef964a5200f681fe3,40.753447928267605,-73.98612213498515,110,19,33,19,15,<a_33><b_19><c_15>
4bc24023461576b056237d32,40.70712443235431,-74.01072978973389,369,9,39,25,53,<a_39><b_25><c_53>
4b8bf752f964a52038b532e3,40.75883153363946,-73.78253175150624,340,13,45,14,50,<a_45><b_14><c_50>
4a9bf653f964a520913520e3,40.75420354149141,-73.97569973252601,228,9,52,54,20,<a_52><b_54><c_20>
49c39ed6f964a52066561fe3,40.728659514732286,-73.98764297794041,251,9,39,25,24,<a_39><b_25><c_24>
4b21e531f964a520424224e3,40.75985135786464,-73.98127257419128,228,9,5,6,37,<a_5><b_6><c_37>
4c38e55118e72d7f094119f5,40.7343482464409,-73.86902332305908,288,12,57,2,30,<a_57><b_2><c_30>
4cd5ebf57da9a35d56bcecb9,40.63396697468096,-74.00063278107605,6,13,43,58,24,<a_43><b_58><c_24>
4e91f563550342b5a4c99baf,40.7520198739458,-73.98174047470093,89,17,22,29,35,<a_22><b_29><c_35>
4a5a62dff964a52041ba1fe3,40.69716886084869,-73.93569231033325,307,36,6,55,9,<a_6><b_55><c_9>
4b2a9723f964a520e6ab24e3,40.7410826714645,-73.98937041136092,31,11,23,31,6,<a_23><b_31><c_6>
4edcde4146907c1b458ed648,40.7370688838819,-73.99301461358039,69,36,63,40,52,<a_63><b_40><c_52>
4ec27c885c5c3d470deb0904,40.72592867208607,-73.99639476444295,224,14,9,39,51,<a_9><b_39><c_51>
4c1a47228b3aa5936051955f,40.79357113982765,-73.94451141357422,369,24,35,33,22,<a_35><b_33><c_22>
4ba50a3ef964a5204cd438e3,40.79776219813824,-73.95309448242188,139,22,35,31,52,<a_35><b_31><c_52>
4a3966c7f964a520689f1fe3,40.74858212413511,-73.9894220619547,312,31,60,45,60,<a_60><b_45><c_60>
4b46b35ef964a520062726e3,40.75664218293871,-73.91412950145927,48,14,16,11,24,<a_16><b_11><c_24>
4b072e3ff964a520fff822e3,40.7200302985548,-73.84515970945358,150,10,52,60,39,<a_52><b_60><c_39>
4bf6bb57b1a7a593659ed65b,40.911949,-74.036207,153,11,3,2,39,<a_3><b_2><c_39>
4be9872661aca59346a28200,40.74739935731128,-73.98363710906709,223,8,9,27,33,<a_9><b_27><c_33>
4bd8678f09ecb71310bd487c,40.718150884309296,-74.0069824571169,89,21,2,6,48,<a_2><b_6><c_48>
4169cd00f964a5208a1d1fe3,40.71945037152671,-73.98781514808185,43,49,1,42,40,<a_1><b_42><c_40>
4cc5cab41e596dcb1766da67,40.95196465262272,-74.09025192260742,188,9,5,2,39,<a_5><b_2><c_39>
4ae20b16f964a5201b8a21e3,40.77418286905642,-73.959634582752,253,13,2,12,49,<a_2><b_12><c_49>
4d51438c9b27721ecbe1b546,40.77874938928056,-73.95599548829432,149,8,2,34,49,<a_2><b_34><c_49>
4a929bd6f964a5203c1d20e3,40.60540027717472,-73.9805817604065,307,8,58,15,14,<a_58><b_15><c_14>
4df27137ae609e69dd95ef3f,40.7856244238207,-74.02413671784228,6,44,45,14,63,<a_45><b_14><c_63>
4af07830f964a52063dc21e3,40.77819483481547,-73.9805723908051,4,6,12,43,8,<a_12><b_43><c_8>
4b422afbf964a5200bce25e3,40.58532514916689,-73.95202340155454,157,36,22,10,23,<a_22><b_10><c_23>
4baf8e12f964a520210a3ce3,40.758082745042216,-73.78525257110596,21,12,16,55,29,<a_16><b_55><c_29>
4b538da4f964a520e7a127e3,40.74702446874285,-73.98137014052622,110,10,5,58,50,<a_5><b_58><c_50>
4de8f397fa76fd1168ad0662,40.772409703457214,-73.98468736643798,329,26,47,6,40,<a_47><b_6><c_40>
4bafc607f964a520b21f3ce3,40.713809998131545,-73.83071483139443,79,14,21,32,40,<a_21><b_32><c_40>
4e87e08d93ad69fee81d7c9d,40.85432363277056,-73.86778111008127,157,30,63,42,23,<a_63><b_42><c_23>
4aeee85af964a520a2d421e3,40.75389731001637,-73.97855401039124,253,35,59,63,10,<a_59><b_63><c_10>
3fd66200f964a5205de41ee3,40.73821643777286,-73.9878495820916,24,16,57,43,8,<a_57><b_43><c_8>
4ad20513f964a520e0de20e3,40.77953911885943,-73.95525231957436,66,10,36,3,50,<a_36><b_3><c_50>
4a070b6ef964a5201d731fe3,40.77901864208124,-73.95395779503919,165,9,35,33,1,<a_35><b_33><c_1>
3fd66200f964a52074e51ee3,40.73698799811338,-73.98458,43,13,54,62,62,<a_54><b_62><c_62>
4e899a7ff5b95970d4a7e27f,40.751280393853925,-73.97968280987348,149,10,63,10,38,<a_63><b_10><c_38>
4c7fc79ed860b60c8ad9619d,40.781223849079005,-73.9183759689331,369,12,27,29,40,<a_27><b_29><c_40>
4f0f47650cd695a0e54cb438,40.72198994979771,-73.9977478981018,149,5,37,16,1,<a_37><b_16><c_1>
4a553eadf964a520ebb31fe3,40.67956402987482,-73.98416519165039,157,24,27,55,53,<a_27><b_55><c_53>
4b865064f964a520ac8531e3,40.96293527560183,-74.09249424934387,110,12,34,42,28,<a_34><b_42><c_28>
4f337c01e4b04cda15704186,40.751239605596666,-73.99161432989371,294,10,11,45,27,<a_11><b_45><c_27>
4c65885618b676b006b0ab0e,40.74118774734355,-74.27075087427112,6,13,34,56,8,<a_34><b_56><c_8>
4d59274a3281b1f7deb0b72f,40.74456391628884,-73.99663005286135,112,5,37,39,51,<a_37><b_39><c_51>
4ce691779f776ea8778f5222,40.693603428130906,-73.98605900539454,72,13,34,62,59,<a_34><b_62><c_59>
4cfe57d0d7206ea89ee24d69,40.693812,-73.986181,69,10,23,44,0,<a_23><b_44><c_0>
4de2946d45dd180ae549f53f,40.90300406983152,-74.07862186431885,84,7,39,31,12,<a_39><b_31><c_12>
4b48c4c9f964a5201e5626e3,40.82660915346994,-74.13912177085876,64,8,50,21,29,<a_50><b_21><c_29>
4ba6c2c2f964a520ee6d39e3,40.721957424936726,-73.79645347595215,187,16,16,48,0,<a_16><b_48><c_0>
49a411d4f964a5209b521fe3,40.74906145419511,-73.98037151805134,91,8,36,59,18,<a_36><b_59><c_18>
4a0f1baef964a52026761fe3,40.58606020705239,-73.92983436584473,166,22,47,26,38,<a_47><b_26><c_38>
4e662b111838ad3d106548f6,40.75273892857143,-73.97357938571429,331,15,38,5,42,<a_38><b_5><c_42>
4a7b599bf964a520c1ea1fe3,40.74288989878352,-73.98457258449115,155,10,33,54,44,<a_33><b_54><c_44>
4b561591f964a52093ff27e3,40.7823686576613,-73.94887781828542,157,5,50,4,60,<a_50><b_4><c_60>
3fd66200f964a52069e71ee3,40.74233400165071,-73.98385519576951,251,8,39,42,21,<a_39><b_42><c_21>
4c0431b8310fc9b671f9c661,40.82141255141136,-73.85954898955855,6,14,57,24,49,<a_57><b_24><c_49>
4e1273a5d4c07597ff8a0ba3,40.82671052495465,-73.95518041357211,139,35,48,24,20,<a_48><b_24><c_20>
4a809c7df964a520b2f51fe3,40.7270333463285,-73.99521257923753,253,28,63,21,15,<a_63><b_21><c_15>
4b96b432f964a52018df34e3,40.70473327890426,-73.98773789405823,202,29,36,40,21,<a_36><b_40><c_21>
4b69f608f964a5206abe2be3,40.89652821480768,-73.97421323151809,228,36,63,47,59,<a_63><b_47><c_59>
4b5175f7f964a520bc4d27e3,40.81283482509646,-73.98407936096191,308,11,43,57,29,<a_43><b_57><c_29>
45112af0f964a5208d391fe3,40.774215,-73.981176,253,14,13,60,25,<a_13><b_60><c_25>
4e33fc7662845cff5a44b21d,40.66722811557896,-73.89455795288086,369,12,58,19,59,<a_58><b_19><c_59>
4e3ab921b3ade614e1275a0c,40.74947590412627,-73.99223327636719,79,26,36,44,11,<a_36><b_44><c_11>
4c4b52ce9e6dbe9acbd4e10b,40.69200248038391,-73.98720681289102,369,12,43,57,46,<a_43><b_57><c_46>
4e6ff4f5d22d8c11efd2447d,40.70064826061461,-73.78878224132089,39,24,49,21,1,<a_49><b_21><c_1>
4d8fb54a6174a0932c9ae4e3,40.61336604201667,-74.00071978569031,307,14,45,4,15,<a_45><b_4><c_15>
4a81f0bef964a5200cf81fe3,40.73176295054582,-73.97792100906372,329,13,57,18,46,<a_57><b_18><c_46>
4f25a574e4b04b5526a8100b,40.753257312541045,-73.973220311321,243,17,60,52,61,<a_60><b_52><c_61>
4aef64e7f964a52016d821e3,40.75371247722132,-73.97377129657164,89,17,63,48,19,<a_63><b_48><c_19>
4c65b657e75ac9284b94f5da,40.83448112010956,-73.944442,21,16,58,44,48,<a_58><b_44><c_48>
4ad494d5f964a5203ce820e3,40.824648526250215,-74.13560271263123,294,23,59,56,14,<a_59><b_56><c_14>
3fd66200f964a5206ce41ee3,40.73771556288177,-73.98822261680137,237,7,27,16,38,<a_27><b_16><c_38>
4eba55d94fc6624001a7e001,40.81970407848528,-73.901606798172,309,16,58,39,33,<a_58><b_39><c_33>
4e63bfa345ddda352a235a77,40.7725569747767,-74.14161270853154,6,5,48,58,41,<a_48><b_58><c_41>
3fd66200f964a520aae81ee3,40.760753,-73.990799,56,8,17,50,4,<a_17><b_50><c_4>
4c76b5e6947ca1cd1d144537,40.873059,-74.109526,153,13,27,42,40,<a_27><b_42><c_40>
4bb8eb3ecf2fc9b65506a002,40.83126977401684,-73.82739534310181,32,4,20,59,20,<a_20><b_59><c_20>
4e34c11c8877beb5e9a51fcb,40.63063339189206,-73.97712595918333,6,14,58,8,47,<a_58><b_8><c_47>
4f1d6a0ce4b085450898a7ee,40.67008028629618,-73.90658830179062,6,17,43,58,48,<a_43><b_58><c_48>
4a80af37f964a520eaf51fe3,40.72325141502383,-74.03920101184731,312,12,23,62,2,<a_23><b_62><c_2>
4e9020e6c2ee0d7f4f692e87,40.64321699164897,-74.07350420951843,79,19,36,46,17,<a_36><b_46><c_17>
4a55f2d0f964a5204fb41fe3,40.742,-73.993378,150,8,37,45,41,<a_37><b_45><c_41>
4aaa7709f964a520105620e3,40.758551470603706,-73.98488823467986,69,13,2,44,11,<a_2><b_44><c_11>
4d47001a0bcd2c0ffe9231a1,40.7802560257806,-73.84778739924586,6,12,16,22,23,<a_16><b_22><c_23>
4c543f26a724e21eaa8712f6,40.653866669827366,-73.91139093435652,48,20,45,32,41,<a_45><b_32><c_41>
4d24b715cc84721ea6166bf6,40.65890928313945,-73.90905422295955,312,12,22,18,45,<a_22><b_18><c_45>
4b5fd95cf964a520b2ce29e3,40.65615713596344,-73.908215,116,7,1,19,1,<a_1><b_19><c_1>
4be314e8f07b0f476209f743,40.78019857406616,-74.17540534021674,253,1,31,13,55,<a_31><b_13><c_55>
4bdf4ba6ffdec928a870eba1,40.7910226,-74.1509775,110,4,21,60,19,<a_21><b_60><c_19>
3fd66200f964a52047e71ee3,40.74624500344291,-73.97755086421967,56,6,15,40,23,<a_15><b_40><c_23>
4b0e1598f964a520c85423e3,40.79467578552487,-73.97176265716553,307,23,47,22,40,<a_47><b_22><c_40>
4e5590b5814d6ce5cc849483,40.8706300946324,-74.09792627389562,329,44,43,44,17,<a_43><b_44><c_17>
4bbd28b1a8cf76b07485b1fd,40.87889184726393,-74.085163959294,48,18,43,56,52,<a_43><b_56><c_52>
4b14029ef964a520b39b23e3,40.76146340890431,-73.98403644561768,307,17,29,22,34,<a_29><b_22><c_34>
4b89a6d6f964a5203d4932e3,40.71985300317544,-74.042841,31,20,36,41,49,<a_36><b_41><c_49>
4adcf849f964a5200c6321e3,40.67026755172896,-73.98977637290949,307,79,6,29,32,<a_6><b_29><c_32>
4be63bdd910020a1452cd414,40.75045695274859,-73.99123556287765,79,27,29,57,57,<a_29><b_57><c_57>
4ed6316a2c5b3d826e649dbf,40.752967128069095,-73.97698534575743,66,51,22,46,37,<a_22><b_46><c_37>
4bd62c5b5631c9b65383a530,40.799194302240885,-74.09895295732946,157,19,46,58,49,<a_46><b_58><c_49>
4ad8795ff964a520a21121e3,40.86149293891381,-73.89058023691177,79,32,29,51,19,<a_29><b_51><c_19>
4c6015d023e303bb82dc7407,40.63730038221779,-73.89276087284088,31,28,34,32,44,<a_34><b_32><c_44>
4ccb78b054f0b1f707d60fca,40.72975422603346,-73.9808363946765,127,6,15,15,20,<a_15><b_15><c_20>
4dfdcb64227185f38b9979e8,40.76071686239771,-73.91834636014222,6,54,57,20,3,<a_57><b_20><c_3>
4b4fbddbf964a520891327e3,40.769538,-73.9519560005793,157,11,23,32,16,<a_23><b_32><c_16>
4e4c495652b1075a63895b8e,40.7420383,-73.990214,91,4,11,23,18,<a_11><b_23><c_18>
4b1f3cccf964a520122524e3,40.912175,-73.851171,79,41,48,31,51,<a_48><b_31><c_51>
49e6e227f964a52074641fe3,40.74760293839914,-73.98625987220174,38,9,19,43,26,<a_19><b_43><c_26>
4d5f4ab6865a224b7c369d85,40.785065635590186,-73.81249842275241,6,44,49,47,8,<a_49><b_47><c_8>
4a834daff964a520b3fa1fe3,40.939825,-73.835217,79,44,48,31,6,<a_48><b_31><c_6>
4af4a625f964a520acf421e3,40.769668523860375,-73.98251831531525,208,20,22,3,17,<a_22><b_3><c_17>
4ede2b88f790c0454a1a7989,40.769639965450985,-73.98299096298618,178,11,34,41,17,<a_34><b_41><c_17>
423e0e80f964a52046201fe3,40.73019307158212,-73.9892728490903,146,7,34,24,59,<a_34><b_24><c_59>
4e5fce33b0fb754192cca549,40.75094716932898,-73.99364014684153,366,5,34,49,39,<a_34><b_49><c_39>
4b522c69f964a520636d27e3,40.77197905799648,-73.98753393677096,188,24,13,61,27,<a_13><b_61><c_27>
43c922c9f964a520972d1fe3,40.76792357432163,-73.98194432258606,308,31,22,5,22,<a_22><b_5><c_22>
4ab26682f964a520106b20e3,40.75254816218265,-73.99299502372742,253,6,46,59,24,<a_46><b_59><c_24>
49c64842f964a5202e571fe3,40.76803326982161,-73.98186922073364,140,90,47,7,47,<a_47><b_7><c_47>
4be46d552468c928aac2fe42,40.75903231264511,-73.95321733216527,31,12,2,32,61,<a_2><b_32><c_61>
4c7e630a5af8b60c9d419210,40.632300871701176,-73.98887973002674,6,29,43,12,63,<a_43><b_12><c_63>
4c76eb14947ca1cd15ce4537,40.734487719356174,-73.99039194274509,234,7,9,17,53,<a_9><b_17><c_53>
4e5d6ecf1f6e330fd1b68420,40.77432474461852,-73.91280902317928,148,4,15,41,20,<a_15><b_41><c_20>
4c6c3b1323c1a1cd5efc18cf,40.743982,-74.006678,233,10,17,22,10,<a_17><b_22><c_10>
4a46542ff964a520afa81fe3,40.734375,-73.990851,4,9,41,10,14,<a_41><b_10><c_14>
4d8250707989530c9ff09cf8,40.730277,-74.008187,69,21,15,47,21,<a_15><b_47><c_21>
4be1910358102d7faed64156,40.77695809965832,-73.95523781331305,157,2,31,41,49,<a_31><b_41><c_49>
4b897be0f964a520bb3a32e3,40.728539654510605,-74.04655055432836,118,20,36,29,51,<a_36><b_29><c_51>
4b1eb2b7f964a520041e24e3,40.78991131559263,-73.94661044094262,221,9,27,10,37,<a_27><b_10><c_37>
4573c09bf964a520893e1fe3,40.782860080688806,-73.95289014999135,152,8,0,25,28,<a_0><b_25><c_28>
4f0226b200395214c70f902d,40.673431282028105,-73.93010370763156,6,14,19,58,37,<a_19><b_58><c_37>
4b3bf3f3f964a520187f25e3,40.72526674807949,-73.99617075920105,307,22,60,40,40,<a_60><b_40><c_40>
4b039599f964a520d44f22e3,40.70025980212481,-73.94114255905151,307,12,6,53,50,<a_6><b_53><c_50>
4c0631ec191f20a1b41be414,40.744550358490905,-73.98126109579569,156,4,20,29,32,<a_20><b_29><c_32>
4ef150fa8b81a12d8781e94c,40.91799602414335,-73.77720316925277,6,56,57,20,50,<a_57><b_20><c_50>
4e093bd38130709eafbd7030,40.73735616868496,-73.99066686630249,238,9,27,20,39,<a_27><b_20><c_39>
4c858caedc018cfaff66e96c,40.66144136986824,-73.77720316925277,6,17,53,8,21,<a_53><b_8><c_21>
4e458e6b183849317e69f92c,40.58573020988804,-73.81194985467265,329,8,15,55,42,<a_15><b_55><c_42>
4a5785adf964a5204eb61fe3,40.72045082478903,-74.00687342695198,88,8,39,4,15,<a_39><b_4><c_15>
4cf99545c51fa1cd9d8bdb2b,40.8098120013228,-73.95910077666015,198,6,35,27,4,<a_35><b_27><c_4>
4b831a73f964a520d7f730e3,40.7076499004761,-74.01398787772996,307,24,48,49,43,<a_48><b_49><c_43>
4d014e9f7212b60caca7d3bf,40.73954760630508,-74.04763775758458,6,9,28,57,15,<a_28><b_57><c_15>
4ad55410f964a520d60221e3,40.7737818731648,-73.9822769165039,307,17,43,31,51,<a_43><b_31><c_51>
4a5d19b7f964a52032bd1fe3,40.70935512791738,-74.01115998713983,43,8,24,39,3,<a_24><b_39><c_3>
4f1b5dd7e4b0e6badb952793,40.78549052086682,-73.95361626406626,6,23,53,40,32,<a_53><b_40><c_32>
49dcc21ef964a520a05f1fe3,40.744607,-73.995232,36,8,62,26,14,<a_62><b_26><c_14>
4a6bbfd3f964a520d3cf1fe3,40.76364734011364,-73.97844135761261,157,19,39,10,32,<a_39><b_10><c_32>
3fd66200f964a5200de71ee3,40.73233045525843,-74.0016399059716,43,16,1,6,11,<a_1><b_6><c_11>
4e91cfcbdab46521c194ad2d,40.7902011706796,-73.79713507151337,139,43,58,47,27,<a_58><b_47><c_27>
41044980f964a520780b1fe3,40.76081793921089,-73.99016238560442,43,7,32,50,52,<a_32><b_50><c_52>
4ce86f18f1c6236afae35ff0,40.85155841497341,-74.14161270853154,6,47,57,26,17,<a_57><b_26><c_17>
4f51526fe4b002a741157c16,40.771046,-74.065758,340,6,32,41,63,<a_32><b_41><c_63>
4e306fbe88778782372017c1,40.86633340833704,-74.10637760442646,6,26,53,42,54,<a_53><b_42><c_54>
4e2648ef2271e4f30756de90,40.86633340833704,-74.10637760442646,6,10,61,55,44,<a_61><b_55><c_44>
3fd66200f964a52004e41ee3,40.71836264775439,-73.9908166227313,43,11,61,25,13,<a_61><b_25><c_13>
4b0835acf964a520540623e3,40.75697749071767,-73.98931503295898,253,5,10,53,39,<a_10><b_53><c_39>
4e7f5f3e02d5abdf69133cf7,40.87161002461951,-74.10911051187867,43,12,61,25,8,<a_61><b_25><c_8>
4dfa853818a8ab1870be7385,40.70507145961368,-73.94710984026015,329,15,43,36,11,<a_43><b_36><c_11>
4c7566d9604a370488958249,40.69321217941903,-73.93010370763156,6,12,4,29,63,<a_4><b_29><c_63>
4758483af964a520cc4c1fe3,40.728437304496765,-73.981822,118,5,61,54,53,<a_61><b_54><c_53>
4e17a47b6284ea7246f0d87c,40.75765180683012,-74.03588760058483,6,32,57,29,6,<a_57><b_29><c_6>
4deed26bfa76c1ceac84c272,40.77085418780709,-74.05938718735511,6,6,4,57,49,<a_4><b_57><c_49>
4f5b68a4e4b03a6a1160fbbb,40.58469545001116,-73.93245451762998,329,38,57,35,31,<a_57><b_35><c_31>
4ab38f3df964a520ca6d20e3,40.7043591450871,-74.19071674346924,79,19,47,46,12,<a_47><b_46><c_12>
4c38bc1fae2da593c23701c6,40.744287312837606,-73.98292545600036,66,35,49,7,12,<a_49><b_7><c_12>
4de96fe9d4c00071b808e890,40.74476767769092,-73.98205429315567,240,20,54,36,17,<a_54><b_36><c_17>
4b6ee0dcf964a520a9ce2ce3,40.73025005032203,-74.06467935611673,157,6,32,42,0,<a_32><b_42><c_0>
4ea21c72722ec75ade2911c7,40.64705935216955,-74.02248859405518,257,13,48,57,7,<a_48><b_57><c_7>
4d36633e6e1359410c300081,40.71849343626229,-73.98266315460205,369,14,29,26,62,<a_29><b_26><c_62>
4a3304bcf964a520f29a1fe3,40.762404872356775,-73.98765445595464,148,15,36,21,16,<a_36><b_21><c_16>
4ca55f1ff47ea14375e35621,40.716332549524296,-73.95361626406626,6,8,44,60,28,<a_44><b_60><c_28>
49b80795f964a52034531fe3,40.73904817158152,-73.99932150226327,48,8,32,45,17,<a_32><b_45><c_17>
4cca048dd7538cfa8affef78,40.8411386603833,-73.85954898955855,6,10,4,5,46,<a_4><b_5><c_46>
49ff7bcef964a5202a701fe3,40.72909625079526,-73.98886442184448,22,10,17,50,41,<a_17><b_50><c_41>
4f3f1c677beb0c912e6018ae,40.73323040283871,-73.98759305477142,148,6,56,26,19,<a_56><b_26><c_19>
4ecd466e722eff7fff40736b,40.69153719500941,-73.91834636014222,6,22,57,26,8,<a_57><b_26><c_8>
4e7a90af775b50c568ddee15,40.96811001522211,-74.05938718735511,6,26,18,25,29,<a_18><b_25><c_29>
508eeca4e4b095c5d70b9a32,40.76856531790777,-74.16194270204171,138,16,29,38,25,<a_29><b_38><c_25>
3fd66200f964a520a2e41ee3,40.727144,-73.988872,270,4,25,34,31,<a_25><b_34><c_31>
4b5fc8a2f964a52094cc29e3,40.82816381252365,-74.13900375366211,118,6,25,34,48,<a_25><b_34><c_48>
4aee2d2df964a520b6d221e3,40.80381274223328,-74.19446,111,10,28,28,9,<a_28><b_28><c_9>
4f74d469e4b08bc8e4a7476c,40.78001045760578,-73.79287827403705,293,27,43,38,27,<a_43><b_38><c_27>
4ed712f3b8f7e740d0bae0e0,40.78168478226392,-73.78896894871082,6,33,18,8,48,<a_18><b_8><c_48>
4a785251f964a52063e51fe3,40.81309872799184,-73.98468554019928,253,15,57,8,16,<a_57><b_8><c_16>
4c48875596abd13a1eae7401,40.82739197342963,-73.94585846942309,306,16,18,42,39,<a_18><b_42><c_39>
4b68ba8cf964a52089892be3,40.747277144484926,-73.8889355298259,60,4,25,0,36,<a_25><b_0><c_36>
4bf14dbe564c0f473f366d49,40.73944138679658,-73.97712595918333,6,63,19,30,45,<a_19><b_30><c_45>
3fd66200f964a5204fe71ee3,40.74364391274361,-73.9838882535696,24,42,49,35,6,<a_49><b_35><c_6>
4d41bfa200e8a35d1e4207fb,40.750991477566174,-73.98887973002674,6,8,4,23,12,<a_4><b_23><c_12>
4f4b98a3754aea0759155a7a,40.76698912383244,-73.95874857902527,329,6,4,34,13,<a_4><b_34><c_13>
40b68100f964a52085001fe3,40.737831,-73.981022,43,11,25,25,13,<a_25><b_25><c_13>
4ea37694b6347b99683dcb09,40.67172008474036,-73.8066029548645,262,70,49,6,1,<a_49><b_6><c_1>
4ad9f641f964a5206e1c21e3,40.74423228466319,-74.00669553549685,60,13,28,38,5,<a_28><b_38><c_5>
4b39446cf964a520655925e3,40.85785364392424,-74.14799451828003,43,33,25,40,52,<a_25><b_40><c_52>
4bc535885935c9b618baa5d2,40.75993303149664,-73.90088412479629,244,10,25,38,22,<a_25><b_38><c_22>
4ce390f31594236aa607f849,40.73944138679658,-73.97712595918333,6,21,54,18,63,<a_54><b_18><c_63>
4b5cb8baf964a520864029e3,40.74524124713911,-74.05221312256103,369,9,61,31,45,<a_61><b_31><c_45>
4b4fd71df964a520401727e3,40.81223690839181,-74.1452969855841,253,2,51,29,38,<a_51><b_29><c_38>
4addedeaf964a520646621e3,40.89416436095309,-73.86074635813047,185,8,20,1,1,<a_20><b_1><c_1>
4e80a57429c2299aa3addd5d,40.94709963333333,-74.072561,157,65,60,49,1,<a_60><b_49><c_1>
4bb3f3f80cbcef3b5d8a582a,40.71971101647132,-74.00456656363339,263,4,41,8,30,<a_41><b_8><c_30>
4ae32c6ef964a520489121e3,40.76211758001324,-73.92542481422424,307,37,58,54,27,<a_58><b_54><c_27>
4e08d3d82271dfa46bb79241,40.75106395558424,-73.99228577867497,36,24,46,60,16,<a_46><b_60><c_16>
4b129875f964a520288b23e3,40.71823728909722,-73.99373531341553,307,6,39,43,29,<a_39><b_43><c_29>
4c690deac946e21e6d21e98e,40.834315,-73.944861,110,22,58,30,47,<a_58><b_30><c_47>
4c0babf57e3fc9286193f582,40.812158822891696,-74.19442355632782,110,60,41,31,6,<a_41><b_31><c_6>
4c45d0eb2d3ec9b61ec630ae,40.72768968623147,-74.04474020004272,264,103,13,20,19,<a_13><b_20><c_19>
44e39280f964a52045371fe3,40.72645383618287,-73.99859547615051,253,20,16,5,44,<a_16><b_5><c_44>
4b9fa692f964a520bd3137e3,40.81261906510265,-74.1908154402909,306,12,26,31,37,<a_26><b_31><c_37>
49da5ee0f964a5207c5e1fe3,40.69259657916781,-73.99143068537326,156,4,41,51,36,<a_41><b_51><c_36>
4cec13060f196dcb7b8e5bae,40.71982701192806,-74.00000095367432,301,23,46,26,42,<a_46><b_26><c_42>
4b2b9539f964a520e0b724e3,40.72935205409404,-74.00692507282733,253,33,46,0,9,<a_46><b_0><c_9>
4a05d2abf964a52081721fe3,40.74361174857653,-74.00677013515947,156,22,38,35,58,<a_38><b_35><c_58>
4de78fdf1fc7fcfe04abdfd5,40.74395580997907,-73.97068920256386,87,7,2,4,43,<a_2><b_4><c_43>
4b1a7c88f964a52003eb23e3,40.73361897049055,-73.98806766400996,157,15,42,20,57,<a_42><b_20><c_57>
4b5b64aaf964a5206dfa28e3,40.747483478396845,-73.98228267031958,112,24,41,63,28,<a_41><b_63><c_28>
4bb1fa0bf964a52010af3ce3,40.7795143859269,-73.95375115452266,8,12,55,37,1,<a_55><b_37><c_1>
4c178be559cc2d7f1fc75287,40.78257007402086,-73.83682057709747,294,30,38,36,1,<a_38><b_36><c_1>
4a7c16e5f964a520e1eb1fe3,40.71562697131299,-74.03412938117981,253,10,42,44,37,<a_42><b_44><c_37>
49b6d0b4f964a52012531fe3,40.74050711736373,-73.98690838360204,69,46,42,30,43,<a_42><b_30><c_43>
4d532b096bc33704ea07ffd2,40.75737744192525,-73.99335320523194,83,20,49,9,31,<a_49><b_9><c_31>
4b5a2177f964a52027af28e3,40.74453006236465,-73.98274180316812,21,45,45,1,62,<a_45><b_1><c_62>
4e3d95a72271d21e86f85479,40.662271,-73.766433,329,7,26,26,35,<a_26><b_26><c_35>
4b7b4ad9f964a520da5c2fe3,40.93899093189543,-74.11943383246316,228,8,52,14,14,<a_52><b_14><c_14>
4b7de017f964a52049d82fe3,40.71077715245463,-74.01115998713983,253,7,2,9,33,<a_2><b_9><c_33>
4be1c06c87e42d7f77c3870b,40.74619,-73.998091,31,7,24,60,20,<a_24><b_60><c_20>
4b60799ef964a52037e829e3,40.73949169785241,-73.98833739656621,71,8,10,44,0,<a_10><b_44><c_0>
4e7f79e9754afa2da1adec7f,40.87454170662472,-74.09463109843134,6,49,49,25,63,<a_49><b_25><c_63>
4c2bdf9ad1a10f477aaff864,40.758249600000006,-73.970181,312,14,33,2,34,<a_33><b_2><c_34>
4b81b547f964a52014b930e3,40.7563091597125,-73.97491917744405,69,15,59,9,31,<a_59><b_9><c_31>
4af59b37f964a5203efa21e3,40.67905659879513,-73.97373112061709,36,9,3,59,45,<a_3><b_59><c_45>
4efe4280e300fdc0476cefdd,40.745209,-73.992652,71,3,24,48,4,<a_24><b_48><c_4>
4cd5686d2944b1f7e2ba5cec,40.7659567336486,-73.96033484226776,139,6,23,12,18,<a_23><b_12><c_18>
43a46529f964a520492c1fe3,40.73203003131454,-73.98549657721655,56,9,44,6,21,<a_44><b_6><c_21>
4cf1a69a1d18a143dcf754ec,40.94269410852135,-73.99635314941406,138,89,49,6,3,<a_49><b_6><c_3>
4bb3c15f4019a593116538b8,40.86833071688859,-74.04842088430463,302,14,63,31,58,<a_63><b_31><c_58>
4f2312166aa3ce557949255f,40.79765284526543,-74.14848518837883,110,10,34,63,31,<a_34><b_63><c_31>
4f6491dce4b05c1d59696fc2,40.761782,-73.958256,155,9,3,29,11,<a_3><b_29><c_11>
3fd66200f964a520d1e31ee3,40.7452748056754,-73.99255501211807,43,10,61,33,14,<a_61><b_33><c_14>
4d668c5c838654818c8df953,40.721335772353136,-73.84575144719389,369,21,38,37,27,<a_38><b_37><c_27>
4ce157ff0de52c0f62a0a10c,40.730096,-73.992499,253,10,63,36,38,<a_63><b_36><c_38>
4cd08da07561236af1ef2cf3,40.71512167299975,-74.03455935112075,110,9,33,24,5,<a_33><b_24><c_5>
4e57ad6fb3ad0addfaad76be,40.74254248274287,-74.16908740997314,207,22,3,9,37,<a_3><b_9><c_37>
4e7fc0019adffe8cdf3b2198,40.727578,-73.98839290000001,109,5,3,16,12,<a_3><b_16><c_12>
4b8578daf964a520206031e3,40.84816411132264,-73.99766206741333,138,36,54,22,42,<a_54><b_22><c_42>
4b58c03df964a5201d6928e3,40.7588958925549,-73.9792121911996,91,31,38,49,2,<a_38><b_49><c_2>
4aafca84f964a520bc6420e3,40.70990587018248,-73.8594102859497,146,7,58,18,10,<a_58><b_18><c_10>
4b072cbcf964a520cdf822e3,40.79467578552487,-74.25571203231812,48,11,2,30,43,<a_2><b_30><c_43>
4baa4c76f964a520705c3ae3,40.727205,-74.003234,330,14,31,11,54,<a_31><b_11><c_54>
4bd9efa32a3a0f473cf9a8b6,40.905482,-74.063861,153,6,24,6,52,<a_24><b_6><c_52>
49ef508ff964a5209a681fe3,40.7411816095933,-73.99238333941341,110,4,3,15,4,<a_3><b_15><c_4>
4a4108e6f964a520b6a41fe3,40.74068572015636,-73.98729289817663,248,11,24,6,53,<a_24><b_6><c_53>
4dd4039bc65b69f93638ee56,40.75275225282777,-73.97358763499668,91,18,38,42,58,<a_38><b_42><c_58>
3fd66200f964a5206be71ee3,40.754573280867625,-73.9775994526167,228,14,37,32,36,<a_37><b_32><c_36>
49d8c05df964a520c95d1fe3,40.760305214599946,-73.99120686837627,148,5,56,23,38,<a_56><b_23><c_38>
4e8b3f4a49018e036104ed85,40.74089649040823,-73.99184388529703,69,5,34,30,52,<a_34><b_30><c_52>
4b4756c3f964a520422f26e3,40.75708314082242,-73.97595226764679,253,22,5,9,34,<a_5><b_9><c_34>
4e4e6dbcbd4101d0d7a9f2c7,40.787051,-73.72852,106,8,27,13,34,<a_27><b_13><c_34>
4c8bcae7c37a6dcb2c15f17a,40.759854029275786,-73.97611870563892,278,7,62,23,62,<a_62><b_23><c_62>
4b6188cef964a52026172ae3,40.74924019592564,-74.03639316558838,157,12,34,49,45,<a_34><b_49><c_45>
4bf6e7534a67c9284ba522cf,40.80601358609009,-73.90249729156494,69,11,52,34,5,<a_52><b_34><c_5>
4be9bd54415e20a19633e4bb,40.6203921326451,-74.07740290230015,153,3,55,27,40,<a_55><b_27><c_40>
4ed66331e5faf148a7a0a971,40.741604900953,-74.00776288174592,155,20,63,9,10,<a_63><b_9><c_10>
4e43ebe11838e44e8985a32d,40.75852190223714,-73.78216406953614,8,11,5,23,37,<a_5><b_23><c_37>
4a69ba4ef964a52000cc1fe3,40.76184696964287,-73.99015090774017,113,4,39,15,12,<a_39><b_15><c_12>
4dfcd55bc65b31579b2fa309,40.77801771460635,-73.95453753530832,288,21,62,42,21,<a_62><b_42><c_21>
4afcad9ff964a520052522e3,40.79515940954075,-73.9309676838477,48,12,34,25,53,<a_34><b_25><c_53>
449955b7f964a52093341fe3,40.733612,-73.993107,224,4,15,32,9,<a_15><b_32><c_9>
49d18dfdf964a5208f5b1fe3,40.7641599692142,-73.9737885148353,301,8,50,42,48,<a_50><b_42><c_48>
4d8bac868169721ed0372bfd,40.6759684849316,-73.77132289224137,69,2,51,0,37,<a_51><b_0><c_37>
4ce1ef8278ddf04d7450ae98,40.64951029783951,-73.88901591685598,171,13,36,60,56,<a_36><b_60><c_56>
4a242c9af964a520fb7d1fe3,40.72553593075708,-73.99678499873524,298,11,23,19,32,<a_23><b_19><c_32>
4e7e11a28b8195460574f16f,40.76362694663688,-73.97796102863539,224,7,27,36,2,<a_27><b_36><c_2>
4f16bba4e4b09e81dde4b57b,40.57453059799639,-74.00063278107605,6,48,49,12,26,<a_49><b_12><c_26>
45396895f964a520d73b1fe3,40.73135921017248,-73.9886415626111,56,19,48,24,31,<a_48><b_24><c_31>
4544401ff964a520623c1fe3,40.728169436560826,-73.98843495931236,43,4,40,40,49,<a_40><b_40><c_49>
49f1e1c7f964a520bd691fe3,40.76061680194133,-73.98074456728409,69,32,2,44,51,<a_2><b_44><c_51>
3fd66200f964a52032e91ee3,40.73428959648638,-73.9925555053014,261,7,32,1,0,<a_32><b_1><c_0>
4e70ca2da8098087a0416e01,40.75304789203106,-73.97362781098117,69,16,38,13,59,<a_38><b_13><c_59>
4ddc09e71838306b81fd524f,40.70593002166237,-74.01464884334328,69,26,15,32,50,<a_15><b_32><c_50>
4b919713f964a52006c833e3,40.74157843,-73.989482,21,21,34,15,22,<a_34><b_15><c_22>
46ce971cf964a520414a1fe3,40.76083767399298,-73.97995948791504,69,14,48,12,31,<a_48><b_12><c_31>
4ca9c9c9f47ea14304388221,40.82422306525213,-74.17802507382552,195,12,11,9,17,<a_11><b_9><c_17>
4b5ea8a4f964a520319529e3,40.702476960680805,-74.01283556418846,69,14,63,13,59,<a_63><b_13><c_59>
4de85c3cd1648c979631c77c,40.803844650607,-74.15335626699198,6,28,53,3,14,<a_53><b_3><c_14>
4ba51a2bf964a52074dd38e3,40.7680942116878,-73.97828578948975,139,11,23,56,8,<a_23><b_56><c_8>
4a988723f964a520832c20e3,40.7828595918456,-73.83525835122813,48,8,27,52,34,<a_27><b_52><c_34>
4ac290a3f964a520c29920e3,40.7459343899641,-74.26055347354944,79,14,2,22,29,<a_2><b_22><c_29>
4a9efc7af964a520103c20e3,40.66144181812587,-73.84009838104248,253,4,20,11,27,<a_20><b_11><c_27>
4aa329cef964a5208d4320e3,40.751575,-73.992015,294,19,22,18,18,<a_22><b_18><c_18>
4b58da5ff964a520da6e28e3,40.729177554196376,-73.99661064147949,187,15,35,45,7,<a_35><b_45><c_7>
4a946ed7f964a520902120e3,40.72688476018746,-74.03454780578613,307,32,13,56,15,<a_13><b_56><c_15>
42ffdb00f964a520f5261fe3,40.75154847474455,-73.97530317306519,91,6,39,32,39,<a_39><b_32><c_39>
4f297e04a17c6fd5208ea108,40.758846660085474,-73.9895510673523,43,9,1,39,48,<a_1><b_39><c_48>
4ac13d5ff964a5205b9620e3,40.77038,-73.95721,156,8,34,33,32,<a_34><b_33><c_32>
4d56bce5e7f1a1cda66d0aa5,40.78928261243819,-74.04390566975712,157,12,34,2,19,<a_34><b_2><c_19>
4ba3bc00f964a520a85938e3,40.75778224619744,-73.8279467402784,48,12,15,32,60,<a_15><b_32><c_60>
4bca32ff0687ef3be789dbcc,40.745702,-73.993653,148,5,15,57,33,<a_15><b_57><c_33>
422b9980f964a520cf1f1fe3,40.723202,-73.9899354,165,6,23,41,45,<a_23><b_41><c_45>
4b9aa74cf964a52014ca35e3,40.69355168804323,-73.92581821393433,89,12,27,56,19,<a_27><b_56><c_19>
3fd66200f964a52023e41ee3,40.752294,-74.008758,43,21,32,34,42,<a_32><b_34><c_42>
4c329d79213c2d7f4fcd355d,40.65200850751782,-73.95901679992676,369,8,27,3,34,<a_27><b_3><c_34>
4e73cf3a2271ffa4e63183bd,40.75536822129624,-73.96833024812483,118,9,27,41,62,<a_27><b_41><c_62>
4c7e76bc9221236a772b823d,40.64220098230346,-73.98887973002674,6,19,48,58,34,<a_48><b_58><c_34>
4c699035c946e21ed681ea8e,40.913762222616135,-73.77644767681161,253,17,49,59,40,<a_49><b_59><c_40>
44fd757df964a52092381fe3,40.742788354778206,-74.00067582070984,99,4,0,56,13,<a_0><b_56><c_13>
4555bea7f964a520253d1fe3,40.72356611811565,-73.9981221190337,7,20,22,2,39,<a_22><b_2><c_39>
4b6bb92ef964a520b7162ce3,40.60837736891878,-73.81592631340027,307,33,54,32,35,<a_54><b_32><c_35>
4a9998b2f964a520552f20e3,40.77137686429133,-73.9688229560852,139,4,15,32,9,<a_15><b_32><c_9>
4af60f11f964a520b10022e3,40.74689526022255,-73.98500740528107,240,7,56,2,61,<a_56><b_2><c_61>
4bc743d68b7c9c74df1536cf,40.72134758085029,-73.99996876716614,13,10,23,18,42,<a_23><b_18><c_42>
4b9fbfb8f964a520143b37e3,40.77022307913594,-73.98811340332031,212,6,34,54,12,<a_34><b_54><c_12>
47273fc8f964a520df4b1fe3,40.71670851726798,-74.01054739952087,157,10,15,61,48,<a_15><b_61><c_48>
4f2abd21e4b07e41d9883961,40.96236366896308,-74.09231669788183,270,25,43,33,33,<a_43><b_33><c_33>
4b3ff06cf964a52097b225e3,40.777624339274105,-73.95491637454415,253,11,59,18,4,<a_59><b_18><c_4>
4459f9bff964a520e1321fe3,40.74421527986642,-73.9885380368106,63,14,48,10,13,<a_48><b_10><c_13>
4ac5273df964a520acb020e3,40.77879,-73.953984,7,36,13,55,53,<a_13><b_55><c_53>
4e64fd017d8b85408abf4ba1,40.68470716795056,-73.94382640962873,110,28,36,29,7,<a_36><b_29><c_7>
4b5b389ff964a5203fec28e3,40.81342911263693,-74.013542085886,294,18,43,26,29,<a_43><b_26><c_29>
4aeb718bf964a5201fc221e3,40.736071,-73.97903,278,5,3,10,29,<a_3><b_10><c_29>
4c2d1bd23a4d0f477c51e386,40.71200301824351,-74.00778009695918,66,9,37,39,22,<a_37><b_39><c_22>
4d6c08809d7e2d437d2d26b3,40.710173556374286,-74.08774517133206,208,8,33,18,4,<a_33><b_18><c_4>
4bca2915cc8cd13aef1bbdcf,40.83838533640991,-74.11812337576457,6,48,13,29,35,<a_13><b_29><c_35>
4e358975c65b2313e28e56c7,40.71849920122941,-73.99673335012453,48,9,35,12,6,<a_35><b_12><c_6>
4c0bc6377e3fc9285abbf582,40.78898753071118,-74.25901478846667,6,5,61,5,51,<a_61><b_5><c_51>
4b740e31f964a520b2c52de3,40.72906876666666,-74.04480209,118,8,56,29,32,<a_56><b_29><c_32>
4ccaee2b33d3721ef60a2d8b,40.672856290004255,-73.8706983047328,39,20,8,35,34,<a_8><b_35><c_34>
4b46a4b3f964a520252626e3,40.73171417041241,-73.98922920227051,270,3,0,20,33,<a_0><b_20><c_33>
4161e400f964a520721d1fe3,40.75995453861961,-73.98016490585705,286,32,47,20,23,<a_47><b_20><c_23>
4f75b8e7e4b0b8451d425348,40.67289579742284,-73.87072127459737,110,103,49,14,26,<a_49><b_14><c_26>
4cd4dd3e67adf04d8b102a91,40.67286343275545,-73.87288042986128,109,21,57,32,31,<a_57><b_32><c_31>
4bf84730c07c9c7420d0bbef,40.73064099842995,-73.98425102233887,45,6,1,13,35,<a_1><b_13><c_35>
4e45bca962845e1d3c88924e,40.67482848044601,-73.97626876831055,227,5,61,36,54,<a_61><b_36><c_54>
4b17e419f964a52051c923e3,40.740784,-74.000721,228,5,9,30,28,<a_9><b_30><c_28>
4b60d6c7f964a520bafc29e3,40.76464887712308,-73.9663553237915,307,23,29,7,50,<a_29><b_7><c_50>
4de23e57e4cd056f743ea6f3,40.70715045863768,-73.99030637767282,307,38,6,12,33,<a_6><b_12><c_33>
4bc9ee9468f976b0032a5e83,40.68454006475695,-73.97773719594208,253,10,3,21,28,<a_3><b_21><c_28>
4ef5336e8b812e39d6708644,40.73159998297512,-73.97557346647744,255,12,19,51,35,<a_19><b_51><c_35>
4e1fd244c65b2b5e353615f2,40.73170295946717,-73.97570547188988,102,12,19,8,19,<a_19><b_8><c_19>
4bb2a8d3a32876b080f200fe,40.911673458345,-73.99739904226263,91,54,53,14,15,<a_53><b_14><c_15>
4ad74911f964a5203f0921e3,40.74005298122949,-74.00553461932998,148,12,43,26,4,<a_43><b_26><c_4>
4ea07c88754ae603f5652e63,40.72602290938797,-73.99227619171143,233,3,4,41,25,<a_4><b_41><c_25>
3fd66200f964a520d8e41ee3,40.704238089238245,-74.01015578152591,43,7,40,47,26,<a_40><b_47><c_26>
4ad13502f964a5207fdd20e3,40.676829026053525,-73.96343804293127,43,9,1,37,2,<a_1><b_37><c_2>
4e278f841f6e88a15459fc8f,40.84166285,-73.85724746,329,23,13,56,63,<a_13><b_56><c_63>
4aeaf5c4f964a520e7bc21e3,40.77696675093165,-73.70148181915283,185,8,4,48,12,<a_4><b_48><c_12>
4de3104b18385df2b03405ec,40.90911737991889,-74.20032308006297,6,30,18,29,42,<a_18><b_29><c_42>
41f98080f964a520301f1fe3,40.739058,-73.99472,245,5,61,1,23,<a_61><b_1><c_23>
4b6c43bdf964a5208f2c2ce3,40.75704777557742,-73.99792700334841,329,27,18,42,41,<a_18><b_42><c_41>
4b4f6edcf964a5206d0627e3,40.74437141554582,-73.98308157920837,22,16,53,45,31,<a_53><b_45><c_31>
4e4e8ef61fc7e04d29e227f3,40.74370081269097,-73.98277580738068,57,6,56,33,30,<a_56><b_33><c_30>
4b9fd1e0f964a520934137e3,40.76006061232576,-73.97693369182005,253,8,43,1,55,<a_43><b_1><c_55>
3fd66200f964a520a7e31ee3,40.74939032832351,-73.98286232535908,43,7,61,25,49,<a_61><b_25><c_49>
4569264af964a520de3d1fe3,40.7195524,-73.993093,43,14,1,8,25,<a_1><b_8><c_25>
4e7161f162e116e94546de73,40.72644731909183,-74.00520353613543,63,10,28,8,5,<a_28><b_8><c_5>
485e640df964a520d7501fe3,40.6634023,-73.976447,286,7,44,34,51,<a_44><b_34><c_51>
4d3934d0c52854811665e0b9,40.82446718763418,-73.9537396744875,284,8,4,30,18,<a_4><b_30><c_18>
4dcfec6b1f6eb122709f1a4a,40.64070804656826,-73.9056725443078,83,32,46,42,29,<a_46><b_42><c_29>
45699170f964a520e73d1fe3,40.72281296656192,-74.04749719603645,43,36,1,8,45,<a_1><b_8><c_45>
4b3fcc64f964a5200baf25e3,40.702993884988224,-73.79982352827581,166,29,54,46,16,<a_54><b_46><c_16>
4b51109ff964a5207c4027e3,40.82118176815919,-73.99176120758057,48,12,43,32,7,<a_43><b_32><c_7>
4dd7d3e845ddced8208ffa61,40.72540497175607,-73.83224487304688,369,37,54,40,31,<a_54><b_40><c_31>
4c471a5a96abd13a889e6f01,40.67002749420697,-73.81902694702148,369,14,4,60,48,<a_4><b_60><c_48>
4f08b026e4b0540ca2633a2f,40.696558013644136,-73.95361626406626,6,11,39,29,17,<a_39><b_29><c_17>
4be367f82fc7d13aa08a083a,40.72705648280683,-73.98041169261889,242,6,44,39,16,<a_44><b_39><c_16>
4b9fa9bcf964a520c53237e3,40.75923674097697,-73.95339488983154,307,34,29,46,24,<a_29><b_46><c_24>
40fb0f00f964a520ee0a1fe3,40.72459570391395,-73.99055837150034,245,15,14,26,36,<a_14><b_26><c_36>
4bcb54a23740b7132e426265,40.68444568744034,-73.97785663604736,79,58,6,39,5,<a_6><b_39><c_5>
4bd7282e5631c9b6e315a730,40.96521460587434,-74.06837948377257,69,71,49,48,21,<a_49><b_48><c_21>
4c1d8fb5b306c92891dc65b7,40.85085849545148,-73.97017478942871,138,10,13,46,39,<a_13><b_46><c_39>
4a6a25c0f964a520b7cc1fe3,40.7574168613354,-73.98390110872793,53,23,25,22,34,<a_25><b_22><c_34>
4be43a08bcef2d7f9b3a02e5,40.702407027583206,-73.98875100667293,369,29,47,2,47,<a_47><b_2><c_47>
4efe6fefb6346feaeb8ffcc8,40.79030441584686,-73.95193730050416,184,9,28,8,51,<a_28><b_8><c_51>
4d4d66514aa3a093566542ae,40.72384335809647,-73.73013313667236,6,11,18,60,46,<a_18><b_60><c_46>
4eaf3e34722e4efd616ed4e1,40.72384335809647,-73.73013313667236,6,3,17,43,12,<a_17><b_43><c_12>
4c1a3215838020a109cfe661,40.707470711677146,-74.0144996501386,314,24,28,58,48,<a_28><b_58><c_48>
4a747319f964a52033de1fe3,40.727297,-74.005485,228,9,33,43,28,<a_33><b_43><c_28>
49fa554bf964a520ee6d1fe3,40.728833,-74.005256,62,19,63,8,37,<a_63><b_8><c_37>
4f7ebca1e4b077c180903bdd,40.92511213068007,-74.10214194945387,369,10,24,9,51,<a_24><b_9><c_51>
4e10fc56b61c637b97a9af7e,40.853956,-73.865397,329,2,20,23,29,<a_20><b_23><c_29>
4e540e4018381367473717c8,40.79726155986237,-74.17684116064805,6,22,21,43,60,<a_21><b_43><c_60>
4f6d0488e4b07fa2c54d2cc4,40.61357473439429,-74.08616203214007,70,10,46,54,58,<a_46><b_54><c_58>
4a7c7fd1f964a520ceec1fe3,40.719893,-74.000054,69,27,26,60,11,<a_26><b_60><c_11>
4a9d8f44f964a5207e3820e3,40.79005808189985,-73.95325005054474,185,13,2,56,49,<a_2><b_56><c_49>
49bd4e25f964a52067541fe3,40.72424,-73.997779,156,27,60,2,17,<a_60><b_2><c_17>
4b8d2d7ef964a520afeb32e3,40.7903220753707,-74.04909610748291,69,16,51,35,37,<a_51><b_35><c_37>
4d9a2f78d97ba1430b43336b,40.75230660947181,-73.971854320252,91,44,63,45,49,<a_63><b_45><c_49>
4d0451be0e49721eb58c707f,40.74595881831595,-73.9939270880217,242,9,28,1,60,<a_28><b_1><c_60>
4a58d0acf964a520f6b71fe3,40.74195652995381,-73.99369478514325,253,9,5,35,41,<a_5><b_35><c_41>
4b5b2f71f964a52080e928e3,40.73714913245652,-73.88753449342389,157,7,42,20,57,<a_42><b_20><c_57>
4c3abbc9b2289521d209f70c,40.73375383743328,-74.00628236760791,253,20,62,45,52,<a_62><b_45><c_52>
4df212adc65bf55ee525ce08,40.74269664463923,-73.98441762875413,91,23,60,45,39,<a_60><b_45><c_39>
4a0ce46ff964a52068751fe3,40.726087955120704,-74.0055799484253,69,13,10,15,50,<a_10><b_15><c_50>
4baa1906f964a520714a3ae3,40.73881588096476,-73.99365162449696,69,23,12,18,10,<a_12><b_18><c_10>
4bbd8213a8cf76b0e5e9b1fd,40.91338508182094,-74.00116934115263,48,13,8,42,21,<a_8><b_42><c_21>
4a7b0f1af964a520e8e91fe3,40.74615152850814,-73.98220181465149,228,5,52,9,50,<a_52><b_9><c_50>
4b8aa3e1f964a520e77632e3,40.72908585083546,-73.99602210429897,187,31,43,44,24,<a_43><b_44><c_24>
4d6e5bbc2e6ea093ad881c50,40.75133977617688,-73.97533815225673,69,22,46,18,10,<a_46><b_18><c_10>
4b6c5958f964a5209e322ce3,40.69372396558499,-73.98639187027493,69,17,12,5,30,<a_12><b_5><c_30>
4b574341f964a5200e2e28e3,40.74586843819785,-73.97830538611639,31,24,16,25,3,<a_16><b_25><c_3>
4ba6a554f964a520c26539e3,40.72644570551446,-73.72920513153076,267,6,52,23,26,<a_52><b_23><c_26>
4e677ea014952e0a12e7db30,40.94216741212171,-73.96168369564757,237,21,34,41,34,<a_34><b_41><c_34>
4b5749baf964a520782f28e3,40.75689622129208,-73.99188995361328,146,46,42,44,57,<a_42><b_44><c_57>
4b71f6c5f964a52010672de3,40.612287,-74.1324905,253,16,46,60,9,<a_46><b_60><c_9>
46d43138f964a520634a1fe3,40.67744016913447,-73.97271524012237,110,12,10,29,58,<a_10><b_29><c_58>
4a652404f964a5205ec71fe3,40.721664700472566,-73.79473686218262,208,31,63,31,52,<a_63><b_31><c_52>
4ba67125f964a520d05239e3,40.6296298463492,-73.96171239455319,307,12,35,48,59,<a_35><b_48><c_59>
4b2ab78ff964a5204aae24e3,40.86761099088508,-73.89724967038386,307,3,3,23,39,<a_3><b_23><c_39>
4bd32b9841b9ef3b6b6fffe5,40.76019568010469,-73.95687103271484,264,7,34,59,41,<a_34><b_59><c_41>
4c72cd15376da0930861a7c6,40.6815241375,-73.765308,233,14,38,29,35,<a_38><b_29><c_35>
4a1c2d96f964a520197b1fe3,40.72664084128227,-74.00570869445801,69,9,10,6,43,<a_10><b_6><c_43>
4bba9bc353649c74ec4949fb,40.70695741873316,-74.00582329112915,69,15,33,19,58,<a_33><b_19><c_58>
4aa5c657f964a5206d4920e3,40.745793884066536,-73.90296936035156,79,48,47,20,29,<a_47><b_20><c_29>
4a43a242f964a5209da61fe3,40.740155440852014,-73.99480512536556,298,7,35,60,2,<a_35><b_60><c_2>
4b666793f964a52074202be3,40.727486422997785,-73.98632168769836,369,29,22,62,37,<a_22><b_62><c_37>
4cc701aa01fb236ab070baba,40.73577905884602,-73.99313449859619,234,5,3,36,11,<a_3><b_36><c_11>
43d64177f964a5204c2e1fe3,40.736461616381874,-73.9964751068622,188,21,16,28,44,<a_16><b_28><c_44>
4a3ea1d7f964a5202ca31fe3,40.761552,-73.968318,298,9,22,54,17,<a_22><b_54><c_17>
4ab79e30f964a520397a20e3,40.76021149934211,-73.98434875949755,301,22,36,61,31,<a_36><b_61><c_31>
4b6b5abff964a520fb022ce3,40.7114673282201,-74.01328325271606,332,18,63,39,17,<a_63><b_39><c_17>
4e51c736e4cdc76dc9d1fcb3,40.69331267820407,-73.7803716102329,244,18,45,38,20,<a_45><b_38><c_20>
4edcd3198231efe39240ba6f,40.74926221909231,-73.98398145637879,69,23,34,48,33,<a_34><b_48><c_33>
4ef0e7cf7beb5932d5bdeb4e,40.724169079279605,-73.99721145629883,71,34,47,36,31,<a_47><b_36><c_31>
4d3490bf2c76a143392c86c7,40.74959782183326,-73.98605346679688,369,21,8,35,3,<a_8><b_35><c_3>
49fe2f8af964a5207b6f1fe3,40.7292388125015,-74.00527239790054,157,15,23,29,22,<a_23><b_29><c_22>
4f53022de4b02d0eb4152d42,40.753247296557554,-73.9747355169646,369,32,63,57,7,<a_63><b_57><c_7>
49a5746cf964a5209c521fe3,40.73938649106766,-73.99018534133084,228,3,31,36,4,<a_31><b_36><c_4>
4e4955c0b61c6886484ccb2c,40.6717,-73.8066,92,19,17,16,52,<a_17><b_16><c_52>
4a71e101f964a520c4d91fe3,40.741934,-73.990231,253,4,33,23,33,<a_33><b_23><c_33>
4edcd8df0e61d46adae722a0,40.75322891242016,-73.97315143805378,0,11,2,7,43,<a_2><b_7><c_43>
49ba7840f964a52067531fe3,40.726493078250186,-74.00530109029536,284,41,27,24,44,<a_27><b_24><c_44>
4cf15597899c6ea8f1f1efc1,40.75732057535766,-73.98983526620442,141,11,18,50,57,<a_18><b_50><c_57>
4b8d79a3f964a520effd32e3,40.7825229194457,-74.0210468268453,21,12,45,43,63,<a_45><b_43><c_63>
4ddc2d7dd22df17198f91630,40.69968352,-73.80787141,330,12,31,11,10,<a_31><b_11><c_10>
4e17c6cbc65b6bfb5908b462,40.74870949127519,-73.92597321669481,305,36,17,15,25,<a_17><b_15><c_25>
4a689777f964a520a0ca1fe3,40.75527487548953,-73.97880613803864,227,15,45,2,60,<a_45><b_2><c_60>
49cfec38f964a520e55a1fe3,40.91922020055109,-74.07471656799316,118,7,39,10,48,<a_39><b_10><c_48>
4a43b04ff964a520afa61fe3,40.75534381610773,-73.987034642204,118,7,32,54,8,<a_32><b_54><c_8>
49ee2410f964a52029681fe3,40.71333777662413,-74.015793800354,253,9,52,24,44,<a_52><b_24><c_44>
4c8bce03ed3ab60ca9a56121,40.69988847481376,-73.91055270695709,309,20,44,6,15,<a_44><b_6><c_15>
4cf7b98781cd6dcb7340830d,40.67527609007841,-73.9633252661851,33,9,52,11,5,<a_52><b_11><c_5>
4a5c6afdf964a5203cbc1fe3,40.76118309933027,-73.97886783534253,228,8,2,2,26,<a_2><b_2><c_26>
4b60fac8f964a52066042ae3,40.7657964899803,-73.97983203018806,24,18,2,43,45,<a_2><b_43><c_45>
4e28b7c0c65ba11f4c5f92bc,40.73167116785373,-74.14584173632646,329,12,7,55,29,<a_7><b_55><c_29>
4f13f57d6d863f284d122cae,40.82641025190119,-73.95053029060364,293,19,32,11,53,<a_32><b_11><c_53>
45940e37f964a52055401fe3,40.74287041059062,-73.98243762777861,292,4,37,40,18,<a_37><b_40><c_18>
4a3953aff964a5205a9f1fe3,40.750297288149135,-73.9735474590038,69,16,10,45,52,<a_10><b_45><c_52>
4bb64dbd6edc76b04cb9301c,40.70834537747498,-74.0117854611128,69,25,58,11,1,<a_58><b_11><c_1>
3fd66200f964a52036ea1ee3,40.72842472502752,-73.9872756811226,107,7,56,54,60,<a_56><b_54><c_60>
4da9e6adfc607fc998b7d3d6,40.74203392888001,-73.98993663489819,45,8,32,13,50,<a_32><b_13><c_50>
4cb3acd8aef16dcbf933ca54,40.64321900121417,-74.07446015645245,83,39,38,60,30,<a_38><b_60><c_30>
4b51f650f964a520ae5d27e3,40.777740928194255,-73.95470399506407,150,20,59,7,3,<a_59><b_7><c_3>
49be9addf964a520c4541fe3,40.737282906043546,-73.99090844530741,220,15,3,47,28,<a_3><b_47><c_28>
4af30de2f964a52026ea21e3,40.76209858436637,-73.99399595384105,110,10,50,61,42,<a_50><b_61><c_42>
4dc87d6ab0fbf26798b68206,40.82732932312866,-73.95199470120868,141,27,7,32,35,<a_7><b_32><c_35>
4e0530f6ae60a90eabbacc01,40.73299870199674,-73.98549556732178,107,13,17,40,31,<a_17><b_40><c_31>
42ec1480f964a5209e261fe3,40.56708944867224,-73.8654613494873,258,15,55,44,22,<a_55><b_44><c_22>
4bba97ef7421a5933008c440,40.761190420012426,-73.99102896237186,141,5,17,30,56,<a_17><b_30><c_56>
4de8bb6d81dcbe67153d862d,40.730553069350144,-73.88788475346524,8,22,51,45,44,<a_51><b_45><c_44>
4eb2dc969adfb95b77ebe4fe,40.76412230172642,-73.78840308116011,299,19,53,45,0,<a_53><b_45><c_0>
4a4b9d1ef964a52080ac1fe3,40.75202014376042,-73.97139516141367,300,10,33,38,15,<a_33><b_38><c_15>
4bf41b92cad2c9289e859b99,40.77296038604625,-73.98154805548008,69,51,38,5,43,<a_38><b_5><c_43>
4bbd05d34e069c74813f9ee3,40.91492331323924,-74.0582799911499,308,14,59,3,61,<a_59><b_3><c_61>
4a774047f964a520f6e31fe3,40.76066701799484,-73.98106455802917,69,11,37,32,20,<a_37><b_32><c_20>
4227a500f964a520c51f1fe3,40.80821992957681,-73.96215395358303,208,6,37,58,22,<a_37><b_58><c_22>
4ad7cb6af964a520ce0e21e3,40.76298968265501,-73.98904329061085,48,9,9,20,16,<a_9><b_20><c_16>
49c9358af964a52040581fe3,40.75638015812107,-73.99022161960602,148,23,1,47,10,<a_1><b_47><c_10>
4bbc407551b89c74ad3b872a,40.661040972936384,-73.82962304466874,275,8,44,31,56,<a_44><b_31><c_56>
460d4b1ef964a52004451fe3,40.723955,-73.991829,48,33,22,62,37,<a_22><b_62><c_37>
4bedb01ce24d20a128d57114,40.816188,-73.917947,307,85,6,61,41,<a_6><b_61><c_41>
4cd9cc77534c224bdd2e8bb9,40.75775097250373,-73.83428195378643,308,7,50,10,2,<a_50><b_10><c_2>
4f108fb3e4b0804e89617c7d,40.80112460013346,-74.01424884796143,104,19,38,40,44,<a_38><b_40><c_44>
4e369eeb7d8b0c62b2e02138,40.75776825706164,-73.83477015311043,294,11,32,42,7,<a_32><b_42><c_7>
49c943d2f964a5204f581fe3,40.74612,-73.98195,156,27,46,42,30,<a_46><b_42><c_30>
4ab7e0d7f964a520417b20e3,40.73524837370153,-73.99113800155543,15,16,27,24,15,<a_27><b_24><c_15>
4a319883f964a520fc991fe3,40.733879,-73.988185,50,10,35,25,46,<a_35><b_25><c_46>
43519800f964a520b8281fe3,40.76039529078601,-73.92194884568285,160,4,62,16,1,<a_62><b_16><c_1>
4bc308db4cdfc9b639bf9621,40.79059946897114,-73.98023377661316,264,15,46,59,37,<a_46><b_59><c_37>
4b9d18b2f964a520408f36e3,40.73595831,-73.991189,7,6,23,59,30,<a_23><b_59><c_30>
4b5c7446f964a520ab3029e3,40.63007813541231,-74.10927110121547,157,12,15,44,49,<a_15><b_44><c_49>
4bed50be91380f47b4af9f18,40.778504,-73.982092,48,28,43,24,9,<a_43><b_24><c_9>
4bd5e59f6f649521b7e86fec,40.7457613708401,-73.9033555984497,369,15,54,20,40,<a_54><b_20><c_40>
472ba436f964a520ff4b1fe3,40.74101186443186,-73.98191536325086,56,12,4,25,52,<a_4><b_25><c_52>
4bbc92b02d9ea593e9bca0ce,40.74056693596161,-74.00542733678141,224,13,23,19,10,<a_23><b_19><c_10>
4cdac798d6656a315f36fc3e,40.70881201448755,-74.00527954101562,40,15,27,11,19,<a_27><b_11><c_19>
4be4a85d910020a1a00ed214,40.73458619149583,-73.99009925734258,7,8,36,17,43,<a_36><b_17><c_43>
4c0008bddaf9c9b6b426fbef,40.587728,-73.951596,2,31,59,1,49,<a_59><b_1><c_49>
4b4f96fdf964a520930c27e3,40.75962681957941,-73.97417664527893,157,6,20,41,11,<a_20><b_41><c_11>
4eebe8084901dff3058983dc,40.76256707559218,-73.75869996510056,8,4,11,14,4,<a_11><b_14><c_4>
3fd66200f964a52040e81ee3,40.78231651442974,-73.98111283779144,148,7,23,16,56,<a_23><b_16><c_56>
4116be80f964a520f90b1fe3,40.72612736056984,-73.9862082207571,30,4,44,4,9,<a_44><b_4><c_9>
4ca4e519a6e08cfa884d6c94,40.76203225371199,-73.98515224456787,369,77,49,51,3,<a_49><b_51><c_3>
4a6e331af964a52031d41fe3,40.714214,-74.009752,156,15,21,32,21,<a_21><b_32><c_21>
4c6926091a6620a1beb6628c,40.77187249824153,-74.23319220542908,79,12,41,3,23,<a_41><b_3><c_23>
49e3e886f964a520ea621fe3,40.69084922867477,-73.98717237876596,94,3,0,9,30,<a_0><b_9><c_30>
4a7c61fef964a52072ec1fe3,40.76243661268105,-73.973708162925,91,5,9,62,55,<a_9><b_62><c_55>
4b070aa7f964a5200ef622e3,40.77936068088334,-73.95514023374332,25,5,27,41,6,<a_27><b_41><c_6>
3fd66200f964a520c0e41ee3,40.72737862571174,-73.99219969562924,43,8,44,15,13,<a_44><b_15><c_13>
49e63a33f964a52023641fe3,40.72354286159147,-73.99599305184151,40,7,9,49,48,<a_9><b_49><c_48>
4e9b4e190aaf5f690eb1a7bf,40.690030770685134,-73.95147809425428,110,10,43,10,61,<a_43><b_10><c_61>
4a60a6fef964a520f6c01fe3,40.71515505125825,-73.96037502101534,10,14,34,57,44,<a_34><b_57><c_44>
3fd66200f964a520f4e61ee3,40.73395479525328,-74.0001765603631,245,11,14,27,36,<a_14><b_27><c_36>
4bfd7c4bb68d0f4785dbe857,40.7645026089675,-73.9740800857544,62,41,60,56,46,<a_60><b_56><c_46>
4b195c2ff964a520e8db23e3,40.75552198006767,-73.9740410491921,157,8,0,19,52,<a_0><b_19><c_52>
4b25bafaf964a520c27524e3,40.68382329598686,-73.97582352161407,48,9,12,28,14,<a_12><b_28><c_14>
4a2c639bf964a52059971fe3,40.766038408545775,-73.98682594299316,224,8,23,13,23,<a_23><b_13><c_23>
4aa81f67f964a520744f20e3,40.765524,-73.980336,118,8,32,17,21,<a_32><b_17><c_21>
49c43598f964a520ad561fe3,40.74428549628668,-73.9874880246811,41,4,15,18,19,<a_15><b_18><c_19>
4bb3db7d42959c743b8d222c,40.77612179824107,-74.03489112854004,48,5,23,4,12,<a_23><b_4><c_12>
4ddee3b91f6e25faf47d4570,40.682925,-73.9641651,224,4,0,20,20,<a_0><b_20><c_20>
3fd66200f964a520b6e71ee3,40.76502267205817,-73.98019552230835,382,8,21,39,39,<a_21><b_39><c_39>
49baa2cef964a5208d531fe3,40.75047969122117,-73.99461574510211,251,6,50,3,29,<a_50><b_3><c_29>
4b6c221df964a52070252ce3,40.709032721074514,-74.00452639412525,112,7,10,1,58,<a_10><b_1><c_58>
4c37801edfb0e21e52e7aca8,40.746106883813965,-74.02413671784228,6,10,53,58,49,<a_53><b_58><c_49>
4adc960bf964a520932d21e3,40.726946267342754,-73.99148807430478,53,14,25,56,8,<a_25><b_56><c_8>
4c3531fded37a593a2417003,40.72710348333333,-74.17256301666667,157,19,9,55,46,<a_9><b_55><c_46>
4a60c306f964a52028c11fe3,40.75203612903108,-73.97601127624512,292,18,22,9,54,<a_22><b_9><c_54>
42b9fb80f964a5209b251fe3,40.75291813039494,-73.97225608333729,69,12,51,19,10,<a_51><b_19><c_10>
43ed7e9ef964a5204e2f1fe3,40.73808374026024,-73.99064004421234,224,10,32,55,42,<a_32><b_55><c_42>
4b4e4b71f964a5206de826e3,40.91464765433098,-74.08042430877686,48,11,43,8,62,<a_43><b_8><c_62>
4f444957e4b093577f4b1015,40.72508076229308,-73.95140921322269,244,3,61,24,9,<a_61><b_24><c_9>
4ba40ca1f964a520be7b38e3,40.918617842976126,-73.86543813495955,163,81,46,60,9,<a_46><b_60><c_9>
4c7acd1cbd346dcb19adf9ef,40.58685478299066,-73.95217264328431,141,89,6,61,31,<a_6><b_61><c_31>
4b3f9b5bf964a52034aa25e3,40.74928998821767,-73.98626561125029,7,13,35,28,13,<a_35><b_28><c_13>
40a16900f964a520f9f21ee3,40.74051217947376,-74.00589215267118,63,10,35,16,2,<a_35><b_16><c_2>
4ab912baf964a520e77d20e3,40.65052298546056,-73.96298110485071,307,19,36,48,25,<a_36><b_48><c_25>
4b1c683af964a520060724e3,40.6706459457292,-73.95802974700928,307,18,16,35,17,<a_16><b_35><c_17>
4b70b2e2f964a520562a2de3,40.86247880045982,-74.19912815093994,187,12,3,48,52,<a_3><b_48><c_52>
4abbfc4af964a520ce8520e3,40.70961309272409,-73.83089303970337,79,8,4,25,44,<a_4><b_25><c_44>
4b873411f964a52035b631e3,40.792168756529016,-74.00063278107605,6,29,53,7,29,<a_53><b_7><c_29>
4f6f6335e4b0d4a5b24d839e,40.87053932297712,-74.0979549522799,380,27,47,58,54,<a_47><b_58><c_54>
42377700f964a5201b201fe3,40.743412,-73.9775,43,9,1,20,52,<a_1><b_20><c_52>
4b2992aaf964a52010a124e3,40.722349,-73.987707,43,9,25,25,13,<a_25><b_25><c_13>
4a6a3c85f964a520e5cc1fe3,40.749695355837886,-73.97648334503174,47,12,4,22,46,<a_4><b_22><c_46>
49b937b7f964a5204a531fe3,40.75594942516311,-73.97242784500122,301,4,51,62,35,<a_51><b_62><c_35>
4b21b0a6f964a5203f4024e3,40.74325780467203,-73.98407936096191,307,3,61,9,58,<a_61><b_9><c_58>
4ebf704fd3e3700a5b639f67,40.73963320962857,-74.00200717527068,60,6,25,0,44,<a_25><b_0><c_44>
3fd66200f964a52088e51ee3,40.702435,-73.987073,43,6,32,34,13,<a_32><b_34><c_13>
4f863e29e4b0a1e087c526c7,40.75706555076466,-73.94701225658682,329,26,13,63,5,<a_13><b_63><c_5>
4bb64e08ef159c74fcbd75f7,40.716069008205125,-73.9497388406914,110,31,43,3,62,<a_43><b_3><c_62>
49eb53f5f964a520c2661fe3,40.739201116289465,-74.02752492515414,301,7,50,61,32,<a_50><b_61><c_32>
4e6e89b5d22daab469b62696,40.740266,-74.005814,237,11,44,28,12,<a_44><b_28><c_12>
4a723060f964a5208cda1fe3,40.713517,-73.961712,43,9,61,25,13,<a_61><b_25><c_13>
4c917220ae96a0933fcda346,40.81827071326029,-73.90658830179062,6,35,29,42,60,<a_29><b_42><c_60>
4be874a488ed2d7fa3e4cb1d,40.73260908451682,-73.98778071406592,43,12,1,41,11,<a_1><b_41><c_11>
4ac7d78cf964a52011ba20e3,40.75297891717686,-73.95996093749999,299,12,53,35,6,<a_53><b_35><c_6>
4a411ea5f964a520cba41fe3,40.71581961178149,-74.00887039064251,63,14,48,57,41,<a_48><b_57><c_41>
3fd66200f964a5208ee91ee3,40.76155662862304,-73.97852347886875,109,15,50,22,11,<a_50><b_22><c_11>
4ba61935f964a520673339e3,40.8519621874379,-73.82696628570557,139,52,8,29,53,<a_8><b_29><c_53>
4320d080f964a52090271fe3,40.73987099824526,-74.00698819554492,60,7,4,33,61,<a_4><b_33><c_61>
4106ec80f964a5208f0b1fe3,40.72041790246302,-73.98438319412892,43,13,1,26,13,<a_1><b_26><c_13>
4aedc59af964a520c3ce21e3,40.719615593177686,-73.84486198425293,79,10,4,47,21,<a_4><b_47><c_21>
4bf6ef8b5efe2d7fd10d6834,40.729395470403695,-73.98717237876596,43,27,1,39,16,<a_1><b_39><c_16>
4c3cfebb980320a1107a8be4,40.69970760265214,-73.80795186769657,374,5,20,7,26,<a_20><b_7><c_26>
4b8725e0f964a52034b331e3,40.69354088893255,-73.81158113479614,299,14,21,29,31,<a_21><b_29><c_31>
4c623ec779d1e21e08cfd515,40.67217109671446,-73.8066996080942,83,30,57,8,25,<a_57><b_8><c_25>
4f2bc3e4e4b05d297c0b55c0,40.76597116277859,-74.16509908485864,6,8,28,38,20,<a_28><b_38><c_20>
4f1120fce4b0725febba8c2b,40.74203589692204,-74.04859873680917,355,36,19,46,51,<a_19><b_46><c_51>
4d046fa67d9ba35d012c6623,40.72987911109646,-74.0100524915064,60,3,25,34,47,<a_25><b_34><c_47>
4ded9df9d164f9a5c67df34a,40.6768505436282,-73.72460202914579,63,35,42,23,15,<a_42><b_23><c_15>
4ebd41d582317d5cdaffded9,40.67502037261159,-73.8717893703308,83,13,54,25,50,<a_54><b_25><c_50>
4e5cba23183883e00c0c1b0a,40.6728312,-73.8705126,83,15,57,63,31,<a_57><b_63><c_31>
4de42417fa7651589f27bc0b,40.72134148815057,-73.98887973002674,6,51,49,23,34,<a_49><b_23><c_34>
4158a980f964a5203c1d1fe3,40.7120462,-73.9511408,43,10,40,28,13,<a_40><b_28><c_13>
4a9c9100f964a5208f3720e3,40.731463098592265,-73.98277049893474,151,21,25,46,45,<a_25><b_46><c_45>
4276bf00f964a5208c211fe3,40.744928040482485,-73.98279345554494,43,14,56,18,35,<a_56><b_18><c_35>
4bf00a3b51f2c9b6091cf192,40.68287734,-73.71464218,48,6,44,54,48,<a_44><b_54><c_48>
4c5dec7b9b28d13a98185b70,40.68152423037035,-73.71970004818971,48,7,36,16,39,<a_36><b_16><c_39>
4e894c5df7904f43f325a7e5,40.68262247134499,-73.7183639073073,6,4,17,21,1,<a_17><b_21><c_1>
4abe3770f964a520078c20e3,40.61230102976052,-73.98224249614313,307,13,46,28,27,<a_46><b_28><c_27>
4d2522feb9796dcb7e19a639,40.735828659054576,-73.87626841813706,299,26,13,40,16,<a_13><b_40><c_16>
4f7996c9e4b05bfd59346a83,40.93508141690897,-73.96537147003376,6,15,30,30,32,<a_30><b_30><c_32>
4f80a871e4b0a6d0b654f7dc,40.7544709327349,-73.96322769070457,243,18,13,11,47,<a_13><b_11><c_47>
49bad9acf964a520b8531fe3,40.73289,-73.99,156,18,29,13,14,<a_29><b_13><c_14>
4ba41457f964a5203f7f38e3,40.76245410504188,-73.97216999131817,159,13,41,24,60,<a_41><b_24><c_60>
4bc8f659937ca59374e4a492,40.74296923822863,-73.88276696205139,48,12,26,59,14,<a_26><b_59><c_14>
4b77038bf964a5208b742ee3,40.74305982524011,-73.88234942307754,253,17,52,49,14,<a_52><b_49><c_14>
4b4f35a8f964a52063fd26e3,40.72465693431455,-73.70641708374023,79,40,26,31,63,<a_26><b_31><c_63>
4b265c27f964a520867a24e3,40.741778511511214,-73.98538179575334,110,48,26,59,42,<a_26><b_59><c_42>
4f75ce0fe4b00446b3f08630,40.68942794146308,-73.8275791423314,153,5,42,23,35,<a_42><b_23><c_35>
4baeb616f964a52039d13be3,40.756126957587234,-73.99087401184651,21,22,52,5,25,<a_52><b_5><c_25>
4bf5e106004ed13ab59641a0,40.75626306478054,-73.99124704067701,83,22,26,9,45,<a_26><b_9><c_45>
4e3156877d8b9b256bca1e42,40.7569233786569,-73.99151676876411,253,44,26,9,30,<a_26><b_9><c_30>
4cdd54f4d4ecb1f797a28448,40.705436,-73.780708,207,5,55,0,34,<a_55><b_0><c_34>
4b842cf3f964a5209e2531e3,40.73699909877152,-73.99245220578715,89,34,55,60,28,<a_55><b_60><c_28>
4bad51daf964a520d1453be3,40.71509635681654,-74.04848322272301,305,5,55,11,57,<a_55><b_11><c_57>
4b6ffcb4f964a52068022de3,40.710277939678456,-74.05594646930695,305,17,21,9,39,<a_21><b_9><c_39>
4ae1ed7cf964a520d58821e3,40.75077058041354,-73.98711498854381,31,15,12,7,43,<a_12><b_7><c_43>
4c60271113791b8dafe44eaf,40.75161349552273,-73.987877368927,69,21,33,13,58,<a_33><b_13><c_58>
4f262a2ae4b0e1208360e5b0,40.772902927786944,-74.18828724877552,149,10,26,9,30,<a_26><b_9><c_30>
4bfdb21b8992a5939388acb0,40.77972902126812,-74.17463690042496,305,6,55,37,1,<a_55><b_37><c_1>
4b547448f964a520cfbb27e3,40.74642075213303,-73.98215066942257,69,50,33,43,4,<a_33><b_43><c_4>
4f7efafde5e8cf764f54b073,40.704033809624725,-73.98669719696045,69,14,33,33,6,<a_33><b_33><c_6>
4876216df964a52011511fe3,40.73463856186537,-74.00065286623969,253,10,38,39,52,<a_38><b_39><c_52>
4d270f6d8292236ac1eb0bbb,40.75326986370161,-73.9898237883206,69,15,38,0,43,<a_38><b_0><c_43>
4bb4125c87aa95218de5acd1,40.743741277048656,-73.97304238866357,110,10,12,9,29,<a_12><b_9><c_29>
4f39bc25e4b0f450d67d1c09,40.79438498239602,-73.94910742463527,329,21,12,31,23,<a_12><b_31><c_23>
4f86d1d2e4b0f1893822cc85,40.75794808945618,-73.98231136615475,253,8,33,36,26,<a_33><b_36><c_26>
4ad3686ef964a5203be420e3,40.702415,-74.01258301,253,15,42,45,15,<a_42><b_45><c_15>
4ba22d7df964a5208be137e3,40.75013222514482,-73.98493766784668,69,12,10,14,31,<a_10><b_14><c_31>
4c360f57dfb0e21e706aaaa8,40.838724200957486,-74.18097765727866,69,37,63,41,6,<a_63><b_41><c_6>
4b7f0390f964a520611030e3,40.741436970084,-73.98566722869873,69,19,12,11,46,<a_12><b_11><c_46>
4b069e81f964a520cfed22e3,40.75164600588797,-73.992919921875,253,9,13,18,21,<a_13><b_18><c_21>
4bc4cad7b492d13aeb93aa60,40.75977309846517,-73.98116111755371,69,11,62,0,10,<a_62><b_0><c_10>
4bb0c8c4f964a520945c3ce3,40.84129181677252,-73.94046255754523,190,10,10,31,60,<a_10><b_31><c_60>
4b191a58f964a520ffd723e3,40.74478805065155,-74.028754,253,11,62,27,62,<a_62><b_27><c_62>
4ea99ac1e3005b03feaedc2e,40.744445236135874,-74.02890199473615,312,8,51,38,27,<a_51><b_38><c_27>
4c1e250cb489b713deb1a9c7,40.82610293017833,-73.9506113394844,21,18,43,38,22,<a_43><b_38><c_22>
4b28e31df964a520ed9524e3,40.752973198215656,-73.97481012905551,153,12,3,10,54,<a_3><b_10><c_54>
4d5d7bda2a31a1cd397253f1,40.59481117363448,-73.79541168269034,103,25,52,1,31,<a_52><b_1><c_31>
4c091546a1b32d7f4eff96f0,40.70795858466179,-73.78559957153487,110,15,12,19,14,<a_12><b_19><c_14>
46a9bed8f964a52054491fe3,40.759399732731005,-73.98947945148703,157,10,21,32,9,<a_21><b_32><c_9>
4c0ff91e3ce120a18854071c,40.714825968619806,-74.005692,155,23,34,19,44,<a_34><b_19><c_44>
49fa353af964a520da6d1fe3,40.74518568298073,-73.97689925585411,156,5,11,10,57,<a_11><b_10><c_57>
4bdec810ffdec928408fe9a1,40.7433553479754,-73.73199462890625,299,10,12,28,42,<a_12><b_28><c_42>
4b82e4cbf964a52081eb30e3,40.79419656648693,-73.97272825241089,306,5,10,29,59,<a_10><b_29><c_59>
4a71e6e8f964a520d2d91fe3,40.74125944237973,-74.00153661135433,157,5,10,57,59,<a_10><b_57><c_59>
4b538c3cf964a520a4a127e3,40.86453987872689,-73.92629470350731,157,18,18,55,9,<a_18><b_55><c_9>
4d91ed1ef5388cfa3204c03d,40.75458019674302,-73.99409351370946,155,27,10,50,59,<a_10><b_50><c_59>
4b8711c7f964a520d7ae31e3,40.75249644128225,-73.9898295272626,69,5,10,14,42,<a_10><b_14><c_42>
4c1943b36e02b71394b8627b,40.68036952800187,-73.94965589046478,307,28,60,60,59,<a_60><b_60><c_59>
4de4ef81e4cd056f747dc050,40.702696,-74.013553,69,13,3,10,0,<a_3><b_10><c_0>
4d43209d90f388bfd00d4f01,40.75842406986988,-73.97068977355957,228,5,9,50,12,<a_9><b_50><c_12>
4f3e4c26754ab16082bb607f,40.7411161511398,-73.9854097366333,121,11,22,15,43,<a_22><b_15><c_43>
4297b480f964a52062241fe3,40.78118443649759,-73.9732030930065,181,25,16,39,11,<a_16><b_39><c_11>
4c4dcfb2fb742d7f792a592d,40.715666,-73.955944,253,5,3,24,24,<a_3><b_24><c_24>
4a4925b7f964a52008ab1fe3,40.72819472159206,-74.00538716745397,224,16,50,15,54,<a_50><b_15><c_54>
4aa44e08f964a5204f4620e3,40.748485,-73.985041,224,20,50,47,54,<a_50><b_47><c_54>
4cd7f12a7bb06dcb988d9fb2,40.74226610630077,-73.98446559906006,71,30,62,14,30,<a_62><b_14><c_30>
4be1ae703ef676b0e44ec0ca,40.69881195801446,-73.8087272644043,275,24,58,46,27,<a_58><b_46><c_27>
4eea9e1793adad8125ddf4cb,40.93259915296421,-74.07112728367164,224,6,56,10,0,<a_56><b_10><c_0>
3fd66200f964a520fbe71ee3,40.75881854506599,-73.96865740411552,148,6,39,34,49,<a_39><b_34><c_49>
4a9ac075f964a5207b3220e3,40.640888674046494,-73.78684043884277,273,10,45,24,41,<a_45><b_24><c_41>
4c9285e26cfea093756eb28b,40.712611,-73.956427,69,7,24,19,31,<a_24><b_19><c_31>
4e0ea32952b1b27c1b897cba,40.70704310201472,-73.7785792350769,81,16,17,24,1,<a_17><b_24><c_1>
4ad35de9f964a520ffe320e3,40.752508,-73.973353,148,12,2,0,32,<a_2><b_0><c_32>
4b7174f3f964a5209b472de3,40.72217190721143,-73.7935159377537,187,14,63,26,40,<a_63><b_26><c_40>
4abab3bff964a5208b8220e3,40.74307504719547,-74.00298846947285,158,7,20,54,53,<a_20><b_54><c_53>
4d14ee31b15cb1f7f9a3a421,40.74765106262647,-73.98636891409481,106,6,37,49,14,<a_37><b_49><c_14>
4c5049b8f080a5932e9143e2,40.8140377180636,-74.00417060668508,132,13,5,1,57,<a_5><b_1><c_57>
4ce6f0dcf3bda14367eaaee4,40.81313597242725,-74.00196126664682,91,14,33,7,44,<a_33><b_7><c_44>
4b092864f964a5207a1423e3,40.750998873195776,-74.02547651573961,253,25,63,49,32,<a_63><b_49><c_32>
4b998a8ff964a520098235e3,40.73779798692258,-73.98969179260743,118,6,32,1,18,<a_32><b_1><c_18>
4f23562ee4b04f6e6811356d,40.76066701799484,-73.98463726043701,149,9,50,15,20,<a_50><b_15><c_20>
438d6b12f964a520322b1fe3,40.75925299429778,-73.98515224456787,301,10,59,57,39,<a_59><b_57><c_39>
4e24577888774a43b786564c,40.68499608789172,-73.94186034276925,6,34,57,47,9,<a_57><b_47><c_9>
4cf836347b44224b54cecd05,40.761436,-73.972889,69,13,3,14,24,<a_3><b_14><c_24>
4b186023f964a520bbd123e3,40.76190477195068,-73.92474889755249,157,38,60,25,7,<a_60><b_25><c_7>
4c1956036a21c9b62b6bca97,40.94816651666667,-74.06842515,39,12,36,29,28,<a_36><b_29><c_28>
4adfb640f964a520e57c21e3,40.745884,-73.988116,243,14,6,58,17,<a_6><b_58><c_17>
4a50fd41f964a5205fb01fe3,40.76297490010358,-73.97377967834471,9,11,22,46,24,<a_22><b_46><c_24>
49ecb093f964a52071671fe3,40.75696123684052,-73.98907363414764,251,12,43,20,16,<a_43><b_20><c_16>
4d633c7da45b548145c8ff2c,40.72603917082711,-73.98208379745483,286,11,54,59,21,<a_54><b_59><c_21>
4ab8121ef964a520117c20e3,40.719222,-73.990248,253,10,3,62,25,<a_3><b_62><c_25>
4b934941f964a5209c3e34e3,40.81328954943149,-74.01137351989746,118,26,57,19,38,<a_57><b_19><c_38>
4aefa2bdf964a520b1d921e3,40.76374688503551,-73.97148907184601,298,4,37,0,45,<a_37><b_0><c_45>
4dc936ef2271353fc8edaa31,40.679529905319214,-73.75119,153,10,17,38,59,<a_17><b_38><c_59>
430d0a00f964a5203e271fe3,40.701593743002,-73.99592399597168,139,11,35,39,3,<a_35><b_39><c_3>
4a676435f964a52054c91fe3,40.762827029146,-73.97336953664879,287,35,13,42,17,<a_13><b_42><c_17>
4a5aaff5f964a520c3ba1fe3,40.73003391698606,-73.99233168961688,157,12,23,24,35,<a_23><b_24><c_35>
49df79b7f964a520ca601fe3,40.86301432403785,-73.88035297393799,130,6,45,27,31,<a_45><b_27><c_31>
4a7fe4e2f964a5208ef41fe3,40.76900427024065,-73.98231983184814,253,12,63,49,63,<a_63><b_49><c_63>
4cb746713ac937047970da0a,40.62443787116938,-74.08435517225,264,5,55,3,1,<a_55><b_3><c_1>
4ae23a21f964a5200a8c21e3,40.74902921051218,-73.99237186168206,2,24,41,61,20,<a_41><b_61><c_20>
4a78d49ef964a52087e61fe3,40.7501349849781,-73.99873041960055,300,5,3,58,24,<a_3><b_58><c_24>
4eaa04ec2c5b5d71e6a0ba93,40.75149458523515,-74.05361869842297,109,5,15,40,0,<a_15><b_40><c_0>
3fd66200f964a5200ae61ee3,40.72988845526377,-74.00061269591029,43,18,1,21,31,<a_1><b_21><c_31>
4c40d709a48d9c74ab6c0c40,40.70780845475596,-73.80277044875054,83,24,58,49,56,<a_58><b_49><c_56>
4bd8df990115c9b618ba7580,40.740787336369145,-73.99331877220993,245,17,44,22,47,<a_44><b_22><c_47>
3fd66200f964a52067e71ee3,40.74235485559069,-73.98503171186687,224,7,27,17,41,<a_27><b_17><c_41>
4c6985928d22c9284776b745,40.74227764235143,-73.98525553606459,58,8,15,39,23,<a_15><b_39><c_23>
43cb5586f964a520b92d1fe3,40.743042,-73.996272,32,6,9,50,35,<a_9><b_50><c_35>
4a68c335f964a520f3ca1fe3,40.75962138399058,-73.98122666060476,152,10,59,34,40,<a_59><b_34><c_40>
4aa868abf964a520295120e3,40.73907152609708,-73.98379780455603,43,10,1,27,11,<a_1><b_27><c_11>
49bc3b0af964a52020541fe3,40.71582979897038,-74.01241667130368,48,13,27,47,29,<a_27><b_47><c_29>
4a241528f964a520f57d1fe3,40.76293570093437,-73.97780606756776,53,8,14,34,2,<a_14><b_34><c_2>
3fd66200f964a52071e71ee3,40.752726016366246,-73.97771096553127,58,8,32,13,61,<a_32><b_13><c_61>
4bfb0ac865fbc9b660e8906c,40.73441328403598,-74.01000022888184,12,12,41,32,63,<a_41><b_32><c_63>
4e8a2aa061aff1e909c59333,40.752886617029375,-73.97734118361574,79,18,15,47,27,<a_15><b_47><c_27>
3fd66200f964a52036e71ee3,40.730465,-74.00426030158997,43,6,40,4,51,<a_40><b_4><c_51>
49ce7e48f964a5204a5a1fe3,40.76873857492914,-73.98185223227772,118,6,34,15,27,<a_34><b_15><c_27>
4b3a4910f964a520d16325e3,40.75271883902363,-73.90970706939697,253,6,2,17,12,<a_2><b_17><c_12>
3fd66200f964a520c5e41ee3,40.72718559227258,-73.98873567581177,237,5,15,27,21,<a_15><b_27><c_21>
4dd20d20e4cd7f7178c0d34d,40.757078,-73.9671573,43,5,61,3,42,<a_61><b_3><c_42>
46c981bcf964a520224a1fe3,40.72006790651271,-73.98831322789192,43,14,1,21,34,<a_1><b_21><c_34>
4edac72c61af8a14b6d7f7a2,40.799246378690846,-73.93220766956706,329,13,13,52,32,<a_13><b_52><c_32>
4c87c2c6cedc224b973f7fb6,40.87436275426152,-74.13854777812958,153,6,23,11,10,<a_23><b_11><c_10>
4cc1afea1da0a1cd6eae9bc6,40.722904,-73.79474,196,3,5,10,18,<a_5><b_10><c_18>
457fdbb3f964a520523f1fe3,40.748315,-73.986064,43,12,35,5,28,<a_35><b_5><c_28>
4d34a091c6cba35dec2f357a,40.71423543192861,-73.96152872148346,58,7,15,39,31,<a_15><b_39><c_31>
499dea48f964a5208c521fe3,40.74709440008955,-73.99452924728394,208,12,23,12,6,<a_23><b_12><c_6>
4ed34551754ad8083f6fd853,40.76000064275873,-73.99648189544678,245,35,14,39,16,<a_14><b_39><c_16>
49ce4562f964a5202a5a1fe3,40.73035793472105,-73.98632874077299,36,5,55,3,50,<a_55><b_3><c_50>
4d8b726dd85f370461e114dc,40.758759027055184,-73.97877802472269,146,2,51,40,63,<a_51><b_40><c_63>
4a746f9bf964a52023de1fe3,40.76406488952674,-73.9883660914967,224,10,27,56,29,<a_27><b_56><c_29>
4acccc27f964a52095c920e3,40.74131672712246,-73.98830870163144,110,11,23,11,5,<a_23><b_11><c_5>
4cc9a5760f7bef3b5f9c7fdd,40.74588914242651,-73.98852104404719,237,4,15,61,38,<a_15><b_61><c_38>
4aa9386ef964a5208b5220e3,40.74583734577147,-73.98799265354255,118,6,35,50,50,<a_35><b_50><c_50>
48a1f305f964a5208d511fe3,40.73949150137504,-74.00168581467251,58,7,1,29,48,<a_1><b_29><c_48>
4a6baeebf964a52099cf1fe3,40.75835785550575,-73.9842454555664,124,9,48,10,1,<a_48><b_10><c_1>
4c349aee16adc9282262c59c,40.824786543313365,-74.1840648651123,103,2,0,18,21,<a_0><b_18><c_21>
41b24f80f964a520661e1fe3,40.81821533976433,-73.96058739425644,251,6,1,13,30,<a_1><b_13><c_30>
3fd66200f964a52016e51ee3,40.72306684493416,-73.98850382710332,53,6,25,40,6,<a_25><b_40><c_6>
4b22dbdaf964a520ef4e24e3,40.75245875985304,-73.90979290008545,75,7,27,50,42,<a_27><b_50><c_42>
4cae5172cbab236a20768f73,40.68670740090934,-73.97777080535889,98,10,36,3,50,<a_36><b_3><c_50>
4c1ac0bab9f876b0cf397946,40.83326515852468,-73.87441364536598,212,7,20,14,35,<a_20><b_14><c_35>
4a02d6f9f964a5206e711fe3,40.75333652297646,-73.98098945617676,7,8,9,40,12,<a_9><b_40><c_12>
4c140c40a9c220a143ed569d,40.7445,-73.98259,251,34,49,30,19,<a_49><b_30><c_19>
4e3039196284021061f3558d,40.7437935375,-73.88155945999999,306,9,15,52,34,<a_15><b_52><c_34>
3fd66200f964a52004e61ee3,40.72284169882771,-73.9941164689654,124,7,39,8,20,<a_39><b_8><c_20>
427ff980f964a520b7211fe3,40.72829298080731,-73.99119292464046,251,7,56,22,34,<a_56><b_22><c_34>
4b0aa3eff964a520e12523e3,40.88584772149443,-73.9104551049021,31,8,29,37,42,<a_29><b_37><c_42>
3fd66200f964a5200ae71ee3,40.73258001246407,-74.00255978107452,56,3,0,20,9,<a_0><b_20><c_9>
4c6d970b6af58cfa36ec8917,40.73264788139243,-73.99115521826296,15,4,9,11,4,<a_9><b_11><c_4>
44d8c0faf964a52078361fe3,40.774772,-73.954047,123,7,27,47,12,<a_27><b_47><c_12>
4396cca9f964a520952b1fe3,40.752427601875766,-73.99410499133778,224,10,16,41,7,<a_16><b_41><c_7>
46fd176ef964a520124b1fe3,40.758193191200576,-73.96258483924586,108,7,15,47,35,<a_15><b_47><c_35>
4af0d533f964a52091df21e3,40.80547929368668,-74.19283338241432,300,7,42,41,20,<a_42><b_41><c_20>
4aa978eef964a520d65320e3,40.76223946808768,-73.97467238363429,5,4,35,33,26,<a_35><b_33><c_26>
4c730666d944224b545d0e29,40.885582,-73.909884,77,9,21,39,50,<a_21><b_39><c_50>
3fd66200f964a520bbe91ee3,40.72628914961654,-74.00039462826085,32,10,32,10,28,<a_32><b_10><c_28>
4bc0de0674a9a593e4d8d0f6,40.631802574062505,-74.00615930557251,307,12,54,52,7,<a_54><b_52><c_7>
3fd66200f964a52017e31ee3,40.781856,-73.979227,227,7,0,20,49,<a_0><b_20><c_49>
3fd66200f964a52033eb1ee3,40.715594,-73.998234,232,7,39,26,62,<a_39><b_26><c_62>
44c91345f964a520f3351fe3,40.73441062140292,-73.9908166227313,238,16,56,56,27,<a_56><b_56><c_27>
3fd66200f964a520f6e61ee3,40.73369431021343,-74.00212123990059,245,20,48,27,35,<a_48><b_27><c_35>
45367ca4f964a520ab3b1fe3,40.7290065334789,-73.98930154388093,4,7,22,62,61,<a_22><b_62><c_61>
4b29234cf964a520779924e3,40.8292029376781,-74.13943290710449,40,9,8,17,43,<a_8><b_17><c_43>
4b538ce9f964a520c5a127e3,40.87077690106772,-74.18019443750381,53,13,44,50,15,<a_44><b_50><c_15>
4ae4fcfff964a520eb9f21e3,40.85446165720632,-74.07096147537231,150,5,44,54,24,<a_44><b_54><c_24>
4d50bc057ee1a35d6ad98834,40.86154,-74.10002,170,8,15,47,15,<a_15><b_47><c_15>
4cf31e3d88de370466657d2b,40.7216130038783,-73.95814221792891,58,9,4,25,28,<a_4><b_25><c_28>
4cd896307d454688697deced,40.73928990379554,-74.03033069390608,43,11,56,41,42,<a_56><b_41><c_42>
4c34858f66e40f47009fc98b,40.739486020568506,-73.78538131713867,238,1,61,61,12,<a_61><b_61><c_12>
4e77e40118387f865961f673,40.851377882205846,-73.94008040428162,149,18,4,3,35,<a_4><b_3><c_35>
4a1b592ef964a520ee7a1fe3,40.737604,-73.997361,111,16,48,41,61,<a_48><b_41><c_61>
4587e9aef964a520cf3f1fe3,40.682288833662085,-73.97998698962292,53,4,25,47,61,<a_25><b_47><c_61>
4d4fea287ee1a35d65138034,40.81866124816049,-74.1885824928771,6,12,44,5,24,<a_44><b_5><c_24>
4b85a31cf964a520296a31e3,40.74590514014295,-73.99804159998894,307,10,8,49,54,<a_8><b_49><c_54>
4b12f7c7f964a520cf9123e3,40.71441897635021,-73.94948053437223,233,28,43,15,27,<a_43><b_15><c_27>
3fd66200f964a52092e71ee3,40.765006420148175,-73.98313522338867,53,4,61,3,19,<a_61><b_3><c_19>
4ae46fcef964a520939a21e3,40.75065972663712,-74.1640068276603,111,12,18,6,2,<a_18><b_6><c_2>
4d53a2c5a9378eec634eb2c4,40.71965180963259,-73.99967156006764,243,5,25,46,11,<a_25><b_46><c_11>
4a732ac9f964a520b9db1fe3,40.75026475714144,-73.98647221688374,61,6,4,44,55,<a_4><b_44><c_55>
4dcabca41f6e2812677e3598,40.71811007138396,-73.9575452687688,32,8,61,24,34,<a_61><b_24><c_34>
4b7ca616f964a520729f2fe3,40.75635510873231,-74.04270656678845,329,7,40,4,51,<a_40><b_4><c_51>
4b80c844f964a520cb8b30e3,40.665749482987145,-73.78465739961639,301,46,49,30,21,<a_49><b_30><c_21>
4c28a25d3492a593929ab728,40.87612795709229,-73.90854898437728,321,14,2,21,32,<a_2><b_21><c_32>
4b43d659f964a52091eb25e3,40.88007560179899,-73.90819302004395,157,9,36,15,35,<a_36><b_15><c_35>
4e3ec0522271d21e870728ca,40.7659670189929,-73.71603928845933,138,9,7,14,22,<a_7><b_14><c_22>
4d9cfefbc99fb60c9133be8b,40.76136589216275,-73.7261152267456,369,7,44,28,30,<a_44><b_28><c_30>
49ce7cb3f964a520495a1fe3,40.68444072891164,-73.97776015315338,56,8,56,56,0,<a_56><b_56><c_0>
4b56856df964a520d21328e3,40.7903220753707,-73.94764423370361,307,15,58,7,3,<a_58><b_7><c_3>
4b6caaddf964a520ac4a2ce3,40.72114429824649,-73.95695686340332,65,13,1,38,32,<a_1><b_38><c_32>
4b228503f964a520394824e3,40.887145,-73.904555,43,11,25,25,18,<a_25><b_25><c_18>
4cbcafab035d236aebebe64e,40.71855465714273,-73.98899737888202,58,14,4,25,61,<a_4><b_25><c_61>
3fd66200f964a520e0e51ee3,40.721291,-73.994262,43,12,1,36,13,<a_1><b_36><c_13>
3fd66200f964a52036e41ee3,40.729616590845886,-73.98979783058167,43,9,44,33,19,<a_44><b_33><c_19>
4ec546395c5c09569ba970f6,40.76406380256933,-73.77111196517944,43,4,25,33,48,<a_25><b_33><c_48>
4bbad97d935e95210a982890,40.834293618506855,-73.94444636233645,150,7,28,5,34,<a_28><b_5><c_34>
4b5744a9f964a520582e28e3,40.73941845745583,-74.00677013515947,63,4,25,51,13,<a_25><b_51><c_13>
4c3e2f3e80bc20a193a8aa58,40.70344664573301,-73.80027734538457,150,10,18,62,4,<a_18><b_62><c_4>
4f629f29e4b09ff9badbf658,40.86810091102874,-73.88818907725427,329,18,19,18,6,<a_19><b_18><c_6>
4bc4a8a2920eb7139b0c1f2c,40.68029630130162,-73.75347375869751,108,10,11,38,15,<a_11><b_38><c_15>
4e272673b0fb1fae1ddaf462,40.879797,-74.10825,324,22,49,21,14,<a_49><b_21><c_14>
4bdb0b343c4fef3ba3baf4bf,40.67463256546611,-73.73529057814937,48,13,45,40,0,<a_45><b_40><c_0>
4b8b28b2f964a520869532e3,40.88726162910461,-73.904543,110,6,28,27,21,<a_28><b_27><c_21>
4a62c4b4f964a52080c41fe3,40.85408633699964,-74.1383358836174,43,9,40,30,1,<a_40><b_30><c_1>
49becfd3f964a520e0541fe3,40.747716919319366,-73.98641482645229,38,10,39,60,42,<a_39><b_60><c_42>
411ff900f964a520290c1fe3,40.71412238900447,-73.94903280260148,43,7,40,23,40,<a_40><b_23><c_40>
4d1bf20fc50e6ea8f4d9ceb8,40.88729678663871,-73.90658830179062,6,13,30,22,34,<a_30><b_22><c_34>
4e44553c7d8bee28239c268f,40.743644725,-74.00428604,242,12,4,23,33,<a_4><b_23><c_33>
49cc222df964a5204a591fe3,40.72302980637745,-73.98893998920552,43,7,25,25,13,<a_25><b_25><c_13>
40fb0f00f964a520d90a1fe3,40.76064468176889,-73.9860647444491,53,6,28,5,18,<a_28><b_5><c_18>
49ccb999f964a5208d591fe3,40.76034688774883,-73.98721829093132,43,11,28,22,11,<a_28><b_22><c_11>
4f7c238be4b02cdb82b94324,40.91830592741865,-74.19020776022401,299,11,26,8,63,<a_26><b_8><c_63>
4c17d49650389c749264b3cf,40.75656797846801,-73.99236038395,63,12,44,5,47,<a_44><b_5><c_47>
4a728f52f964a52037db1fe3,40.72956780913896,-73.9984130859375,92,25,19,31,46,<a_19><b_31><c_46>
4abe5fb8f964a5200f8d20e3,40.77769857525252,-73.9775994526167,157,6,26,48,53,<a_26><b_48><c_53>
4cbcf7c943ec6dcbcd60b431,40.967639,-74.073357,330,7,30,0,49,<a_30><b_0><c_49>
4aca2ceef964a520bfc020e3,40.76597841669596,-73.98156527304751,48,16,46,0,8,<a_46><b_0><c_8>
4c33f4eded37a593df456e03,40.74970740277419,-74.21492038110526,39,18,41,37,40,<a_41><b_37><c_40>
4d1266ff12916dcb8daad58a,40.73690276598786,-73.99580367275166,253,9,2,52,38,<a_2><b_52><c_38>
4a36f3c9f964a5200e9e1fe3,40.753013,-73.987575,156,8,63,59,32,<a_63><b_59><c_32>
4b6f0ccff964a520a0d92ce3,40.71961735061842,-73.8435747643426,19,3,55,27,0,<a_55><b_27><c_0>
4dc83583d22dad7970c7a884,40.74784649558036,-74.17684116064805,6,6,23,9,7,<a_23><b_9><c_7>
3fd66200f964a52020e31ee3,40.71634664858483,-73.9885425567627,112,8,2,9,25,<a_2><b_9><c_25>
49ff62f9f964a52013701fe3,40.71056828033833,-74.01106817427426,294,14,34,9,42,<a_34><b_9><c_42>
4a9b025ef964a520f93320e3,40.69386993257195,-73.98745202134512,253,10,33,42,60,<a_33><b_42><c_60>
4bbf3763006dc9b6252efc3f,40.75087483162419,-73.9824605844286,155,11,33,29,31,<a_33><b_29><c_31>
4f1022a5e4b047204346ad31,40.75553088008716,-73.9859676361084,57,21,47,20,3,<a_47><b_20><c_3>
4b6743e3f964a520b1442be3,40.62689263449373,-74.07646536827087,139,32,43,62,30,<a_43><b_62><c_30>
4afd7f51f964a520232822e3,40.74985230284309,-73.97285298694432,69,10,10,9,19,<a_10><b_9><c_19>
4addb114f964a520556521e3,40.74212106363262,-74.0050600740452,69,7,62,9,56,<a_62><b_9><c_56>
4b57199af964a520612628e3,40.72248722401112,-73.99767450040193,7,8,12,43,37,<a_12><b_43><c_37>
4b5f0221f964a520fea129e3,40.7539591745711,-73.97656637453203,253,11,38,18,57,<a_38><b_18><c_57>
4ad3d174f964a5207be620e3,40.7388714434338,-73.98297136918099,253,13,2,45,33,<a_2><b_45><c_33>
4b2929c1f964a5200f9a24e3,40.83144349588149,-74.13145065307617,79,13,55,59,6,<a_55><b_59><c_6>
4b21aee7f964a5201b4024e3,40.77950085761895,-73.9558461945179,307,50,6,49,53,<a_6><b_49><c_53>
4ce690ed0f196dcb0d4d38ae,40.8266090764245,-73.924595410042,82,8,10,55,15,<a_10><b_55><c_15>
4c6940de8e7c0f478815df0f,40.69663881795731,-73.71793001879779,104,3,10,20,12,<a_10><b_20><c_12>
4f7b11d3e4b01ee86808da9c,40.74053450896559,-73.99484529691256,369,22,21,36,30,<a_21><b_36><c_30>
4b642287f964a520afa02ae3,40.71034232752298,-73.85208034627219,300,9,46,3,7,<a_46><b_3><c_7>
4ea766bedab48494d86ef5bf,40.931104098208365,-74.13194417953491,330,18,16,52,44,<a_16><b_52><c_44>
4b4b82fef964a520a99e26e3,40.754588128128326,-73.98401498794556,253,13,33,48,14,<a_33><b_48><c_14>
4e863b32f790e3cd5056eff1,40.79777195921488,-73.92252868173901,326,26,60,20,24,<a_60><b_20><c_24>
4b4a486bf964a520368226e3,40.74097362475528,-73.7843406200409,165,6,3,2,25,<a_3><b_2><c_25>
4e4942d07d8b91a065b2d1d1,40.63806160214608,-74.07612370262419,91,13,33,41,41,<a_33><b_41><c_41>
4c700359fa49a1cd359da4e3,40.71419691809495,-73.88005255954214,369,8,56,18,52,<a_56><b_18><c_52>
4c0159c558dbc928a32eee6b,40.583875,-73.94781236666667,43,3,52,27,28,<a_52><b_27><c_28>
4d237adbcc84721ef3cd60f6,40.77037447,-74.02654,69,16,34,45,50,<a_34><b_45><c_50>
4a896d11f964a520020820e3,40.64671745617407,-74.02111530303955,185,15,13,11,47,<a_13><b_11><c_47>
4adf741bf964a520b37a21e3,40.75922886315155,-73.981347183746,156,5,17,33,23,<a_17><b_33><c_23>
4a7ec930f964a5201af21fe3,40.758494,-73.971037,31,6,9,55,10,<a_9><b_55><c_10>
4bb7d645cf2fc9b608e39e02,40.83274925601631,-73.86167093990406,31,15,16,2,11,<a_16><b_2><c_11>
4bc5f776db8fa59392819b37,40.72495970633984,-73.9949887666545,228,3,9,37,40,<a_9><b_37><c_40>
49f85763f964a520f16c1fe3,40.70458850287455,-74.00963933087027,149,7,37,0,4,<a_37><b_0><c_4>
4c33bfa516adc928ae27c49c,40.66094628812604,-73.7224412643994,294,6,50,41,51,<a_50><b_41><c_51>
4ecee40d02d5feaa1a85a14d,40.9460393052988,-74.01625553200782,293,82,54,56,54,<a_54><b_56><c_54>
3fd66200f964a52014eb1ee3,40.763315061816776,-73.98416510802596,263,11,53,57,61,<a_53><b_57><c_61>
4d1829fae190721e1b3f2021,40.717006,-73.956565,151,10,1,34,34,<a_1><b_34><c_34>
4a01ee7bf964a52010711fe3,40.713240189310966,-74.01618003845215,148,7,11,39,63,<a_11><b_39><c_63>
4b80468ff964a520456330e3,40.66071747831128,-73.9685869216919,135,6,2,21,1,<a_2><b_21><c_1>
4a72eeb8f964a52056db1fe3,40.752285553402615,-73.98580074776224,253,7,23,6,12,<a_23><b_6><c_12>
4c90333a6fbf224b93fa518f,40.75839932694621,-73.98532455096999,288,8,50,2,62,<a_50><b_2><c_62>
4b61f328f964a520082d2ae3,40.7408667651662,-73.99179797423834,253,1,31,63,56,<a_31><b_63><c_56>
4aaadceff964a520c35720e3,40.74330301258302,-73.91826369774468,253,10,37,19,32,<a_37><b_19><c_32>
4c7d0ee5247cb60c0cbd5f5e,40.611867443030064,-74.15393829345703,138,14,58,42,0,<a_58><b_42><c_0>
49f15227f964a520a5691fe3,40.78413298467147,-73.97762240984444,251,5,7,8,38,<a_7><b_8><c_38>
4c550d5afd2ea593c95a112b,40.94642691849954,-74.13332927068262,347,10,43,50,3,<a_43><b_50><c_3>
41706480f964a520a51d1fe3,40.78299485153325,-73.95890951156616,167,8,11,19,31,<a_11><b_19><c_31>
4a303a66f964a52036991fe3,40.74753570734198,-73.98621969885711,232,9,62,38,35,<a_62><b_38><c_35>
4ba261cbf964a52050f337e3,40.74496292998492,-73.98216214776504,228,8,12,39,23,<a_12><b_39><c_23>
4b96c70ff964a520dfe334e3,40.71860897861705,-73.99960843493709,33,3,37,21,5,<a_37><b_21><c_5>
4ce6d20af08f8eece5b40130,40.75521901218889,-73.98661569288727,148,5,27,24,56,<a_27><b_24><c_56>
4aa53eccf964a520b24720e3,40.7786522461373,-73.95600342794427,253,12,2,55,19,<a_2><b_55><c_19>
40afe980f964a5203bf31ee3,40.7569743825982,-73.98877355904663,166,74,47,50,20,<a_47><b_50><c_20>
4b1e47faf964a5205d1824e3,40.75200361885657,-73.97566795349121,253,11,38,36,47,<a_38><b_36><c_47>
4f3bd9b7e5e8de74f181a825,40.85439105649562,-73.86379837989807,369,11,27,56,0,<a_27><b_56><c_0>
4da9e90da86e771ea7178471,40.73580789980458,-73.98917528677009,234,6,37,39,58,<a_37><b_39><c_58>
4bca625a937ca593dadba792,40.8933489,-74.107129,39,6,13,35,38,<a_13><b_35><c_38>
4e0a242e62e100e581827369,40.742949,-73.919404,113,2,0,32,26,<a_0><b_32><c_26>
4a02038bf964a52023711fe3,40.74130690856319,-73.98935794830322,332,36,58,40,19,<a_58><b_40><c_19>
4a9da316f964a520c03820e3,40.71926874226221,-74.00171450760502,2,12,21,14,19,<a_21><b_14><c_19>
4f886f437b0c6e11520bb1b2,40.70477380546345,-73.94186034276925,6,8,4,23,46,<a_4><b_23><c_46>
4d838e0940a7a35d987ef8bd,40.750746,-74.002286,157,12,36,31,16,<a_36><b_31><c_16>
4d84ce358de9721ef39c3851,40.62743941221212,-74.09463109843134,6,22,29,21,14,<a_29><b_21><c_14>
49c170abf964a520a7551fe3,40.689649,-73.992413,48,15,55,19,32,<a_55><b_19><c_32>
49d0cb5ff964a520315b1fe3,40.74400938999839,-73.98565727114978,58,8,19,58,48,<a_19><b_58><c_48>
3fd66200f964a520c7f11ee3,40.73168165030361,-73.99618148803711,233,7,27,60,20,<a_27><b_60><c_20>
4b69fff0f964a520d0c02be3,40.89544599443902,-73.86297225952148,79,10,23,13,47,<a_23><b_13><c_47>
4bd716bd6798ef3b382c668d,40.70962611336823,-74.00639139810971,224,3,23,0,9,<a_23><b_0><c_9>
4b5e70e7f964a520d08e29e3,40.91552327277213,-74.06089782714844,294,10,22,17,17,<a_22><b_17><c_17>
456ebbbff964a520163e1fe3,40.72962472112688,-73.99666428565979,201,9,34,4,63,<a_34><b_4><c_63>
4aad5579f964a520c05f20e3,40.712183695842434,-73.96777924730584,307,42,6,4,30,<a_6><b_4><c_30>
4d333b8d98336dcba9cd2bf0,40.76161332785865,-73.96829581061981,140,5,12,2,0,<a_12><b_2><c_0>
4b57b30cf964a520973c28e3,40.70257473392312,-73.8189978337963,157,20,16,32,16,<a_16><b_32><c_16>
4b00a9cdf964a5205d4022e3,40.78748825784393,-73.94453820701312,48,25,60,49,10,<a_60><b_49><c_10>
45ebc90ef964a5208f431fe3,40.662664225557165,-73.72021007577132,308,9,34,54,10,<a_34><b_54><c_10>
4a7a0b43f964a5204be81fe3,40.92664586048168,-73.85567665100098,308,13,32,45,21,<a_32><b_45><c_21>
4cf2f9bfcc61a35d23e91d9e,40.884422994393056,-73.91246454911138,91,13,53,52,7,<a_53><b_52><c_7>
4b0b1b41f964a520fd2c23e3,40.797306,-74.200943,171,10,23,18,28,<a_23><b_18><c_28>
4a06f82df964a52010731fe3,40.77763199574933,-73.95200044127819,146,5,15,10,51,<a_15><b_10><c_51>
4f5fcda9e4b071906baf9e2a,40.735226248609976,-73.98281335830688,43,10,44,17,14,<a_44><b_17><c_14>
4ccae9f3ee23a143247313a8,40.67399629087723,-73.8721970827602,89,13,8,34,22,<a_8><b_34><c_22>
4cdeb1d2c4f6a35de46bcb6c,40.75081989112107,-74.0038664652844,97,2,20,13,4,<a_20><b_13><c_4>
4a12b724f964a52090771fe3,40.697868,-73.9916439,111,4,28,38,50,<a_28><b_38><c_50>
4bdf41600ee3a593bc8233b0,40.63221960872999,-73.9472992672502,140,12,57,24,30,<a_57><b_24><c_30>
4b511a50f964a5208e4227e3,40.74831361076324,-73.98822069168091,369,10,21,10,42,<a_21><b_10><c_42>
4b575c8df964a520993328e3,40.75947866655109,-73.83009851177542,307,4,0,31,46,<a_0><b_31><c_46>
435c2400f964a52012291fe3,40.75757899047719,-73.98615083024677,263,9,15,57,45,<a_15><b_57><c_45>
4b480401f964a520614626e3,40.58384344396084,-73.94332700183666,118,5,39,21,5,<a_39><b_21><c_5>
4b1aa7c9f964a52081ee23e3,40.759946418020505,-73.97615888109496,7,4,27,59,18,<a_27><b_59><c_18>
4b6225edf964a52086382ae3,40.762539,-73.9719,156,2,0,4,60,<a_0><b_4><c_60>
4c19afcb6a21c9b60405cb97,40.69954648520066,-73.836025107013,6,16,14,10,34,<a_14><b_10><c_34>
4c2a81398abca59393c8fe1f,40.72770626274386,-73.985601,109,8,39,17,18,<a_39><b_17><c_18>
4ee000ca2c5bb0e03e5a7d3e,40.91395358961909,-74.04993549384812,156,3,0,49,5,<a_0><b_49><c_5>
46fe3f5ef964a520184b1fe3,40.72574081337552,-73.99028290313753,65,14,14,26,62,<a_14><b_26><c_62>
4b5923ecf964a5209e7e28e3,40.9199660468801,-74.06660556793213,118,4,15,34,45,<a_15><b_34><c_45>
4ae2efbbf964a520b78f21e3,40.79483544823571,-73.96598274410916,75,12,21,28,4,<a_21><b_28><c_4>
49e6ab3cf964a52064641fe3,40.766826609362575,-73.98624658584595,67,5,62,13,16,<a_62><b_13><c_16>
4e86445d77c85dc9b1b6f790,40.67401428070848,-73.87088206357414,33,19,43,60,33,<a_43><b_60><c_33>
4afc15ebf964a520cf1f22e3,40.77473050116933,-73.98209327769995,66,20,36,15,34,<a_36><b_15><c_34>
3fd66200f964a520b8ea1ee3,40.72915518010633,-73.98702890317843,18,15,43,53,50,<a_43><b_53><c_50>
4ba032ecf964a520096137e3,40.84666901678074,-74.11012566358961,261,6,0,20,28,<a_0><b_20><c_28>
3fd66200f964a5206ceb1ee3,40.71804197564418,-73.95757903554863,43,7,61,25,49,<a_61><b_25><c_49>
4a65bd5cf964a52095c71fe3,40.729730414689584,-73.99755477905273,286,5,21,2,8,<a_21><b_2><c_8>
4bff048bc30a2d7ff462101d,40.75961056634999,-73.85473251342773,299,10,53,5,14,<a_53><b_5><c_14>
4a718a5af964a52041d91fe3,40.71554971735815,-74.00900781154633,253,8,55,31,19,<a_55><b_31><c_19>
3fd66200f964a5204de71ee3,40.74824067885461,-73.97668116125988,224,6,39,32,18,<a_39><b_32><c_18>
4b52cd44f964a5204d8827e3,40.69968229504451,-73.91182065010071,307,20,36,46,32,<a_36><b_46><c_32>
4b7e95e5f964a520fdf32fe3,40.82829370405848,-74.10080909729004,79,15,14,40,51,<a_14><b_40><c_51>
3fd66200f964a520a9f11ee3,40.71815052485528,-73.96000767215456,113,5,56,40,18,<a_56><b_40><c_18>
4afef80ef964a520403222e3,40.75096328487971,-73.99081707000732,7,9,23,31,0,<a_23><b_31><c_0>
4b54d7bff964a52043cf27e3,40.78357182642223,-73.97955080719095,145,5,50,20,24,<a_50><b_20><c_24>
4e4e70306365e1419d0205e4,40.75599818752485,-73.99114966392517,43,13,1,20,56,<a_1><b_20><c_56>
4ea30b3a29c2abc8df0d4175,40.80633842289551,-74.01708126068115,299,21,57,30,20,<a_57><b_30><c_20>
4e652e06fa76cd64cf66f973,40.72665398669788,-73.99226856206892,32,3,0,15,15,<a_0><b_15><c_15>
45312392f964a5206e3b1fe3,40.73435871497599,-73.9908166227313,4,7,32,34,0,<a_32><b_34><c_0>
4e0bb606e4cd92446c4112b0,40.76430380344391,-73.988262,224,5,44,2,46,<a_44><b_2><c_46>
4c9bb662e9a7ef3bd0ed2e16,40.76421262848506,-73.9870174251268,245,23,14,8,36,<a_14><b_8><c_36>
4391dff1f964a520652b1fe3,40.71815358787956,-73.99221117337089,270,7,44,50,10,<a_44><b_50><c_10>
4d33d64b6c7c721ea10fbd56,40.733658842792686,-74.00259824781945,268,9,1,23,45,<a_1><b_23><c_45>
3fd66200f964a5201deb1ee3,40.73878324326924,-73.98893998920552,43,7,32,3,12,<a_32><b_3><c_12>
4f63d1cae4b02cbb7e75b3ce,40.78407280625795,-74.22380201337529,6,8,44,51,1,<a_44><b_51><c_1>
4e054e43483b98d4170307ea,40.707225,-73.92125,43,8,40,57,11,<a_40><b_57><c_11>
427c0500f964a5209a211fe3,40.71643185437982,-73.96150576233745,47,11,1,38,34,<a_1><b_38><c_34>
4b0c24fef964a520be3723e3,40.75917866884908,-73.98148492438628,235,6,61,28,13,<a_61><b_28><c_13>
40e35400f964a520e6091fe3,40.74143709197248,-73.99324416730772,259,13,57,52,15,<a_57><b_52><c_15>
4adca802f964a520632e21e3,40.77693,-73.977499,251,8,9,42,40,<a_9><b_42><c_40>
4b50a898f964a520dd2b27e3,40.806180734527125,-74.1040977613822,43,8,21,26,4,<a_21><b_26><c_4>
4b8ae0e4f964a520d38632e3,40.79635422265448,-73.94995602401873,137,5,55,21,27,<a_55><b_21><c_27>
4c35f3c409a99c7462970c2a,40.726749775348864,-74.05029119585173,233,4,61,41,20,<a_61><b_41><c_20>
4cf598fe64e3721e24991cc8,40.70872215011572,-73.74701859667962,91,5,14,4,7,<a_14><b_4><c_7>
44e36de7f964a52040371fe3,40.74251160248479,-73.98034282192653,43,10,40,32,32,<a_40><b_32><c_32>
42644a00f964a52029211fe3,40.7499203905855,-73.97233069638938,43,7,40,13,42,<a_40><b_13><c_42>
423e0e80f964a52056201fe3,40.74751347786481,-73.99787535504552,178,2,0,37,44,<a_0><b_37><c_44>
4e286ba7ae60078b2fcb1551,40.7551842861191,-74.03163889097506,45,7,1,20,55,<a_1><b_20><c_55>
4bb41dcd9af3b71349078c28,40.910667297995,-74.03597079516709,245,18,4,20,50,<a_4><b_20><c_50>
4c94be6cefecb713958ae09d,40.75060566631584,-73.98532390594482,60,14,25,51,45,<a_25><b_51><c_45>
4068b880f964a52046f21ee3,40.741347,-74.00501468999998,148,7,4,11,13,<a_4><b_11><c_13>
4f318c84e5e8657f88d830ac,40.725730202803845,-73.79252672195435,36,8,37,10,53,<a_37><b_10><c_53>
4ae4e542f964a520339f21e3,40.75559589697087,-73.92275333404541,118,6,61,48,28,<a_61><b_48><c_28>
4d9c92f4baae54815f2cde64,40.74198972871025,-74.00358438491821,301,16,35,57,45,<a_35><b_57><c_45>
46093845f964a520e3441fe3,40.71411846998035,-73.95639896392822,251,7,7,20,38,<a_7><b_20><c_38>
46dda121f964a520924a1fe3,40.73964987755085,-74.00695376497427,67,7,56,33,31,<a_56><b_33><c_31>
4dbf37e24b2221ec2d5611b0,40.65413889897064,-73.94508927415784,157,10,18,43,4,<a_18><b_43><c_4>
4c1d043a63750f47737cb767,40.65092999545668,-73.94946905408337,150,14,18,31,25,<a_18><b_31><c_25>
3fd66200f964a5200ce91ee3,40.785953,-73.976422,53,6,56,18,12,<a_56><b_18><c_12>
4ad79deff964a520d50c21e3,40.65525489911815,-73.94445784292343,253,12,4,63,34,<a_4><b_63><c_34>
4b4fc661f964a520ed1427e3,40.65213848911486,-73.94643823398245,83,11,18,35,25,<a_18><b_35><c_25>
4d9c55257509b1f785d626a0,40.65405933893316,-73.94525000177941,185,14,18,31,29,<a_18><b_31><c_29>
4c98518bd799a1cd3f75b152,40.6355224462683,-73.94186034276925,6,21,18,58,23,<a_18><b_58><c_23>
4f0ca4b1e4b0553e20725601,40.74424119059385,-73.98270736824254,157,36,49,23,6,<a_49><b_23><c_6>
49f68bb6f964a5204f6c1fe3,40.74017876390845,-74.00560522941583,43,9,1,20,52,<a_1><b_20><c_52>
3fd66200f964a52077e51ee3,40.740892335768336,-73.98833870887756,237,6,48,17,19,<a_48><b_17><c_19>
45a1faaef964a520e4401fe3,40.715143100458704,-73.96661984460336,270,8,4,62,45,<a_4><b_62><c_45>
4cdc24343f6a8cfade82efea,40.760538361962375,-73.97781180686879,235,11,14,52,15,<a_14><b_52><c_15>
4ea2c02193ad755e37150c15,40.723096,-73.995774,149,5,23,63,52,<a_23><b_63><c_52>
3fd66200f964a520f3e81ee3,40.719119,-73.958428,43,7,25,52,13,<a_25><b_52><c_13>
4cf66a2664e3721e5d0e21c8,40.65419776603014,-73.94513519634906,201,11,18,63,4,<a_18><b_63><c_4>
4d6d4153423d54812cdcebb1,40.654245670934095,-73.94505483250727,158,11,29,7,12,<a_29><b_7><c_12>
466ec638f964a520b7471fe3,40.73850832201872,-73.98997896387137,165,10,48,51,61,<a_48><b_51><c_61>
4af8b51bf964a5204c0f22e3,40.74133942396724,-74.00620222091675,63,7,28,33,9,<a_28><b_33><c_9>
4c9a8eccd4b1b1f7314dd135,40.72592125637849,-73.99782370672871,148,4,25,44,8,<a_25><b_44><c_8>
3fd66200f964a5207fe71ee3,40.7499947979727,-73.97225034387054,224,3,25,61,1,<a_25><b_61><c_1>
3fd66200f964a5209fe51ee3,40.74450047047283,-73.99849513376128,245,7,25,22,11,<a_25><b_22><c_11>
4cc3a87a1e596dcbe665cc67,40.734088,-74.002822,53,7,32,56,19,<a_32><b_56><c_19>
43582f80f964a520de281fe3,40.71990943,-73.987776,43,8,25,33,42,<a_25><b_33><c_42>
4ddc9302887775ea9c44a155,40.729923697132776,-73.981243878201,245,14,14,8,36,<a_14><b_8><c_36>
4ab6ba92f964a520c27820e3,40.7608782375,-73.990818,245,12,25,20,35,<a_25><b_20><c_35>
4137b400f964a520d01a1fe3,40.72910081035689,-74.00097996717963,43,4,40,4,54,<a_40><b_4><c_54>
3fd66200f964a520a5e41ee3,40.72704085086805,-73.98383596074753,151,12,1,21,45,<a_1><b_21><c_45>
4f2bb40fe4b0571e1cccb3b6,40.59424065296898,-73.93010370763156,6,15,17,28,4,<a_17><b_28><c_4>
4c1f7b0ab306c928dc7868b7,40.76753211836426,-74.03588760058483,6,17,57,36,23,<a_57><b_36><c_23>
4ae2bbfef964a520618f21e3,40.74359479719192,-74.15569284865651,110,7,52,22,39,<a_52><b_22><c_39>
4dc34fc7ae608779d1064ae9,40.743597144110296,-74.0033270434982,242,8,14,51,13,<a_14><b_51><c_13>
41c0d000f964a520891e1fe3,40.726963,-73.98375,43,5,40,38,7,<a_40><b_38><c_7>
3fd66200f964a520ace41ee3,40.73234593572486,-73.98798731806886,43,5,40,40,32,<a_40><b_40><c_32>
49c3df11f964a52081561fe3,40.71341513867138,-73.95861862795327,118,3,0,37,45,<a_0><b_37><c_45>
49fe029cf964a5205d6f1fe3,40.87192313242255,-73.92123696538674,139,12,6,19,48,<a_6><b_19><c_48>
4bc8338a0050b7137bf5b93b,40.802794,-74.169468,112,10,42,17,10,<a_42><b_17><c_10>
4e58f69252b1b78b81954d98,40.800645214230855,-74.14708032156476,330,9,15,1,54,<a_15><b_1><c_54>
49df6421f964a520c4601fe3,40.71542773724695,-73.94444435834885,253,6,33,38,1,<a_33><b_38><c_1>
46cb0dedf964a5202a4a1fe3,40.68132817384781,-73.97727231182357,118,13,8,9,23,<a_8><b_9><c_23>
4ba29317f964a520b20538e3,40.72413655548345,-74.08368587493896,139,10,18,30,25,<a_18><b_30><c_25>
4af0e05cf964a520d7df21e3,40.73899453018852,-73.98728142014077,157,7,0,49,44,<a_0><b_49><c_44>
4c0988846071a593f91cde32,40.80798043673493,-73.94569774230696,253,27,12,31,37,<a_12><b_31><c_37>
4e8ce52d0aaf409343c1e96a,40.80527186393738,-73.94752085208893,110,8,46,18,46,<a_46><b_18><c_46>
4bf56dceff90c9b6065c5628,40.862397876486206,-73.89731857062282,157,8,0,28,28,<a_0><b_28><c_28>
4e2603571f6e58da2b1b6495,40.73977169748964,-73.98540475205147,33,7,3,48,59,<a_3><b_48><c_59>
49f34c8ff964a520866a1fe3,40.77464642864513,-73.90869251819866,160,10,12,2,7,<a_12><b_2><c_7>
4b61ca16f964a520f4222ae3,40.76020331774989,-73.96292348447781,157,17,35,36,59,<a_35><b_36><c_59>
49cfef8cf964a520e65a1fe3,40.68679615636459,-73.9937893563088,149,13,12,14,5,<a_12><b_14><c_5>
4b44e33bf964a52051ff25e3,40.58802,-73.953244,160,28,63,31,33,<a_63><b_31><c_33>
4e091defc65b5bf27799fbed,40.779158,-73.98163318634033,234,37,16,32,27,<a_16><b_32><c_27>
4a68fb35f964a52064cb1fe3,40.76442,-73.96658,156,4,24,62,37,<a_24><b_62><c_37>
3fd66200f964a52003e71ee3,40.73968518262072,-74.00601983070374,24,6,13,59,8,<a_13><b_59><c_8>
4cb06cd5aef16dcb8883b054,40.774093,-74.03775911,150,25,16,2,44,<a_16><b_2><c_44>
4a7b36e0f964a52056ea1fe3,40.76011568919336,-73.98353380475322,287,16,59,55,50,<a_59><b_55><c_50>
4c51e802d797e21e020ed67c,40.77028191741009,-73.73554916505417,212,3,10,29,58,<a_10><b_29><c_58>
49e34b16f964a5206f621fe3,40.73753501383214,-73.99030208587646,287,10,22,0,0,<a_22><b_0><c_0>
43edddc3f964a520552f1fe3,40.745877199136686,-73.97780567407608,228,25,3,39,28,<a_3><b_39><c_28>
4f0c74ede4b0f615a3725efd,40.82865090446733,-73.94854545593262,43,5,9,11,17,<a_9><b_11><c_17>
4c8ed20d0f8fbfb7aafc44d4,40.738998274248864,-73.81505727767944,309,11,41,48,52,<a_41><b_48><c_52>
4a65102bf964a5203bc71fe3,40.73232210301891,-73.98535883945247,157,9,42,55,27,<a_42><b_55><c_27>
4e4e2e1662844166697bd28c,40.72463254164776,-73.9955323934555,287,7,23,36,20,<a_23><b_36><c_20>
41a12c00f964a5203a1e1fe3,40.734738,-74.002162,224,10,16,15,41,<a_16><b_15><c_41>
4afdf64bf964a520782c22e3,40.96654853802608,-74.0758752822876,118,10,53,16,9,<a_53><b_16><c_9>
4a6c8461f964a520afd01fe3,40.73702496764239,-74.0054870079431,139,11,39,19,25,<a_39><b_19><c_25>
4ab2cd94f964a520756c20e3,40.74989042341799,-74.03604984283447,48,7,36,33,30,<a_36><b_33><c_30>
4b9a3e79f964a520eea635e3,40.8670224993816,-73.8939356803894,307,5,31,10,1,<a_31><b_10><c_1>
4dcf439b52b1f8915bacf008,40.71400481488442,-73.96559244727067,43,14,1,54,13,<a_1><b_54><c_13>
4be1dcc440c0ef3b2f5cbed6,40.86023698545249,-73.93291950963938,139,6,55,15,33,<a_55><b_15><c_33>
4bd0d51ca8b3a59352bc645f,40.80023122491412,-73.99446487426758,112,6,5,10,61,<a_5><b_10><c_61>
4bec4fb69a7bd13a5b308868,40.83250290752692,-74.19210532060801,264,7,45,2,19,<a_45><b_2><c_19>
440d6b93f964a5208b301fe3,40.73198685905517,-73.98380354367815,43,4,40,10,28,<a_40><b_10><c_28>
49d2b43ef964a520cb5b1fe3,40.720087,-74.003961,253,11,2,45,32,<a_2><b_45><c_32>
4bf85bee508c0f476b693e31,40.7589582592199,-73.96156316019737,171,14,27,56,34,<a_27><b_56><c_34>
423e0e80f964a52047201fe3,40.67685118834076,-73.98010177430896,300,4,27,27,23,<a_27><b_27><c_23>
42d1b680f964a5200b261fe3,40.68647960590641,-73.97434294223785,124,9,27,39,0,<a_27><b_39><c_0>
4abbcdc9f964a520028520e3,40.91922020055109,-74.06481385231018,224,5,23,30,53,<a_23><b_30><c_53>
4eb27667490126a5703b7af8,40.71817725945528,-74.17684116064805,6,4,52,2,1,<a_52><b_2><c_1>
4f674129e4b02cbb81861258,40.88431303079767,-74.05628639538511,184,13,17,5,10,<a_17><b_5><c_10>
4ba685d0f964a520c45a39e3,40.74319545656535,-73.88231497032352,146,18,52,57,10,<a_52><b_57><c_10>
4b253da7f964a520906e24e3,40.75364621555035,-73.91210859193421,66,23,2,47,49,<a_2><b_47><c_49>
4b2580bcf964a520f67224e3,40.76249396722134,-73.97458629269595,7,10,56,61,34,<a_56><b_61><c_34>
49eeaf08f964a52078681fe3,40.71830136403906,-73.99192996850243,16,5,9,57,46,<a_9><b_57><c_46>
4b843a9cf964a520f22831e3,40.71735292817359,-73.96039224047603,253,6,37,9,10,<a_37><b_9><c_10>
4c5c993585a1e21e71285711,40.758513464178,-73.98532390594482,257,3,20,11,42,<a_20><b_11><c_42>
4bdeb11b6198c9b6aa7f14ff,40.74485099404664,-73.96532535552979,252,13,13,24,47,<a_13><b_24><c_47>
4b50e721f964a520db3727e3,40.68991271945739,-73.98150444030762,307,20,8,53,24,<a_8><b_53><c_24>
3fd66200f964a52096eb1ee3,40.74554757950623,-73.9472361249408,179,6,11,11,15,<a_11><b_11><c_15>
4b11a66cf964a5206a8123e3,40.8377843193101,-74.1840505873695,48,25,2,1,54,<a_2><b_1><c_54>
4cd4802467adf04d9aa22791,40.59660630181478,-73.97727231182357,227,11,16,30,25,<a_16><b_30><c_25>
4c0eff27cd8eb71322b8ef94,40.80267821675008,-73.95649486336114,45,4,37,21,32,<a_37><b_21><c_32>
4db563ceec8e571a35db9d64,40.74797621250927,-73.9928596646591,148,2,37,0,62,<a_37><b_0><c_62>
42377700f964a52024201fe3,40.69829137715981,-73.99663209915161,139,8,32,60,62,<a_32><b_60><c_62>
4ce08a08ffcf370469b12082,40.72979057247075,-74.00069303656065,114,12,56,51,31,<a_56><b_51><c_31>
4aea227ef964a520a7b921e3,40.72953528798119,-73.9934778213501,186,4,5,59,5,<a_5><b_59><c_5>
4a468cd9f964a52015a91fe3,40.66875802311211,-73.97030353546143,139,8,5,25,2,<a_5><b_25><c_2>
4577fb0bf964a520b03e1fe3,40.76346247057747,-73.97400498390198,294,8,22,18,56,<a_22><b_18><c_56>
44d7b1f3f964a52070361fe3,40.7365071557598,-73.98880407214165,301,7,62,47,14,<a_62><b_47><c_14>
4ba257e3f964a52038ef37e3,40.78514255985002,-74.17647256809244,8,13,59,21,48,<a_59><b_21><c_48>
3fd66200f964a52028e41ee3,40.736949700653255,-73.99083852767944,383,15,32,6,28,<a_32><b_6><c_28>
4e049b5b7d8b00eb78c1d4c0,40.66310131145435,-74.10717195833217,66,22,63,6,29,<a_63><b_6><c_29>
4bdc47fcc79cc928c0da85e9,40.799292961333386,-74.00858921023485,40,9,37,32,15,<a_37><b_32><c_15>
4b4d04e2f964a520fdc726e3,40.89656884509741,-73.79472806765762,48,11,23,6,51,<a_23><b_6><c_51>
4bae1d87f964a52011863be3,40.68779755192939,-73.89198303222656,299,16,2,45,62,<a_2><b_45><c_62>
4cdacd78958f236a8e1fa903,40.73953974476804,-73.98840052540763,71,47,59,14,5,<a_59><b_14><c_5>
4a560cd1f964a5205cb41fe3,40.75784646513721,-73.97099913603616,253,17,13,63,12,<a_13><b_63><c_12>
4cc5fbdd306e224bd829a66c,40.739489,-74.002074,56,4,40,59,25,<a_40><b_59><c_25>
4a99898ff964a520f22e20e3,40.76864674872412,-73.98086071014404,139,16,22,6,51,<a_22><b_6><c_51>
4530db29f964a520613b1fe3,40.76806170936614,-73.98184776306152,48,35,22,3,37,<a_22><b_3><c_37>
3fd66200f964a520e7e61ee3,40.73353038489922,-74.00329835080741,245,9,32,32,33,<a_32><b_32><c_33>
4d44de972e326ea872f8e8a6,40.704112154316725,-73.94863673132467,110,36,57,18,25,<a_57><b_18><c_25>
4b4263a9f964a520ecd225e3,40.77562561503462,-73.95579458991466,157,5,27,21,1,<a_27><b_21><c_1>
4e7e3f818b814bc8801990bd,40.850649632367606,-73.89570515031271,324,25,43,5,25,<a_43><b_5><c_25>
4a3648e2f964a520799d1fe3,40.72241034998236,-73.99948218461356,157,6,23,41,44,<a_23><b_41><c_44>
3fd66200f964a52008f11ee3,40.77300701660423,-73.9158862978038,45,11,1,51,38,<a_1><b_51><c_38>
4e387d7cb0fb2f7ee85deef9,40.72524,-73.721302,110,2,20,17,59,<a_20><b_17><c_59>
4edbdcdf9a5286d9211cacd6,40.65558857629375,-73.96247578387509,139,12,13,62,6,<a_13><b_62><c_6>
4de1b34ec65b7a3e2109e46f,40.70562922311935,-74.00100866021788,45,20,48,25,24,<a_48><b_25><c_24>
4a464a63f964a520a3a81fe3,40.85023766062983,-73.94696831703186,133,8,39,19,40,<a_39><b_19><c_40>
49d4ce02f964a5204e5c1fe3,40.72798919362575,-74.05002155084561,43,14,1,51,13,<a_1><b_51><c_13>
4b105a6ef964a5207e6e23e3,40.91143695415644,-73.77997398376465,308,9,44,10,24,<a_44><b_10><c_24>
4c4ba7d89c8d2d7f960f3d6b,40.81104837789448,-74.13724422454834,39,9,35,59,33,<a_35><b_59><c_33>
4b5552dbf964a5209be127e3,40.79187420388997,-74.04288442464458,48,7,59,58,39,<a_59><b_58><c_39>
4af609c9f964a520770022e3,40.84884583332301,-73.93841743469238,309,8,50,45,3,<a_50><b_45><c_3>
4eeb8f728231035d6c7558dd,40.73384420292348,-73.99309158325195,224,8,7,54,13,<a_7><b_54><c_13>
49ebf933f964a5204c671fe3,40.7099505999586,-74.00893270969391,24,3,27,50,56,<a_27><b_50><c_56>
3fd66200f964a520c5f11ee3,40.719607,-73.986764,118,9,48,2,43,<a_48><b_2><c_43>
3fd66200f964a520d8f11ee3,40.713435,-74.006141,139,17,23,62,2,<a_23><b_62><c_2>
49c853f7f964a52015581fe3,40.68721847389229,-73.95717791452198,43,5,61,25,13,<a_61><b_25><c_13>
4a3ea31ef964a52030a31fe3,40.764346528997145,-73.95938776936617,253,11,52,39,51,<a_52><b_39><c_51>
4a0b5a0df964a520ed741fe3,40.71323640337542,-74.01187153535251,69,15,17,19,24,<a_17><b_19><c_24>
4b200f21f964a520ac2c24e3,40.64092453500213,-73.96389145699993,307,8,29,16,38,<a_29><b_16><c_38>
4c2a9a6ab34ad13a0196e8ce,40.810428884265626,-74.20032308006297,6,19,48,4,21,<a_48><b_4><c_21>
4dab2e8bf7b145b37020c870,40.72095499316367,-74.04472036697763,53,6,1,36,40,<a_1><b_36><c_40>
4427bd00f964a520b6311fe3,40.73811372290695,-74.0019670052254,224,11,15,47,27,<a_15><b_47><c_27>
4b9a58e0f964a520e0ad35e3,40.73685214795608,-74.15033340454102,173,15,35,47,11,<a_35><b_47><c_11>
43c7878df964a520822d1fe3,40.73046578912947,-73.98927858804879,247,4,27,50,55,<a_27><b_50><c_55>
4b9d21d6f964a5206b9236e3,40.75306095143736,-73.83531004272291,37,4,46,12,38,<a_46><b_12><c_38>
4a6f2eaef964a5208ad51fe3,40.728162904651136,-73.98801601305168,240,4,44,4,40,<a_44><b_4><c_40>
4a9e7e1af964a5204c3a20e3,40.68430926459708,-73.97653193850032,294,27,22,1,61,<a_22><b_1><c_61>
4e742aabc65bb91db3cadb79,40.75730501775622,-73.96864018539301,43,3,40,4,51,<a_40><b_4><c_51>
4d9e8aa89b91a1cdc7c958c0,40.72763277258863,-74.00158882141113,108,8,27,43,49,<a_27><b_43><c_49>
44ae8bc6f964a52027351fe3,40.74448927837927,-73.9813220500946,233,6,35,58,14,<a_35><b_58><c_14>
4b75af66f964a520e31c2ee3,40.61178463885875,-74.1586801900948,240,12,36,26,17,<a_36><b_26><c_17>
4d8910f8e60c2c0fbb4bb73a,40.709807,-74.006824,238,2,20,21,59,<a_20><b_21><c_59>
4ae3437df964a5208b9221e3,40.75412687549275,-74.03191429973907,166,8,32,17,47,<a_32><b_17><c_47>
4da60c5d432dd03d359b8729,40.72321775167592,-73.95275115966797,45,10,1,10,20,<a_1><b_10><c_20>
4d8132b59d78a35df9a9500f,40.89832388460826,-73.85429713579452,309,27,48,57,6,<a_48><b_57><c_6>
43df8ad6f964a520b92e1fe3,40.73135644834142,-73.98867130279541,166,17,50,56,2,<a_50><b_56><c_2>
4bbb88fee4529521d6d054a4,40.89843040206316,-73.85434627532959,307,20,48,32,51,<a_48><b_32><c_51>
4eb5e354b8f786e2756cb884,40.736013,-74.001056,32,9,39,21,49,<a_39><b_21><c_49>
4dbaeb446e815ab0de5dd848,40.89674585900412,-73.87049157583058,33,25,44,1,25,<a_44><b_1><c_25>
4f415bcae4b0f9f81a643cf4,40.86590418380428,-73.89482953406639,6,30,54,12,35,<a_54><b_12><c_35>
4b19a18bf964a520cde023e3,40.76722200820684,-73.9825753676373,112,4,41,20,53,<a_41><b_20><c_53>
436bf600f964a520ab291fe3,40.729872,-73.980802,43,5,61,2,46,<a_61><b_2><c_46>
4a89d016f964a520150920e3,40.77925781857182,-73.95514369010925,7,9,34,2,41,<a_34><b_2><c_41>
48f0fcdcf964a52041521fe3,40.72856334811506,-73.99995849221705,270,12,56,38,63,<a_56><b_38><c_63>
4aedfe24f964a520fbd021e3,40.91156668243868,-73.78010272979736,116,7,44,49,50,<a_44><b_49><c_50>
4b11c14ff964a520ef8323e3,40.74290014466908,-73.99279117584229,307,11,35,20,23,<a_35><b_20><c_23>
4ce6eb3de888f04d92e8386b,40.838385,-74.155839,146,8,32,42,47,<a_32><b_42><c_47>
4ce16dc4ac908eec3e695a06,40.83887900876265,-74.15544033050537,232,11,36,3,16,<a_36><b_3><c_16>
4aad54f5f964a520be5f20e3,40.77851052505935,-73.95342971327985,165,5,11,56,58,<a_11><b_56><c_58>
4b63795ff964a520ad7c2ae3,40.75719626344326,-73.83719390130328,48,2,0,19,52,<a_0><b_19><c_52>
4e6c3a82483b1f5ebdff1045,40.746106883813965,-74.02413671784228,6,12,19,58,42,<a_19><b_58><c_42>
4d90ef861716a1430e6d6df7,40.73670404816863,-73.95522059339255,43,7,61,2,13,<a_61><b_2><c_13>
4da67357fa8c94f8b84febaa,40.66939826094601,-73.90202669600602,307,14,34,19,31,<a_34><b_19><c_31>
4a808da6f964a52097f51fe3,40.75837793616776,-73.9696618269312,40,12,22,3,14,<a_22><b_3><c_14>
4b8c9725f964a520a0d732e3,40.77405405618532,-73.91775369644165,228,13,43,41,28,<a_43><b_41><c_28>
4b5ce4cef964a520b44929e3,40.763280802898464,-73.80912369980592,48,8,22,59,17,<a_22><b_59><c_17>
4665447af964a5207f471fe3,40.76096940055251,-73.99451244669774,118,8,56,40,44,<a_56><b_40><c_44>
4aeb0e5df964a520aabd21e3,40.74028677076597,-74.00718330199486,60,8,25,10,57,<a_25><b_10><c_57>
49b87b8cf964a52044531fe3,40.72635525176133,-74.0057623386383,67,7,27,38,26,<a_27><b_38><c_26>
45b24bbef964a520a5411fe3,40.74077282099758,-74.00689638067608,118,5,32,26,52,<a_32><b_26><c_52>
47048266f964a5204f4b1fe3,40.71924854740439,-73.96171813433378,263,2,61,10,5,<a_61><b_10><c_5>
3fd66200f964a5209ee81ee3,40.75759513510543,-73.9868688583374,32,7,32,11,29,<a_32><b_11><c_29>
42699000f964a52047211fe3,40.72443788290763,-74.00274171175509,32,8,44,49,13,<a_44><b_49><c_13>
4e18c6f6d4c062b044ebf5d8,40.77843840491676,-73.95249408661851,48,15,22,3,33,<a_22><b_3><c_33>
4ef46d39f9ab42ef2f3ee6de,40.84906258949295,-73.86863674843865,262,6,21,57,45,<a_21><b_57><c_45>
4a9bc3d7f964a5202e3520e3,40.76175595827059,-73.98618221282959,48,5,39,63,52,<a_39><b_63><c_52>
4b21978ef964a5208b3e24e3,40.915827729965045,-74.07631873811226,118,8,43,57,39,<a_43><b_57><c_39>
4a7cd0bcf964a520bced1fe3,40.77082543131949,-73.98216214776504,165,6,39,60,29,<a_39><b_60><c_29>
4b5249fff964a520237527e3,40.80202685,-74.20413768333333,125,22,43,41,14,<a_43><b_41><c_14>
4c52fdd7048b1b8debbf4f31,40.76112209968293,-73.97950887680054,234,17,1,28,50,<a_1><b_28><c_50>
41083e00f964a520980b1fe3,40.71911589671352,-74.00343033714941,60,12,25,20,51,<a_25><b_20><c_51>
4bec3943a9900f477abe1840,40.74766009494975,-73.9852268406692,38,5,44,4,26,<a_44><b_4><c_26>
40749600f964a52051f21ee3,40.73461264837887,-73.99217674014386,43,6,40,28,11,<a_40><b_28><c_11>
4a083214f964a520a3731fe3,40.75516498518981,-73.92498404041469,45,13,56,56,51,<a_56><b_56><c_51>
4b3672c7f964a520ab3525e3,40.91193999019654,-73.77949835499888,165,12,44,5,25,<a_44><b_5><c_25>
4a318fe7f964a520f2991fe3,40.78086639331504,-73.96687030792236,139,20,16,39,52,<a_16><b_39><c_52>
4da7cf1981541df437af6cf7,40.68193081222049,-73.94995122562862,63,7,25,51,19,<a_25><b_51><c_19>
4b5b78b4f964a520c40029e3,40.9395160302096,-74.11841299608642,31,6,18,52,24,<a_18><b_52><c_24>
4b89ce3cf964a520e74d32e3,40.63625944917977,-73.99479021681918,307,12,58,26,44,<a_58><b_26><c_44>
4ed1b3bd8b81b473982a1b30,40.97338575753772,-74.07132232431763,63,5,25,29,63,<a_25><b_29><c_63>
4d960605daec224beab30c3e,40.738732593932525,-74.00015360583309,124,6,61,35,9,<a_61><b_35><c_9>
4481ada4f964a52018341fe3,40.67625243531423,-73.98015260696411,43,7,40,60,62,<a_40><b_60><c_62>
47ea2d31f964a520644e1fe3,40.72575883745156,-73.99211361254487,263,7,7,37,38,<a_7><b_37><c_38>
4a7e033df964a5209ff01fe3,40.79340869038084,-74.25605535507202,165,7,39,18,22,<a_39><b_18><c_22>
3fd66200f964a520dde31ee3,40.7221525738643,-73.98682594299316,270,5,0,56,1,<a_0><b_56><c_1>
4f1c307ee4b064e65cbf382c,40.71967321990413,-73.97712595918333,6,19,18,55,14,<a_18><b_55><c_14>
4e60318a483bd9a9735952ae,40.65531693193202,-73.94186034276925,6,13,18,31,29,<a_18><b_31><c_29>
3fd66200f964a520ffe81ee3,40.722120049082775,-73.94996166229248,43,7,40,6,49,<a_40><b_6><c_49>
4b73ab13f964a520dbb72de3,40.743736,-74.006375,60,9,28,27,20,<a_28><b_27><c_20>
3fd66200f964a5203ee41ee3,40.72706973142783,-73.99190604686737,63,16,17,16,15,<a_17><b_16><c_15>
3fd66200f964a52048ee1ee3,40.71386,-73.951577,111,7,28,14,6,<a_28><b_14><c_6>
42b75880f964a52088251fe3,40.72227645289492,-73.98881947082901,270,11,1,1,34,<a_1><b_1><c_34>
3fd66200f964a5200fe41ee3,40.721100383119634,-73.98792418909154,270,12,1,36,33,<a_1><b_36><c_33>
4df6cab0aeb7da11e1a72c4c,40.74232250889464,-74.00333278203584,60,10,25,56,1,<a_25><b_56><c_1>
4c9a7efb971676b04a9755e2,40.76033223395567,-73.98725272504815,60,5,25,51,36,<a_25><b_51><c_36>
49059e24f964a5205d521fe3,40.72226742542826,-73.98837183048228,53,9,56,51,41,<a_56><b_51><c_41>
4e8b9f70f5b91e22553ad7e5,40.72012442375104,-73.98738472243872,43,9,1,18,21,<a_1><b_18><c_21>
43a3d40af964a520402c1fe3,40.72931421039228,-73.98930154388093,61,6,28,36,11,<a_28><b_36><c_11>
4a856435f964a5203afe1fe3,40.73319215117446,-73.98261554174415,185,5,58,11,43,<a_58><b_11><c_43>
4b338c20f964a520981a25e3,40.80887397382197,-74.19238049391119,146,8,41,21,48,<a_41><b_21><c_48>
4e6bf180b993061ea890713a,40.778125230020194,-74.02435762735152,322,14,3,60,45,<a_3><b_60><c_45>
4f86fbade4b0dc6fc5096bcb,40.77250538401543,-73.97392626088917,12,15,46,37,37,<a_46><b_37><c_37>
4b50f1b7f964a520db3927e3,40.66275977158627,-73.98301728235063,157,8,26,35,44,<a_26><b_35><c_44>
4a08da93f964a5201f741fe3,40.68782812829168,-73.97807581453091,156,8,12,4,5,<a_12><b_4><c_5>
48f1a197f964a52042521fe3,40.72360525093282,-73.9516560368056,118,3,5,59,23,<a_5><b_59><c_23>
4ab7a594f964a5204d7a20e3,40.88662326335907,-73.878341,233,18,10,35,44,<a_10><b_35><c_44>
4a6b8bf4f964a52018cf1fe3,40.7740642122466,-73.97095799446106,142,7,27,31,24,<a_27><b_31><c_24>
4b6500fdf964a520e3de2ae3,40.69750179526211,-73.93144416077938,253,7,5,35,31,<a_5><b_35><c_31>
4a64f92df964a5201cc71fe3,40.78224746176124,-73.97384405136108,139,12,63,59,26,<a_63><b_59><c_26>
4b0dfed1f964a520a95323e3,40.720192837838496,-74.04319424115765,253,2,10,8,18,<a_10><b_8><c_18>
424b3d80f964a52096201fe3,40.756534165264014,-73.99421402877248,118,4,50,30,47,<a_50><b_30><c_47>
4e4e75a8cc3f9e658a78be15,40.77909533410843,-73.98122549057007,17,43,12,35,57,<a_12><b_35><c_57>
4c69911c8e7c0f4794f8df0f,40.7772917298741,-73.98412227630615,267,40,12,42,58,<a_12><b_42><c_58>
460ab8cdf964a520f1441fe3,40.741136037741065,-73.9857892696372,253,13,63,15,27,<a_63><b_15><c_27>
4afd70e5f964a520d42722e3,40.82998793772502,-74.2063621978749,160,7,42,29,12,<a_42><b_29><c_12>
4d9885ae647d8cfa23ccf03d,40.72059136642329,-73.96331906318665,296,16,37,44,9,<a_37><b_44><c_9>
4a972133f964a520982820e3,40.763421839841264,-73.77087593078613,146,4,34,23,7,<a_34><b_23><c_7>
4edbbf050e61d46ad9a2d1b9,40.824338247547885,-73.94678838797373,94,3,34,3,39,<a_34><b_3><c_39>
4c1cfae7b4e62d7f30e7db93,40.71877033800785,-73.95340101314287,4,3,15,55,6,<a_15><b_55><c_6>
4b61b0f4f964a520581d2ae3,40.91195586575817,-74.02976274490356,156,33,41,51,36,<a_41><b_51><c_36>
4858e6b4f964a520c0501fe3,40.727094,-74.002968,118,5,24,21,28,<a_24><b_21><c_28>
4e9c91c110814f718896b31c,40.72249408311082,-73.99771571159363,17,8,23,56,7,<a_23><b_56><c_7>
4c2fa71309a99c7413e30a2a,40.77191392045793,-73.95900893890409,48,7,39,36,3,<a_39><b_36><c_3>
4d2329a62eb1f04d1fe805c2,40.76648527901236,-73.98306893465339,69,6,41,54,47,<a_41><b_54><c_47>
4af5a46af964a520b5fa21e3,40.761396839012,-73.97698574930376,179,24,59,63,13,<a_59><b_63><c_13>
4a35a5f5f964a520439d1fe3,40.75554713431404,-73.96856546401978,53,8,39,21,49,<a_39><b_21><c_49>
4bfaa7ed5ec320a1d2f28bd3,40.78261765304958,-73.95334935288557,253,5,3,48,52,<a_3><b_48><c_52>
4e1b155f7d8bb17ec63a95de,40.648436832434776,-73.97850626102887,149,8,63,21,28,<a_63><b_21><c_28>
4c6eaccff338236afd180b1b,40.81775401843458,-73.95060559937363,193,10,63,2,23,<a_63><b_2><c_23>
4a3df25ff964a520c2a21fe3,40.72988184075125,-73.99101957678795,140,9,36,21,52,<a_36><b_21><c_52>
4eb811f629c212fb6d8158e5,40.72795460840525,-73.99326138382618,253,9,2,9,61,<a_2><b_9><c_61>
49d23a22f964a5209f5b1fe3,40.741128,-73.989902,36,13,63,5,6,<a_63><b_5><c_6>
3fd66200f964a52093e81ee3,40.75811656795351,-73.99289983661367,149,23,38,10,33,<a_38><b_10><c_33>
4a7dcf5cf964a520b5ef1fe3,40.740019218226266,-73.99469608826703,298,25,22,10,7,<a_22><b_10><c_7>
466bed66f964a520aa471fe3,40.73819586330371,-74.00347050688761,253,6,2,0,10,<a_2><b_0><c_10>
4aad5ee2f964a520f25f20e3,40.72999058274405,-73.99120330810547,142,5,17,41,14,<a_17><b_41><c_14>
4a42d152f964a52044a61fe3,40.77154999996037,-73.95620001877374,251,7,56,40,52,<a_56><b_40><c_52>
40ede000f964a5203c0a1fe3,40.78567563696274,-73.9845085144043,45,14,7,3,50,<a_7><b_3><c_50>
4e56634545dd92275e4c30d9,40.73317755885807,-73.99116039276123,253,15,2,9,33,<a_2><b_9><c_33>
4adf2ccff964a520057821e3,40.74130690856319,-73.99004459381104,4,9,55,15,33,<a_55><b_15><c_33>
4c3d106fb169c9b6d3a24668,40.72813686316017,-74.0418004989624,369,14,36,56,48,<a_36><b_56><c_48>
4adf9445f964a520c47b21e3,40.77841289502202,-73.98201942443848,307,20,8,5,16,<a_8><b_5><c_16>
4e318986628430b0810ec190,40.77789723873138,-73.98229837417603,234,17,34,30,25,<a_34><b_30><c_25>
4ce29677aba88cfa7d235cd7,40.84085839461388,-74.1587547296709,48,12,62,7,15,<a_62><b_7><c_15>
4d7177152868f04d41128b07,40.84188828740272,-73.87348920106888,307,9,13,46,26,<a_13><b_46><c_26>
4a83080ff964a520e1f91fe3,40.778906,-73.97777,253,5,37,61,53,<a_37><b_61><c_53>
42508380f964a520c5201fe3,40.778056,-73.97846529,247,4,3,37,28,<a_3><b_37><c_28>
4cf683081801a1431e22ead4,40.752713,-73.980678,292,8,37,34,41,<a_37><b_34><c_41>
40fb0f00f964a520ea0a1fe3,40.73539435700936,-74.0004233213868,43,4,20,25,4,<a_20><b_25><c_4>
3fd66200f964a520b7e41ee3,40.73211863793743,-73.98541241884232,56,11,1,6,31,<a_1><b_6><c_31>
434da380f964a520a5281fe3,40.75546586313989,-73.98723363876343,237,6,11,47,0,<a_11><b_47><c_0>
4a87563bf964a520f80320e3,40.76036636356072,-73.91790716809729,253,5,58,58,46,<a_58><b_58><c_46>
4b0800f9f964a5202a0223e3,40.70637212292321,-74.0095067024231,307,7,3,23,31,<a_3><b_23><c_31>
4a8e031cf964a520be1120e3,40.722404640382265,-73.95522952079773,43,12,1,6,0,<a_1><b_6><c_0>
4613c5bef964a52041451fe3,40.76289049185976,-73.97402957036488,35,9,2,58,52,<a_2><b_58><c_52>
4abd01bbf964a5200a8820e3,40.70325,-73.994802,232,7,9,21,53,<a_9><b_21><c_53>
4b491b32f964a5201b6626e3,40.77821864757608,-73.98549083814501,31,15,34,63,59,<a_34><b_63><c_59>
409ad180f964a520eff21ee3,40.72218306583256,-73.94993484020233,43,6,61,25,11,<a_61><b_25><c_11>
3fd66200f964a52044eb1ee3,40.745310248183095,-73.978421241045,123,13,27,56,8,<a_27><b_56><c_8>
4a68933bf964a52094ca1fe3,40.72459188718318,-73.99714708328247,7,9,9,21,49,<a_9><b_21><c_49>
49d012ecf964a520fc5a1fe3,40.771532064320695,-73.95629970544277,43,19,1,24,30,<a_1><b_24><c_30>
4e4b1390aeb72792c336098a,40.853209057041184,-74.22380201337529,6,6,5,58,15,<a_5><b_58><c_15>
4dfe347945dd1beaf343018d,40.74331831017852,-73.88193024749188,139,11,26,59,42,<a_26><b_59><c_42>
4a20b852f964a520b97c1fe3,40.735087,-73.990188,253,10,16,2,25,<a_16><b_2><c_25>
4c315e907cc0c9b688cbee9a,40.745306184001095,-73.94837379455566,369,58,49,63,48,<a_49><b_63><c_48>
4c2526b1c11dc9b6d6b42624,40.80087840557098,-74.15413677692413,233,5,11,59,15,<a_11><b_59><c_15>
4c937c120341370481e268ef,40.689494,-73.99246394634247,233,1,20,11,38,<a_20><b_11><c_38>
49d92230f964a520035e1fe3,40.73937176537332,-73.99412220777894,346,4,63,26,0,<a_63><b_26><c_0>
4a57bebcf964a520b5b61fe3,40.75543084,-74.144715,120,3,20,31,6,<a_20><b_31><c_6>
4ba69344f964a5209e5f39e3,40.90307563404958,-73.91464046673755,254,6,63,54,7,<a_63><b_54><c_7>
4da8562c0cb65e9aae656017,40.68881469717024,-73.98510631996176,329,54,14,60,31,<a_14><b_60><c_31>
4b854b28f964a520045531e3,40.75619841795759,-73.97160178302643,63,7,27,50,32,<a_27><b_50><c_32>
49f0b1b1f964a52046691fe3,40.775053,-73.953727,232,5,11,59,62,<a_11><b_59><c_62>
4a417310f964a52052a51fe3,40.76742650335582,-73.98600735389587,56,6,32,51,8,<a_32><b_51><c_8>
3fd66200f964a520daf11ee3,40.70566047104496,-74.00287628173828,254,26,22,3,40,<a_22><b_3><c_40>
4a6a2fecf964a520cacc1fe3,40.73215319032559,-74.03588891029358,294,21,22,40,4,<a_22><b_40><c_4>
4a5bbb14f964a520b3bb1fe3,40.708385869316565,-74.00035445787728,119,4,31,25,51,<a_31><b_25><c_51>
4c2535ebf1272d7f1a6b84c5,40.76082902803841,-73.98788401609518,97,7,27,61,32,<a_27><b_61><c_32>
46e7a0caf964a520ca4a1fe3,40.72621888990405,-73.99178649647196,32,5,5,13,16,<a_5><b_13><c_16>
3fd66200f964a52014e71ee3,40.737556697609854,-74.00818752322094,224,7,39,4,61,<a_39><b_4><c_61>
423f6000f964a52060201fe3,40.73183205567358,-74.00324642658234,237,3,32,61,18,<a_32><b_61><c_18>
4bd21ec7caff9521001ed2f0,40.59707034474168,-73.98507762454408,1,7,23,47,46,<a_23><b_47><c_46>
4aa044d9f964a520ee3e20e3,40.723933306202895,-73.99804177730499,7,4,11,13,21,<a_11><b_13><c_21>
4a9326bff964a520f81e20e3,40.80459308871023,-73.94357957605348,139,8,55,2,9,<a_55><b_2><c_9>
4a45652cf964a52021a81fe3,40.649257213175055,-73.78267765045166,273,24,46,51,1,<a_46><b_51><c_1>
4b515378f964a520f94a27e3,40.83416102068758,-73.94503761167968,112,10,30,43,31,<a_30><b_43><c_31>
4f8bf1fee4b0ab0c1d4a0158,40.68499608789172,-73.94186034276925,6,23,19,14,45,<a_19><b_14><c_45>
3fd66200f964a52070e91ee3,40.72270549271865,-73.99819850921631,24,40,45,1,21,<a_45><b_1><c_21>
4e3fe424c65b4ec276017b65,40.63063339189206,-73.97712595918333,6,20,58,42,44,<a_58><b_42><c_44>
4b64b313f964a52059c92ae3,40.63072779228403,-73.97716999053955,307,23,46,52,58,<a_46><b_52><c_58>
4bfe051cf61dc9b648f09fde,40.63554789052744,-73.97815704345703,307,27,6,52,29,<a_6><b_52><c_29>
4e7b9f93b61c001c6b38f13f,40.608532900630586,-74.09144484692686,138,17,58,55,21,<a_58><b_55><c_21>
4b5a8d8df964a5200fcb28e3,40.856028,-73.900845,307,13,26,54,26,<a_26><b_54><c_26>
4d2010748629224b26231087,40.72995819516785,-73.86079230018461,300,30,13,13,57,<a_13><b_13><c_57>
4b16bba6f964a520a7bc23e3,40.72040231147416,-73.84445160627365,253,6,55,63,12,<a_55><b_63><c_12>
4f8bad82e4b05ae88ae6dc6a,40.74471768966725,-73.97109096808028,369,17,38,46,3,<a_38><b_46><c_3>
4b670036f964a52066342be3,40.67559335141301,-73.9030122756958,79,13,55,5,0,<a_55><b_5><c_0>
4d8a4fd11508a1431d16221e,40.85127,-73.895332,120,11,26,8,14,<a_26><b_8><c_14>
4ee89e17b6342cffb4bc0223,40.77095257831267,-74.21140085487183,103,5,26,8,14,<a_26><b_8><c_14>
4cc2ff0682388cfa2c686435,40.79336765410783,-73.94829806103874,103,19,42,8,18,<a_42><b_8><c_18>
4bbf5eb682a2ef3bbba62cd2,40.80295263118063,-74.16236126270034,104,29,46,26,24,<a_46><b_26><c_24>
4e9ebd486da161b08dad4196,40.701143906587234,-73.80793463481984,110,14,42,54,54,<a_42><b_54><c_54>
4d594a2b3281b1f79875b92f,40.82137060113813,-73.90869251819866,104,25,42,38,58,<a_42><b_38><c_58>
4eb0d7bc4fc6015c82ea1c3e,40.81009017275893,-73.94326686859131,253,8,33,38,52,<a_33><b_38><c_52>
4f8c0e19e4b0a95f96456d93,40.70012693248353,-73.8086009716311,91,23,42,63,50,<a_42><b_63><c_50>
4a4cc69df964a52040ad1fe3,40.773643750011495,-73.96081924438477,185,5,5,24,37,<a_5><b_24><c_37>
4b047a25f964a5207d5422e3,40.71299103635752,-73.78283049260818,307,9,33,23,37,<a_33><b_23><c_37>
4bf698c5bfeac92823969436,40.70707691381857,-74.0050600740452,72,26,33,41,5,<a_33><b_41><c_5>
4e6a06081495acb0c68d2ca3,40.80247189713238,-74.15586486577948,103,34,55,35,39,<a_55><b_35><c_39>
45938647f964a52045401fe3,40.774515220977584,-73.98132422696303,156,5,24,20,54,<a_24><b_20><c_54>
4af1ae9cf964a52026e221e3,40.74322028593753,-74.00773418972035,69,4,10,9,17,<a_10><b_9><c_17>
4ccc11e772106dcb66ba9899,40.64172917935286,-73.96334822511452,253,9,33,38,15,<a_33><b_38><c_15>
4ad4aab2f964a5208fe820e3,40.75765508018656,-73.97559642394698,69,30,10,14,40,<a_10><b_14><c_40>
4bfdf5cb2b83b7137cd2a998,40.6765741109848,-73.7404392682166,110,11,21,14,40,<a_21><b_14><c_40>
4ed7f1b3f5b915cfe2dd4436,40.72738829483809,-74.00709722564442,228,6,33,37,52,<a_33><b_37><c_52>
4b55d648f964a5202ff227e3,40.762279511608114,-73.9683646856237,69,6,51,55,12,<a_51><b_55><c_12>
4e0a03a5fa767637fd3c47f1,40.71182866403569,-73.99882223838625,110,10,58,49,12,<a_58><b_49><c_12>
4b983c11f964a520273635e3,40.74929726578268,-73.97519466783456,69,14,10,15,31,<a_10><b_15><c_31>
4bebd433a9900f4799331840,40.74914266125337,-73.93783807754517,307,8,33,6,17,<a_33><b_6><c_17>
4f3bc3d2e4b04caf01154e5f,40.89228563965317,-73.94494576724003,69,8,51,38,10,<a_51><b_38><c_10>
4af63834f964a520600222e3,40.74482280084993,-73.93645570868266,197,31,35,14,9,<a_35><b_14><c_9>
4388f700f964a520182b1fe3,40.73328093633948,-74.00069877517724,253,4,5,12,57,<a_5><b_12><c_57>
4e8f31f002d5ee38b647719b,40.753018,-73.9928813,62,9,59,41,52,<a_59><b_41><c_52>
4ec278abe5fae16465a9058e,40.7294107437216,-74.0051174588942,69,8,62,36,17,<a_62><b_36><c_17>
4adc900ef964a520422d21e3,40.72773425342832,-74.00777435855494,69,11,10,14,20,<a_10><b_14><c_20>
4a423a67f964a520aba51fe3,40.75353217770949,-73.98182353637398,36,10,12,63,5,<a_12><b_63><c_5>
4c90f34dae96a0937e449f46,40.88605566,-74.14766834,69,9,10,45,27,<a_10><b_45><c_27>
4f60c8d5e4b06b5513b364a8,40.703435220559456,-73.81633261278954,377,15,46,32,57,<a_46><b_32><c_57>
4e36ac14a8092599ee1111f9,40.7759124040604,-73.9883065223694,234,11,12,6,58,<a_12><b_6><c_58>
4f451db1e4b0b5bea51b42c5,40.72754996806851,-74.00728659356426,248,9,3,34,41,<a_3><b_34><c_41>
4b606b18f964a520c7e429e3,40.82966916134657,-74.13704525086105,149,10,35,44,18,<a_35><b_44><c_18>
4c54e32d479fc9283143de93,40.84841001902048,-73.91185390955798,307,8,46,9,32,<a_46><b_9><c_32>
412e7980f964a520f80c1fe3,40.74000688350707,-74.00581181420307,301,7,28,40,2,<a_28><b_40><c_2>
4e25b190814d0c070b6b3f50,40.73717732305697,-73.98822069168091,69,12,10,34,42,<a_10><b_34><c_42>
4be19a4a594bc928e006acbb,40.74223850458576,-74.00484774995427,69,13,62,13,5,<a_62><b_13><c_5>
4e60eb5c52b1260c1271ff52,40.75550931229672,-73.9926473270451,284,15,63,57,21,<a_63><b_57><c_21>
4b4a9541f964a520148b26e3,40.74556629114773,-73.98013114929199,208,12,12,32,5,<a_12><b_32><c_5>
4e031ac452b10583352d4e83,40.740778258449865,-73.98768315098722,148,10,39,32,0,<a_39><b_32><c_0>
4c098812a1b32d7f06df97f0,40.71862354238137,-73.98815631866455,299,13,16,58,34,<a_16><b_58><c_34>
4b7d5797f964a52041b92fe3,40.87050657717715,-73.95693683791761,157,3,24,55,31,<a_24><b_55><c_31>
4b12fc0cf964a5201f9223e3,40.75645736467708,-73.92966270446777,307,33,13,61,40,<a_13><b_61><c_40>
4bae3634f964a520e6923be3,40.7632138239065,-73.98908346336458,3,12,16,2,60,<a_16><b_2><c_60>
4b5cece8f964a520144b29e3,40.70181618149312,-73.79611827391251,208,20,12,49,54,<a_12><b_49><c_54>
4bba7c08cf2fc9b6cba3a102,40.86939159016536,-73.91524314880371,307,7,5,51,53,<a_5><b_51><c_53>
4c2a8d772219c928d24ca348,40.74532376,-73.992229,149,7,31,51,10,<a_31><b_51><c_10>
4a0203cef964a52024711fe3,40.74959782183326,-73.98746967315674,7,12,35,5,14,<a_35><b_5><c_14>
4b02e0c9f964a5209d4a22e3,40.74033515788259,-73.98317072883606,201,2,31,19,47,<a_31><b_19><c_47>
4b140f46f964a5209e9c23e3,40.755352083329136,-73.98656845092773,220,3,31,10,14,<a_31><b_10><c_14>
4ecc005a9a52a6808627e69c,40.72989539441671,-73.99211361254487,228,3,24,29,9,<a_24><b_29><c_9>
4b38cfebf964a5209a5025e3,40.62599053984701,-73.97624497132963,307,10,36,58,46,<a_36><b_58><c_46>
4d9a8aa6422ea1cd98f6e84c,40.62098150778056,-73.97536684912832,79,28,6,14,46,<a_6><b_14><c_46>
4a84a143f964a52028fd1fe3,40.73738738472749,-73.9883947864229,251,6,27,31,16,<a_27><b_31><c_16>
4bbf4ef2b083a593232aa3e9,40.60906918068248,-73.97311126196983,307,17,6,14,12,<a_6><b_14><c_12>
4b05b044f964a520fce022e3,40.60323393447623,-73.97238004439811,307,30,6,49,27,<a_6><b_49><c_27>
4b92e9f1f964a5208a2634e3,40.57611915744327,-73.97605419158936,307,15,6,26,51,<a_6><b_26><c_51>
4c320a13452620a13f68210f,40.59605782365764,-73.97335588932037,307,11,36,61,63,<a_36><b_61><c_63>
4b53bf36f964a5201caa27e3,40.89883303700218,-74.09218477332547,48,14,3,58,29,<a_3><b_58><c_29>
4a8c37ddf964a520540d20e3,40.75372603523457,-73.9886415626111,253,8,5,24,2,<a_5><b_24><c_2>
4bdb87f4c79cc928465e83e9,40.733176,-73.810405,261,1,31,37,41,<a_31><b_37><c_41>
4c3329f6452620a1a818230f,40.6318086335835,-73.95350433361602,187,4,3,34,10,<a_3><b_34><c_10>
4b566d80f964a520f10f28e3,40.74185267627071,-74.00432554645808,69,14,38,43,10,<a_38><b_43><c_10>
5037f91716483e7c34e865a0,40.70901126835032,-74.01094436645508,139,18,22,11,29,<a_22><b_11><c_29>
4eb1c24c9a52cc10f6889b4e,40.89559948103921,-73.97604409405545,224,3,9,50,12,<a_9><b_50><c_12>
4e7cb926d22d882fa2db3f06,40.825143762613614,-73.95717144012451,12,18,57,31,48,<a_57><b_31><c_48>
49eba029f964a52004671fe3,40.574130770241,-73.97511005401611,381,6,37,63,58,<a_37><b_63><c_58>
4d3767939516236aeb928c51,40.5808535628616,-73.97476136684418,307,32,6,49,27,<a_6><b_49><c_27>
4aa512c5f964a5205e4720e3,40.73500513446808,-73.99326138382618,253,3,55,33,25,<a_55><b_33><c_25>
462d15a3f964a520e7451fe3,40.84835183889757,-73.83081857572387,157,14,20,59,15,<a_20><b_59><c_15>
4f8c5995e4b00597a0fd48fe,40.746736760718505,-73.98262023925781,138,41,49,24,36,<a_49><b_24><c_36>
4b75984af964a520ee162ee3,40.7331450394645,-73.86301517486572,308,8,23,25,20,<a_23><b_25><c_20>
4e78bd6562e1b76aa3d0714c,40.817635,-73.950606,199,8,23,62,49,<a_23><b_62><c_49>
4ed3ab360aafd18692b5fa2a,40.74346710490083,-74.02893642134816,157,16,13,47,21,<a_13><b_47><c_21>
4bab157bf964a52067943ae3,40.74488350771816,-73.93421173095703,300,8,20,19,17,<a_20><b_19><c_17>
4f610f03e4b00c2affddacea,40.68610405768023,-73.94382640962873,329,46,19,63,10,<a_19><b_63><c_10>
4abb8c10f964a520f88320e3,40.74299725135464,-74.05132961240221,48,8,55,13,30,<a_55><b_13><c_30>
437d1980f964a520a82a1fe3,40.76123752676353,-73.97577434424304,91,10,12,49,59,<a_12><b_49><c_59>
4a8ff4acf964a520b71520e3,40.924059944774754,-74.07398700714111,298,9,16,57,3,<a_16><b_57><c_3>
4c576a2bb7a31b8d475450da,40.72788438327404,-73.9850948417952,43,4,40,10,13,<a_40><b_10><c_13>
4abce119f964a520878720e3,40.769076,-73.984595,253,8,23,31,51,<a_23><b_31><c_51>
4b6d1643f964a5204b662ce3,40.75492947089871,-73.75667095184326,197,5,46,17,46,<a_46><b_17><c_46>
4aa2d477f964a520484220e3,40.745179,-73.992453,56,6,31,3,46,<a_31><b_3><c_46>
4b15922ef964a52009af23e3,40.756621857741656,-73.97053997515854,69,12,34,61,50,<a_34><b_61><c_50>
49ef4c99f964a52092681fe3,40.774626,-73.959236,248,11,34,11,34,<a_34><b_11><c_34>
4c8d38edc37a6dcb4842fe7a,40.8396785203818,-73.91834636014222,6,8,30,62,27,<a_30><b_62><c_27>
49e644c6f964a5202f641fe3,40.7226384919777,-73.99800160642802,253,20,13,61,32,<a_13><b_61><c_32>
4a19bdd6f964a520477a1fe3,40.74889538252527,-73.98856695588998,308,21,16,56,22,<a_16><b_56><c_22>
4d3f31e005b8721e6bb9a437,40.759019,-73.82994493333334,83,17,26,35,15,<a_26><b_35><c_15>
4cdeb7aaf8a4a143b810d9bc,40.82750051702387,-73.9734097126788,21,9,2,58,1,<a_2><b_58><c_1>
4a58f861f964a52058b81fe3,40.75919236359588,-73.95305661116662,369,9,8,39,47,<a_8><b_39><c_47>
4a5778a6f964a5202cb61fe3,40.75850326414563,-73.98238023614168,69,11,51,45,22,<a_51><b_45><c_22>
4b283971f964a520289124e3,40.74683429891953,-73.89155387878418,79,40,6,56,24,<a_6><b_56><c_24>
4c66f1e5aebea5935aab74d0,40.7300987360962,-73.86145271602658,307,29,2,31,5,<a_2><b_31><c_5>
4c862d52e602b1f71577bd7a,40.59083263463095,-73.95125997090335,187,6,26,9,30,<a_26><b_9><c_30>
4b3fc09bf964a520ebad25e3,40.79146892969131,-74.23331941410747,39,6,39,9,7,<a_39><b_9><c_7>
4bdb6b9463c5c9b666ea2768,40.77001154304467,-74.0367281510704,104,26,42,36,30,<a_42><b_36><c_30>
4d07d705e5e96ea86dea3d5d,40.76023939622975,-73.97610722693565,69,12,62,35,54,<a_62><b_35><c_54>
4b660440f964a5209f0e2be3,40.759698385312895,-73.97620479589158,15,24,12,42,10,<a_12><b_42><c_10>
4e7a39122271920e476b47e3,40.74716739491837,-73.9834132829835,253,17,55,30,32,<a_55><b_30><c_32>
3fd66200f964a52034ea1ee3,40.76026765576888,-73.97512579527391,148,9,33,24,28,<a_33><b_24><c_28>
4b020fe5f964a5207e4722e3,40.84076210674116,-73.93953323364258,307,12,60,38,47,<a_60><b_38><c_47>
4a592e94f964a520e6b81fe3,40.737231,-73.996793,7,11,36,9,21,<a_36><b_9><c_21>
4b280e7cf964a520568e24e3,40.746639222374434,-73.94554138183594,307,34,29,62,54,<a_29><b_62><c_54>
4502fa36f964a520d4381fe3,40.73091,-74.002819,146,18,13,46,52,<a_13><b_46><c_52>
4f7f4ac3e4b06aeda3748b9e,40.851721045672974,-73.92831546556859,329,8,30,7,62,<a_30><b_7><c_62>
4a884649f964a520ad0520e3,40.75463570120792,-73.98010177430896,66,6,35,17,7,<a_35><b_17><c_7>
4ca9e4d897c8a1cdef2593a5,40.738130516666665,-73.9920378,69,13,12,18,5,<a_12><b_18><c_5>
4f8d7199e4b005ba10ce6617,40.917243450801394,-74.17148335737132,69,19,12,9,7,<a_12><b_9><c_7>
4a8212abf964a5207af81fe3,40.7462750388816,-73.97971724534096,110,14,10,18,41,<a_10><b_18><c_41>
444bb024f964a5207b321fe3,40.69404295325815,-73.9867591687836,208,20,38,32,15,<a_38><b_32><c_15>
4c23ab9ab7b8a5936e3b3be8,40.72568909804001,-73.9962168632519,69,16,12,41,30,<a_12><b_41><c_30>
4cf90f45d76da35d5798ca2c,40.7267287887222,-73.99563724854855,149,5,24,29,9,<a_24><b_29><c_9>
4b5f653df964a520e0b729e3,40.68047529976021,-73.84372472763062,307,31,59,38,43,<a_59><b_38><c_43>
4ac7a552f964a520c2b820e3,40.76162732877561,-73.99033455348567,253,9,46,59,48,<a_46><b_59><c_48>
4bc8903115a7ef3bc2507bda,40.74185966827027,-74.00429248809814,71,7,62,32,4,<a_62><b_32><c_4>
49d77d4df964a5202a5d1fe3,40.76085023211787,-73.96694126387321,21,25,63,9,40,<a_63><b_9><c_40>
4bf1906899d02d7f9048c948,40.76134,-73.96789039,298,11,63,26,40,<a_63><b_26><c_40>
4f53a53be4b0ddd8f8610868,40.93758532164576,-74.0182064929251,378,10,24,44,11,<a_24><b_44><c_11>
4c160ef782a3c9b63aa5fff8,40.671416,-73.99287055,69,9,63,34,56,<a_63><b_34><c_56>
4ac553a7f964a52090b120e3,40.72880254143109,-73.98815900087357,239,5,23,4,40,<a_23><b_4><c_40>
4e1b19472271aba9379b8ef8,40.75422695442098,-73.98861286772178,155,16,10,47,43,<a_10><b_47><c_43>
4bd44b84a8b3a5937e7f6b5f,40.8134844303353,-74.07433032989502,174,25,59,42,11,<a_59><b_42><c_11>
4b18b7ddf964a52059d523e3,40.77657677410218,-73.97914409637451,148,9,3,16,40,<a_3><b_16><c_40>
49ea8fb5f964a5207f661fe3,40.74607024584939,-73.94567012786865,111,8,33,6,22,<a_33><b_6><c_22>
4bf430906a31d13a3a77952e,40.917777126151215,-74.16923761367798,197,9,34,52,3,<a_34><b_52><c_3>
4b5c8c80f964a520ea3529e3,40.7715858,-73.8364432,165,14,53,58,9,<a_53><b_58><c_9>
4be1db7dedbb0f47c5eaa615,40.77659832355566,-73.98040021417187,198,6,3,57,43,<a_3><b_57><c_43>
4addf875f964a520e66621e3,40.80488179945214,-74.24818631989757,66,6,9,61,54,<a_9><b_61><c_54>
4be07f2798f2a5934c72c25a,40.76750916746532,-73.93837451934814,48,10,16,61,29,<a_16><b_61><c_29>
4ccdd65a511b236a04bbf9c9,40.70940575557775,-73.83814731068782,299,10,17,8,41,<a_17><b_8><c_41>
4c33d277452620a1cb46240f,40.90326209689921,-74.06131189023667,21,14,62,35,54,<a_62><b_35><c_54>
4576ddcaf964a520ac3e1fe3,40.76459171490056,-73.97121297728602,294,12,16,32,56,<a_16><b_32><c_56>
49ef71e3f964a520b8681fe3,40.75407123579426,-73.98446354157814,40,10,50,25,50,<a_50><b_25><c_50>
4bc259d4920eb713a3211c2c,40.71594005221216,-73.98682594299316,369,7,39,40,52,<a_39><b_40><c_52>
4b17bf02f964a520b7c723e3,40.807991065699234,-73.96203956177538,201,8,27,11,23,<a_27><b_11><c_23>
4a8dc130f964a520b81020e3,40.714671455569125,-73.8319444656372,253,4,52,27,50,<a_52><b_27><c_50>
4a663a8ef964a5203ec81fe3,40.70718136353293,-74.01041865348816,332,11,16,37,9,<a_16><b_37><c_9>
4accbc45f964a52054c920e3,40.726120029168,-73.99579219522506,71,11,3,59,45,<a_3><b_59><c_45>
4e6563b4091afcffda032627,40.815628082496914,-73.95837306976318,369,9,9,42,40,<a_9><b_42><c_40>
4f044f5993ad64af7ace411b,40.73005893543017,-74.00303437785037,253,14,2,34,41,<a_2><b_34><c_41>
4e91c35c6da174e28ec0e6dd,40.75418872355248,-73.94186034276925,6,22,52,37,57,<a_52><b_37><c_57>
4a80aedff964a520e9f51fe3,40.72351860033697,-74.03974056243896,48,7,55,15,15,<a_55><b_15><c_15>
4aa0032bf964a520f33d20e3,40.6467216781025,-73.95701719681918,48,7,11,42,9,<a_11><b_42><c_9>
4e752aa445ddd4323fa05253,40.82533633454996,-73.97627366806597,138,32,13,21,34,<a_13><b_21><c_34>
49f4c2a2f964a5204c6b1fe3,40.76307092236224,-73.98605326633982,118,4,32,37,6,<a_32><b_37><c_6>
4c7c2f95f56a3704e2460746,40.75388289157851,-73.93463021138618,33,27,49,49,27,<a_49><b_49><c_27>
4cc1bb32d363721e87045cc9,40.86461681298233,-74.06804676207663,138,8,43,40,38,<a_43><b_40><c_38>
4adb6119f964a520a72621e3,40.753005134448905,-73.99641771942332,346,8,27,46,42,<a_27><b_46><c_42>
4c97a98538dd8cfa7ea0e562,40.76187988504444,-74.04414743185043,377,8,51,21,57,<a_51><b_21><c_57>
4b6ef3c9f964a520dfd22ce3,40.74854695,-73.98837026666666,35,3,20,21,0,<a_20><b_21><c_0>
4f62a0eee4b041039c0c09f8,40.644099068159,-74.09980183101945,167,11,46,53,57,<a_46><b_53><c_57>
4b5a54c4f964a520cebd28e3,40.61252119041974,-73.91296403631098,157,6,20,59,30,<a_20><b_59><c_30>
3fd66200f964a5208fe81ee3,40.75856600358517,-73.9889859009481,43,5,40,23,15,<a_40><b_23><c_15>
4a60902cf964a520e5c01fe3,40.7570372320042,-73.97148699326894,157,10,46,4,39,<a_46><b_4><c_39>
4b520135f964a520aa6027e3,40.71605084984903,-74.01229042943231,157,5,41,10,19,<a_41><b_10><c_19>
4bb092aef964a520cc4c3ce3,40.67621785391348,-73.98339539766312,45,5,14,41,55,<a_14><b_41><c_55>
4a40e23df964a520a8a41fe3,40.75618990388012,-73.97056293322844,160,3,20,14,53,<a_20><b_14><c_53>
4c2bccc7d1a10f475a88f864,40.75845677498381,-73.98914046612941,148,29,50,39,22,<a_50><b_39><c_22>
46d07785f964a5204f4a1fe3,40.759525734570886,-73.97853495742781,43,3,40,4,11,<a_40><b_4><c_11>
4bac2e75f964a52095e93ae3,40.7213294506073,-74.04318456,92,11,48,53,60,<a_48><b_53><c_60>
4b4cd551f964a520c8c026e3,40.631543741755145,-73.94687408770778,294,21,57,17,13,<a_57><b_17><c_13>
4a27d8b3f964a5208c911fe3,40.75377861076244,-73.99197445110599,96,7,23,20,18,<a_23><b_20><c_18>
4b1c321ff964a520070424e3,40.78003976949308,-73.94729018211365,31,10,35,5,14,<a_35><b_5><c_14>
42a39200f964a520e6241fe3,40.72820506950233,-73.99927559299557,43,8,0,16,35,<a_0><b_16><c_35>
4ac245ecf964a520879820e3,40.77937325315485,-73.95507135401736,211,21,23,29,20,<a_23><b_29><c_20>
4a66715ef964a5208dc81fe3,40.69705195512047,-73.93480816942602,48,5,21,36,1,<a_21><b_36><c_1>
40f1d480f964a5205b0a1fe3,40.71992902385343,-74.00853182642739,107,7,34,41,7,<a_34><b_41><c_7>
4c6ecba7a437224bcaf530b1,40.74569252724753,-74.26388867939275,72,12,43,38,50,<a_43><b_38><c_50>
40fc6080f964a520250b1fe3,40.78459912500588,-73.97735840155991,43,6,1,39,38,<a_1><b_39><c_38>
4a0b05a7f964a520bb741fe3,40.76060088532793,-73.98582370401029,99,7,0,6,42,<a_0><b_6><c_42>
4b526d05f964a520ab7c27e3,40.634953,-74.014235,94,27,59,13,27,<a_59><b_13><c_27>
3fd66200f964a52081e71ee3,40.75290467304416,-73.97297925477788,53,13,59,14,22,<a_59><b_14><c_22>
42055e00f964a520681f1fe3,40.76415461906297,-73.9868969055432,245,17,14,33,13,<a_14><b_33><c_13>
3fd66200f964a52044e31ee3,40.721660896654456,-73.99736460996738,224,4,44,54,42,<a_44><b_54><c_42>
4c6dac3b10faa1439797ee68,40.83329771,-73.91433,120,4,41,26,50,<a_41><b_26><c_50>
41fad200f964a5203f1f1fe3,40.72029728839815,-73.98828574568053,60,5,39,27,51,<a_39><b_27><c_51>
4e57b22cfa76435f0bd2298f,40.72999961666667,-74.003533,251,3,39,41,12,<a_39><b_41><c_12>
4a83377df964a52064fa1fe3,40.76058067659475,-73.98322389147832,69,22,33,12,56,<a_33><b_12><c_56>
4ddd0a8f1838306b821414a4,40.752346267289575,-73.97446576531758,228,8,9,56,8,<a_9><b_56><c_8>
4c4b6a2ff7cc1b8d5565d83f,40.620465,-74.00710102,317,6,16,52,39,<a_16><b_52><c_39>
4ad7a8d9f964a520640d21e3,40.74970348366515,-73.98781299591064,307,40,6,13,54,<a_6><b_13><c_54>
3fd66200f964a5207dea1ee3,40.76198065788244,-73.9900246511882,161,4,4,15,61,<a_4><b_15><c_61>
4c450ab2f799e21e24c3aea2,40.78939508042236,-74.19575706630177,157,6,32,44,16,<a_32><b_44><c_16>
40cf8d80f964a52033011fe3,40.74036718964624,-74.00580607573977,106,9,44,24,63,<a_44><b_24><c_63>
3fd66200f964a52044e81ee3,40.78345291250954,-73.97912610229315,56,7,44,6,38,<a_44><b_6><c_38>
4a673d8ef964a52007c91fe3,40.75353970723301,-73.9715588092804,140,14,50,58,22,<a_50><b_58><c_22>
4d25497a903c8cfadc33cd25,40.71916167288125,-73.99774336487488,242,6,44,4,1,<a_44><b_4><c_1>
4a0eb511f964a520ea751fe3,40.87364275972925,-73.90811920166016,294,16,22,7,33,<a_22><b_7><c_33>
4a304695f964a52044991fe3,40.76523437568712,-73.97995255420375,109,11,32,19,48,<a_32><b_19><c_48>
44e4541df964a52051371fe3,40.725379,-73.983596,245,15,25,22,11,<a_25><b_22><c_11>
3fd66200f964a520dce31ee3,40.72130138172908,-73.98828574568053,270,6,25,20,20,<a_25><b_20><c_20>
4a9fe58bf964a5207e3d20e3,40.757197912934096,-73.96689534686747,156,10,46,36,24,<a_46><b_36><c_24>
4e4f96fe483bb770491139a8,40.76923069151712,-74.19950046068489,329,24,57,53,9,<a_57><b_53><c_9>
4d9ca3097958f04d7c0004fa,40.602447079866806,-73.97195763083973,103,13,2,9,33,<a_2><b_9><c_33>
4dda6c281f6ee146836984f4,40.753055716666665,-73.99147780000001,71,18,38,45,22,<a_38><b_45><c_22>
4aa68df2f964a5202a4a20e3,40.96696980238183,-74.07514572143555,48,8,5,13,10,<a_5><b_13><c_10>
4b4c87f3f964a5204bb526e3,40.7462929824364,-73.97945897918443,187,15,23,45,8,<a_23><b_45><c_8>
46cbd4edf964a520344a1fe3,40.747681640746045,-73.98632300172632,61,11,12,28,33,<a_12><b_28><c_33>
4afdf14df964a520412c22e3,40.76004983313968,-73.97590634951764,35,11,10,44,45,<a_10><b_44><c_45>
4af180a2f964a52027e121e3,40.71408594127328,-74.00858402252197,307,13,47,26,0,<a_47><b_26><c_0>
4f858f16e4b062a5567c12c4,40.643109,-73.983272,152,31,49,23,14,<a_49><b_23><c_14>
4e54305d22710ebb5a878664,40.77165047865589,-74.23231639903896,293,6,3,29,38,<a_3><b_29><c_38>
4bd5803a4e32d13a7be0c080,40.81286730550947,-73.96330833435059,86,13,22,3,23,<a_22><b_3><c_23>
4c3725790a71c9b60a3f3ec9,40.7541139982869,-73.98860712874341,369,6,10,32,39,<a_10><b_32><c_39>
4e628332d22d509a39a9a788,40.731686044718685,-74.17376899312723,138,14,16,56,48,<a_16><b_56><c_48>
4f8c801fe4b0e5ed774c0951,40.72906372940698,-74.01128768920898,314,10,63,13,58,<a_63><b_13><c_58>
4ee5f8aae30005f8b940b177,40.72797248772774,-73.85994811322598,103,21,42,54,37,<a_42><b_54><c_37>
4c1538367f7f2d7fb620e268,40.81427223377393,-73.9411973288593,263,3,33,54,61,<a_33><b_54><c_61>
4d88e89226a36ea81a63d5ad,40.92680715314999,-74.06860894667008,72,10,39,29,12,<a_39><b_29><c_12>
4b08d5d9f964a520c91223e3,40.85056716812924,-73.93158767769813,208,8,24,47,8,<a_24><b_47><c_8>
4e5ff72645ddda35287c6f34,40.69772338867188,-73.81159210205078,307,28,31,11,10,<a_31><b_11><c_10>
4bf704e8b182c9b69bf5745a,40.71926347542512,-74.00123246576868,299,5,5,25,39,<a_5><b_25><c_39>
4b395c58f964a5204e5b25e3,40.740861,-73.987365,228,6,3,16,49,<a_3><b_16><c_49>
4b55fb4af964a5203efa27e3,40.75603128410371,-73.98568596648084,69,11,33,23,51,<a_33><b_23><c_51>
4b85704ff964a520f25d31e3,40.786422988157305,-73.95072340965271,31,10,4,25,10,<a_4><b_25><c_10>
4e30464e7d8bf59d291f2ac5,40.7416013615111,-73.9992009904121,298,21,37,44,21,<a_37><b_44><c_21>
4aa534ebf964a520964720e3,40.725567587478615,-73.9978551864624,36,8,3,2,24,<a_3><b_2><c_24>
4e8dfaade5facbf444a3f306,40.96434076830023,-73.85661727218412,308,6,63,52,0,<a_63><b_52><c_0>
4eefba8a0aaf9ae2825dbaeb,40.93773415721512,-74.1258716583252,299,6,5,46,0,<a_5><b_46><c_0>
4c53550d72cf0f478917abd2,40.70849012194297,-74.00283352861746,91,4,37,49,7,<a_37><b_49><c_7>
4e3c89c8aeb73139a16d84ee,40.717854,-74.000208,247,5,32,51,12,<a_32><b_51><c_12>
4c4762281ddec928042a9d32,40.85275748350158,-73.82689118385315,309,37,8,18,34,<a_8><b_18><c_34>
4b91913ff964a52036c633e3,40.86565637637014,-73.82426211435131,6,13,8,2,34,<a_8><b_2><c_34>
4da6c2d3ced7e031f7c5c005,40.868482907830256,-73.83256673812866,138,28,7,40,32,<a_7><b_40><c_32>
4b96cb85f964a5200ce534e3,40.86499,-73.829949,294,23,7,40,32,<a_7><b_40><c_32>
4b105534f964a5200a6e23e3,40.866835537390784,-73.82521845799161,166,29,8,19,14,<a_8><b_19><c_14>
4c8045d9d4e23704336f5388,40.866503235282565,-73.8257646560669,150,15,8,2,43,<a_8><b_2><c_43>
4d40b56fb7c25941ca6abbdb,40.86708740710768,-73.82829666137695,138,11,11,1,14,<a_11><b_1><c_14>
4bbd2747f57ba5936bccadb9,40.84340118421137,-73.94228225952985,157,10,11,59,50,<a_11><b_59><c_50>
4b4bbc90f964a520d2a526e3,40.81807000743554,-73.91209136818333,307,6,41,59,44,<a_41><b_59><c_44>
4c521c3d99ecc9b6a2c05d5a,40.722342,-73.983208,43,7,1,33,21,<a_1><b_33><c_21>
4bc779d992b376b07cca4f3a,40.722262,-73.98332129,43,11,1,36,13,<a_1><b_36><c_13>
4cd05332f6378cfa197ab4d6,40.65541812308104,-74.00683899636068,138,32,60,26,21,<a_60><b_26><c_21>
4a6b7e70f964a520c5ce1fe3,40.790522,-73.98050129413605,264,13,46,59,43,<a_46><b_59><c_43>
4b12ff73f964a5205e9223e3,40.92607839076309,-74.09735270529153,111,7,39,32,47,<a_39><b_32><c_47>
4f3f72c44fc6564a63701ee8,40.90719915561692,-73.97712595918333,6,12,19,29,38,<a_19><b_29><c_38>
4b7513bff964a52036fd2de3,40.78289916469922,-73.98489971285876,256,23,59,58,47,<a_59><b_58><c_47>
4c6856cd7963be9ad63dcdbc,40.7395,-74.06545,299,12,55,22,27,<a_55><b_22><c_27>
4b376908f964a520ef4025e3,40.81681580433024,-73.94139250202096,94,9,15,9,6,<a_15><b_9><c_6>
4f28a29ae4b0817afc6c57eb,40.62572973749308,-74.01238511084367,6,14,13,3,26,<a_13><b_3><c_26>
4b60d221f964a52082fb29e3,40.933143002229926,-74.11994998357028,311,7,9,49,20,<a_9><b_49><c_20>
3fd66200f964a520dbea1ee3,40.73183947931137,-74.00335573618469,125,14,48,2,19,<a_48><b_2><c_19>
4b68283bf964a5209c692be3,40.8038371384793,-73.92893314361572,252,14,35,19,15,<a_35><b_19><c_15>
43125000f964a52058271fe3,40.72675798960902,-73.99956095657589,58,3,15,36,56,<a_15><b_36><c_56>
4af4a7a4f964a520b8f421e3,40.76822422081554,-73.98223400115967,298,6,9,49,19,<a_9><b_49><c_19>
4cbf4cdb19ceb1f7039822cd,40.70006671575404,-73.987895494095,194,8,9,25,62,<a_9><b_25><c_62>
4b4f4015f964a520b5fe26e3,40.734311,-73.990991,69,11,42,10,5,<a_42><b_10><c_5>
4858e403f964a520bf501fe3,40.67168753532757,-74.01038646697998,298,12,9,10,34,<a_9><b_10><c_34>
4f2871d3754a9436fd912c9e,40.632300871701176,-73.98887973002674,6,11,0,28,63,<a_0><b_28><c_63>
4bc72ae7af07a593909c7e2d,40.718477172979526,-74.00781154632568,369,11,48,13,24,<a_48><b_13><c_24>
4de43bb11520b8ceaac8b906,40.73282332706532,-73.99385248335616,232,6,32,54,40,<a_32><b_54><c_40>
4be3695d1dd22d7fa7b396bd,40.83561202474866,-74.08631690503913,237,3,61,57,20,<a_61><b_57><c_20>
4d447209befe236a18f7f4e2,40.831735737022,-74.13848876953125,39,3,20,16,53,<a_20><b_16><c_53>
3fd66200f964a52096e91ee3,40.73809430948774,-74.00388368084829,148,3,9,37,38,<a_9><b_37><c_38>
49b0c608f964a520cd521fe3,40.780755,-73.976327,148,10,11,55,30,<a_11><b_55><c_30>
3fd66200f964a52029e61ee3,40.73083196786713,-74.00095127413708,43,8,25,33,48,<a_25><b_33><c_48>
4be42d27d4f7c9b6bcc02320,40.631989844875335,-73.95062685012817,201,10,4,24,33,<a_4><b_24><c_33>
4a299005f964a520a8951fe3,40.74866717767752,-73.98837625980377,139,13,8,26,62,<a_8><b_26><c_62>
4e348676b61cddd1cd33c67d,40.898824428623136,-73.8708992909567,329,11,44,34,45,<a_44><b_34><c_45>
4f5b9500e4b082b23d35ec01,40.948271004267234,-73.98887973002674,6,22,57,3,27,<a_57><b_3><c_27>
4e01dbf1d22db37fb02954c5,40.91141476666667,-73.9868099,69,32,36,14,34,<a_36><b_14><c_34>
4a6da55cf964a520d2d21fe3,40.770765608517685,-73.95504839410326,157,10,35,28,28,<a_35><b_28><c_28>
3fd66200f964a52005eb1ee3,40.73492041854701,-73.98829722365633,263,8,44,6,33,<a_44><b_6><c_33>
4eaf491e02d521a7a7c343ed,40.67679807147485,-73.8983750379089,184,7,1,36,23,<a_1><b_36><c_23>
4e125d71d22d759bae6aeaa6,40.755235,-73.968381,123,5,61,48,23,<a_61><b_48><c_23>
4bc8422d0050b713e603ba3b,40.92946910736723,-73.99539622013613,110,7,44,55,45,<a_44><b_55><c_45>
4cdc5ba33f6a8cfa29e8f0ea,40.78754970180571,-73.94378622744026,367,10,14,25,46,<a_14><b_25><c_46>
4efcba2377161596a8040d45,40.71841211980871,-73.9898943901062,53,11,48,51,39,<a_48><b_51><c_39>
4c833cccd8086dcbdeb87e52,40.87262346551853,-73.82675778820082,242,11,53,52,6,<a_53><b_52><c_6>
4b1dd6d4f964a520cf1524e3,40.71400760563373,-73.95068596090888,239,5,28,52,40,<a_28><b_52><c_40>
4c1290c98aedd13a88515137,40.64639997975282,-73.99432003498077,79,27,6,63,58,<a_6><b_63><c_58>
4ca36504d5a2a143def14890,40.715697,-73.953603,233,5,56,41,45,<a_56><b_41><c_45>
4ae0c9e6f964a5207f8221e3,40.85550037015262,-73.84623527526855,185,24,45,26,15,<a_45><b_26><c_15>
4afc1bdef964a520e21f22e3,40.85642863779878,-73.84682542170071,146,16,30,7,47,<a_30><b_7><c_47>
4b4fd6d6f964a5203b1727e3,40.75714063260104,-73.96696996199624,68,9,56,40,48,<a_56><b_40><c_48>
4af281eaf964a520d2e721e3,40.729545,-73.99658518000001,253,5,30,6,55,<a_30><b_6><c_55>
4e66c4076365d0e711e5711d,40.74213198202525,-74.00351732969284,60,5,25,27,48,<a_25><b_27><c_48>
4d58305a8147f04de8609f54,40.63396697468096,-74.00063278107605,6,5,14,2,19,<a_14><b_2><c_19>
4cbca639adcd5481da8e2fa2,40.74281598257974,-73.97621053524038,83,9,17,35,58,<a_17><b_35><c_58>
4eddb3bc30f83fb7a09041b2,40.756266,-73.984787,92,11,4,27,35,<a_4><b_27><c_35>
4e68ec9945dd6cc5bd33b8b0,40.72955814318108,-73.97712595918333,6,18,19,35,29,<a_19><b_35><c_29>
4ad139f1f964a52092dd20e3,40.63357692052703,-74.00645452100342,61,15,25,23,60,<a_25><b_23><c_60>
4d99e712b188721e88944837,40.827157144502,-73.99534463882446,157,13,26,5,31,<a_26><b_5><c_31>
4a6b8a48f964a5200dcf1fe3,40.765884017600165,-73.97373676300049,137,8,58,39,24,<a_58><b_39><c_24>
4bea0d9f6295c9b6f70f8608,40.57782667559751,-73.9607481089862,307,21,6,37,47,<a_6><b_37><c_47>
4cd58368886cb60c84668489,40.82527051927068,-73.97467238363429,46,11,29,14,52,<a_29><b_14><c_52>
4c96ad134f16b71307dcc83f,40.75118085582872,-73.75716010891271,104,5,26,31,21,<a_26><b_31><c_21>
4b9c5a85f964a520116236e3,40.60583823275524,-74.17911438193454,69,18,51,35,54,<a_51><b_35><c_54>
4bcefaa529d4b713cd51a9dc,40.605221077270585,-74.17977333068848,202,19,42,17,4,<a_42><b_17><c_4>
4c8f8d10d68c6dcba53905a2,40.63673571148898,-73.99040342059492,21,20,54,61,17,<a_54><b_61><c_17>
4bab6229f964a5201ea53ae3,40.926207134359096,-73.8393476810168,149,4,42,36,30,<a_42><b_36><c_30>
4a69bf87f964a52001cc1fe3,40.73029619603295,-74.00200143669329,160,8,42,29,5,<a_42><b_29><c_5>
4cd584ca94848cfaa8dde6b1,40.834158,-73.883584,91,15,42,53,1,<a_42><b_53><c_1>
4b2e82f9f964a52086e124e3,40.75769265737892,-73.99150371551514,300,19,52,0,44,<a_52><b_0><c_44>
4c3a934116cb2d7f5e9d01a9,40.767249146157575,-73.86524677276611,253,33,52,38,27,<a_52><b_38><c_27>
4b95995af964a52075ab34e3,40.750846,-74.030771,187,30,51,24,52,<a_51><b_24><c_52>
4ecbe7090e011bec7ad90afc,40.75879851196375,-73.97944176142833,91,3,51,37,37,<a_51><b_37><c_37>
40958b80f964a520e6f21ee3,40.72501469240076,-73.99909973144531,66,12,55,52,15,<a_55><b_52><c_15>
4dc3f86a81301db330db2298,40.766518290155226,-73.97933845485933,91,4,12,9,29,<a_12><b_9><c_29>
4c419ad3cc410f471767ab61,40.74642049761179,-74.03840350341586,157,10,51,37,19,<a_51><b_37><c_19>
4cd3042053665481f5ec24ed,40.88766428677077,-74.01919918009074,91,16,12,9,29,<a_12><b_9><c_29>
4ad35d08f964a520fae320e3,40.70325299803113,-74.00609493255615,87,48,59,48,10,<a_59><b_48><c_10>
4aeca43cf964a520c9c921e3,40.87341560489982,-73.88983726501465,307,6,42,11,54,<a_42><b_11><c_54>
431e2d80f964a52079271fe3,40.72144922191938,-73.99761378765106,121,12,59,50,46,<a_59><b_50><c_46>
4b5b6d6bf964a52037fd28e3,40.75280845335031,-73.97370242350156,37,27,38,35,13,<a_38><b_35><c_13>
4d6d381ed5d93704a691cdf9,40.76045142682082,-73.97506266207166,69,25,63,9,7,<a_63><b_9><c_7>
4bceec19cc8cd13a2001c5cf,40.6731055853966,-74.04338357322251,338,7,12,51,0,<a_12><b_51><c_0>
4d384e769784a0931000dfe8,40.714243,-74.006438,91,10,62,27,22,<a_62><b_27><c_22>
4eadae0677c8cdc66d6d1e56,40.7035719759594,-73.9467654270757,262,17,38,62,59,<a_38><b_62><c_59>
4a706e81f964a52076d71fe3,40.75628266864383,-73.9934220712574,69,32,59,13,8,<a_59><b_13><c_8>
470f3ff0f964a5208e4b1fe3,40.76969503812583,-73.99292853086178,382,19,44,38,51,<a_44><b_38><c_51>
4a048c32f964a5200a721fe3,40.7385297801453,-73.98550231628789,243,3,0,28,46,<a_0><b_28><c_46>
44ddba5bf964a520c1361fe3,40.690812,-73.991917,40,7,11,42,58,<a_11><b_42><c_58>
4b031388f964a5207c4c22e3,40.72789663397213,-74.00722347094514,31,8,3,15,4,<a_3><b_15><c_4>
4ac889cbf964a5203bbc20e3,40.781191,-73.986495,264,9,59,59,21,<a_59><b_59><c_21>
49d7b51ff964a520515d1fe3,40.72227957678293,-73.99517675668822,253,6,52,60,39,<a_52><b_60><c_39>
4f90581ae4b027bf9d4c190b,40.78390963909752,-73.83610838742469,91,6,33,38,48,<a_33><b_38><c_48>
4ab3a2f4f964a520e56d20e3,40.70283941552312,-73.98913511403559,69,4,51,36,9,<a_51><b_36><c_9>
4b05f2bcf964a52063e622e3,40.791511610934,-73.94457838904547,157,9,3,44,23,<a_3><b_44><c_23>
4bfec4bb68c7a59389a73f44,40.68014053344931,-73.8780025860915,150,2,28,11,56,<a_28><b_11><c_56>
422f8e00f964a520f81f1fe3,40.74339876222266,-73.99335894406833,66,8,16,32,47,<a_16><b_32><c_47>
4a3e6aaef964a520e7a21fe3,40.680749,-73.974896,160,6,34,30,62,<a_34><b_30><c_62>
4abfe614f964a520de9220e3,40.80822244501176,-74.10651683807373,286,6,11,13,13,<a_11><b_13><c_13>
4e20589f483b041af1e0fa98,40.742201076382784,-73.955819606781,45,20,43,61,17,<a_43><b_61><c_17>
4a60eb5ef964a52078c11fe3,40.75727261748517,-73.98569170554654,288,15,7,39,6,<a_7><b_39><c_6>
4bc5fba06c26b7131615ecf3,40.76410926493998,-74.14917901665406,70,10,2,30,41,<a_2><b_30><c_41>
49ee02e9f964a52010681fe3,40.723856037082,-73.99640679359436,253,9,63,9,27,<a_63><b_9><c_27>
4a9073c0f964a520f31720e3,40.754376,-73.978525,13,10,16,14,24,<a_16><b_14><c_24>
4a19c1def964a520497a1fe3,40.643965943682936,-73.78272056579588,273,12,13,35,4,<a_13><b_35><c_4>
4f908390e4b0082e439eb993,40.76586901723459,-74.02413671784228,6,13,8,50,48,<a_8><b_50><c_48>
49f7456af964a5207b6c1fe3,40.71743574037567,-74.01227321462521,164,11,39,49,0,<a_39><b_49><c_0>
4ea6dd5fb8f7b8a60b6c4904,40.71559176749147,-73.94962403792549,110,6,23,52,44,<a_23><b_52><c_44>
4b5e5125f964a520488929e3,40.74708298027893,-73.9934450265937,253,7,55,19,53,<a_55><b_19><c_53>
4f286f1b754a9436fd90d383,40.63493969789037,-73.98424029350281,70,10,11,60,62,<a_11><b_60><c_62>
49cf9381f964a520af5a1fe3,40.78007502367464,-73.95526897957147,253,15,2,7,45,<a_2><b_7><c_45>
4f25790de4b01dc94ca75933,40.759294961244976,-73.97823651466952,235,1,20,26,4,<a_20><b_26><c_4>
4ad4b49af964a520c4e820e3,40.75356408930207,-73.97953033447266,202,12,11,39,23,<a_11><b_39><c_23>
4e91026302d5ee38b70532fe,40.72686790791358,-73.98896294507819,43,5,32,27,13,<a_32><b_27><c_13>
4b517d12f964a5203f4e27e3,40.76195099046608,-73.9836072921753,150,10,19,4,38,<a_19><b_4><c_38>
4c12424fb2510f47ea45c498,40.635281,-73.992483,312,17,63,9,22,<a_63><b_9><c_22>
3fd66200f964a52024e41ee3,40.71999968137271,-73.9878323650875,58,5,44,54,12,<a_44><b_54><c_12>
4b1158fdf964a520b07a23e3,40.78531820515752,-74.04664993286133,165,13,36,22,61,<a_36><b_22><c_61>
4b60ad00f964a52084f329e3,40.61282873153687,-74.12415,21,6,20,13,34,<a_20><b_13><c_34>
3fd66200f964a520e4e61ee3,40.738566104329415,-74.00351067661738,43,4,40,32,2,<a_40><b_32><c_2>
4d226b656e8c3704e69c0ba0,40.93165071666667,-73.9955021,150,15,34,39,24,<a_34><b_39><c_24>
4ac7d727f964a5200eba20e3,40.711608,-73.85917,48,6,55,7,62,<a_55><b_7><c_62>
49c30431f964a5204e561fe3,40.76486772629266,-73.99153972432849,148,1,0,4,60,<a_0><b_4><c_60>
4e6dfab3b61cf2b03c254994,40.765162620688834,-73.98763149992548,245,20,14,39,13,<a_14><b_39><c_13>
4ad7392af964a520060921e3,40.70489848699077,-74.01238511084367,6,10,44,2,53,<a_44><b_2><c_53>
4a149749f964a52055781fe3,40.720072628003614,-74.01036809972409,32,7,39,55,25,<a_39><b_55><c_25>
4c34d4e46f1fef3b6ff1ec3d,40.79535805750898,-73.93105745315552,294,10,16,34,22,<a_16><b_34><c_22>
4c81387e51ada1cd08ba1010,40.80310319615718,-73.93382652788141,83,8,35,20,53,<a_35><b_20><c_53>
4bff9551369476b029fc8d1f,40.758409593390965,-73.9855424897826,7,13,32,19,34,<a_32><b_19><c_34>
49a2ef6cf964a52096521fe3,40.760353,-73.989636,56,1,61,0,46,<a_61><b_0><c_46>
4c254ba6136d20a19f63e361,40.74770795971044,-73.9862828283949,38,7,50,20,47,<a_50><b_20><c_47>
4ada7675f964a520c92221e3,40.77393538272802,-73.95468677509598,224,5,32,11,6,<a_32><b_11><c_6>
4c11a4806e5dc9b66490b02d,40.63460050932768,-73.99458131230685,101,6,61,35,26,<a_61><b_35><c_26>
3fd66200f964a52042e81ee3,40.78427092290852,-73.97751336298825,47,5,48,4,29,<a_48><b_4><c_29>
482af93cf964a520cd4f1fe3,40.75465043801338,-73.92345871219602,166,24,7,1,2,<a_7><b_1><c_2>
3fd66200f964a52000e71ee3,40.73359624463056,-74.00313913822174,266,7,44,40,35,<a_44><b_40><c_35>
3fd66200f964a520e9e61ee3,40.7337627,-74.006264,111,3,61,4,30,<a_61><b_4><c_30>
4bb377a242959c7463f4212c,40.78790141900539,-74.04474020004272,69,3,51,8,28,<a_51><b_8><c_28>
4f90c41de4b07256ede0e54a,40.78168478226392,-73.78896894871082,6,21,4,55,20,<a_4><b_55><c_20>
4c1b572a8b3aa59345fa965f,40.654193,-74.056156,338,9,29,0,3,<a_29><b_0><c_3>
4a01c9dbf964a520fe701fe3,40.68189338566111,-73.96026596439529,228,4,30,10,38,<a_30><b_10><c_38>
4b01eca4f964a520984622e3,40.72924279204928,-73.9892154594962,238,7,56,12,23,<a_56><b_12><c_23>
4e225b70d22d0a3f5a027193,40.777410747977285,-74.03588760058483,6,14,18,7,37,<a_18><b_7><c_37>
3fd66200f964a520b9ea1ee3,40.723168316666666,-74.003018,227,9,50,30,30,<a_50><b_30><c_30>
4b8023c7f964a520cd5530e3,40.77947345646828,-73.77699921530112,308,16,16,22,22,<a_16><b_22><c_22>
3fd66200f964a52009e61ee3,40.721941345858085,-73.9962589623642,43,5,61,8,36,<a_61><b_8><c_36>
4b1d14e9f964a520af0b24e3,40.737824111931104,-74.00020077824593,307,16,8,13,2,<a_8><b_13><c_2>
40870b00f964a520b7f21ee3,40.721128035611365,-73.99304866790771,45,11,48,16,12,<a_48><b_16><c_12>
424de080f964a520af201fe3,40.802321434021,-73.967963,43,38,54,25,17,<a_54><b_25><c_17>
4ad3f445f964a5200ee720e3,40.72868613780489,-74.00022246941484,49,7,28,6,23,<a_28><b_6><c_23>
3fd66200f964a52001e81ee3,40.75637696194763,-73.9676529760629,56,6,25,23,47,<a_25><b_23><c_47>
49c18298f964a520b0551fe3,40.76593503468354,-73.9870231641527,43,5,1,34,48,<a_1><b_34><c_48>
49de2becf964a5202b601fe3,40.75503606545005,-73.98651239017553,253,10,54,61,26,<a_54><b_61><c_26>
4f44fd5ce4b0c38dc8de1285,40.75113484984862,-74.20032308006297,6,7,18,50,21,<a_18><b_50><c_21>
4f45cd0ee4b04ef91cef1f84,40.76004833585965,-73.91922187073642,242,6,25,40,34,<a_25><b_40><c_34>
4b795663f964a520b0f42ee3,40.89881587039375,-73.86759734833689,110,20,18,31,4,<a_18><b_31><c_4>
406dfe80f964a52048f21ee3,40.739977397073,-73.99332451104736,58,8,14,43,31,<a_14><b_43><c_31>
4c448378429a0f4726d4481e,40.85080247473708,-73.97054571467628,106,5,4,34,36,<a_4><b_34><c_36>
4f47ffbae4b0d637408e1382,40.752043933832766,-73.9854621427848,68,26,2,46,51,<a_2><b_46><c_51>
4e7c7dfafa76b7bcf9bcb4b1,40.75629482445485,-73.98789882659912,150,10,19,43,16,<a_19><b_43><c_16>
4ace64bef964a52053d020e3,40.76915667368325,-73.86195399349938,273,18,46,32,54,<a_46><b_32><c_54>
4bbd53b38ec3d13ac7071c28,40.723876,-73.848102,306,8,42,0,14,<a_42><b_0><c_14>
4bce1f82937ca593e0f8ad92,40.75577110182677,-73.99114374045811,149,17,26,9,30,<a_26><b_9><c_30>
4b46092bf964a520a31426e3,40.74091672247482,-74.17513847351074,208,14,63,18,57,<a_63><b_18><c_57>
4f5455b3e4b050039fa910c4,40.89266891558452,-74.15335626699198,6,13,18,5,25,<a_18><b_5><c_25>
3fd66200f964a5202fe41ee3,40.72429670694692,-73.98805618602043,43,6,32,21,12,<a_32><b_21><c_12>
4bd6cef97b1876b0f9018d86,40.83654656118707,-74.11412886369745,107,10,52,38,6,<a_52><b_38><c_6>
4cc05ba49ca854812de6bb16,40.72814632902986,-74.00120951136526,69,16,24,62,48,<a_24><b_62><c_48>
4da7a737ec8ebe7ddcd287f2,40.88955564775923,-73.97585469529054,8,30,12,45,5,<a_12><b_45><c_5>
4df67eed62e141c90761dac8,40.88955858318924,-73.97570547188988,158,30,12,45,25,<a_12><b_45><c_25>
49d376a1f964a520fa5b1fe3,40.732876,-73.988193,253,5,10,31,31,<a_10><b_31><c_31>
4f2ffa32e4b0d337d684b2d3,40.78982,-73.84712,368,10,62,13,15,<a_62><b_13><c_15>
4f54d1dee4b0238461004219,40.78377799262821,-73.95766006682757,69,6,10,15,31,<a_10><b_15><c_31>
4bcca8b20687ef3bf0a7dfcc,40.75665893266305,-73.9824089319623,69,8,33,23,50,<a_33><b_23><c_50>
4b8154cef964a520d59f30e3,40.66534009619973,-73.992919921875,307,10,10,31,31,<a_10><b_31><c_31>
4b4fa9faf964a520d00f27e3,40.75141877286861,-73.9912413017774,69,13,12,45,59,<a_12><b_45><c_59>
49ba9f0af964a52087531fe3,40.75611429560897,-73.99346798192728,69,4,10,15,23,<a_10><b_15><c_23>
3fd66200f964a5201de61ee3,40.72837781084187,-73.99953957113458,270,6,54,50,55,<a_54><b_50><c_55>
41b3a100f964a5206c1e1fe3,40.764094308747225,-73.97870713573151,148,4,17,62,38,<a_17><b_62><c_38>
4b4f2e87f964a52072fc26e3,40.723206,-73.997249,69,21,12,34,56,<a_12><b_34><c_56>
4c0a9f936071a593f3e4df32,40.64510634045402,-73.97915479859958,307,39,6,29,56,<a_6><b_29><c_56>
3fd66200f964a520bee71ee3,40.76808295805425,-73.98498579917869,301,5,18,11,5,<a_18><b_11><c_5>
4d2f59a279dd6ea8f6f690d3,40.79161977480562,-73.70201055190009,159,5,33,52,39,<a_33><b_52><c_39>
4a1079e9f964a520d5761fe3,40.65536200283102,-74.0088951587677,48,6,23,29,7,<a_23><b_29><c_7>
43c2d364f964a5204b2d1fe3,40.73034808240199,-74.01112555732041,254,24,59,55,23,<a_59><b_55><c_23>
4bfac18f5317a593fd1c037f,40.71942130440527,-74.03419214444942,69,18,33,55,8,<a_33><b_55><c_8>
4bf804ee8d30d13a1feaff17,40.65394681238202,-74.00453787112843,307,21,34,60,31,<a_34><b_60><c_31>
4ec18e816c25dfd9826e9cbc,40.76071686239771,-73.91834636014222,6,44,43,44,7,<a_43><b_44><c_7>
4e0d1f431f6e9964ea1669cb,40.7824305880439,-73.9534239732528,106,5,39,14,18,<a_39><b_14><c_18>
4aff5980f964a5209c3722e3,40.7354070032994,-73.87420104342856,294,12,36,26,9,<a_36><b_26><c_9>
3fd66200f964a520d9f11ee3,40.70483494533927,-74.01370167732239,139,10,2,25,2,<a_2><b_25><c_2>
4701165bf964a520384b1fe3,40.73448594690646,-73.99209065704919,113,7,39,40,14,<a_39><b_40><c_14>
4b6c5c9cf964a520b2332ce3,40.76901868496561,-73.83484481878303,48,4,9,61,27,<a_9><b_61><c_27>
4a5bece4f964a52000bc1fe3,40.7646651291205,-73.9548110961914,185,10,39,42,1,<a_39><b_42><c_1>
4a86fe6cf964a520020220e3,40.782871583997455,-73.95779208451076,69,8,24,19,2,<a_24><b_19><c_2>
49bee48bf964a520ed541fe3,40.75616072847235,-73.99017870426178,69,3,31,9,6,<a_31><b_9><c_6>
4adca5c6f964a520422e21e3,40.75337803454713,-73.99275062645425,228,7,52,27,50,<a_52><b_27><c_50>
4b25a38bf964a520dc7424e3,40.84118443170296,-73.93985407294053,253,5,5,34,26,<a_5><b_34><c_26>
4a85f88df964a520e0ff1fe3,40.742229441765765,-73.99319251774303,32,7,9,50,30,<a_9><b_50><c_30>
4adcde8af964a520196221e3,40.748572,-73.9924751,149,3,5,34,26,<a_5><b_34><c_26>
4f15b382e4b0725660ea9f31,40.74039372375705,-73.98690838360204,234,6,3,15,4,<a_3><b_15><c_4>
4b26afa9f964a520817f24e3,40.73275480550195,-74.0388822555542,21,10,37,32,22,<a_37><b_32><c_22>
4eef384a29c28028e0c54525,40.63873748258521,-73.99900587582565,8,7,16,59,41,<a_16><b_59><c_41>
3fd66200f964a5203fea1ee3,40.78590309256444,-73.97648334503174,107,9,7,11,45,<a_7><b_11><c_45>
4ee78af729c29fa3f6a17695,40.74030493088826,-74.00716608672786,71,7,12,19,52,<a_12><b_19><c_52>
40fc6080f964a5202e0b1fe3,40.74205475883487,-74.00401353836058,32,4,24,2,62,<a_24><b_2><c_62>
4cd1e55f6200b1f7e97edc28,40.756083521571824,-73.98951888084412,152,3,20,15,54,<a_20><b_15><c_54>
46ff98a7f964a520234b1fe3,40.72463457437033,-73.99840235710144,237,2,24,24,5,<a_24><b_24><c_5>
45d78933f964a520e1421fe3,40.726876,-73.983532,67,9,32,53,26,<a_32><b_53><c_26>
408da280f964a520d8f21ee3,40.72944585471527,-73.99366021156311,202,11,22,52,26,<a_22><b_52><c_26>
4bf703f113aed13ad1a3eaf7,40.89601172517121,-73.97199206768998,21,9,32,4,47,<a_32><b_4><c_47>
4ae6f117f964a520a6a721e3,40.74507684131655,-73.9886759964726,301,5,35,27,62,<a_35><b_27><c_62>
4dcc5861887714552bd47b34,40.70411988449319,-73.98666160518577,253,4,12,23,26,<a_12><b_23><c_26>
4d97d9d4a2c654810e77e453,40.84594087143545,-73.82426211435131,6,30,57,39,22,<a_57><b_39><c_22>
4ba93c43f964a520e5163ae3,40.67222615890871,-73.96994306438101,12,15,58,48,54,<a_58><b_48><c_54>
4b5b0144f964a5205fde28e3,40.84227990817094,-73.94179432849904,12,26,46,43,28,<a_46><b_43><c_28>
45ab7c7af964a52044411fe3,40.744070661162304,-73.98738384246826,167,6,11,57,55,<a_11><b_57><c_55>
4c8509cfd4e2370470c67e88,40.84884561932444,-73.82208806672762,12,11,46,43,56,<a_46><b_43><c_56>
4a11d75df964a52050771fe3,40.67196838568416,-73.97742153400876,253,6,2,54,0,<a_2><b_54><c_0>
4b42a69ff964a52043d825e3,40.9141953501792,-74.05796798433062,48,6,50,34,49,<a_50><b_34><c_49>
4c71cd588efc3704f090117d,40.75753284199823,-73.96537147003376,6,10,35,59,14,<a_35><b_59><c_14>
4c1a0d91fe5a76b03a710415,40.66429840745589,-74.21084403991699,369,17,45,19,11,<a_45><b_19><c_11>
4ed6adfce5fabbd89f617d4f,40.73441328403598,-74.01055812835693,12,10,41,29,10,<a_41><b_29><c_10>
4eefa14a29c28028e148e40c,40.91914597615156,-74.08603010327383,148,12,48,10,61,<a_48><b_10><c_61>
3fd66200f964a5202ee81ee3,40.780557679970805,-73.98171901702881,48,13,32,42,21,<a_32><b_42><c_21>
44e247eaf964a52028371fe3,40.717891692153806,-74.0119743347168,197,8,39,1,43,<a_39><b_1><c_43>
3fd66200f964a520c2e51ee3,40.7442843333705,-74.00648321322095,43,6,0,25,39,<a_0><b_25><c_39>
4edcf3dea17c4dbad1071e53,40.76355998424306,-73.98277044296265,148,12,16,21,20,<a_16><b_21><c_20>
4b53b0fcf964a520ffa727e3,40.77387937168837,-73.87237071990967,273,14,60,52,19,<a_60><b_52><c_19>
4aba9edbf964a520248220e3,40.73299085,-74.00666,307,10,16,16,63,<a_16><b_16><c_63>
4b3958dff964a520115b25e3,40.899824,-73.99951918333333,34,4,39,11,4,<a_39><b_11><c_4>
4add9cebf964a520246521e3,40.80776768594996,-73.94545555114746,307,8,13,40,3,<a_13><b_40><c_3>
3fd66200f964a520b8e31ee3,40.7483415520061,-73.99261289389636,43,4,15,16,16,<a_15><b_16><c_16>
4a6a09fcf964a52072cc1fe3,40.750576116091054,-73.97616462044513,43,5,40,6,43,<a_40><b_6><c_43>
49e8f3bef964a520b5651fe3,40.70251200697889,-73.92677693272807,43,6,25,25,13,<a_25><b_25><c_13>
4b2fdedaf964a520a3f124e3,40.90692416157411,-74.13381671056565,66,5,39,63,6,<a_39><b_63><c_6>
4bc465c42a89ef3bde30f688,40.91085317373639,-74.03508424758911,79,9,61,28,13,<a_61><b_28><c_13>
4b19bf81f964a52050e323e3,40.74536761201321,-73.97914332007753,53,6,11,3,11,<a_11><b_3><c_11>
4dfaacb9d4c01451df566572,40.7144559543785,-73.9981260895729,224,3,25,0,27,<a_25><b_0><c_27>
4af8f40cf964a520ab1022e3,40.73247875382112,-74.0098229579299,245,9,14,20,9,<a_14><b_20><c_9>
4c042c0239d476b05e2331a7,40.68339282240745,-73.88350358683361,110,7,1,47,30,<a_1><b_47><c_30>
4d5b409222ad2d43527ce695,40.73909767536907,-73.98300006491331,43,6,32,8,52,<a_32><b_8><c_52>
4eec0f6d722ea77616031adc,40.76371235871056,-73.9929572251056,245,7,14,8,25,<a_14><b_8><c_25>
4731be8af964a520244c1fe3,40.729110403548944,-73.9842454555664,239,7,44,49,14,<a_44><b_49><c_14>
4baf87f7f964a520b7073ce3,40.59792234564146,-73.92099380493164,139,9,29,43,38,<a_29><b_43><c_38>
4de9a65ed4c00071b80f48f1,40.65640341971377,-74.22990914051672,39,8,44,39,51,<a_44><b_39><c_51>
3fd66200f964a520e9e81ee3,40.70251833922344,-73.9935024149225,233,9,9,55,54,<a_9><b_55><c_54>
4ba5040cf964a520c6d038e3,40.72234331326087,-73.98783810408904,61,9,25,18,36,<a_25><b_18><c_36>
4bdf2151ea279c74727de22b,40.7165736243376,-73.98917528677009,58,5,25,3,53,<a_25><b_3><c_53>
4f016fd84690f6ecebaf8da9,40.64603281980551,-74.0204500733279,184,6,26,38,40,<a_26><b_38><c_40>
46e64370f964a520be4a1fe3,40.722693923562495,-73.95555925154694,261,4,1,13,46,<a_1><b_13><c_46>
49dceb2ff964a520be5f1fe3,40.747788,-73.985107,233,8,18,8,48,<a_18><b_8><c_48>
4e756a5d88775d593df6d9f1,40.72222988826503,-73.98581796494854,60,3,25,34,36,<a_25><b_34><c_36>
4a60e6ebf964a5206fc11fe3,40.8080275486526,-73.98811340332031,166,13,15,47,35,<a_15><b_47><c_35>
4bb7d4213db7b713c7a1209a,40.71292912879564,-73.87201398611069,31,12,30,2,35,<a_30><b_2><c_35>
4a9b0e2cf964a520373420e3,40.76548383013281,-73.91906686259051,43,2,40,36,9,<a_40><b_36><c_9>
4e52ef26183813674728e6c4,40.60761562483869,-74.16509908485864,6,7,25,42,63,<a_25><b_42><c_63>
4c2a849357a9c9b693a1f467,40.75018302371518,-73.99133205413818,374,10,18,7,57,<a_18><b_7><c_57>
4e48a00a18a8f9804ce6802d,40.93190933538416,-74.01238511084367,6,73,43,7,45,<a_43><b_7><c_45>
3fd66200f964a520c5f01ee3,40.71501300319713,-73.95146369934082,43,17,25,25,13,<a_25><b_25><c_13>
4acbe67af964a52044c820e3,40.72230706635953,-73.98735165596008,110,14,1,40,53,<a_1><b_40><c_53>
3fd66200f964a5208de81ee3,40.75999389342078,-73.99179223535523,47,5,28,25,8,<a_28><b_25><c_8>
3fd66200f964a520f2e61ee3,40.73347071903565,-74.00228836535156,245,11,14,47,13,<a_14><b_47><c_13>
4733656ef964a520294c1fe3,40.768445831173246,-73.98528423145568,111,6,17,30,6,<a_17><b_30><c_6>
49f4c1e8f964a520496b1fe3,40.763903459453616,-73.98853252200892,43,4,40,59,40,<a_40><b_59><c_40>
4bc43e6374a9a593c28cd5f6,40.91845513831024,-73.99684238606413,112,23,54,35,25,<a_54><b_35><c_25>
431f7f00f964a52085271fe3,40.70710219573291,-74.01083290360494,69,6,5,3,46,<a_5><b_3><c_46>
4beca45d2cf820a1e30db91c,40.76923889066082,-73.91059289602434,83,4,26,34,26,<a_26><b_34><c_26>
4bcf20ff77b29c74a1698882,40.650624734601685,-73.76847267150879,72,5,58,49,18,<a_58><b_49><c_18>
3fd66200f964a52042e31ee3,40.75086599645483,-73.98664398454908,235,8,39,34,20,<a_39><b_34><c_20>
4c33c61c213c2d7f9088375d,40.6263716902048,-74.09202990525007,264,33,13,52,44,<a_13><b_52><c_44>
4ca3394ffcaebfb75cf4c084,40.75455561920166,-73.98671865463257,253,2,26,24,28,<a_26><b_24><c_28>
4bbe888a98f495218d77d163,40.75755743874854,-73.78361181337584,111,4,52,38,1,<a_52><b_38><c_1>
4d93b045220188bf7b940d0e,40.63027996143728,-73.9544141292572,215,10,51,43,11,<a_51><b_43><c_11>
4c882dc9ed0aa143bb8ca7f3,40.72232025867175,-74.01168791026092,215,10,5,0,41,<a_5><b_0><c_41>
4af3150ef964a52073ea21e3,40.75245157603343,-73.9752176253493,219,13,38,31,39,<a_38><b_31><c_39>
4a588000f964a52086b71fe3,40.69369648097237,-73.99020255812387,302,11,63,63,33,<a_63><b_63><c_33>
4a3449eaf964a5200a9c1fe3,40.72090442397552,-74.00063395500183,4,11,21,17,30,<a_21><b_17><c_30>
4b8daff6f964a520a60833e3,40.694928,-73.952353,31,10,23,13,1,<a_23><b_13><c_1>
4a46c0b1f964a52065a91fe3,40.809391811146064,-73.95174264907835,165,6,36,12,43,<a_36><b_12><c_43>
4bc3040b920eb71376d31c2c,40.788219074046346,-73.94870561334412,157,9,62,59,32,<a_62><b_59><c_32>
49dc8ffef964a520985f1fe3,40.81965536288057,-73.9500904083252,208,7,9,44,53,<a_9><b_44><c_53>
4ec978c102d5888e9e345a9e,40.57128331513807,-74.11812337576457,6,3,30,34,38,<a_30><b_34><c_38>
4ba01908f964a520ca5937e3,40.86107855194721,-73.93010370763155,6,6,10,28,31,<a_10><b_28><c_31>
4e653502b61cd78089bf5a4c,40.678989,-73.968288,145,7,39,57,8,<a_39><b_57><c_8>
4a5a3dc2f964a520f7b91fe3,40.742184818893,-73.98838288,264,5,12,58,11,<a_12><b_58><c_11>
4df0eea245ddbf3897d44510,40.67328243786832,-73.8326096534729,163,10,54,36,38,<a_54><b_36><c_38>
4bae2df6f964a520688e3be3,40.78340103809933,-73.98000240325928,111,6,12,8,50,<a_12><b_8><c_50>
4e691e82b9930387355c629d,40.72516293205118,-73.992159523528,118,15,36,16,40,<a_36><b_16><c_40>
4a8108a0f964a52095f61fe3,40.762958775,-73.91559066666667,157,13,28,44,8,<a_28><b_44><c_8>
4b709d01f964a5204c252de3,40.72154512476467,-73.98884242671608,32,17,48,47,21,<a_48><b_47><c_21>
4a0752b5f964a5204a731fe3,40.71985685897994,-73.96130486969331,296,5,3,63,16,<a_3><b_63><c_16>
42474900f964a52081201fe3,40.76526384874912,-73.98754541479173,127,5,24,16,7,<a_24><b_16><c_7>
4a496b05f964a5204dab1fe3,40.80974841150465,-73.95176509828832,157,11,34,36,10,<a_34><b_36><c_10>
4d135164d0fda093b71cb257,40.89567307366464,-73.87661933898926,253,25,42,18,51,<a_42><b_18><c_51>
4ad854bbf964a5200b1121e3,40.781333,-73.97965,156,13,58,7,54,<a_58><b_7><c_54>
4b10630bf964a5204a6f23e3,40.594107971883865,-73.9992580631844,66,5,27,3,12,<a_27><b_3><c_12>
43222200f964a5209c271fe3,40.74485099404667,-73.9582872390747,139,14,43,13,28,<a_43><b_13><c_28>
4beae3a7a9900f4700131740,40.89396747534416,-73.8962448724696,139,4,62,8,37,<a_62><b_8><c_37>
4ec48c406da117f8e5bb8a17,40.94009178576504,-74.00063278107605,6,26,47,1,4,<a_47><b_1><c_4>
4be2144d21d5a59302ca1511,40.938992,-73.996904,138,25,8,48,54,<a_8><b_48><c_54>
4a785af0f964a52071e51fe3,40.77624183727568,-73.94997418614841,253,4,33,52,40,<a_33><b_52><c_40>
4d02d8b726adb1f76cd2c870,40.724118658113454,-73.95111646856455,224,10,61,47,53,<a_61><b_47><c_53>
4d5adaf6d0332c0f85c474da,40.76741095844762,-73.96537147003376,6,8,57,43,49,<a_57><b_43><c_49>
42699000f964a5204a211fe3,40.72130847569321,-73.9880791419988,63,2,31,16,27,<a_31><b_16><c_27>
49dc03d9f964a520445f1fe3,40.729658,-73.998515,43,3,20,21,39,<a_20><b_21><c_39>
4b9ad66cf964a520b6da35e3,40.93142418321266,-74.13221102144131,253,13,11,24,37,<a_11><b_24><c_37>
4b7ffc10f964a520a74830e3,40.90634571749965,-74.12985407420923,148,13,52,60,1,<a_52><b_60><c_1>
49f37b88f964a520a26a1fe3,40.741503,-74.030671,253,8,63,13,59,<a_63><b_13><c_59>
4bcb82a90687ef3b75e9ddcc,40.815108415605984,-73.83662223815918,299,10,17,44,3,<a_17><b_44><c_3>
4a7e59fdf964a520ccf11fe3,40.799143375287656,-73.96300384088624,110,14,8,60,40,<a_8><b_60><c_40>
425f0400f964a5200a211fe3,40.744279,-73.995839,43,3,20,21,39,<a_20><b_21><c_39>
4c8cf3e9509e37043cb33755,40.687147,-73.990846,45,3,31,2,20,<a_31><b_2><c_20>
457f1183f964a5204b3f1fe3,40.81399873498576,-73.96054721555308,32,3,24,13,42,<a_24><b_13><c_42>
4c89581d52a98cfabc0023e9,40.76442654043427,-73.91609871981633,224,5,0,56,45,<a_0><b_56><c_45>
4c1fb303bd9d95211254983f,40.75691247518513,-73.98746967315674,99,6,15,17,9,<a_15><b_17><c_9>
4c193136834e2d7f69042a80,40.73088490267309,-74.0643310546875,140,9,21,47,25,<a_21><b_47><c_25>
49f9ea10f964a520936d1fe3,40.73814905658704,-74.00939258173118,301,7,18,49,57,<a_18><b_49><c_57>
4c703ddbd97fa1438e83f5ca,40.811340708909874,-74.0822696685791,314,34,8,39,21,<a_8><b_39><c_21>
4eb57dd38b81a81f90925c22,40.81491160385024,-73.88307005845945,6,18,53,23,20,<a_53><b_23><c_20>
4abaae53f964a5206e8220e3,40.75853889941316,-73.91909556781204,236,6,56,49,50,<a_56><b_49><c_50>
3fd66200f964a52023e81ee3,40.77253079341116,-73.98344197864982,286,15,27,52,20,<a_27><b_52><c_20>
4f9352b4e4b0082565b64ccb,40.604592,-73.992453,264,16,17,38,41,<a_17><b_38><c_41>
4baf60b1f964a52071fb3be3,40.58648442153486,-73.93126619965264,110,7,28,1,22,<a_28><b_1><c_22>
4b1bf775f964a520d0ff23e3,40.77143374050618,-73.98247003555298,63,15,44,29,44,<a_44><b_29><c_44>
4c08494c7e3fc928ea22f082,40.763755011144994,-73.91457796096802,56,5,61,35,26,<a_61><b_35><c_26>
3fd66200f964a52067e91ee3,40.737216,-73.989348,43,4,40,2,9,<a_40><b_2><c_9>
44e9b421f964a520a5371fe3,40.74185966827029,-74.00508642196655,106,5,44,4,46,<a_44><b_4><c_46>
4f91ddc2e4b020a51dd1121a,40.74500347332469,-73.99801308382229,165,7,50,61,0,<a_50><b_61><c_0>
49bebdfbf964a520d4541fe3,40.72583691889508,-73.99480551481247,224,8,56,25,48,<a_56><b_25><c_48>
3fd66200f964a520a4e31ee3,40.75828,-73.969253,118,6,9,21,22,<a_9><b_21><c_22>
43e46531f964a520e82e1fe3,40.717542027538045,-73.95793318748474,160,8,39,36,45,<a_39><b_36><c_45>
42001800f964a520591f1fe3,40.74455837028796,-73.99425029754639,245,19,14,17,13,<a_14><b_17><c_13>
40807380f964a52080f21ee3,40.71437389875639,-73.95604140789462,45,6,11,37,42,<a_11><b_37><c_42>
4b100fd4f964a5204a6823e3,40.83347540602458,-73.86096458279205,369,9,8,4,61,<a_8><b_4><c_61>
4ba01f4ff964a520cf5b37e3,40.90377495040374,-74.03186839830606,116,3,0,37,44,<a_0><b_37><c_44>
412bd680f964a520bc0c1fe3,40.7290244760006,-73.98863582363357,34,4,4,33,42,<a_4><b_33><c_42>
4f9374cfe4b0ab5f0a11685f,40.62096405029297,-74.02290344238281,368,8,44,38,9,<a_44><b_38><c_9>
4f2b57c1e4b03d064aa7ed8d,40.81699041676607,-74.0745462023034,91,9,27,55,1,<a_27><b_55><c_1>
49fc62b9f964a5209c6e1fe3,40.76388516931237,-73.98838904743799,111,5,25,56,15,<a_25><b_56><c_15>
4c9d6ae32fb1a143c5ade040,40.726142,-73.989499,43,7,40,26,40,<a_40><b_26><c_40>
3fd66200f964a520f8e41ee3,40.72460969592903,-73.98294267344437,43,5,40,28,36,<a_40><b_28><c_36>
4cce2240aa25a35dcb3b1f0f,40.62947367988548,-74.00501990464066,43,4,25,33,17,<a_25><b_33><c_17>
4a14b2acf964a52066781fe3,40.816129,-74.21840954,43,4,40,8,51,<a_40><b_8><c_51>
4075e780f964a52055f21ee3,40.72946499945696,-73.9999412763002,60,4,25,18,36,<a_25><b_18><c_36>
4abd20f1f964a5209c8820e3,40.62020951410479,-73.99021977491533,307,6,62,23,62,<a_62><b_23><c_62>
41059b00f964a520800b1fe3,40.73676141841841,-73.9846242363757,53,10,28,0,4,<a_28><b_0><c_4>
42225f00f964a520ae1f1fe3,40.74212740110424,-73.9985812139799,245,29,14,56,42,<a_14><b_56><c_42>
4afd6dcef964a520c52722e3,40.73453248944311,-74.00231131962562,60,10,28,9,9,<a_28><b_9><c_9>
4f05d6a1e3002adb76a57deb,40.71149365729999,-73.99287114236125,86,12,29,62,7,<a_29><b_62><c_7>
4e7365ae18386b46491d0f9a,40.66994529853412,-73.94423397135466,83,12,30,35,3,<a_30><b_35><c_3>
4f1999ade4b08b384e4c2208,40.78214848000715,-74.02146570079545,138,15,45,43,49,<a_45><b_43><c_49>
4f93f1997716a72f6153beb0,40.74277689101572,-74.00063278107605,6,8,26,7,27,<a_26><b_7><c_27>
4be09ab1724d76b0699c8538,40.73635518550873,-74.007347,286,6,51,32,51,<a_51><b_32><c_51>
4b8c642ef964a5206dce32e3,40.75208489426303,-73.91483545303345,48,7,5,13,16,<a_5><b_13><c_16>
4f93baf21081cba0060643f0,40.81780414338999,-73.85728597640991,138,42,47,19,24,<a_47><b_19><c_24>
4af07915f964a5206ddc21e3,40.801866941926,-73.9679284768499,139,15,43,29,3,<a_43><b_29><c_3>
4e4d9f50aeb70f1284879d71,40.75346142550837,-73.97989516182474,12,11,62,8,22,<a_62><b_8><c_22>
4c5a10faf346c9284c464eca,40.661280884565485,-73.72556172309093,294,11,3,55,30,<a_3><b_55><c_30>
4b549e0cf964a520f6c227e3,40.7114673282201,-73.99296283721924,143,9,42,1,34,<a_42><b_1><c_34>
4e666a5f227168062a3b81bc,40.66013495000427,-74.10709739818067,294,14,54,58,56,<a_54><b_58><c_56>
4e1cba0f2271b045c59a5a39,40.769463757397,-73.97914332007753,129,2,20,55,56,<a_20><b_55><c_56>
3fd66200f964a52015e91ee3,40.73662677399135,-73.9908854896675,237,7,7,54,55,<a_7><b_54><c_55>
4b63658af964a520de762ae3,40.72784213324929,-73.929163813591,252,17,43,26,49,<a_43><b_26><c_49>
47e100b9f964a520414e1fe3,40.70507898542075,-73.93364403923762,233,12,7,37,34,<a_7><b_37><c_34>
4be57840910020a19af8d214,40.9405899207875,-73.99310069626034,253,9,39,6,3,<a_39><b_6><c_3>
4af78782f964a520bb0922e3,40.67995491454707,-73.94446358321665,48,5,56,10,55,<a_56><b_10><c_55>
3fd66200f964a52049e81ee3,40.7827998810992,-73.9734148979187,221,10,43,15,31,<a_43><b_15><c_31>
49da4688f964a5206e5e1fe3,40.7378764441416,-73.98590326309204,139,6,11,38,48,<a_11><b_38><c_48>
4ee03cc6d3e38ddb2a91672f,40.75404836175849,-73.98442336785773,138,49,47,46,41,<a_47><b_46><c_41>
4f13f6686d863f284d12387c,40.82397467411159,-73.94473671913147,299,3,37,50,29,<a_37><b_50><c_29>
4d6c1167df3d6ea8db37d926,40.77347312689622,-73.98300647735596,164,7,23,55,61,<a_23><b_55><c_61>
4a7d3025f964a5208eee1fe3,40.723202989983456,-73.98260980258654,24,6,28,17,8,<a_28><b_17><c_8>
4a6e34ccf964a52034d41fe3,40.82458438984084,-73.9737885148353,48,6,37,51,44,<a_37><b_51><c_44>
4bb89d8e7421a593b4e9c140,40.73906330729812,-73.98695468902588,94,4,20,59,42,<a_20><b_59><c_42>
4ad9267ef964a5209b1821e3,40.73844142616176,-73.9915144443512,7,7,27,27,23,<a_27><b_27><c_23>
3fd66200f964a520f6ea1ee3,40.71402088381144,-73.98987293243407,43,11,1,4,15,<a_1><b_4><c_15>
4ad60397f964a520770421e3,40.6784474407319,-73.96537147003376,6,10,4,56,49,<a_4><b_56><c_49>
4bf1a8aba09076b0b8e729d4,40.83913874959545,-74.15647029876709,157,10,42,22,57,<a_42><b_22><c_57>
4ad0d761f964a5204ada20e3,40.77885160666813,-73.98122549057007,224,4,9,49,18,<a_9><b_49><c_18>
4a35c715f964a5205e9d1fe3,40.71822445,-73.95521,3,12,39,63,53,<a_39><b_63><c_53>
4b244b63f964a520766524e3,40.83304508893079,-73.86081591534423,307,21,36,7,14,<a_36><b_7><c_14>
4c264b32f7ced13ae215266d,40.61779133791298,-74.03036512025987,157,3,41,61,0,<a_41><b_61><c_0>
3fd66200f964a520dcf01ee3,40.71339779478764,-73.95115090913559,118,2,20,54,42,<a_20><b_54><c_42>
4a705a19f964a5204ed71fe3,40.75915,-73.978449,156,6,55,55,18,<a_55><b_55><c_18>
49ef714cf964a520b6681fe3,40.7523002736096,-73.97565186023712,253,7,21,14,40,<a_21><b_14><c_40>
4eb08b91e3002b5426d1a721,40.759154333333335,-73.962321,240,7,15,47,12,<a_15><b_47><c_12>
41818800f964a520db1d1fe3,40.71813,-73.990244,149,6,12,58,28,<a_12><b_58><c_28>
4c4f1f229932e21e70afdfce,40.706115,-73.831815,369,16,29,56,3,<a_29><b_56><c_3>
49e79ffdf964a520e3641fe3,40.7510329280088,-73.97515449217718,235,6,39,61,39,<a_39><b_61><c_39>
4b857b2ff964a520b66031e3,40.81865913047343,-74.00348772248712,138,5,37,22,42,<a_37><b_22><c_42>
49f08690f964a52034691fe3,40.75169333099049,-73.97658359254557,301,6,44,48,6,<a_44><b_48><c_6>
4cc0a3bb31bf952183991ccc,40.75359659871355,-73.98356437683105,144,1,0,37,9,<a_0><b_37><c_9>
4db680354b226b343db59364,40.696558013644136,-73.95361626406626,6,17,57,55,46,<a_57><b_55><c_46>
4ec2947729c25ce5a3371338,40.76282906098013,-73.99311791279167,224,3,0,20,20,<a_0><b_20><c_20>
4df1a69988772e1f814c208c,40.69670787815868,-73.773552074768,139,2,61,4,6,<a_61><b_4><c_6>
4e34cda5c65b2313e2877d7d,40.70098516597371,-73.77720316925277,6,1,61,0,32,<a_61><b_0><c_32>
4c6c52dbf2846dcb299b62e9,40.78243805095295,-74.14161270853154,6,4,31,37,34,<a_31><b_37><c_34>
4dea93547d8b6c7a534360ce,40.89859144490384,-73.84778739924586,6,4,0,28,63,<a_0><b_28><c_63>
4f6d2dc3e4b0725b60f2091a,40.70725559211751,-73.95383725476475,43,3,40,8,51,<a_40><b_8><c_51>
4ee0e0be5c5ccf219269be44,40.76087144655763,-73.98887973002674,6,10,54,58,29,<a_54><b_58><c_29>
42717900f964a5206c211fe3,40.73960930329618,-74.00215063964924,53,7,17,55,45,<a_17><b_55><c_45>
4b390cf4f964a5201c5525e3,40.80023122491412,-73.82881164550781,252,18,45,19,5,<a_45><b_19><c_5>
4a902fa5f964a520671620e3,40.767614327003976,-73.98287380365903,253,6,41,24,28,<a_41><b_24><c_28>
4db84a97f7b15ca52ce70e7f,40.73963589285346,-74.0060011833954,69,21,42,41,9,<a_42><b_41><c_9>
4de7a57eb0fb2165e1aaaa1d,40.74481850055531,-73.93717327366727,187,10,51,48,21,<a_51><b_48><c_21>
4a79e11af964a520e0e71fe3,40.60248414630208,-74.15037631988525,208,14,13,52,7,<a_13><b_52><c_7>
4c3b4ee90cabef3bef95b94b,40.76663566973233,-73.98216214776504,69,7,42,27,7,<a_42><b_27><c_7>
4e9d832e77c815a0f5ca25f3,40.75289564886534,-74.00650042854939,91,6,10,44,27,<a_10><b_44><c_27>
4f36f004e4b0571dc6f83e7f,40.75674954491958,-73.99741625840794,83,15,45,63,4,<a_45><b_63><c_4>
4b9fd7a5f964a520c94337e3,40.73629202340211,-73.81863596321902,187,3,5,8,5,<a_5><b_8><c_5>
4b82efaef964a5202fee30e3,40.7443795440238,-73.93067121505737,307,10,42,48,20,<a_42><b_48><c_20>
4ae5c445f964a520dfa121e3,40.75355883625081,-73.97454611691154,149,12,12,27,28,<a_12><b_27><c_28>
4b8990a6f964a5201d4232e3,40.741045088270205,-74.00211046963409,71,10,33,54,23,<a_33><b_54><c_23>
4e7b245eae60877a8aa02896,40.66336207687888,-74.19909344904511,91,16,12,44,48,<a_12><b_44><c_48>
4ae8a38cf964a52015b121e3,40.694002,-73.99107,21,7,3,23,30,<a_3><b_23><c_30>
4d4c4aa49bbb721e6a5a91a0,40.759838111199954,-73.98109674453735,69,9,62,8,56,<a_62><b_8><c_56>
4b9ed191f964a520350437e3,40.96923810268508,-73.9630937576294,48,8,34,25,7,<a_34><b_25><c_7>
4b65168ff964a52091e32ae3,40.80057233323509,-73.95817995071411,307,11,32,19,17,<a_32><b_19><c_17>
4b67ae4ff964a520a75a2be3,40.89833308654691,-74.03883934020996,294,9,35,6,23,<a_35><b_6><c_23>
4ab9520bf964a520ef7e20e3,40.86486626554522,-74.06523581404612,156,11,56,55,49,<a_56><b_55><c_49>
4f93f1c8e5e828f50a2b81d1,40.758017730590645,-73.9922547340393,329,70,31,6,4,<a_31><b_6><c_4>
4dda9a6a7d8b3226643a3fdc,40.710432469677535,-74.01041974465554,71,16,63,2,1,<a_63><b_2><c_1>
4c531b5530f92d7f4dee3eb8,40.69978803615198,-73.80866289138794,79,16,9,49,52,<a_9><b_49><c_52>
4bdf0f640ee3a593a5d332b0,40.7378276684904,-73.9923620223999,248,6,3,24,50,<a_3><b_24><c_50>
4a81c3c6f964a52080f71fe3,40.71288494867029,-74.00943848857186,153,7,55,54,53,<a_55><b_54><c_53>
4b9925b3f964a520b66435e3,40.93715060904516,-73.99588108062744,48,5,11,39,11,<a_11><b_39><c_11>
4c391de618e72d7ff4b819f5,40.66623528446521,-73.98107528686523,369,12,43,18,17,<a_43><b_18><c_17>
4bacf594f964a5204c1e3be3,40.886210928571394,-73.90973169991108,48,4,3,41,42,<a_3><b_41><c_42>
3fd66200f964a52008e91ee3,40.736827,-73.986909,149,6,35,54,61,<a_35><b_54><c_61>
4baeb1f6f964a5209ccf3be3,40.759884309279535,-73.9812496173994,21,13,38,39,0,<a_38><b_39><c_0>
4b70db37f964a520d3312de3,40.63319353917996,-73.99490842361223,101,14,1,5,32,<a_1><b_5><c_32>
4c50bb26250dd13adf2a0a7c,40.87828303779774,-74.15898084640503,284,2,15,0,7,<a_15><b_0><c_7>
4a381289f964a520ad9e1fe3,40.73582641776379,-73.9930547855025,48,9,35,19,39,<a_35><b_19><c_39>
4ed034e3f790d07038446f13,40.91398039281111,-74.09463109843134,6,5,37,4,30,<a_37><b_4><c_30>
49cacfb5f964a520e6581fe3,40.77127936209544,-73.98193359375,301,2,20,20,29,<a_20><b_20><c_29>
4d9e03d48efaa1430c0474b7,40.76425843924171,-73.95432515541168,146,6,15,8,29,<a_15><b_8><c_29>
4d40b49bb7c259411e6abbdb,40.85754528867217,-73.85636329650879,309,13,7,32,27,<a_7><b_32><c_27>
4b17cc4bf964a52049c823e3,40.77358687568842,-73.95987510681152,307,4,61,32,63,<a_61><b_32><c_63>
4bb751a3f562ef3baf3a3197,40.74082508794926,-73.98740767849739,228,4,37,20,57,<a_37><b_20><c_57>
4f5eae8be4b0f5c1d0b02144,40.7530312107277,-73.98586387743777,157,7,34,12,50,<a_34><b_12><c_50>
4e74dadec65bb91db41824b4,40.70435972028335,-74.01022464150792,43,4,40,34,21,<a_40><b_34><c_21>
4d63b18c1a83f04d4009762b,40.70224443617512,-74.01071906089783,69,17,10,45,27,<a_10><b_45><c_27>
4c8252252f1c236adbdd3743,40.8411386603833,-73.85954898955855,6,8,18,30,16,<a_18><b_30><c_16>
4f595545e4b081a30ea1f6b7,40.77688362857333,-73.82426211435131,6,1,25,61,38,<a_25><b_61><c_38>
4e5c09011f6e89370a22a4e1,40.702479,-73.799812,369,9,7,53,19,<a_7><b_53><c_19>
4a5f5fdff964a52079bf1fe3,40.76465036454902,-73.9165178220257,149,3,28,59,9,<a_28><b_59><c_9>
4e324474fa76d813b3dad613,40.68833899115064,-73.96537147003376,6,3,61,35,17,<a_61><b_35><c_17>
4c5c46329b28d13a664e5670,40.67294067624975,-73.87164115905762,367,13,13,43,34,<a_13><b_43><c_34>
4afefbe2f964a5207b3222e3,40.75944803383743,-74.00562286376953,87,47,13,58,53,<a_13><b_58><c_53>
4b46b4c0f964a520252726e3,40.74637911942415,-73.98189067840576,307,13,58,44,50,<a_58><b_44><c_50>
4b3cd805f964a520218825e3,40.69576975606927,-74.1773271560669,273,25,58,46,53,<a_58><b_46><c_53>
4a50f449f964a5204fb01fe3,40.7625685886431,-73.9822769165039,301,12,35,18,6,<a_35><b_18><c_6>
4e944f845c5c9bf8ad82d492,40.735309,-73.82007195368169,196,8,51,1,31,<a_51><b_1><c_31>
4a95adabf964a520202420e3,40.73733991001137,-73.99686813354492,307,11,13,53,41,<a_13><b_53><c_41>
4a5f5a54f964a52071bf1fe3,40.70819,-74.00648,156,28,46,49,9,<a_46><b_49><c_9>
4edd43af7bebc29455367992,40.7129311618756,-74.00964349508286,149,6,33,51,0,<a_33><b_51><c_0>
4ec1a8fcb6341cd41f8ffc91,40.79272919548404,-73.97301369144537,94,3,10,8,18,<a_10><b_8><c_18>
4af8f192f964a5209f1022e3,40.76410315622695,-73.95882526326085,253,2,41,30,46,<a_41><b_30><c_46>
4e2d8527b0fbc2edac36e30d,40.80343174758467,-73.9212082604814,155,19,62,46,19,<a_62><b_46><c_19>
4cf2c5321d18a143951b5cec,40.74010382743943,-73.98965835571289,234,5,24,6,53,<a_24><b_6><c_53>
4bb39f2342959c74ff34222c,40.7502317903062,-73.97332906723022,69,6,63,11,4,<a_63><b_11><c_4>
4ace3476f964a52011cf20e3,40.71047318,-74.00805225,124,3,24,24,5,<a_24><b_24><c_5>
4c0943f36071a593109cdd32,40.912053161230105,-73.78117561340332,157,2,24,32,63,<a_24><b_32><c_63>
4f6f7804e4b08610787b7bdb,40.676081562335845,-73.74047040939331,48,14,54,62,30,<a_54><b_62><c_30>
4b5b5a84f964a5201af728e3,40.91552327277213,-74.0573787689209,294,13,59,15,40,<a_59><b_15><c_40>
3fd66200f964a52084e51ee3,40.74088420686416,-73.98983001708984,111,4,31,61,31,<a_31><b_61><c_31>
49bd3095f964a52055541fe3,40.72994180131132,-74.00421738624573,238,5,17,15,61,<a_17><b_15><c_61>
4e92d4e0dab4ec3b1eae6922,40.91983290729393,-74.13420666155663,104,8,31,11,41,<a_31><b_11><c_41>
4b4b3863f964a520be9426e3,40.812808,-74.19439352,39,3,37,23,55,<a_37><b_23><c_55>
4db83fdcfa8c377d83ba8dc5,40.7465648747259,-73.98202440761015,319,26,52,37,24,<a_52><b_37><c_24>
4a047a18f964a520ff711fe3,40.754263,-73.980316,156,17,23,24,8,<a_23><b_24><c_8>
4c5c076c7735c9b6af0e8b72,40.73930718066654,-73.98940086364746,71,15,34,45,50,<a_34><b_45><c_50>
4b1f3d55f964a520162524e3,40.926865,-73.839701,79,11,5,1,33,<a_5><b_1><c_33>
4b310007f964a520f6fd24e3,40.754877,-73.979882,31,14,12,9,0,<a_12><b_9><c_0>
4aea3768f964a52044ba21e3,40.70699430376329,-73.85486125946045,48,7,63,31,6,<a_63><b_31><c_6>
4e949c4adab40cefc9390b5a,40.72038388818859,-73.98955979680346,32,28,59,28,2,<a_59><b_28><c_2>
3fd66200f964a52074e81ee3,40.77887659371932,-73.95391187494351,151,5,31,32,8,<a_31><b_32><c_8>
4c44d61e429a0f478050491e,40.70558680582858,-74.01321428847186,208,17,34,32,35,<a_34><b_32><c_35>
4127e200f964a520600c1fe3,40.72935086277476,-73.99878780634677,63,4,44,11,50,<a_44><b_11><c_50>
4dbb2a900437955ec0104c46,40.78082031141009,-73.98017064508767,232,6,32,11,30,<a_32><b_11><c_30>
4da491f6593f8eec9a257e35,40.71621993235362,-73.96228637176877,165,11,44,28,33,<a_44><b_28><c_33>
4e98aefe1081f57b9dff926a,40.72322458198709,-74.00107812907663,66,3,20,39,50,<a_20><b_39><c_50>
4c88e97349ddef3b81da7a70,40.94360177170972,-73.99755477905273,104,9,20,13,62,<a_20><b_13><c_62>
4acbf979f964a5207fc820e3,40.801683417762185,-74.17055454106838,157,11,34,5,48,<a_34><b_5><c_48>
488deef8f964a52058511fe3,40.76401977376754,-73.9975740281675,60,12,14,20,61,<a_14><b_20><c_61>
4ba66fc6f964a520465239e3,40.73880317471964,-73.90279769897461,256,8,39,28,32,<a_39><b_28><c_32>
3fd66200f964a520f4e71ee3,40.75705234069542,-73.96721102606091,43,3,40,19,39,<a_40><b_19><c_39>
49fca93df964a520c86e1fe3,40.73166539024325,-73.97783517837524,138,8,5,40,35,<a_5><b_40><c_35>
41abb800f964a520581e1fe3,40.73452445268984,-73.99826558632256,246,3,20,47,13,<a_20><b_47><c_13>
4f01242d8b81b0190c18b47f,40.734244168871975,-73.87130987645999,6,13,18,13,8,<a_18><b_13><c_8>
4e38769214959f85779f8375,40.71789568210794,-74.00240887525977,286,8,44,41,8,<a_44><b_41><c_8>
4c90005f3790199c16d8926b,40.80823553777363,-73.94518685880114,119,7,14,58,42,<a_14><b_58><c_42>
4b6ccd06f964a52061552ce3,40.66860605357424,-73.86195807621588,166,7,17,43,33,<a_17><b_43><c_33>
4a9e5cbbf964a520193a20e3,40.64878508617476,-73.78984451293945,273,11,58,44,45,<a_58><b_44><c_45>
4b8577dff964a520e25f31e3,40.86179721873436,-73.98802757263184,138,16,41,2,5,<a_41><b_2><c_5>
4b4259d1f964a5201fd225e3,40.82349538863235,-73.90899680955027,83,11,41,36,9,<a_41><b_36><c_9>
4a81ecabf964a520fdf71fe3,40.74112454884856,-74.00156530430915,253,3,52,23,51,<a_52><b_23><c_51>
4f5f99dfe4b0e5574bf9c3d1,40.768522910406574,-73.96591960790946,379,39,52,48,54,<a_52><b_48><c_54>
4e6ce1ab1495f34925b9caf4,40.81384299132476,-74.2165196224297,187,6,51,1,57,<a_51><b_1><c_57>
4e6bec791850d2c68ce190ce,40.72392515042114,-73.99691104888916,36,9,24,47,12,<a_24><b_47><c_12>
4f3280d6e4b0a160e8bd00c6,40.74037377756915,-73.98467588824637,71,6,33,23,30,<a_33><b_23><c_30>
4b68901ff964a5201c802be3,40.71416625971471,-73.83132975806089,157,6,51,18,20,<a_51><b_18><c_20>
4ac60ba4f964a520b1b220e3,40.73329164379054,-73.9928367092527,71,36,63,9,22,<a_63><b_9><c_22>
4b466b09f964a520452026e3,40.70195162503384,-74.01296138763428,307,13,52,60,44,<a_52><b_60><c_44>
4cdd5ddb901e9eb08840c1ef,40.67408377579408,-73.87095097309529,69,10,34,60,33,<a_34><b_60><c_33>
4d9380f0b327370470399b25,40.70269166084257,-73.85483122902049,299,15,10,1,58,<a_10><b_1><c_58>
4ba77b40f964a5202b9739e3,40.72277054169368,-73.79508018493652,187,6,3,36,31,<a_3><b_36><c_31>
4b4f2c9ff964a52035fc26e3,40.86384194286869,-73.97511005401611,253,6,62,35,37,<a_62><b_35><c_37>
4cfaf868feec6dcba9c04336,40.76032570468407,-73.96356582641602,293,6,36,61,5,<a_36><b_61><c_5>
4af841f6f964a520b00b22e3,40.74189364184281,-73.99029438099387,228,5,3,43,41,<a_3><b_43><c_41>
4e161646e4cded56112e7130,40.83374485999407,-73.97092580795288,139,8,35,18,50,<a_35><b_18><c_50>
49f1c450f964a520b6691fe3,40.76984931345135,-73.98738384246826,185,20,3,44,17,<a_3><b_44><c_17>
4b7173ebf964a52068472de3,40.74446113589238,-73.99167171877029,110,5,24,6,22,<a_24><b_6><c_22>
4e4d9c17814dd49447e709e1,40.725551325924265,-73.99476528167725,253,3,62,8,37,<a_62><b_8><c_37>
4c783a02bd346dcb8171f1ef,40.85288960924754,-73.88768952663432,91,8,5,5,7,<a_5><b_5><c_7>
4a2946ddf964a5207a951fe3,40.74989042341799,-73.9923620223999,112,30,37,0,62,<a_37><b_0><c_62>
4ae1f681f964a520318921e3,40.75371559794147,-73.98094721858729,7,5,37,23,39,<a_37><b_23><c_39>
42dee580f964a5205c261fe3,40.766280807649125,-73.95416443533469,44,1,31,37,60,<a_31><b_37><c_60>
4c78638e81bca0933919fa14,40.60092327331493,-73.97712595918333,6,24,53,56,16,<a_53><b_56><c_16>
4c6ad75a9c76d13a452a4d0f,40.76525832430631,-74.18006300926208,305,3,26,18,16,<a_26><b_18><c_16>
4edd2f0102d5244e33c13b05,40.74115766851602,-73.99817950596213,7,12,37,32,15,<a_37><b_32><c_15>
46936ee3f964a520d0481fe3,40.717374,-73.997451,109,6,23,51,52,<a_23><b_51><c_52>
4edd8695b6344371fa9a73cd,40.73647548003712,-73.99754824880391,232,8,48,21,9,<a_48><b_21><c_9>
4aaecd8af964a5205d6320e3,40.779981244685445,-73.98419954269026,110,15,11,43,43,<a_11><b_43><c_43>
4abe1335f964a5209a8b20e3,40.753821375912665,-73.98249501939839,208,4,5,41,43,<a_5><b_41><c_43>
4b756932f964a520fe0a2ee3,40.74550126445644,-74.0494179725647,253,10,60,5,55,<a_60><b_5><c_55>
4dadfa8d4df0f639f24297c5,40.64615122908302,-73.77607998363946,282,15,53,21,4,<a_53><b_21><c_4>
40de0e00f964a52089011fe3,40.780482,-73.952901,63,7,61,47,60,<a_61><b_47><c_60>
4bae4283f964a520e1993be3,40.715964,-73.938698,264,3,0,62,6,<a_0><b_62><c_6>
49fe488ef964a5208a6f1fe3,40.66409703053375,-73.9440847234983,148,6,30,48,38,<a_30><b_48><c_38>
3fd66200f964a52046e71ee3,40.745949,-73.977803,43,4,40,34,20,<a_40><b_34><c_20>
3fd66200f964a5207ae51ee3,40.73821027147588,-73.98364858732076,26,3,0,25,55,<a_0><b_25><c_55>
4a70ef9cf964a520d0d81fe3,40.71063780819672,-73.79437208175659,307,20,6,58,17,<a_6><b_58><c_17>
4a4183a0f964a5205ba51fe3,40.74033689217464,-73.9886817354489,24,6,9,36,15,<a_9><b_36><c_15>
4dba1fa093a08055482fe31b,40.82907880899439,-74.10311699020308,84,13,44,5,32,<a_44><b_5><c_32>
4d671a927579224b1397fc99,40.829343785855706,-74.10294492455611,184,12,14,62,27,<a_14><b_62><c_27>
468518bff964a52032481fe3,40.72758398942743,-74.04523372650146,139,7,4,6,50,<a_4><b_6><c_50>
4c6d48f7e13db60c883ed8b1,40.82548744018259,-73.83964633661552,8,4,55,37,46,<a_55><b_37><c_46>
4f150b81e4b0d59e238f4773,40.87239871611352,-73.87130987645999,6,8,30,50,36,<a_30><b_50><c_36>
4dcb9d9a1f6ea1401d42d7b7,40.8292153237507,-74.10305963500493,184,12,19,8,34,<a_19><b_8><c_34>
4c22beee99282d7f17b667b0,40.74099801143199,-74.008229970932,60,23,1,28,40,<a_1><b_28><c_40>
4f513d70e4b063296bba53cc,40.71161140670159,-74.01189448847654,91,11,23,14,29,<a_23><b_14><c_29>
4a453e4cf964a520f1a71fe3,40.764217,-73.988321,221,7,28,43,53,<a_28><b_43><c_53>
4ecd29ccb8f7cc0321e5d5b3,40.646505,-73.77692,309,16,46,3,29,<a_46><b_3><c_29>
4ba3b569f964a520ee5638e3,40.87142796689727,-73.8671886920929,307,10,42,57,56,<a_42><b_57><c_56>
4c925091ae45224bbd34ef97,40.82214581547434,-73.91185023551095,309,8,26,8,21,<a_26><b_8><c_21>
4ecd244ce30072984c20c9b2,40.70637,-73.831785,309,16,13,3,44,<a_13><b_3><c_44>
4ed06a1761af476c08a070dd,40.705896,-73.829739,90,9,46,30,38,<a_46><b_30><c_38>
4ecd0e2fb8f7cc0321c19423,40.706031,-73.829719,101,9,12,42,45,<a_12><b_42><c_45>
42ffdb00f964a520f4261fe3,40.73843,-74.003967,241,7,5,13,22,<a_5><b_13><c_22>
49c406a8f964a5208d561fe3,40.74627906331481,-73.99794995814524,160,5,12,8,20,<a_12><b_8><c_20>
4ae9913ff964a52020b521e3,40.74341996608469,-73.97361059270312,228,8,10,44,10,<a_10><b_44><c_10>
4e9f38f65c5c8cb41c4a3028,40.73692492643787,-73.98861286772178,71,17,62,44,11,<a_62><b_44><c_11>
4d87350ed5fab60c9d9d199c,40.84450380011569,-73.88307005845945,6,1,51,57,58,<a_51><b_57><c_58>
4babd4a6f964a52039cd3ae3,40.707644944175705,-73.85936737060547,299,19,10,1,49,<a_10><b_1><c_49>
4b4ddddff964a520c5d926e3,40.812038,-74.19436435,253,19,18,48,60,<a_18><b_48><c_60>
4ac0ecf1f964a520019520e3,40.76054276795792,-73.96734877681962,107,11,12,9,33,<a_12><b_9><c_33>
4b7f1473f964a520fb1430e3,40.64089681515863,-73.99429321289062,81,7,46,37,18,<a_46><b_37><c_18>
4c0eb57e1281c9b6f3701d1d,40.91464765433098,-74.07557487487793,66,4,62,58,40,<a_62><b_58><c_40>
4ac49d49f964a520c49e20e3,40.618956985621566,-73.99902999401093,307,5,30,61,31,<a_30><b_61><c_31>
4ab966c3f964a5203c7f20e3,40.75159143134631,-73.9741214009634,253,11,63,51,14,<a_63><b_51><c_14>
4c65e038b80abe9ab8a3cbe5,40.96312723347157,-74.07778723414201,1,5,17,63,38,<a_17><b_63><c_38>
4e26fd0f1f6eb1ae139ad929,40.64581160254157,-73.77618339741252,273,10,61,5,42,<a_61><b_5><c_42>
4b98f2dff964a520fd5735e3,40.76006565527096,-74.02218818664551,254,9,2,58,51,<a_2><b_58><c_51>
4b4c2b57f964a52029af26e3,40.87967830256009,-73.88464450836182,307,32,42,46,41,<a_42><b_46><c_41>
4edfba8677c8c05f36c3d3d5,40.794539,-74.11938,8,7,41,31,60,<a_41><b_31><c_60>
4a7717adf964a5208ee31fe3,40.7074219738845,-74.00536421354879,110,11,55,54,12,<a_55><b_54><c_12>
4dd3d4058877a55425c42e70,40.73923249454244,-74.00294534862041,253,6,8,9,0,<a_8><b_9><c_0>
4a8df0c5f964a5207e1120e3,40.752993578159135,-73.97476995331785,253,7,10,44,14,<a_10><b_44><c_14>
4a9eb0e7f964a520e43a20e3,40.720787,-73.999497,253,3,35,27,21,<a_35><b_27><c_21>
3fd66200f964a520bce31ee3,40.752188,-73.993585,111,5,44,36,60,<a_44><b_36><c_60>
4e061fef8877394591ddc9de,40.804672218031,-73.93980814949656,135,35,53,48,12,<a_53><b_48><c_12>
49f5135cf964a5208e6b1fe3,40.764421348741976,-73.99944305419922,167,8,16,11,46,<a_16><b_11><c_46>
4bc0cc22920eb713b995192c,40.79981701959628,-73.79351377487183,252,19,60,47,26,<a_60><b_47><c_26>
4f2bedf0e4b0009b317febbf,40.70742661894483,-73.96012246874868,329,4,3,37,42,<a_3><b_37><c_42>
4ab172a4f964a520816920e3,40.754913216520784,-73.98669719696045,123,8,24,6,52,<a_24><b_6><c_52>
4b4b3de3f964a520519526e3,40.88691373874851,-74.21341896057129,66,3,39,61,55,<a_39><b_61><c_55>
4c83a1e451ada1cd8c332710,40.741904376575214,-73.98906826972961,253,28,60,10,50,<a_60><b_10><c_50>
4bf3ee8098ac0f471d5c63a8,40.86730078783654,-73.89719799518868,253,1,24,37,24,<a_24><b_37><c_24>
4c7953ae97028cfacaabdafe,40.638219,-73.975845,25,7,23,39,38,<a_23><b_39><c_38>
4bfade10ab180f475e11b3ce,40.75080071190104,-73.9912986907656,66,24,16,30,52,<a_16><b_30><c_52>
4cf907ea3875b1f79311973c,40.75406798339401,-73.98010969161987,7,9,27,41,22,<a_27><b_41><c_22>
4b5f2903f964a520f5a929e3,40.754052,-73.987177,110,8,37,34,41,<a_37><b_34><c_41>
4b79975af964a520e2032fe3,40.81011509621309,-73.95118534970048,21,46,31,6,40,<a_31><b_6><c_40>
4d78e23c0ddba35dd2904776,40.74267913514375,-73.99292279201251,220,2,24,11,14,<a_24><b_11><c_14>
4a9ee901f964a520c03b20e3,40.77965496016382,-73.95539279252831,1,6,37,32,39,<a_37><b_32><c_39>
4afa085df964a520311622e3,40.74797331186306,-73.98298858662089,89,9,2,41,20,<a_2><b_41><c_20>
4dd27f1745dd9197faf6b9c5,40.71122636460861,-74.00935241323653,60,8,63,39,58,<a_63><b_39><c_58>
4b3a2fddf964a5200d6225e3,40.80810469519655,-73.96045982837677,187,14,7,34,48,<a_7><b_34><c_48>
4ba577b2f964a5201b0a39e3,40.79751488159932,-74.18180322559478,114,3,24,39,62,<a_24><b_39><c_62>
4a80bbedf964a52011f61fe3,40.74609119787697,-73.9942714168711,224,6,23,11,28,<a_23><b_11><c_28>
4f55352fe4b0ca522310ef50,40.84859709833727,-73.93165082510875,33,3,11,59,8,<a_11><b_59><c_8>
4bdaed6b3904a593cbe3479e,40.650529770662,-73.95860140833432,21,3,17,61,18,<a_17><b_61><c_18>
42f15a80f964a520bf261fe3,40.734195,-74.00316,224,8,32,49,18,<a_32><b_49><c_18>
4bc490c7b492d13af22eaa60,40.828413358858334,-73.92549098547816,43,10,32,33,40,<a_32><b_33><c_40>
4a81a364f964a5201bf71fe3,40.68099,-73.975448,151,4,15,52,15,<a_15><b_52><c_15>
42474900f964a52077201fe3,40.753926,-73.991544,63,4,14,0,18,<a_14><b_0><c_18>
3fd66200f964a52084ea1ee3,40.74132956997647,-73.98120944300699,270,10,14,25,50,<a_14><b_25><c_50>
4c520b3b9426c92881c4bf74,40.76441662707523,-73.98302302149607,43,2,20,16,13,<a_20><b_16><c_13>
4c7f9209171b224b3b1211b1,40.67190134788029,-74.10740137399725,305,10,55,19,10,<a_55><b_19><c_10>
4b592c1bf964a5200f8028e3,40.75740452640951,-73.79349870362604,121,7,15,29,4,<a_15><b_29><c_4>
4e43c5c752b18fcc7991cffa,40.832597907175824,-73.91518587763296,110,12,60,36,21,<a_60><b_36><c_21>
4c4757dd972c0f47a77a2321,40.730887,-74.001079,43,12,1,43,32,<a_1><b_43><c_32>
4d16782be190721e65dc1421,40.79059642075971,-73.70529799563005,369,4,0,57,33,<a_0><b_57><c_33>
4c2271ee9085d13a1c5886cc,40.61960195296289,-74.00806701695224,253,6,9,6,45,<a_9><b_6><c_45>
48821a51f964a52033511fe3,40.749522986346776,-73.98322963061759,63,14,14,47,27,<a_14><b_47><c_27>
4ee92eff2c5bbde217087aa0,40.83676328636133,-74.17684116064805,6,10,43,61,63,<a_43><b_61><c_63>
4b300112f964a52040f424e3,40.6593058125473,-74.1687656965761,166,6,1,47,45,<a_1><b_47><c_45>
4f3dab74e4b0f0104ff3759f,40.73321850813539,-73.87100265522027,299,21,10,1,50,<a_10><b_1><c_50>
3fd66200f964a52020e81ee3,40.780519780441466,-73.9812840525862,382,9,44,37,47,<a_44><b_37><c_47>
4ce7418ab9975481d968f544,40.756710823931705,-73.96661984460336,43,7,40,49,21,<a_40><b_49><c_21>
4bcfc1fc9854d13abec4f64d,40.838113044534495,-73.8597069162864,140,3,51,24,57,<a_51><b_24><c_57>
4b104dfdf964a5206b6d23e3,40.83451924013396,-73.85034594950524,157,8,15,31,51,<a_15><b_31><c_51>
4f0f97e0e4b0fd294c8e429c,40.76275282248875,-73.9894392788162,113,5,1,36,39,<a_1><b_36><c_39>
4b6489b0f964a520d7bb2ae3,40.7645853095432,-73.98759132686786,148,3,9,37,5,<a_9><b_37><c_5>
44a14d7df964a520d0341fe3,40.729334571108616,-74.00369100272655,118,6,39,40,23,<a_39><b_40><c_23>
3fd66200f964a5209beb1ee3,40.710042263303,-73.96237246820378,235,5,39,11,12,<a_39><b_11><c_12>
4e6a93eb62e1cd1d54c419f7,40.83033599464936,-73.87153670304792,307,8,41,20,32,<a_41><b_20><c_32>
4f933a34e4b04c0b8ce16750,40.7908749006647,-73.79151102423207,176,18,48,52,48,<a_48><b_52><c_48>
3fd66200f964a52057e91ee3,40.729470245617904,-73.9879846572876,63,5,25,23,9,<a_25><b_23><c_9>
4cae57e81168a093c4c51923,40.78813688463116,-74.1316203537573,84,4,56,27,13,<a_56><b_27><c_13>
3fd66200f964a520b1ea1ee3,40.71500225548567,-73.99686534099088,109,4,31,2,25,<a_31><b_2><c_25>
48c91543f964a520e4511fe3,40.71445201047765,-73.99801882251917,58,7,25,41,32,<a_25><b_41><c_32>
4a78f566f964a520b2e61fe3,40.8042821460675,-73.96649931223897,48,10,14,40,7,<a_14><b_40><c_7>
4b315933f964a520390525e3,40.80245899068115,-73.96771037209267,48,10,43,41,61,<a_43><b_41><c_61>
4d07b2f19d33a143f868cd78,40.926521666666666,-73.96489857,21,4,61,21,15,<a_61><b_21><c_15>
4b457998f964a5201d0d26e3,40.583847884772446,-73.93279321562365,60,7,25,28,25,<a_25><b_28><c_25>
49a71dd1f964a520a0521fe3,40.72532779222824,-73.99249811668925,58,3,44,27,51,<a_44><b_27><c_51>
4be5dfe9910020a13ea2d314,40.69495630955058,-74.01334762573242,252,10,50,13,19,<a_50><b_13><c_19>
45e9486ff964a52076431fe3,40.737661,-74.031302,43,5,61,50,13,<a_61><b_50><c_13>
4b74b248f964a520f4ec2de3,40.68589841169453,-73.97376555715006,257,4,18,37,9,<a_18><b_37><c_9>
4cf5cb53c020b60c9bd81c75,40.72306326129451,-73.95069122314453,43,7,40,20,2,<a_40><b_20><c_2>
4ef217cc8b81368cf7ea50c3,40.72554094394651,-73.74190167904314,6,28,54,5,52,<a_54><b_5><c_52>
4c2b3c7c57a9c9b63a86f567,40.80443415959428,-73.96651653115278,148,2,20,23,4,<a_20><b_23><c_4>
4c6f2ad5d7fab1f716c25ac9,40.72985319525928,-73.98080769862108,43,5,25,25,16,<a_25><b_25><c_16>
45b9eeecf964a520db411fe3,40.71936953474936,-73.98957701365262,43,6,25,33,48,<a_25><b_33><c_48>
4bfa85ed5317a59307c0027f,40.80276513058523,-73.96798610687256,110,45,54,40,31,<a_54><b_40><c_31>
4bd39c8241b9ef3b3fab00e6,40.63719414615107,-73.95361626406626,6,17,18,58,15,<a_18><b_58><c_15>
4b60e6c6f964a52087002ae3,40.75533,-73.968463,53,8,44,50,15,<a_44><b_50><c_15>
4f9b8176e4b0de62673eca1f,40.7801294210853,-73.79279210310794,63,30,25,30,1,<a_25><b_30><c_1>
4a3d29e6f964a520e6a11fe3,40.82013,-73.959088,118,9,17,36,31,<a_17><b_36><c_31>
4b8f2a2df964a520d94b33e3,40.68571485984485,-74.07188415527344,254,31,18,18,45,<a_18><b_18><c_45>
4492ad65f964a52075341fe3,40.84852098203587,-73.87776172536414,162,7,38,23,12,<a_38><b_23><c_12>
4b9067acf964a520938833e3,40.811048,-74.145083,39,5,21,43,53,<a_21><b_43><c_53>
4aeda775f964a52003ce21e3,40.782566,-73.948258,160,2,51,57,8,<a_51><b_57><c_8>
4a58ae56f964a520a8b71fe3,40.633613,-74.014332,237,4,10,55,15,<a_10><b_55><c_15>
4dc5fd8ed4c0ad9c0f9774a3,40.86674826031884,-73.82558031654254,166,15,59,56,1,<a_59><b_56><c_1>
4bbb9137e5b0d13a30376e7c,40.73501761543153,-74.16568104604595,156,7,34,35,9,<a_34><b_35><c_9>
4c06329f5753c928817e3af1,40.7838175149908,-73.94186034276925,6,29,49,58,53,<a_49><b_58><c_53>
4bf13b20b315c9b6a5bd93ff,40.59009477009124,-73.97417879506523,81,11,36,14,58,<a_36><b_14><c_58>
4b0ae7cdf964a520ce2923e3,40.91095047083101,-73.78409385681152,79,3,41,13,8,<a_41><b_13><c_8>
4d0fd5415584f04d0c245416,40.78423702762297,-73.84710109335774,153,8,10,55,15,<a_10><b_55><c_15>
4da5e0887ccc816e1fbab07b,40.83127644703639,-73.85954898955855,6,5,33,11,2,<a_33><b_11><c_2>
4c88ea117223b1f7253e2fa8,40.75924321328913,-73.977585238863,148,3,0,18,21,<a_0><b_18><c_21>
3fd66200f964a52034e81ee3,40.771142,-73.983464,224,4,31,36,34,<a_31><b_36><c_34>
4f9c2a6be4b0e1cbfeebd9b0,40.706653660571845,-74.01229042943231,208,9,52,5,30,<a_52><b_5><c_30>
44f2fa97f964a52010381fe3,40.72370375004039,-73.99658414294873,148,4,20,19,50,<a_20><b_19><c_50>
4e41fa72b3add6fcb0d13ab3,40.87857912841788,-74.04712736606598,158,11,55,52,22,<a_55><b_52><c_22>
4a3545aaf964a520b29c1fe3,40.76318618108141,-74.00068759918213,341,6,3,25,49,<a_3><b_25><c_49>
4f9c3302e4b0f1efa7ea0e56,40.671982382481474,-73.80652727817316,284,54,54,7,9,<a_54><b_7><c_9>
4c413809d7fad13a9f5607da,40.711585725534455,-73.94523852123945,43,5,40,11,49,<a_40><b_11><c_49>
4bc9dc35cc8cd13aef47bccf,40.82708730474406,-73.92414762077546,110,8,3,18,44,<a_3><b_18><c_44>
4b69efa9f964a52014bd2be3,40.772298,-73.949633,253,7,59,59,12,<a_59><b_59><c_12>
4d051e8128926ea8c31e6fc2,40.73283610443288,-73.86374473571777,251,6,27,29,60,<a_27><b_29><c_60>
4c7c0b4d794e224b3f1b6d28,40.85741545445239,-73.8564920425415,309,21,7,39,41,<a_7><b_39><c_41>
4a1a3f6df964a5208b7a1fe3,40.7442504101507,-73.9536248740982,233,9,22,15,56,<a_22><b_15><c_56>
4f89616be4b09efba168baa2,40.868224880195285,-73.91249325530697,72,6,26,45,42,<a_26><b_45><c_42>
4ae30a56f964a520139021e3,40.724398990537104,-73.99753103267047,278,6,11,38,61,<a_11><b_38><c_61>
4f2e27bee4b010c5f6982ad7,40.82659732087299,-73.82250162584172,43,3,40,11,59,<a_40><b_11><c_59>
3fd66200f964a52047e51ee3,40.72975027856076,-73.97846034678166,43,4,40,6,38,<a_40><b_6><c_38>
4d32037f5c2db60c8ddebd6c,40.735971818808345,-73.99788683244736,149,7,11,6,48,<a_11><b_6><c_48>
4ee13a16775b24730288e9f3,40.72556065016895,-73.9898237883206,253,6,5,31,14,<a_5><b_31><c_14>
4f2492eae4b0085e4a289f30,40.686503971003575,-73.88307005845945,6,9,36,54,62,<a_36><b_54><c_62>
4cec18dc678aa093a52dfcea,40.721585,-73.980478,306,3,11,59,12,<a_11><b_59><c_12>
4b217496f964a5201c3c24e3,40.83550228531863,-73.86112689971924,253,9,35,5,21,<a_35><b_5><c_21>
42f00900f964a520b9261fe3,40.7311979118086,-74.00157272815704,164,14,44,42,17,<a_44><b_42><c_17>
4b5b6c8af964a520f7fc28e3,40.91977147908391,-74.07540321350098,294,5,27,43,21,<a_27><b_43><c_21>
4c5cdf567735c9b619c38d72,40.57689110532319,-73.98192110242921,118,13,59,55,42,<a_59><b_55><c_42>
4bb9f4693db7b713b4b2229a,40.946097781156325,-74.0714979171753,253,11,63,1,46,<a_63><b_1><c_46>
3fd66200f964a520aae31ee3,40.75247342866565,-73.99451244669774,263,2,61,49,18,<a_61><b_49><c_18>
4bd879e909ecb713f3f0487c,40.69880621611384,-74.23142800968738,31,12,7,5,24,<a_7><b_5><c_24>
4a8ed014f964a520bd1220e3,40.75992610830176,-74.02246410896758,118,8,36,16,56,<a_36><b_16><c_56>
49fe10d9f964a520676f1fe3,40.78009362863879,-74.00982869627268,109,4,39,49,56,<a_39><b_49><c_56>
4ae32479f964a520e09021e3,40.73823003977592,-73.9878323650875,223,3,0,47,47,<a_0><b_47><c_47>
4bdf18206198c9b6bced15ff,40.82593,-73.85714,66,23,59,55,26,<a_59><b_55><c_26>
4f297313754afd81930ef192,40.75281067913847,-73.97726655006409,151,14,44,32,35,<a_44><b_32><c_35>
4bf1f71ad39ad13a49e6aa0e,40.73334271159713,-74.00076189994842,369,7,56,40,36,<a_56><b_40><c_36>
4f34533f754a657ca23ac8d7,40.74769588014885,-73.99444341659546,56,5,15,57,52,<a_15><b_57><c_52>
4a08ae47f964a5200a741fe3,40.714718,-73.949522,119,7,25,25,32,<a_25><b_25><c_32>
4e52d190091aa2eef14de455,40.711369,-73.947794,65,5,61,22,47,<a_61><b_22><c_47>
4eefac5cb8f76a24a7b12202,40.73281984465465,-73.99811267852782,318,5,61,47,27,<a_61><b_47><c_27>
4d9db7087f9e4eb9436ea1fc,40.72645218916927,-74.00225967250508,118,3,56,33,60,<a_56><b_33><c_60>
45850853f964a5209f3f1fe3,40.6798406666926,-73.97478818893433,127,3,25,54,35,<a_25><b_54><c_35>
3fd66200f964a52067e61ee3,40.7146424849308,-73.99764195084572,109,6,50,36,56,<a_50><b_36><c_56>
3fd66200f964a5203de71ee3,40.73243131429693,-74.0017489391183,53,2,25,0,17,<a_25><b_0><c_17>
3fd66200f964a52072e61ee3,40.72714571556443,-74.00021099215293,63,5,25,48,12,<a_25><b_48><c_12>
4de0334681305a50777ff565,40.74079314994195,-74.00532404420811,63,9,25,44,26,<a_25><b_44><c_26>
4f2b6372e4b0d46486c63daf,40.69995922011666,-73.9226951689998,63,6,7,15,12,<a_7><b_15><c_12>
4e5e96dbd4c08cf7f58fe276,40.741503893507485,-73.99327286150431,56,6,61,50,15,<a_61><b_50><c_15>
49c65e83f964a5203b571fe3,40.73466222781335,-73.98840052540763,43,7,1,4,36,<a_1><b_4><c_36>
485f7eecf964a520da501fe3,40.77984275934918,-73.98056030273438,146,5,34,60,25,<a_34><b_60><c_25>
4f162925e4b0aabf1c7b78a3,40.87239871611352,-73.87130987645999,6,22,14,55,27,<a_14><b_55><c_27>
4a189b31f964a520cf791fe3,40.804387366583086,-73.96660836533381,233,6,17,22,23,<a_17><b_22><c_23>
4b2084bdf964a520de3224e3,40.834162912273335,-73.8611376285553,111,7,52,21,22,<a_52><b_21><c_22>
4dd80993e4cd37c893bb2abf,40.7721081261999,-73.97590398788452,135,15,59,47,32,<a_59><b_47><c_32>
4c1bc61763750f472072b567,40.77220968971734,-73.92897605895996,146,3,5,27,40,<a_5><b_27><c_40>
4169cd00f964a5208c1d1fe3,40.7219574249367,-73.99249076843262,118,3,31,36,43,<a_31><b_36><c_43>
4b31699df964a5207e0625e3,40.722427710238776,-73.99760563590422,157,1,24,41,27,<a_24><b_41><c_27>
4bf1d43e99d02d7f859dc948,40.690049464648695,-73.96514475286511,149,3,24,45,28,<a_24><b_45><c_28>
4a89f04ef964a5206a0920e3,40.87627696797496,-74.03878791437232,48,8,23,55,32,<a_23><b_55><c_32>
4f5907cce4b08e27a131e60f,40.76548388507822,-73.91382521812815,148,11,23,14,32,<a_23><b_14><c_32>
4b9c7cf2f964a520006c36e3,40.7658110529264,-73.91377928852742,49,9,19,20,34,<a_19><b_20><c_34>
4f9ca67d77164e320e0ae1e3,40.76622530236848,-73.91071557998657,329,26,60,25,22,<a_60><b_25><c_22>
4abd1192f964a520428820e3,40.74204967287742,-74.00477888803634,69,11,35,41,58,<a_35><b_41><c_58>
4a7c6d9bf964a52091ec1fe3,40.72397122795905,-73.99608487193893,9,12,11,39,36,<a_11><b_39><c_36>
4bfd9ae44cf820a1f5b6ecf4,40.77483281091239,-73.95447439536345,237,4,3,24,39,<a_3><b_24><c_39>
49e4c784f964a52040631fe3,40.75510830612326,-73.98612787403783,149,13,3,16,52,<a_3><b_16><c_52>
3fd66200f964a52067e81ee3,40.814755,-73.958872,118,5,24,5,26,<a_24><b_5><c_26>
4c2a3bb98abca593f45afe1f,40.726901990216966,-74.00327539665169,110,5,31,47,12,<a_31><b_47><c_12>
4d07d9be1de3b60cac678d15,40.70100895189516,-73.79579657415488,309,8,46,40,16,<a_46><b_40><c_16>
4b0472bdf964a5203c5422e3,40.8121202519876,-73.96193504333496,187,9,63,40,43,<a_63><b_40><c_43>
4a90286ef964a520451620e3,40.76688552090382,-73.92162948846817,111,17,30,18,7,<a_30><b_18><c_7>
4e157437aeb733245ecf3a43,40.80095258965738,-73.95901467876513,329,13,12,1,22,<a_12><b_1><c_22>
4ded31a052b13dda25dba0e8,40.76780839152848,-73.91025415934077,76,11,2,54,51,<a_2><b_54><c_51>
4c5a2aa52091a593b6ec5ed0,40.766979,-73.912507,49,11,48,13,41,<a_48><b_13><c_41>
4bd5f646cfa7b713c2c326da,40.72586029477793,-73.98442268371582,58,1,25,61,39,<a_25><b_61><c_39>
4d4d70c9b887a1cd88cabba0,40.80486852367005,-73.96618902683258,369,8,34,60,33,<a_34><b_60><c_33>
4b4e69d9f964a520d2ec26e3,40.775000594425805,-73.91200304031372,307,6,5,3,43,<a_5><b_3><c_43>
3fd66200f964a52018e51ee3,40.72510954367323,-73.98130127017728,47,3,25,0,49,<a_25><b_0><c_49>
4ab2e033f964a520c56c20e3,40.76680493060014,-73.96270537405759,148,7,41,34,40,<a_41><b_34><c_40>
4b56ebc0f964a520511f28e3,40.69405689629018,-73.98559414140632,69,19,33,12,58,<a_33><b_12><c_58>
4e57cc89b0fb4c4d61f5cd69,40.71323645845717,-74.0091515706367,228,7,52,41,39,<a_52><b_41><c_39>
4f984ef3e4b0a6559c7cc3c4,40.798426203927626,-73.96144836446048,329,19,33,24,20,<a_33><b_24><c_20>
4aea1121f964a52008b921e3,40.76676160346336,-73.98313522338867,91,17,33,18,22,<a_33><b_18><c_22>
4aa3ed73f964a520604420e3,40.79096987028617,-73.94705146551132,253,4,51,24,5,<a_51><b_24><c_5>
4beb073ea9900f47e2461740,40.810428884265626,-74.20032308006297,6,10,54,16,3,<a_54><b_16><c_3>
4f22cc3fe4b0e1207fe7c676,40.71943403338126,-74.00049218487156,118,6,12,9,45,<a_12><b_9><c_45>
4abbaa6ef964a5204a8420e3,40.909812288567394,-73.90852555632591,185,5,10,50,43,<a_10><b_50><c_43>
4b3ce510f964a5201a8925e3,40.757995572948985,-73.98953110205146,178,10,9,46,8,<a_9><b_46><c_8>
4c3df53e6faac9b6c48a0d76,40.74449572662251,-73.98918676469269,155,11,10,44,43,<a_10><b_44><c_43>
4d85caba5091370410239e5b,40.63147850066373,-73.94704095767233,83,13,12,6,7,<a_12><b_6><c_7>
4c9bd3ac542b224b8d0fdb9f,40.7050892364702,-74.01143542547192,208,11,38,41,41,<a_38><b_41><c_41>
4a19b667f964a5203a7a1fe3,40.78011897959241,-73.77649784088135,40,11,2,60,39,<a_2><b_60><c_39>
4b492c2df964a520d06826e3,40.80035505930557,-73.95902615848668,140,6,9,14,53,<a_9><b_14><c_53>
4b2e6237f964a52035df24e3,40.817789,-74.211569013733,43,11,57,43,7,<a_57><b_43><c_7>
4f3a9e05bb3d2fbe725ca57a,40.74247745309511,-74.00684595108032,253,8,63,36,40,<a_63><b_36><c_40>
4da704334df0260c3e9e5da5,40.69487841839175,-73.98735028834558,82,8,62,26,60,<a_62><b_26><c_60>
4b8460e8f964a520e53131e3,40.75556338853696,-73.98371458053589,21,11,3,2,41,<a_3><b_2><c_41>
4ab92827f964a520417e20e3,40.713284290992505,-74.01170512512076,69,15,16,46,46,<a_16><b_46><c_46>
4da8800143a12d0c26532ae7,40.76796322894073,-73.981680056791,91,15,36,54,8,<a_36><b_54><c_8>
4bfe777ce529c928955bbc8c,40.76326769074044,-73.9788965316875,69,11,52,27,6,<a_52><b_27><c_6>
4fa2c66ae4b0dc1d01359ad5,40.72648554606392,-74.00508876647187,76,32,9,40,15,<a_9><b_40><c_15>
4c15539e77cea593430ed260,40.71438598323158,-74.00665536643571,238,4,3,37,42,<a_3><b_37><c_42>
4b3fea3ff964a520fab125e3,40.82827746763056,-74.09173250198364,37,15,30,42,28,<a_30><b_42><c_28>
4f2c4658e4b0d46487ab0a1e,40.69316586062177,-73.99186684082225,201,8,2,40,31,<a_2><b_40><c_31>
4e3ae8a418a80688f96d7583,40.74292909863104,-73.91636855284915,139,17,2,45,50,<a_2><b_45><c_50>
4ae634e0f964a5209ba521e3,40.76308866686741,-73.9744234085083,83,4,51,24,25,<a_51><b_24><c_25>
4b6ecd58f964a5203acb2ce3,40.71273101225028,-73.99716375478839,146,10,63,9,11,<a_63><b_9><c_11>
4c25ec43f7ced13a905a256d,40.73701074442794,-74.17657456414393,369,3,11,23,18,<a_11><b_23><c_18>
4b722301f964a52079702de3,40.74374551975831,-73.92429828643799,307,13,36,31,45,<a_36><b_31><c_45>
4e51dcc76284416669b03aec,40.70156643050114,-73.98887973002674,6,9,35,3,1,<a_35><b_3><c_1>
45e309edf964a52035431fe3,40.7396210161324,-73.99597921593858,224,3,20,24,5,<a_20><b_24><c_5>
4f64c9d7e4b0c65cc49a0711,40.7416219021172,-73.98123239980367,56,5,15,34,41,<a_15><b_34><c_41>
4416912af964a52004311fe3,40.75151596433163,-73.99352073669434,53,6,55,3,7,<a_55><b_3><c_7>
4f308cf3e4b057434b9d02e1,40.797960508726646,-74.02059352386307,242,5,34,41,63,<a_34><b_41><c_63>
4b513073f964a5209b4627e3,40.74005465885572,-73.98968031471505,60,4,15,50,45,<a_15><b_50><c_45>
4ae83a36f964a52042ae21e3,40.69060240152815,-73.98814227092512,82,3,10,13,14,<a_10><b_13><c_14>
4c40d645520fa59375b2c8ac,40.7469318369775,-73.9176893234253,369,41,36,7,42,<a_36><b_7><c_42>
4c23b6c5136d20a1bda8e061,40.862906,-74.12739533333334,83,6,52,60,20,<a_52><b_60><c_20>
49ff6b95f964a5201f701fe3,40.74781156213384,-73.94023868135636,58,6,15,35,41,<a_15><b_35><c_41>
4bd254bd77b29c743da18e82,40.71406101907229,-73.95600122824496,43,3,40,26,13,<a_40><b_26><c_13>
4f9762a7e4b0f20f8d70fd6b,40.656358756936825,-73.74190167904314,6,11,4,13,35,<a_4><b_13><c_35>
4ac3f3a5f964a520989d20e3,40.7199434551993,-74.00856625671392,109,3,61,35,9,<a_61><b_35><c_9>
4d5895ca16146a3169b15dc1,40.84498742331356,-74.16509908485864,6,30,53,30,44,<a_53><b_30><c_44>
4b9c08adf964a5201c4336e3,40.86225160733068,-73.89434337615967,157,8,56,20,45,<a_56><b_20><c_45>
4f9f70c5e4b061430ded05d7,40.74932295035119,-73.97712595918333,6,10,4,42,60,<a_4><b_42><c_60>
3fd66200f964a52093e31ee3,40.728306,-73.981973,43,4,61,50,36,<a_61><b_50><c_36>
4b969644f964a520b4d634e3,40.80921402202477,-74.00200717527068,31,12,25,35,31,<a_25><b_35><c_31>
4fa07f51e4b07aaa4490cecd,40.75362869275143,-74.1765401645671,329,9,29,7,12,<a_29><b_7><c_12>
4a1426b9f964a5200b781fe3,40.725548,-73.95138,233,6,4,54,44,<a_4><b_54><c_44>
407dd080f964a5207af21ee3,40.783368543265446,-73.97819995880127,56,7,44,51,39,<a_44><b_51><c_39>
4f97a579e4b075734624c95b,40.65220327579237,-74.12986841096105,6,16,17,5,33,<a_17><b_5><c_33>
4d53594c08a7b1f76ebf3192,40.7131772314664,-73.95817665724722,47,1,28,41,48,<a_28><b_41><c_48>
4e57bd3bb0fb4c4d61f4bc4d,40.91147597051637,-74.02532159312372,69,11,24,27,35,<a_24><b_27><c_35>
49ccd495f964a52091591fe3,40.71493168249224,-74.01143789291382,253,15,38,36,31,<a_38><b_36><c_31>
4c72513113228cfafaa82a65,40.85040528700932,-73.7183639073073,6,4,17,0,37,<a_17><b_0><c_37>
4e723af48998183ccf268244,40.65753498463595,-73.73591118616307,309,26,41,35,8,<a_41><b_35><c_8>
4f7e62a3e4b043dab437a2ef,40.856987203438365,-73.86776962497729,369,9,6,54,2,<a_6><b_54><c_2>
4ac18b00f964a520719720e3,40.74156984760308,-73.98738472243872,69,7,51,44,10,<a_51><b_44><c_10>
4fa3ca7fe4b0b487ccc604a3,40.95799336338653,-74.10746446325602,284,16,7,19,3,<a_7><b_19><c_3>
4a6f67e3f964a52018d61fe3,40.76078404947997,-73.96459948263352,156,16,33,2,32,<a_33><b_2><c_32>
4c51e818048b1b8da7c1b42f,40.68449898,-73.8454856,158,3,0,9,38,<a_0><b_9><c_38>
4c7b99433badb1f735395554,40.81653821069206,-74.21447327889578,293,12,52,31,57,<a_52><b_31><c_57>
49eb2940f964a520a8661fe3,40.6724520326176,-73.97003700441346,302,3,62,33,25,<a_62><b_33><c_25>
4a7f4eb1f964a520a5f31fe3,40.74622927002695,-73.982381,69,2,10,15,50,<a_10><b_15><c_50>
4b146314f964a5205da223e3,40.760053,-73.769769,31,4,17,36,47,<a_17><b_36><c_47>
4acf7cadf964a52003d420e3,40.74265628447347,-73.98901462554932,234,28,23,42,39,<a_23><b_42><c_39>
4e570b29aeb74e5d15c50321,40.75686177990922,-73.75366953292578,6,38,53,60,53,<a_53><b_60><c_53>
4a4370ecf964a52089a61fe3,40.81111202333411,-73.95779782440798,119,8,3,15,4,<a_3><b_15><c_4>
4c6c08cd6af58cfa62998517,40.78087427332963,-73.80279342651635,21,12,10,44,22,<a_10><b_44><c_22>
4b535928f964a520829827e3,40.82939777183173,-74.13660049438477,75,24,59,14,60,<a_59><b_14><c_60>
4fa4127ae4b047f0eb39b535,40.57684370773071,-73.98132996615902,21,16,36,10,34,<a_36><b_10><c_34>
4c19333a98f4a59336b8fff5,40.7410337,-73.99785231,69,1,31,36,24,<a_31><b_36><c_24>
4c34fae3452620a1280c260f,40.679037,-73.86382,233,3,24,24,28,<a_24><b_24><c_28>
4c51a6d03940be9a09403809,40.7467692734681,-73.89099597930908,369,8,31,45,50,<a_31><b_45><c_50>
4a61fcebf964a520c8c21fe3,40.70396310473177,-73.93113990456044,111,1,31,37,54,<a_31><b_37><c_54>
4b51ff83f964a5203a6027e3,40.74319277572364,-73.92275333404541,112,15,59,46,38,<a_59><b_46><c_38>
4a413bb8f964a52000a51fe3,40.76825672305774,-73.981032371521,139,11,22,61,58,<a_22><b_61><c_58>
4fa44262e4b017e938190073,40.91147606446024,-73.98685099330098,155,14,5,44,62,<a_5><b_44><c_62>
4ba120adf964a5207d9a37e3,40.81354775855645,-74.10954796515402,330,6,30,37,24,<a_30><b_37><c_24>
4c09000b7e3fc9285f25f182,40.76162533916792,-73.98163414330183,69,8,55,55,47,<a_55><b_55><c_47>
4a07986bf964a52087731fe3,40.72915008660072,-73.99201031279264,99,2,25,40,55,<a_25><b_40><c_55>
4b28fd2af964a520039724e3,40.74559724955812,-73.99836888270403,157,8,11,39,26,<a_11><b_39><c_26>
4a15a2e8f964a520a9781fe3,40.70428723922974,-74.01012135152561,224,4,50,20,6,<a_50><b_20><c_6>
3fd66200f964a52065eb1ee3,40.71943413417108,-73.95592660887341,53,3,44,6,61,<a_44><b_6><c_61>
4c86a411e602b1f7a1f0c17a,40.80599683766419,-73.99773188746445,39,8,58,19,53,<a_58><b_19><c_53>
4ad778a8f964a520030b21e3,40.73830503995525,-73.99300887473368,58,7,44,49,13,<a_44><b_49><c_13>
4f612a27be7709971212ca11,40.86981347415363,-74.0969467163086,368,12,19,52,23,<a_19><b_52><c_23>
4a3b9ffdf964a520a8a01fe3,40.718889,-74.043618,245,10,44,49,35,<a_44><b_49><c_35>
46be68fef964a520e2491fe3,40.74303711661063,-74.00573147570121,263,7,0,20,45,<a_0><b_20><c_45>
4c1ecb7db306c92801a667b7,40.63886446869532,-73.96537147003376,6,41,57,23,50,<a_57><b_23><c_50>
4bda5808a8d976b0c67e0cb5,40.62644009732692,-74.17276190554297,165,9,39,16,45,<a_39><b_16><c_45>
4dee59e152b13dda25f627df,40.57623201118281,-73.83881354583862,258,3,15,27,29,<a_15><b_27><c_29>
4a4fdd40f964a520c8af1fe3,40.776879066666666,-73.979356,123,3,9,49,39,<a_9><b_49><c_39>
4ac4efbff964a520a79f20e3,40.72370271254013,-73.99634311572709,118,6,9,49,39,<a_9><b_49><c_39>
49e3b1dff964a520b7621fe3,40.734953,-73.97967,24,2,0,25,55,<a_0><b_25><c_55>
4498142ff964a52090341fe3,40.76331287656422,-73.97056293322844,97,7,23,16,10,<a_23><b_16><c_10>
4a4590fcf964a52057a81fe3,40.66600335047696,-73.99015188217163,157,3,15,37,45,<a_15><b_37><c_45>
4f97461de4b0f2657c28bf59,40.73105527532634,-73.98871043032793,34,2,61,41,30,<a_61><b_41><c_30>
4d682ce42ab82d4338bdc7d5,40.72565888935512,-74.00736693141299,242,5,4,41,61,<a_4><b_41><c_61>
44780b6cf964a520c3331fe3,40.67420193066911,-74.01670575141907,48,5,9,37,15,<a_9><b_37><c_15>
4ab6f209f964a5208e7920e3,40.61000618011367,-74.00673570454957,111,6,24,52,35,<a_24><b_52><c_35>
41e46880f964a520d41e1fe3,40.733412,-74.00624967,58,7,4,57,24,<a_4><b_57><c_24>
4a79f20cf964a52013e81fe3,40.755613807146354,-73.96827285227972,56,6,56,26,6,<a_56><b_26><c_6>
4b8bb4cff964a520c2a732e3,40.78645548149673,-74.04630661010742,118,5,9,16,40,<a_9><b_16><c_40>
4ce31b0d7e9b721e92a534f1,40.72908901998626,-73.9842454555664,246,5,44,40,39,<a_44><b_40><c_39>
3fd66200f964a52005e81ee3,40.756161,-73.967686,53,3,31,16,45,<a_31><b_16><c_45>
4b957a85f964a520b7a434e3,40.709256151316296,-74.00439440853914,91,21,59,28,14,<a_59><b_28><c_14>
4dd6b3bd81dcd5bca59a8276,40.723733,-73.951196,58,1,61,27,60,<a_61><b_27><c_60>
4bc91d7d937ca593f851a592,40.75335278522429,-73.9084284158856,150,7,7,46,24,<a_7><b_46><c_24>
4b91e22af964a52071dd33e3,40.57994619525604,-73.83733748734836,110,7,0,38,15,<a_0><b_38><c_15>
4f5303dbe4b02cf6be81de21,40.718690227529656,-73.98931302179598,63,9,25,47,13,<a_25><b_47><c_13>
4d7d6a09e04d6ea88b2b0dd6,40.674934301796696,-73.87130987645999,6,5,4,23,49,<a_4><b_23><c_49>
4fa35553e4b0b487cc7af3fc,40.84476009028352,-74.16051500174768,329,32,53,7,51,<a_53><b_7><c_51>
4d232f2f9822a090189effaf,40.74361546275165,-73.98347854614258,155,7,1,23,30,<a_1><b_23><c_30>
4f98edffe4b0dfd7ff4b23f3,40.706889,-73.818512,329,12,28,22,34,<a_28><b_22><c_34>
4b9bf681f964a520183b36e3,40.85215695470352,-74.00433540344238,48,9,2,35,49,<a_2><b_35><c_49>
4b0a9041f964a520212523e3,40.86695759159188,-73.90584468841553,185,2,26,6,17,<a_26><b_6><c_17>
4b4f266ef964a52085fb26e3,40.809413501196566,-74.00164564455983,83,7,26,26,35,<a_26><b_26><c_35>
4ced1fd813aea143d326659f,40.7721081261999,-73.97742748260498,140,12,46,3,21,<a_46><b_3><c_21>
4fa4a231e4b09571de93b9a7,40.759220487652186,-73.98880004882812,224,41,22,34,15,<a_22><b_34><c_15>
4bbe0509a8cf76b07e7eb2fd,40.85303713735972,-74.13976337472765,21,3,37,30,6,<a_37><b_30><c_6>
49ba5f96f964a52060531fe3,40.68641858925556,-73.9853024482727,118,3,62,27,32,<a_62><b_27><c_32>
4d48864b551db1f722e9a330,40.64668883996605,-73.91399171283997,156,6,10,8,48,<a_10><b_8><c_48>
4adc5ed9f964a520e42b21e3,40.671275,-73.95768733507757,149,17,21,38,58,<a_21><b_38><c_58>
4c2a86178abca593f5d1fe1f,40.84564817180984,-73.9271092414856,252,4,41,61,0,<a_41><b_61><c_0>
4a6d761ef964a520bed21fe3,40.80841734079853,-73.9451551437378,157,5,55,54,32,<a_55><b_54><c_32>
4b7990d3f964a520d8012fe3,40.931745323614464,-73.99589549293981,21,4,23,41,29,<a_23><b_41><c_29>
48e480eef964a52022521fe3,40.772124376373135,-73.98369312286377,98,5,39,49,21,<a_39><b_49><c_21>
4ce46872d678a1cd6fc5a90c,40.754023,-73.995567,56,4,24,16,27,<a_24><b_16><c_27>
4dc0b7c145dd472e9b67c56b,40.86251125655752,-74.04789447784424,369,22,46,43,11,<a_46><b_43><c_11>
482c4142f964a520d14f1fe3,40.716722,-73.997818,109,6,62,27,57,<a_62><b_27><c_57>
433f2300f964a52054281fe3,40.67256636389564,-73.96884441375732,89,5,11,5,56,<a_11><b_5><c_56>
4e63ace145ddda352a19f270,40.71263038632815,-73.90021235870036,368,12,27,5,22,<a_27><b_5><c_22>
4a356654f964a520f19c1fe3,40.76139825093475,-73.96798013320362,253,9,22,49,56,<a_22><b_49><c_56>
4ed0428a0e61efa330ea2780,40.73151269111616,-74.003206534168,247,4,27,59,51,<a_27><b_59><c_51>
4bf97dacb182c9b67408795a,40.81158149645368,-73.9631071562193,94,8,36,50,61,<a_36><b_50><c_61>
41a12c00f964a5203c1e1fe3,40.7261153835653,-73.9836887612032,120,2,20,59,9,<a_20><b_59><c_9>
4deffce2b0fbfee72f3cacde,40.80474202386944,-73.95543871227191,321,6,32,60,57,<a_32><b_60><c_57>
4b5bbfaff964a520001429e3,40.81721953702811,-74.07673358917236,289,20,48,58,19,<a_48><b_58><c_19>
4b256ab7f964a5209e7124e3,40.78586423000573,-73.95094426561735,48,1,20,36,52,<a_20><b_36><c_52>
4b96b24ff964a52094de34e3,40.70633605501917,-73.94754035587833,139,4,24,4,30,<a_24><b_4><c_30>
4a14d7c6f964a52083781fe3,40.75928598290908,-73.9765204598217,7,5,32,15,60,<a_32><b_15><c_60>
4c2b6b628ef52d7fbd5131ba,40.75326794623313,-73.8448612499868,309,10,4,4,27,<a_4><b_4><c_27>
4bc4a21e461576b050308032,40.75632428053623,-73.92018636308974,110,6,44,55,48,<a_44><b_55><c_48>
4c098efc340720a160088593,40.8385543312904,-74.15413677692413,50,4,9,18,57,<a_9><b_18><c_57>
4c7d8f7bb53db1f79c8d9d11,40.7307006246076,-73.69388941788202,2,8,3,16,37,<a_3><b_16><c_37>
44193e5af964a52022311fe3,40.785870598954766,-73.97828578948975,40,4,37,26,60,<a_37><b_26><c_60>
4e34cc321f6e9e21ad484047,40.78573533654409,-74.16509908485864,6,5,52,60,42,<a_52><b_60><c_42>
4c423c5bcc410f475783ac61,40.721502075213984,-73.96210670471191,139,6,37,21,5,<a_37><b_21><c_5>
4cbcd763dd41a35d3beaf5a0,40.70172388214517,-73.84065628051758,152,22,53,8,14,<a_53><b_8><c_14>
4dfd172ad4c001cca36ee4ac,40.5746454184912,-73.98450371529013,176,5,27,13,56,<a_27><b_13><c_56>
43222200f964a5209a271fe3,40.780519,-73.920682,139,9,11,54,52,<a_11><b_54><c_52>
4d329bc7d585a090a8a5a4cd,40.73672207747068,-73.99558067321777,71,19,63,42,45,<a_63><b_42><c_45>
4bd842d2f645c9b63a77a7e0,40.57485998907254,-73.978434,168,23,47,10,48,<a_47><b_10><c_48>
4c0e4252336220a1a7ddcb77,40.9678387,-74.07378216666666,31,11,36,58,22,<a_36><b_58><c_22>
4bd47db329eb9c74c3ac91e1,40.586137977731234,-73.98802175204773,110,4,52,1,19,<a_52><b_1><c_19>
43e371d2f964a520dd2e1fe3,40.72173557159932,-73.9959356642583,238,5,1,10,0,<a_1><b_10><c_0>
423e0e80f964a52044201fe3,40.75176892243845,-74.0041992992451,245,8,14,18,16,<a_14><b_18><c_16>
4a31831df964a520e9991fe3,40.72690102141602,-74.03768062591553,166,3,15,37,21,<a_15><b_37><c_21>
4e7b3d6bb61c3d3630813067,40.601836,-73.97629933,71,18,53,50,4,<a_53><b_50><c_4>
4e320d2de4cd60250188c58d,40.78133756458156,-73.94936573145294,53,10,56,55,53,<a_56><b_55><c_53>
4bcc5782fb84c9b6422a203e,40.96520125865936,-73.872517,21,7,18,9,0,<a_18><b_9><c_0>
4bfd0081bf6576b0cf91acb8,40.90277210074285,-74.07811420240645,111,7,4,58,39,<a_4><b_58><c_39>
4eb4bc69cc2143e827b1facd,40.7320206818302,-73.7183639073073,6,8,4,13,63,<a_4><b_13><c_63>
4edd5c18775bcc53fe15c547,40.69807076063548,-73.89482953406639,6,3,56,27,30,<a_56><b_27><c_30>
4f386335e4b08f009a8525de,40.73122649796362,-73.98887973002674,6,19,18,22,25,<a_18><b_22><c_25>
42829c80f964a52032221fe3,40.742593,-74.000588,245,8,4,20,36,<a_4><b_20><c_36>
4393dd78f964a520782b1fe3,40.735697,-74.006838,125,3,61,47,12,<a_61><b_47><c_12>
49c180edf964a520af551fe3,40.72637613547322,-74.00553062929895,60,7,25,18,47,<a_25><b_18><c_47>
4fa7629de4b028d55b6dc3b7,40.85155841497341,-74.14161270853154,6,35,57,39,62,<a_57><b_39><c_62>
4b6d9298f964a520607d2ce3,40.708437,-74.004841,43,5,61,8,40,<a_61><b_8><c_40>
4f2af4d1e4b050ce91c4fbcc,40.743919664135,-73.9537396744875,138,16,54,58,21,<a_54><b_58><c_21>
4fa672f2e4b0fd4c3fbb409a,40.90719915561692,-73.97712595918333,6,12,19,30,63,<a_19><b_30><c_63>
4b44eb91f964a520cfff25e3,40.7302182289573,-73.95438194274902,83,8,55,62,4,<a_55><b_62><c_4>
4b548bbaf964a52060bf27e3,40.69068577836256,-73.98433154217956,157,1,51,37,37,<a_51><b_37><c_37>
4a549b96f964a52027b31fe3,40.80861223601287,-73.96154880523682,187,32,33,44,1,<a_33><b_44><c_1>
4ca671bdb7106dcb89265ea5,40.92846161542626,-74.03604984283447,78,5,44,62,56,<a_44><b_62><c_56>
4dd3c987b0fbf653b64518c6,40.70410313509037,-74.0083539365148,69,10,62,36,27,<a_62><b_36><c_27>
4d94a4afcf46224b31709994,40.598756425000005,-73.99783441999999,69,11,62,11,37,<a_62><b_11><c_37>
4ae1b6c2f964a520eb8621e3,40.73839925448939,-73.99183814641529,40,10,33,48,59,<a_33><b_48><c_59>
4a84249ef964a520c8fb1fe3,40.77703357124945,-73.98266719415489,31,16,34,48,59,<a_34><b_48><c_59>
4d0781b830a58cfad6f0b0e7,40.737885,-73.991677,71,6,12,6,48,<a_12><b_6><c_48>
4b1801b8f964a52051cb23e3,40.75315436423719,-73.98905476854135,224,12,16,2,11,<a_16><b_2><c_11>
4b82c757f964a5205de430e3,40.754391,-73.973077,239,8,24,6,49,<a_24><b_6><c_49>
4bccba5e8920b71351a39edc,40.597721848677686,-74.14854252965651,201,16,62,40,19,<a_62><b_40><c_19>
4d7800bf3915721e59130983,40.70095304544486,-73.89970135559156,94,2,24,6,22,<a_24><b_6><c_22>
4efc81a1722e35df6719f43b,40.766002491120986,-73.91085699540278,70,12,36,29,48,<a_36><b_29><c_48>
49de37c5f964a52036601fe3,40.7751655018016,-73.98212771273558,109,6,9,40,48,<a_9><b_40><c_48>
4c79c7ca93ef236ad8f1b00f,40.75464921728343,-73.89583721012723,21,3,37,0,4,<a_37><b_0><c_4>
4fa8262ee4b0baf7cf42cad7,40.726302,-73.730433,102,10,54,59,40,<a_54><b_59><c_40>
4c815832e63376b0a176ac3d,40.78580561168767,-73.95094871520996,253,4,58,0,48,<a_58><b_0><c_48>
4a95c741f964a5209e2420e3,40.72421063875112,-73.99553968946574,89,5,37,59,5,<a_37><b_59><c_5>
4e4dce43483bb77048f99eea,40.78321,-73.984541,139,11,11,34,37,<a_11><b_34><c_37>
4ac3a1a9f964a5201f9c20e3,40.77985900763059,-73.77615451812744,146,3,37,37,46,<a_37><b_37><c_46>
4176fc00f964a520b61d1fe3,40.765859640049655,-73.914577960968,53,22,19,57,14,<a_19><b_57><c_14>
3fd66200f964a520ece91ee3,40.73968110242147,-73.98966883682196,118,2,28,33,2,<a_28><b_33><c_2>
4f99ce90e4b0193a1e4a7613,40.786666685360096,-74.05026824735549,299,15,20,35,17,<a_20><b_35><c_17>
4ae36ec5f964a5200a9521e3,40.75473441810165,-73.70051622390747,157,8,23,49,51,<a_23><b_49><c_51>
4ca3b7a67f84224bf834c758,40.760328269267376,-73.82664865697585,146,1,26,6,7,<a_26><b_6><c_7>
4ddd27fe22713339cd2601e9,40.71135501593197,-74.01059763264601,69,16,63,11,41,<a_63><b_11><c_41>
4b992b04f964a520726635e3,40.68312,-73.975979,175,23,8,4,27,<a_8><b_4><c_27>
4e49e8d87d8b3dcca354c2be,40.86633340833704,-74.10637760442646,6,10,42,13,34,<a_42><b_13><c_34>
4c93d27458d4b60c5cd62229,40.66855421287304,-73.96537147003376,6,24,54,23,6,<a_54><b_23><c_6>
4e59ca2faeb7d78d9f7cda81,40.66855421287304,-73.96537147003376,6,22,18,30,43,<a_18><b_30><c_43>
4c065581c36cef3bda2f210e,40.764596,-73.987449,239,4,23,12,6,<a_23><b_12><c_6>
4b34cf68f964a520a62825e3,40.74586782957029,-73.98652386825736,110,6,24,32,7,<a_24><b_32><c_7>
4e711b581f6e0740a8d7d387,40.669929843442304,-73.81906986236572,369,35,45,25,45,<a_45><b_25><c_45>
4cdb26bd22bd721ef5cff347,40.752385612403,-73.98051738739014,202,15,3,24,2,<a_3><b_24><c_2>
44e5e786f964a52073371fe3,40.73136898702117,-73.99431158852991,113,5,31,50,43,<a_31><b_50><c_43>
44be416bf964a520a3351fe3,40.71122335281535,-74.00815486907959,66,7,23,3,52,<a_23><b_3><c_52>
4ec5763082313b67305ea39a,40.78880046739727,-73.97428784381152,221,9,37,59,32,<a_37><b_59><c_32>
4f4e61bfe4b0393387fce2ca,40.73710687747345,-73.99720966456215,32,9,11,39,11,<a_11><b_39><c_11>
4dbae167cda109aa6c72b72f,40.79481299178466,-73.9623380296344,329,8,56,23,16,<a_56><b_23><c_16>
4f71e4207beb1d18abcc9648,40.72236398455685,-73.99433612823486,58,4,14,41,18,<a_14><b_41><c_18>
4c83b5a7d4e23704d0f87288,40.85035207961527,-73.82837751825335,369,9,48,14,1,<a_48><b_14><c_1>
4f687a3ae4b0b0f93cc6f299,40.91738697741224,-74.17443031165675,36,11,34,57,22,<a_34><b_57><c_22>
4ad5cda5f964a520900321e3,40.78411592042216,-73.96772861480713,129,6,5,46,44,<a_5><b_46><c_44>
4c35c2e57cc0c9b6a366f59a,40.76821187835956,-73.747518501918,369,25,35,42,22,<a_35><b_42><c_22>
4a58dba5f964a5200fb81fe3,40.77380068362164,-74.02056483376467,48,7,5,31,57,<a_5><b_31><c_57>
4e62d44718a8ce02fd08427f,40.7646591385045,-73.86291136576304,273,49,60,26,63,<a_60><b_26><c_63>
4b44ca31f964a5203ffc25e3,40.76181080648061,-73.98395276079304,228,5,0,6,51,<a_0><b_6><c_51>
4a9c43e6f964a5209f3620e3,40.74908499868447,-73.982256978576,157,3,61,41,51,<a_61><b_41><c_51>
4df1b62c52b100c2d7f339d5,40.57693405315921,-73.9813756942749,79,9,30,54,61,<a_30><b_54><c_61>
4fa0bcc1e4b0f5a96db8c557,40.72705459594727,-73.94717407226562,267,12,25,46,11,<a_25><b_46><c_11>
4ced8829d7268cfa87fec34e,40.7298829253228,-74.00054383246888,233,2,28,27,9,<a_28><b_27><c_9>
4fa95817e4b06f5e7b3ae2f5,40.756283026857695,-73.92990565274098,329,17,19,49,21,<a_19><b_49><c_21>
4b6d7534f964a52093752ce3,40.76943190506609,-74.22908378747321,299,3,24,23,53,<a_24><b_23><c_53>
4b4b7d50f964a520c29d26e3,40.75660642282902,-73.98627135029868,253,5,52,28,37,<a_52><b_28><c_37>
4e8f882ad22dccc37e6a01eb,40.86790522834311,-74.04763775758458,6,17,41,35,3,<a_41><b_35><c_3>
4b54f3d6f964a520ecd427e3,40.76297490010358,-73.98186922073364,307,15,29,7,3,<a_29><b_7><c_3>
4bd76168e914a593ed1b51fa,40.645267367362976,-73.90237390995026,108,11,34,59,33,<a_34><b_59><c_33>
4f905671e4b05b1cb7740ec4,40.7378495806376,-73.9915626798901,69,7,62,30,28,<a_62><b_30><c_28>
4a674fdff964a52027c91fe3,40.769061148486365,-73.86216759681702,343,10,46,58,9,<a_46><b_58><c_9>
4a5e99bff964a520e2be1fe3,40.763463977651824,-73.97774867454807,36,3,3,41,38,<a_3><b_41><c_38>
4c056da7517d0f475b87f415,40.96160539342152,-74.06000963439111,21,1,20,26,18,<a_20><b_26><c_18>
4cdabc415aeda1cd46b5b811,40.75752044383661,-73.98714368365702,261,6,15,34,20,<a_15><b_34><c_20>
4a66f31af964a520dcc81fe3,40.761488,-73.984014,156,12,39,5,30,<a_39><b_5><c_30>
4f9c7bc9e4b0873b678dd0dd,40.732558460236426,-73.98535883945247,58,6,44,50,36,<a_44><b_50><c_36>
4b626532f964a520cb452ae3,40.90546761666667,-74.064304,149,9,13,10,1,<a_13><b_10><c_1>
4e977a92f790dd407e8fe7a6,40.710931,-73.950951,43,2,40,36,50,<a_40><b_36><c_50>
40c10d00f964a520da001fe3,40.717776,-73.957848,263,6,1,51,38,<a_1><b_51><c_38>
4b609138f964a5200cee29e3,40.74914266125337,-73.86958122253418,307,17,29,14,7,<a_29><b_14><c_7>
4b97bb2cf964a520541235e3,40.74576898100524,-73.98886704152163,228,5,20,19,17,<a_20><b_19><c_17>
40a55d80f964a52020f31ee3,40.721294,-73.983994,107,5,62,35,7,<a_62><b_35><c_7>
4e25f0fab0fbf642a903deb7,40.74746236666667,-73.99307193333334,71,3,3,23,24,<a_3><b_23><c_24>
4ea577790aaf711181dce831,40.67607785179694,-73.90399029521465,293,7,11,58,18,<a_11><b_58><c_18>
49f75667f964a5208b6c1fe3,40.72212709991359,-73.99930899378225,294,4,11,39,36,<a_11><b_39><c_36>
4adb9b03f964a520552921e3,40.837834696988814,-73.85997682712767,118,8,34,12,23,<a_34><b_12><c_23>
4a74aadbf964a5201adf1fe3,40.74531055237873,-73.9565694825131,48,5,62,9,4,<a_62><b_9><c_4>
4a960143f964a520ce2520e3,40.75951196740602,-73.9949830278669,48,2,0,17,14,<a_0><b_17><c_14>
4b364e18f964a520893225e3,40.74667352978544,-73.98154231629059,157,3,15,32,0,<a_15><b_32><c_0>
4ee52af8e4b04d23e1be1273,40.8411386603833,-73.85954898955855,6,20,19,24,14,<a_19><b_24><c_14>
49f8f8a2f964a520446d1fe3,40.76172345284903,-73.99415373802185,43,4,15,21,39,<a_15><b_21><c_39>
4fa86af4e4b04e4b0676ad8c,40.80159,-73.942595,157,8,9,52,51,<a_9><b_52><c_51>
4b760c72f964a5201a392ee3,40.681714219974765,-73.88032244240411,307,1,61,0,46,<a_61><b_0><c_46>
4b9ecad3f964a520420237e3,40.82677781581879,-73.849831,110,1,61,0,46,<a_61><b_0><c_46>
46cc7756f964a5203b4a1fe3,40.74863872983442,-73.97566795349121,43,2,40,52,24,<a_40><b_52><c_24>
4b467dd6f964a520832226e3,40.64017661414315,-73.98533014407252,48,8,33,51,44,<a_33><b_51><c_44>
3fd66200f964a520e5e31ee3,40.72168,-73.987588,43,6,61,8,36,<a_61><b_8><c_36>
4c7ecc952042b1f79b0dc1ad,40.762762512171065,-73.97173953064508,60,8,25,26,9,<a_25><b_26><c_9>
4f17bde4e4b0cae4b44d2ce7,40.67859789918687,-74.10637760442646,6,22,57,36,63,<a_57><b_36><c_63>
4e59832fd4c0ba8c119fe68b,40.72800078468092,-74.03588760058483,6,2,28,55,60,<a_28><b_55><c_60>
4d585ef592326ea8954d65c0,40.75912296762007,-73.95833015441895,252,13,9,57,16,<a_9><b_57><c_16>
4a68a1c6f964a520b5ca1fe3,40.74486468323467,-73.99887962510496,160,2,31,5,25,<a_31><b_5><c_25>
4a42e2c9f964a52059a61fe3,40.669202,-73.94220592,167,6,26,9,51,<a_26><b_9><c_51>
4faa88a8e4b0dc75ba3d9f02,40.70323546692246,-73.94361975828485,316,9,33,6,22,<a_33><b_6><c_22>
4b5cb461f964a520813f29e3,40.63167229840464,-74.0753173828125,307,12,13,2,34,<a_13><b_2><c_34>
4b61b852f964a520ae1e2ae3,40.834227327033474,-73.88933746464586,69,6,51,19,10,<a_51><b_19><c_10>
4d5986b435966dcb64e85528,40.75795271607545,-73.7003231048584,69,2,10,8,21,<a_10><b_8><c_21>
4da1210d540ea1cd2bc361de,40.78049171007595,-73.98642056549622,264,12,12,29,38,<a_12><b_29><c_38>
4dfa70232271faf21fef862e,40.74311584876924,-73.99978059433505,91,16,59,18,38,<a_59><b_18><c_38>
3fd66200f964a520ade91ee3,40.734225002140064,-73.993703273938,127,6,31,56,17,<a_31><b_56><c_17>
4a562c06f964a520a3b41fe3,40.7606417351605,-73.96110971663865,298,4,31,11,45,<a_31><b_11><c_45>
4d8eb207accf2d4337c8b5d6,40.77851247405816,-73.98194405914089,31,2,20,39,9,<a_20><b_39><c_9>
3fd66200f964a5203ee71ee3,40.73109392616922,-74.00284500572215,59,4,20,11,42,<a_20><b_11><c_42>
4b24227df964a520ea6124e3,40.75897723635175,-73.98511779812762,150,9,28,4,41,<a_28><b_4><c_41>
4c45dea9429a0f4725bd4a1e,40.739976243389016,-73.98656978057781,69,9,63,34,33,<a_63><b_34><c_33>
4324c500f964a520ad271fe3,40.741902,-73.98257443333334,56,3,20,23,4,<a_20><b_23><c_4>
4c2b5aaab34ad13af699e9ce,40.739435,-73.989745,69,9,16,17,39,<a_16><b_17><c_39>
4d0a945ef2c1236a74ccfc56,40.72983,-74.00692,156,8,20,10,20,<a_20><b_10><c_20>
44dc96e4f964a520b0361fe3,40.72828321132057,-73.99559140205383,253,4,9,49,17,<a_9><b_49><c_17>
40d62500f964a5204e011fe3,40.73138083854372,-74.00059103965759,43,4,40,2,11,<a_40><b_2><c_11>
4dd29002c65b9d071f9ee4ae,40.687945,-73.944785,318,7,14,43,63,<a_14><b_43><c_63>
3fd66200f964a5201fe51ee3,40.72547161917389,-73.98378318991934,149,4,31,57,30,<a_31><b_57><c_30>
49ecf7f1f964a520ba671fe3,40.73496610102712,-73.97965908050537,240,6,61,1,49,<a_61><b_1><c_49>
4ee51c0129c220f9725b9848,40.76314176757823,-73.97706569629909,34,5,56,41,29,<a_56><b_41><c_29>
4a91817af964a520761a20e3,40.74359606276116,-73.99962565088384,118,7,44,54,44,<a_44><b_54><c_44>
4ebdf3970e019a1629ebd770,40.96603005512718,-73.85720014572144,43,3,61,33,30,<a_61><b_33><c_30>
4aa71d89f964a520fa4b20e3,40.8278914786923,-73.92472170939209,43,1,40,0,27,<a_40><b_0><c_27>
41e5ba00f964a520e31e1fe3,40.721502075213984,-73.98914337158203,56,6,1,26,50,<a_1><b_26><c_50>
4de8584d1838b9ad8d0cff22,40.5981113,-73.93832782,329,9,3,28,26,<a_3><b_28><c_26>
4b678d76f964a520ff542be3,40.71487,-73.9995,106,5,39,8,27,<a_39><b_8><c_27>
49d006ccf964a520f85a1fe3,40.59464553547787,-73.98148492438628,233,6,58,55,14,<a_58><b_55><c_14>
4c7bb8f683a7bfb7f65f8df8,40.73797525266959,-74.02742164453427,56,7,28,33,23,<a_28><b_33><c_23>
4b527fdcf964a520028027e3,40.767414583816894,-73.92131159812078,43,6,25,33,48,<a_25><b_33><c_48>
49cebdeaf964a520815a1fe3,40.71973985357507,-74.00430833093392,106,1,28,41,58,<a_28><b_41><c_58>
4dabc60efa8cc7649754b6a8,40.65899161720216,-73.91504808976158,155,7,25,34,47,<a_25><b_34><c_47>
4507026bf964a52019391fe3,40.73941066749412,-74.00158825866993,47,2,28,32,55,<a_28><b_32><c_55>
46d41aa8f964a520604a1fe3,40.760018699570765,-73.98401589107601,56,4,25,47,13,<a_25><b_47><c_13>
4aabdcddf964a520805a20e3,40.725047,-73.978356,58,3,25,0,6,<a_25><b_0><c_6>
4c212abc9085d13a495e84cc,40.93314089189229,-73.87256459746335,39,11,41,8,33,<a_41><b_8><c_33>
4d090bbf0ead8cfa8247f376,40.77504934281125,-73.98773789405823,48,5,26,9,31,<a_26><b_9><c_31>
4bf9670d8d30d13a9e210218,40.94251513214769,-74.14857120028874,39,8,42,22,47,<a_42><b_22><c_47>
4c6765bb9cb82d7fc4cc93d2,40.62945994855268,-73.96164351717253,299,5,0,9,32,<a_0><b_9><c_32>
4ba37c86f964a520414138e3,40.77315726822019,-73.95519763349618,101,4,10,43,11,<a_10><b_43><c_11>
4acf7fb1f964a5201dd420e3,40.69238982068587,-73.99091631174088,253,6,50,44,38,<a_50><b_44><c_38>
44ca1c8af964a520f6351fe3,40.711812,-73.949068,253,7,2,15,20,<a_2><b_15><c_20>
4faeb0fce4b028e6bca37fbc,40.877199345212254,-73.836025107013,6,9,18,60,41,<a_18><b_60><c_41>
49c6a96af964a5206d571fe3,40.73448312627058,-73.98823409478094,157,13,11,39,10,<a_11><b_39><c_10>
4f759ecfe4b0f41a37ae150e,40.82718998645796,-73.9214780864242,130,20,45,25,40,<a_45><b_25><c_40>
4db618296a23c31a03389788,40.6564523968498,-73.90765907232465,329,27,8,25,7,<a_8><b_25><c_7>
4e34496fa8092599edf845bb,40.72687935074888,-73.98571466180762,344,5,39,11,61,<a_39><b_11><c_61>
4bc5bc8b5935c9b6a843a6d2,40.89180980674431,-73.8201006733848,48,3,20,44,43,<a_20><b_44><c_43>
4bbe05aca8cf76b0b07fb2fd,40.841360137610245,-73.94260371930172,185,4,62,31,58,<a_62><b_31><c_58>
4b997129f964a520c57b35e3,40.82725456465587,-73.839111328125,37,7,16,18,12,<a_16><b_18><c_12>
4ec98ab3b8f758db76b1af91,40.71448092304508,-73.87130987645999,6,7,57,36,26,<a_57><b_36><c_26>
4d630cc2e7f060fc34138872,40.73659884931666,-73.99576350140552,69,2,24,49,36,<a_24><b_49><c_36>
4afd9ecbf964a520322922e3,40.75762764254582,-73.98214817047119,150,1,20,37,51,<a_20><b_37><c_51>
4b13f12bf964a520b69a23e3,40.72634213077722,-74.03284953902666,253,5,55,32,23,<a_55><b_32><c_23>
4b5c54f4f964a520512b29e3,40.58992604665748,-73.95230466471841,48,3,41,58,46,<a_41><b_58><c_46>
3fd66200f964a520dbe81ee3,40.77932013777914,-73.95068596090888,53,4,15,9,44,<a_15><b_9><c_44>
4be9dc5a61aca5932f168300,40.76123919265444,-73.98410197779206,299,7,21,36,62,<a_21><b_36><c_62>
4b53367af964a5208e9227e3,40.76373252155103,-73.97949341469202,99,6,39,36,38,<a_39><b_36><c_38>
4d5f23b4b6b9a1cdd7816b51,40.76025057189712,-73.77720316925277,6,9,44,55,1,<a_44><b_55><c_1>
4a7b8beaf964a52058eb1fe3,40.75559589697087,-73.97380113601685,301,45,13,29,47,<a_13><b_29><c_47>
3fd66200f964a52056ee1ee3,40.71883289192165,-73.95662114190908,233,2,61,11,21,<a_61><b_11><c_21>
4c041c9d39d476b0dc0b31a7,40.77228190441559,-73.98311484779973,232,9,50,41,29,<a_50><b_41><c_29>
4d95d384647d8cfa120ea93d,40.68499608789172,-73.94186034276925,6,12,12,28,4,<a_12><b_28><c_4>
3fd66200f964a5206ee61ee3,40.7272429622671,-73.98270162908769,47,4,61,11,7,<a_61><b_11><c_7>
4b254300f964a520e26e24e3,40.84371651472043,-74.15784358978271,37,4,39,62,25,<a_39><b_62><c_25>
4f3d9498e4b0fbbbd6b25528,40.767237460001375,-73.89482953406639,6,16,57,47,27,<a_57><b_47><c_27>
48e0bd97f964a5201a521fe3,40.747354686763074,-73.9844004114423,43,2,40,4,54,<a_40><b_4><c_54>
4dc70d3aae608779d1635fa2,40.762282,-73.989731,118,5,9,37,39,<a_9><b_37><c_39>
4c33703e7cc0c9b62bccf19a,40.75478977518349,-73.9420756065375,367,23,46,46,35,<a_46><b_46><c_35>
4db87c0dfc608240bc2cf251,40.73350893644008,-73.99316956237647,148,5,61,13,3,<a_61><b_13><c_3>
42853f80f964a52008231fe3,40.72085990169618,-73.98799305706578,270,4,25,25,2,<a_25><b_25><c_2>
4f18c2bae4b01afe9b095a02,40.727291289709385,-73.99377822875977,161,4,61,6,44,<a_61><b_6><c_44>
4a254e1cf964a5204e7e1fe3,40.762844,-73.987543,38,3,25,37,19,<a_25><b_37><c_19>
4e159518e4cded56112921dc,40.62562269014469,-73.94186034276925,6,6,28,46,59,<a_28><b_46><c_59>
4e99f432f790b2a9191bebcd,40.868112,-73.96659,225,26,53,29,16,<a_53><b_29><c_16>
4b3bb228f964a520077925e3,40.86802856198655,-73.9199048280716,307,24,60,31,47,<a_60><b_31><c_47>
4c6827c99cb82d7f6f0a95d2,40.737646,-73.87628,94,2,51,38,27,<a_51><b_38><c_27>
4b65b778f964a52078fb2ae3,40.743901,-73.9235,150,5,52,31,12,<a_52><b_31><c_12>
4faf2643e4b0604808298cc7,40.73752277959516,-73.98527275329975,284,19,3,46,20,<a_3><b_46><c_20>
4e3de1a7c65b4ec275e98c0a,40.72454481015964,-73.94186034276925,6,6,28,30,32,<a_28><b_30><c_32>
4baf8d1ef964a520c2093ce3,40.82215047718175,-73.94093901113698,94,1,10,8,18,<a_10><b_8><c_18>
4e792458d4c0d1e103e0045b,40.91776755014766,-73.86441020323001,321,28,38,60,58,<a_38><b_60><c_58>
4adf50e7f964a520627921e3,40.77832352747964,-73.98911118507385,139,6,22,15,16,<a_22><b_15><c_16>
4b813aa8f964a5205a9b30e3,40.80332477451794,-74.14633487773128,150,8,2,26,17,<a_2><b_26><c_17>
49e28781f964a52037621fe3,40.72042060713788,-73.84588122367859,146,3,31,16,52,<a_31><b_16><c_52>
4075e780f964a52059f21ee3,40.679668384825625,-73.97820175,253,3,52,29,51,<a_52><b_29><c_51>
4dd061ae45ddbe15f8b92f99,40.827749003889046,-73.85003008090051,329,12,54,19,25,<a_54><b_19><c_25>
4f124a38e4b045626819f8c2,40.8910364638721,-74.2120629207231,6,4,32,11,17,<a_32><b_11><c_17>
4fafe8c9e4b085f6b3264155,40.732733511512414,-73.96397959460232,138,15,32,28,61,<a_32><b_28><c_61>
4f8d8da3e4b013d9a55014a3,40.90080727550772,-74.07113588841028,6,14,13,52,20,<a_13><b_52><c_20>
4dee6590c65bf34fc6ebb606,40.88143280741941,-73.83419580083934,324,9,37,59,30,<a_37><b_59><c_30>
4db54c734df05e5aaaeed7fd,40.69233694428164,-74.08724784851074,305,2,51,24,16,<a_51><b_24><c_16>
4b7afd11f964a520664a2fe3,40.69908851493882,-74.07866477966309,305,2,51,24,16,<a_51><b_24><c_16>
4b54be8ff964a52012ca27e3,40.68513950219469,-73.97796102863539,21,8,27,43,38,<a_27><b_43><c_38>
4f9ca0aee4b061449328ab51,40.682201,-73.995931,232,2,61,4,7,<a_61><b_4><c_7>
4f53b208e4b0b589396c1946,40.631744384765625,-73.96792602539062,368,13,35,55,8,<a_35><b_55><c_8>
4075e780f964a52056f21ee3,40.678234702252034,-73.96857131048762,43,2,20,15,62,<a_20><b_15><c_62>
4ed30e36f5b9832add56cf47,40.645638,-73.776775,92,7,11,47,18,<a_11><b_47><c_18>
4b15b4f9f964a520f3b223e3,40.80741037307224,-73.96249294281006,204,14,43,14,2,<a_43><b_14><c_2>
475847d3f964a520cb4c1fe3,40.73977866664367,-73.98508787155151,263,8,44,13,48,<a_44><b_13><c_48>
4c5f7bddde6920a1a1169464,40.705466,-73.932782,43,2,40,26,36,<a_40><b_26><c_36>
4f824b51e4b05766b36ffce0,40.868138,-73.966478,354,10,53,30,43,<a_53><b_30><c_43>
4e4df1ec81308c328c677508,40.83319692340326,-73.91407370567322,309,10,30,52,50,<a_30><b_52><c_50>
4ca822bd76d3a0935c2d136b,40.77519535932481,-73.81249842275241,6,5,17,16,45,<a_17><b_16><c_45>
4b243fd3f964a520a96424e3,40.69297182218783,-73.99813359642076,97,9,17,16,33,<a_17><b_16><c_33>
4b570791f964a5207f2328e3,40.75816605617621,-73.99579219522505,83,14,28,14,40,<a_28><b_14><c_40>
45ac15a4f964a52061411fe3,40.72622617709173,-73.85275840759277,253,4,26,58,8,<a_26><b_58><c_8>
4cea65c3f8653704187abcc4,40.83393156327949,-73.88354480266571,72,12,30,43,61,<a_30><b_43><c_61>
4f1d95fde4b0e6baddcd3f41,40.70037464320136,-73.94091030914655,157,3,42,17,40,<a_42><b_17><c_40>
4fae5867e4b091b462a96176,40.72260749689615,-73.99949366191913,311,14,12,48,42,<a_12><b_48><c_42>
4c1188aad917c92892f4b562,40.75265862668497,-74.00063278107605,6,1,51,57,45,<a_51><b_57><c_45>
4a5e9b4af964a520e4be1fe3,40.76185347443989,-73.98369312286377,253,8,12,49,44,<a_12><b_49><c_44>
4d9c591c7958f04d4570fcf9,40.85425383836847,-73.96673463726128,309,6,10,57,59,<a_10><b_57><c_59>
4b7d6f3df964a52009be2fe3,40.72878729696505,-73.85198593139648,185,11,46,30,7,<a_46><b_30><c_7>
49d91905f964a520005e1fe3,40.80505530825022,-73.95914554595947,139,12,34,32,28,<a_34><b_32><c_28>
4a2f3322f964a520b6981fe3,40.70742,-74.01113,156,5,3,43,22,<a_3><b_43><c_22>
4b562677f964a520a80228e3,40.713852,-74.032611,87,4,55,54,47,<a_55><b_54><c_47>
4a92bca8f964a520811d20e3,40.77943748615269,-73.97724361523622,31,22,63,1,47,<a_63><b_1><c_47>
4f36418ee4b017ad79b8e8a2,40.72384566972602,-73.9992067290734,219,6,11,34,18,<a_11><b_34><c_18>
4f244ff4e4b083187676f853,40.74551452666217,-73.97945323993258,32,9,52,6,51,<a_52><b_6><c_51>
4a836d3bf964a5201dfb1fe3,40.77762296,-73.9822,253,3,5,8,12,<a_5><b_8><c_12>
4133bf80f964a520b31a1fe3,40.77947180359367,-73.9776970208157,43,7,7,18,38,<a_7><b_18><c_38>
42c9cd80f964a520df251fe3,40.673543,-73.967318,43,4,61,15,42,<a_61><b_15><c_42>
4bd6b1f55631c9b66e36a630,40.91354059666688,-73.99784092283586,39,12,48,39,48,<a_48><b_39><c_48>
4bcde1c5b6c49c74651b9691,40.618779,-74.030048,157,2,11,59,51,<a_11><b_59><c_51>
4b15b66bf964a52015b323e3,40.75372663620061,-73.9773416519165,157,17,27,43,21,<a_27><b_43><c_21>
4c410470ff711b8dbf5d1105,40.63382181425697,-74.0152359008789,369,11,29,57,63,<a_29><b_57><c_63>
4fb18686e4b0119ccdadc772,40.80055075705235,-74.20032308006297,6,7,15,55,32,<a_15><b_55><c_32>
4b609a18f964a520a7ef29e3,40.66176329226503,-73.82457107305527,275,4,58,33,35,<a_58><b_33><c_35>
458976f5f964a520dd3f1fe3,40.76289409793405,-73.98438893323356,124,10,29,43,63,<a_29><b_43><c_63>
4b360986f964a520d12f25e3,40.77433,-73.732803,253,14,23,21,22,<a_23><b_21><c_22>
4a116491f964a52011771fe3,40.729765,-73.980866,43,4,40,42,13,<a_40><b_42><c_13>
4e56c5f0483b0500f8ca2eba,40.808450515317375,-73.94511797552862,157,4,15,47,8,<a_15><b_47><c_8>
4c41caa5ce54e21eb38e0b1a,40.69321217941903,-73.93010370763156,6,11,28,60,54,<a_28><b_60><c_54>
4de5835118389f0558645667,40.78137697920257,-73.7183639073073,6,12,36,3,7,<a_36><b_3><c_7>
3fd66200f964a5202ee41ee3,40.72854337080716,-73.98469884462888,47,5,25,6,36,<a_25><b_6><c_36>
44aca0c7f964a52012351fe3,40.73675459511588,-73.99521589279175,157,9,51,53,32,<a_51><b_53><c_32>
4eef2cf202d514a36be765a1,40.78759205697023,-73.97501674700247,253,4,44,27,9,<a_44><b_27><c_9>
4dd10cf4b0fb25f6e3817b33,40.714049,-73.949311,160,22,57,40,12,<a_57><b_40><c_12>
4cdb136b6ad1a093fae9e956,40.59758019804247,-73.93835306167603,329,5,25,28,25,<a_25><b_28><c_25>
4aaa38e9f964a520a15520e3,40.59322988304921,-73.89163970947266,139,9,41,8,1,<a_41><b_8><c_1>
4a1aefc6f964a520a77a1fe3,40.72436428193752,-73.99249811668923,148,5,58,2,32,<a_58><b_2><c_32>
4aa93610f964a5207b5220e3,40.754458,-73.97720496666666,149,7,42,36,30,<a_42><b_36><c_30>
4c0e3a8398102d7f2441e306,40.74767844720846,-74.03275773660057,104,5,51,24,39,<a_51><b_24><c_39>
4ba2a905f964a520930d38e3,40.75673068586622,-73.97406974625711,69,5,51,60,10,<a_51><b_60><c_10>
4ad3b47ef964a520c3e520e3,40.76376010741386,-73.97273819793287,69,2,51,8,27,<a_51><b_8><c_27>
4b61db21f964a52060272ae3,40.75418129107015,-73.98693707874614,31,9,33,37,57,<a_33><b_37><c_57>
4f21fdc2e4b0e1207f246ff7,40.63776202060348,-74.00221376394177,332,7,21,26,32,<a_21><b_26><c_32>
4bc73ace0050b713623eb83b,40.73563272717176,-73.81625890731812,187,4,62,36,37,<a_62><b_36><c_37>
4dd6cf007d8b322663e064c7,40.75848297585545,-73.98504892912212,69,4,10,15,50,<a_10><b_15><c_50>
4ba64027f964a520283f39e3,40.96165519347528,-74.07493114471436,157,2,62,8,49,<a_62><b_8><c_49>
4cd81afca423a35dd914ea42,40.81615510451447,-74.22036003768103,33,4,26,36,54,<a_26><b_36><c_54>
4cea8f2ab997548199010845,40.93729576668424,-73.96066201182619,69,2,31,36,24,<a_31><b_36><c_24>
4c4b8380bad7a5934110efab,40.827270801334265,-74.13460493087769,148,2,20,34,20,<a_20><b_34><c_20>
4691e9b3f964a520c2481fe3,40.725768758926016,-73.99730722279487,164,8,32,51,52,<a_32><b_51><c_52>
4b66def6f964a5202f2e2be3,40.81215734007166,-74.12236440486242,253,1,31,37,54,<a_31><b_37><c_54>
4c328c7066e40f4722c0c68b,40.778790222504085,-73.90658830179062,6,2,61,11,17,<a_61><b_11><c_17>
4f505a09d5fb56d770a49f77,40.75683120568008,-73.98208379745483,69,5,62,9,18,<a_62><b_9><c_18>
4e6aa429b61cc3728dafe88b,40.82305195646278,-73.97602113663933,148,15,11,47,17,<a_11><b_47><c_17>
4bc9f55568f976b0c23c5e83,40.971054,-73.95484791666667,265,2,20,3,30,<a_20><b_3><c_30>
4acca438f964a5201dc920e3,40.7317183252113,-73.98555396792241,106,5,23,43,6,<a_23><b_43><c_6>
4eb6999ccc2143e828778409,40.80631,-73.942012,284,5,41,39,60,<a_41><b_39><c_60>
4a9f0838f964a5204c3c20e3,40.76250357857891,-73.98472309112549,99,5,14,0,18,<a_14><b_0><c_18>
4e760aa5b61c22c638709910,40.7219614905452,-73.95811021327972,301,2,20,41,47,<a_20><b_41><c_47>
4b363b1af964a5205b3125e3,40.796702275247206,-73.69991540908813,79,13,54,15,43,<a_54><b_15><c_43>
4dcc6efd22716e1aafb5a5ac,40.84853929878217,-73.93785065257472,309,14,15,47,30,<a_15><b_47><c_30>
4a395b07f964a5205f9f1fe3,40.730642,-73.992378,110,8,5,54,53,<a_5><b_54><c_53>
49c68eaaf964a5205c571fe3,40.769771,-73.927716,32,4,28,52,29,<a_28><b_52><c_29>
4ae1cb15f964a520708721e3,40.90400958558281,-73.96841526031494,185,7,18,30,2,<a_18><b_30><c_2>
4f95cf8bd5fb282730b426c5,40.76976805976344,-73.95440340042114,43,7,44,50,13,<a_44><b_50><c_13>
3fd66200f964a520a8e91ee3,40.73679403608297,-73.98679974554109,118,4,52,33,32,<a_52><b_33><c_32>
4bb0aa94f964a5206d533ce3,40.73256334475273,-74.06331975614906,140,1,51,37,19,<a_51><b_37><c_19>
4ac67e00f964a520a2b420e3,40.73423003176084,-73.98337310904346,185,4,52,17,62,<a_52><b_17><c_62>
4b5f3f33f964a520c8af29e3,40.75887670476826,-73.99229725641148,253,16,22,56,6,<a_22><b_56><c_6>
4b6d9bb6f964a520ec7f2ce3,40.60924778648116,-73.95837181326816,157,12,34,2,29,<a_34><b_2><c_29>
4cfd0890c671721e54becb18,40.85846571273066,-73.88847617473436,103,19,33,35,5,<a_33><b_35><c_5>
4defd1aa1f6e6d35418a6dc7,40.807736076276925,-73.94555423584045,299,24,46,19,58,<a_46><b_19><c_58>
4dc72d1b887717c8804ef14b,40.832620741427824,-73.91517439531408,48,7,46,54,58,<a_46><b_54><c_58>
4c62d008fa7bc928dcf90e27,40.60832376488109,-74.16391841234065,33,2,24,29,39,<a_24><b_29><c_39>
4c320ad366e40f4767d3c58b,40.60732664579937,-74.16343867778778,110,1,31,36,63,<a_31><b_36><c_63>
4addfb00f964a5200a6721e3,40.753368,-73.97462194,40,4,34,34,45,<a_34><b_34><c_45>
4620e16df964a52087451fe3,40.762098,-73.925686,118,3,51,18,8,<a_51><b_18><c_8>
4e307ad1fa7639e90127c4ac,40.85054300183497,-74.18063940253118,156,2,37,37,10,<a_37><b_37><c_10>
4c38ced2ae2da593576301c6,40.72408143765353,-73.99382952806862,224,4,37,15,12,<a_37><b_15><c_12>
4a74973cf964a520c1de1fe3,40.76253281502538,-73.97431080143446,9,3,37,59,44,<a_37><b_59><c_44>
4c0500ef0d0e0f4706a5049a,40.74277689101572,-74.00063278107605,6,6,39,3,15,<a_39><b_3><c_15>
3fd66200f964a52051e41ee3,40.73466775058902,-73.98776349705562,43,4,20,16,16,<a_20><b_16><c_16>
4ac3dd8ef964a5202a9d20e3,40.746011,-74.26018,253,3,55,43,4,<a_55><b_43><c_4>
3fd66200f964a520b0e71ee3,40.76559120804944,-73.97658359254557,43,7,1,34,61,<a_1><b_34><c_61>
4a01d7b8f964a52001711fe3,40.742707920189744,-73.9847103228191,118,2,24,13,62,<a_24><b_13><c_62>
410c3280f964a520b20b1fe3,40.75691210542717,-73.98881373185682,263,7,25,40,63,<a_25><b_40><c_63>
4b6fa3ddf964a520c3f82ce3,40.88591811661693,-74.01265767828109,53,5,25,47,62,<a_25><b_47><c_62>
4a71ee23f964a520e7d91fe3,40.755002796363215,-73.98374615244924,69,1,0,0,36,<a_0><b_0><c_36>
4d6d3e88da06a1cdaad8a75b,40.7238209721987,-73.98535072803497,178,7,32,13,11,<a_32><b_13><c_11>
4f0f2da5e4b01660de447b3b,40.78662301411383,-73.95062281970543,67,4,61,18,26,<a_61><b_18><c_26>
4ca91dc697c8a1cd8ef08ba5,40.93896744214266,-73.88559943894194,39,10,36,3,29,<a_36><b_3><c_29>
4f7517e8e4b0f62bd306a1dd,40.621783,-74.031636,51,7,4,10,26,<a_4><b_10><c_26>
4ac8b592f964a52054bc20e3,40.840534839134165,-73.94120693206787,185,7,10,45,35,<a_10><b_45><c_35>
4b81ea40f964a520e0c330e3,40.702634,-73.996119,139,3,37,34,52,<a_37><b_34><c_52>
4d38a887b5abb1f730e8df98,40.76883184270567,-73.96759558001601,7,4,37,23,47,<a_37><b_23><c_47>
4a030c2af964a52085711fe3,40.726347595238224,-74.00433702347331,111,16,0,47,53,<a_0><b_47><c_53>
4a663fe9f964a5204ac81fe3,40.726935293656254,-74.00015934446586,253,6,5,4,53,<a_5><b_4><c_53>
4f91fb27e4b02d88431cfce9,40.7313849809688,-74.00880726854618,71,1,31,37,60,<a_31><b_37><c_60>
4a97f535f964a520f92920e3,40.706871115902345,-74.00984017295771,91,20,33,7,32,<a_33><b_7><c_32>
4e8ef5dfb8f7c08295c10d65,40.93860938109822,-73.88496781464188,39,14,34,5,23,<a_34><b_5><c_23>
4e00932062e12fb08937989a,40.93863446166685,-73.88495633054484,267,13,36,3,41,<a_36><b_3><c_41>
4fab5090e4b0eeffb5c77119,40.76025741910786,-73.99089122857772,146,7,48,32,56,<a_48><b_32><c_56>
4b5668d6f964a520370f28e3,40.72206051019107,-73.98854399996996,301,7,11,23,4,<a_11><b_23><c_4>
4f9bff42e4b01da4ffcb8814,40.870715202836486,-73.85954898955855,6,10,58,23,10,<a_58><b_23><c_10>
4c8e1ffb58668cfa6d0ecfec,40.635111754621896,-73.98938762822706,101,3,10,7,27,<a_10><b_7><c_27>
4be86a23ee96c9283410febf,40.647114063793936,-73.88337151868886,253,5,52,38,60,<a_52><b_38><c_60>
4ae6284bf964a5202fa521e3,40.86547280852953,-73.92727017402649,307,10,38,43,8,<a_38><b_43><c_8>
4baebd99f964a520d7d33be3,40.80344731943031,-73.96704196929932,21,5,34,43,1,<a_34><b_43><c_1>
49d675c5f964a520d15c1fe3,40.76734270625945,-73.9657072405405,257,4,15,32,60,<a_15><b_32><c_60>
4ca46d775720b1f7adbd39ef,40.67486171552956,-73.73472168579026,378,3,55,27,0,<a_55><b_27><c_0>
4dc57b9352b1e8f9f7d51323,40.76300141892671,-73.96764149685488,219,5,37,33,1,<a_37><b_33><c_1>
4bf0dbba6f8aa5935657c23c,40.769253995481485,-74.1994603328166,90,14,8,6,2,<a_8><b_6><c_2>
4a257482f964a520557e1fe3,40.73179547061488,-73.98567259311676,238,4,9,37,39,<a_9><b_37><c_39>
4fb6d9a5e4b042632962a3be,40.93855827828266,-73.88512859192987,329,23,36,5,6,<a_36><b_5><c_6>
4a52afccf964a520e9b11fe3,40.72906350306143,-73.98876782007306,140,10,39,56,22,<a_39><b_56><c_22>
4e618465b0fb188e8d4ee431,40.72656947142857,-73.985945,43,5,40,22,11,<a_40><b_22><c_11>
4aee3aa5f964a5201bd321e3,40.75160842933071,-73.85540552119485,79,12,29,35,12,<a_29><b_35><c_12>
42814b00f964a52000221fe3,40.7247422555938,-73.98729289817663,49,5,25,51,13,<a_25><b_51><c_13>
4f4b3acae4b0c132f3c11107,40.72310696218072,-74.2120629207231,6,24,17,28,31,<a_17><b_28><c_31>
4f2b1d1de4b016757646b1da,40.818699932541634,-74.00139888511124,150,9,26,23,33,<a_26><b_23><c_33>
4a43bf53f964a520c1a61fe3,40.739128,-73.952751,252,5,45,58,55,<a_45><b_58><c_55>
4dd5b29781dcd5bca59494d9,40.59181678420415,-73.97895966363139,139,4,26,23,15,<a_26><b_23><c_15>
4c212b1c7e85c9281c14ba21,40.93342226294919,-73.87314319610596,110,16,41,8,33,<a_41><b_8><c_33>
49bbfab7f964a52004541fe3,40.69001786288236,-73.99341633242287,292,3,34,59,41,<a_34><b_59><c_41>
4514efe0f964a520e7391fe3,40.73598131890752,-74.0293093759129,56,2,23,0,6,<a_23><b_0><c_6>
4f4f7d0be4b0e5248142bc5f,40.70922057955228,-74.005140412829,329,19,43,61,48,<a_43><b_61><c_48>
4f5278f1e4b0ee60b905f4ce,40.75605706725121,-74.23554035653764,6,8,56,42,48,<a_56><b_42><c_48>
4c85238574d7b60cb0b698d8,40.69843457,-74.232187,147,6,58,49,52,<a_58><b_49><c_52>
4fb62dcb4fc6cfd3cc2c1acc,40.6599524367078,-73.96886587142944,284,3,11,46,38,<a_11><b_46><c_38>
475bc01bf964a520d44c1fe3,40.75687996739505,-73.9888858795166,118,5,56,34,31,<a_56><b_34><c_31>
4e0d4e4a091acd6746d8e132,40.64977003699423,-73.9605912566185,329,4,31,7,38,<a_31><b_7><c_38>
4edcdb680e011b46f14b9b17,40.72736571411472,-73.98452667169322,238,4,15,8,4,<a_15><b_8><c_4>
4c163ecaa9c220a1f34a5a9d,40.7513102,-73.983793,149,9,10,31,45,<a_10><b_31><c_45>
50071752e4b0921582576f29,40.73964528832806,-73.97606131211575,138,13,35,17,33,<a_35><b_17><c_33>
4a871b30f964a5209a0220e3,40.74139632588608,-74.00481820106506,253,6,5,63,53,<a_5><b_63><c_53>
4e8a24187ee6c0611788114e,40.756025741869145,-73.97033335240646,69,10,10,9,19,<a_10><b_9><c_19>
4fcbab78e4b0b8234c38cbe9,40.91392931521137,-74.04846678174113,124,4,34,43,39,<a_34><b_43><c_39>
4b4caf4bf964a52035ba26e3,40.82655469173991,-73.94860803047597,153,9,59,11,49,<a_59><b_11><c_49>
4c56e1f3b7a31b8d70ea4eda,40.70762708321482,-74.00797520260129,91,30,33,29,0,<a_33><b_29><c_0>
4b954535f964a520369934e3,40.707677,-74.0081495,118,14,5,15,58,<a_5><b_15><c_58>
4be3885e99feb7138a1082f6,40.70762386678751,-74.00798094099952,69,28,33,40,58,<a_33><b_40><c_58>
46caaf24f964a520244a1fe3,40.755500303663126,-73.98915806988491,157,4,15,36,62,<a_15><b_36><c_62>
459bdc46f964a52092401fe3,40.72581151031744,-73.98489475250244,58,3,61,57,24,<a_61><b_57><c_24>
4fb9831fe4b0eca6538628a2,40.67640029272973,-73.81249842275241,6,14,57,47,49,<a_57><b_47><c_49>
4d24710d14f2b1f7ec476ebe,40.728851,-73.851599,234,6,52,60,51,<a_52><b_60><c_51>
4c62b95a58810f47dbd3071e,40.6708904599954,-73.87536113210075,103,1,51,57,0,<a_51><b_57><c_0>
4c178177c2dfc928c816a869,40.836805,-73.85742545127869,306,12,46,55,14,<a_46><b_55><c_14>
4d7a3d77fed6a09338d79e56,40.73091410131154,-73.99139625200611,69,14,33,23,51,<a_33><b_23><c_51>
4c545b1b479fc9280e360293,40.72229086788776,-73.99711784500364,31,6,37,20,42,<a_37><b_20><c_42>
4b740a8df964a52012c52de3,40.754035474213005,-73.94245147705078,307,19,6,4,6,<a_6><b_4><c_6>
4f2989e6e4b0817afd430f8f,40.765063,-73.977083,69,11,17,38,47,<a_17><b_38><c_47>
4f199811e4b026aa4df487bb,40.76908103568334,-73.97712595918333,6,13,45,36,9,<a_45><b_36><c_9>
4f1b95ebe4b0817d3ceb5e12,40.76908103568334,-73.97712595918333,6,12,45,26,63,<a_45><b_26><c_63>
4fb939e8e4b03516573a4708,40.745981761090256,-73.95361626406626,6,28,54,23,32,<a_54><b_23><c_32>
49b6a827f964a5200e531fe3,40.68842703325036,-73.97879201419794,99,1,0,4,60,<a_0><b_4><c_60>
4bfec352daf9c9b64038f9ef,40.753793031110206,-74.21435863712875,150,10,20,22,30,<a_20><b_22><c_30>
4e6fdc84b0fb27effc658cf9,40.81024606751669,-73.98887973002674,6,9,44,4,63,<a_44><b_4><c_63>
4e8a5ef8b803fd0aa0512b87,40.8614401969361,-73.8909101486206,140,5,17,0,26,<a_17><b_0><c_26>
4d3a43f8bf6d54816f7bcbe1,40.77895755666537,-73.97712595918333,6,8,4,23,12,<a_4><b_23><c_12>
4bdf502a89ca76b062b75d5e,40.76737915693862,-73.91811847686768,147,11,58,61,30,<a_58><b_61><c_30>
4f2d69a4e4b0d337d3dd5c2e,40.76510684141493,-73.97693943114712,69,10,10,45,40,<a_10><b_45><c_40>
4d9e4445a603f04db5af3a33,40.711841422104456,-73.85988235473633,299,14,10,1,49,<a_10><b_1><c_49>
4fa12fa6e4b033a85a00f610,40.70111334074296,-73.84200684861939,299,13,10,1,49,<a_10><b_1><c_49>
4f2d8f35e4b04796497a1e32,40.7650482821148,-73.97700256373346,290,10,17,46,30,<a_17><b_46><c_30>
4f14319de4b0d3f8a826eceb,40.74499581625085,-73.9937893563088,71,8,16,0,58,<a_16><b_0><c_58>
4f689a69e4b0c2cd00973b09,40.77846185063751,-73.96112693603378,158,20,38,13,5,<a_38><b_13><c_5>
4ec660c1b634b2fd731076ec,40.87871569491664,-73.98809061998695,347,6,62,8,63,<a_62><b_8><c_63>
3fd66200f964a520d5e61ee3,40.72563263365638,-74.00750041007996,47,3,61,11,1,<a_61><b_11><c_1>
4bcb54340687ef3b057cddcc,40.68183918319127,-73.96677481467539,45,3,37,59,4,<a_37><b_59><c_4>
4b6de7b7f964a520af9a2ce3,40.756430189623146,-73.9131764615132,31,4,37,4,30,<a_37><b_4><c_30>
4fbfed7be4b0c9fe05362c67,40.90719915561692,-73.97712595918333,6,9,4,23,33,<a_4><b_23><c_33>
4b68ad82f964a52092862be3,40.75618883982813,-73.9225516455076,157,5,12,40,58,<a_12><b_40><c_58>
4acec156f964a520d3d120e3,40.884683,-73.899718,43,5,40,10,16,<a_40><b_10><c_16>
4ef5f1ecf790731250ba4d8b,40.82537480738005,-73.9509213052128,33,1,0,0,49,<a_0><b_0><c_49>
4eb2e19e7ee5a4e5f542ba31,40.726328,-73.730388,339,1,0,37,9,<a_0><b_37><c_9>
4fb946fae4b0bb5119584b08,40.79133224487305,-73.80516052246094,254,22,13,5,23,<a_13><b_5><c_23>
4edadb030e011b46ef04e9f3,40.890424479241965,-73.85954898955855,6,7,53,57,56,<a_53><b_57><c_56>
4c2563be905a0f47bc866160,40.70913584192371,-73.72298145775416,39,4,15,21,35,<a_15><b_21><c_35>
4b99826df964a5203c8035e3,40.910107224587655,-74.0324878692627,118,7,7,37,28,<a_7><b_37><c_28>
4e3d38da8877b00cfc43cacd,40.761245770854,-73.99945923000035,329,9,1,47,12,<a_1><b_47><c_12>
49eb58a9f964a520c7661fe3,40.71892124265764,-73.95938776936617,43,2,40,49,52,<a_40><b_49><c_52>
40fc6080f964a520300b1fe3,40.74043789,-73.998375,43,3,25,33,48,<a_25><b_33><c_48>
4ac6bb7ff964a52014b620e3,40.71275398624102,-73.96637304015732,43,6,40,23,48,<a_40><b_23><c_48>
4fc18975e4b0d516251fbca0,40.590357149679136,-73.98456684539201,329,10,57,3,52,<a_57><b_3><c_52>
4f2d903ae4b03caf52f66e41,40.765025728570606,-73.97697960643174,69,11,17,21,33,<a_17><b_21><c_33>
4f3e757ee4b038a0550cd6df,40.72351391597205,-74.22441244863307,369,10,28,40,63,<a_28><b_40><c_63>
4ce8b5d975c62c0f28b5e657,40.73004244582688,-74.2205606541853,91,15,21,23,33,<a_21><b_23><c_33>
4a9d5887f964a5202b3820e3,40.72894871751376,-74.00533552116346,109,4,31,51,29,<a_31><b_51><c_29>
4e67f4e26365d0e7120734fb,40.72902307764932,-73.98088216781616,43,5,40,29,61,<a_40><b_29><c_61>
3fd66200f964a5208fe41ee3,40.72596016102434,-73.98969753155339,53,3,28,3,42,<a_28><b_3><c_42>
4fbfe16ae4b05190680fe0b1,40.77552917709761,-73.97142385887315,368,64,47,6,16,<a_47><b_6><c_16>
4f0a0bcae4b07c8f8dc6bbef,40.70515036027168,-73.71474622561412,369,30,49,53,4,<a_49><b_53><c_4>
4effed9930f899233269cb10,40.663748395411176,-73.94640953280752,49,5,39,14,12,<a_39><b_14><c_12>
4ee10083e300d68c1938dba8,40.66409113218353,-73.94680560864548,63,6,55,26,7,<a_55><b_26><c_7>
4f25dc11e4b063d402001061,40.759248360466025,-73.99605617816322,157,7,21,43,37,<a_21><b_43><c_37>
4bb6226446d4a593ccbcc5c0,40.72135571214154,-73.95639896392822,329,4,52,46,55,<a_52><b_46><c_55>
4fc1a38ae4b099ce173a39d5,40.733212,-73.712695,244,6,61,5,58,<a_61><b_5><c_58>
4d291bbe6e27a1435d752124,40.72678719273266,-74.03197288513182,106,10,27,57,15,<a_27><b_57><c_15>
4dd1b0b845dd9197fae58b04,40.67263892270076,-73.96990862716433,140,4,37,60,45,<a_37><b_60><c_45>
44b7acf4f964a52073351fe3,40.69118178774824,-74.01678085327148,397,16,16,13,50,<a_16><b_13><c_50>
4c8bf1cbed3ab60c95236321,40.69739661931091,-74.01154518127441,87,15,16,2,52,<a_16><b_2><c_52>
4a0fc3c8f964a52085761fe3,40.722534,-73.982745,124,2,31,11,10,<a_31><b_11><c_10>
4aa6ccdaf964a520064b20e3,40.71427455929432,-73.95585772942792,270,2,0,15,31,<a_0><b_15><c_31>
4b23f704f964a520f55d24e3,40.731145066213685,-74.04147863388062,50,7,27,20,23,<a_27><b_20><c_23>
4fbc6f4fa17c3adc648083f2,40.714861605683645,-74.0828838592642,6,9,23,56,34,<a_23><b_56><c_34>
4fa17810e4b0e6e212931099,40.912369,-74.073662,45,8,23,5,54,<a_23><b_5><c_54>
4cd03c82a03a9eb0bd58b103,40.71140759208472,-74.00542733678141,204,24,31,37,15,<a_31><b_37><c_15>
4b889d2ef964a5208a0432e3,40.73330763627338,-73.94017696380615,252,4,5,59,62,<a_5><b_59><c_62>
3fd66200f964a52044e61ee3,40.72717746169356,-74.000483751297,118,6,3,39,48,<a_3><b_39><c_48>
4fc26f8fe4b01d45bf074757,40.72927158036276,-73.85851241279677,91,13,60,49,52,<a_60><b_49><c_52>
4a7c5f48f964a52065ec1fe3,40.738215284871565,-73.99004186799563,298,1,31,37,54,<a_31><b_37><c_54>
4b48ad93f964a520865226e3,40.68526484582348,-73.97782328547032,296,3,20,15,54,<a_20><b_15><c_54>
4fb93e19e4b04abc0c479bec,40.86590418380428,-73.89482953406639,6,5,37,22,15,<a_37><b_22><c_15>
4e0dad39e4cd27fc7d276b93,40.61982218333333,-74.03243615,48,2,31,10,23,<a_31><b_10><c_23>
4ab9b7b0f964a520358020e3,40.76045572900911,-73.98377895355225,307,11,11,31,6,<a_11><b_31><c_6>
4d9e5fb52052f04d07c8b494,40.71532522653398,-74.00952456386844,301,13,19,8,18,<a_19><b_8><c_18>
4bb0079ef964a520c7323ce3,40.624326,-73.93889486789703,91,7,44,4,29,<a_44><b_4><c_29>
4a4e89a5f964a5209eae1fe3,40.7134039998078,-74.03974172,43,1,61,33,48,<a_61><b_33><c_48>
4fc2d33fe4b05570398e29e7,40.745804297147984,-73.88307005845945,6,27,54,1,41,<a_54><b_1><c_41>
4adee193f964a520d77621e3,40.75924127383409,-73.99601026811312,91,9,44,32,63,<a_44><b_32><c_63>
4fbb30cee4b04df08f0cb00a,40.89995265117514,-73.86681061642456,329,7,0,28,1,<a_0><b_28><c_1>
4bcb60fa0687ef3bbb9bddcc,40.74231474726422,-74.21509234320449,139,11,28,49,12,<a_28><b_49><c_12>
4283ee00f964a52085221fe3,40.72898242586681,-73.9958381652832,208,5,62,33,25,<a_62><b_33><c_25>
4c0d8f2e7189c9287e3dd7b6,40.927690347587664,-73.99642919691247,157,15,10,57,1,<a_10><b_57><c_1>
4d7cfb747498a1cd0d4087fc,40.78004672041925,-73.97284150804626,139,4,12,27,28,<a_12><b_27><c_28>
4fc3b71ee4b058bc49002cfc,40.71651730701212,-74.09463109843134,6,5,17,54,10,<a_17><b_54><c_10>
49f37c28f964a520a36a1fe3,40.72801404034635,-73.99303756896549,50,5,50,24,24,<a_50><b_24><c_24>
49bc236af964a5201b541fe3,40.72164843796456,-73.99753332138062,128,4,23,43,8,<a_23><b_43><c_8>
4f61aa6310812ca122be0fc1,40.80435689364969,-73.93747329711914,293,8,2,17,38,<a_2><b_17><c_38>
4fc3e797e4b0524b5d3e8c4a,40.72966216538398,-74.04763775758458,6,56,49,12,33,<a_49><b_12><c_33>
3fd66200f964a52080e81ee3,40.8415358603095,-73.93958427255126,118,4,44,41,17,<a_44><b_41><c_17>
3fd66200f964a52048e81ee3,40.78588891408927,-73.97685908055269,253,3,0,26,15,<a_0><b_26><c_15>
4cb1fa623f0676b0a417fd0c,40.75321867582318,-73.84546279907227,307,8,61,5,3,<a_61><b_5><c_3>
49c826cbf964a520fa571fe3,40.67492686666667,-73.966733,232,1,61,43,46,<a_61><b_43><c_46>
4b428a8bf964a5200ed625e3,40.74582837946323,-73.95688517860609,138,11,19,55,56,<a_19><b_55><c_56>
4e8725b5b634744399350cbe,40.676024317417024,-73.81949755874531,299,19,28,46,47,<a_28><b_46><c_47>
4b4dd4b4f964a520d0d826e3,40.82679440618509,-74.21639351788353,378,7,26,58,9,<a_26><b_58><c_9>
4c066dde1cead13a9bd4a1db,40.738478007566,-73.99049520492554,155,15,42,54,37,<a_42><b_54><c_37>
4c7d8a41d461a1438b857df5,40.76112918213039,-73.93004343007756,157,5,58,17,7,<a_58><b_17><c_7>
4bdaf8c60ef39c7488c71d2d,40.74852161167561,-73.99083957837944,69,16,5,48,53,<a_5><b_48><c_53>
4ecc61de2c5b26aab8912a2d,40.75382614177859,-73.9931064351043,157,1,24,23,18,<a_24><b_23><c_18>
4f50fe6be4b0d16b304e0728,40.879528,-73.991493,69,6,24,62,6,<a_24><b_62><c_6>
4a674aa8f964a5201fc91fe3,40.69110022909528,-73.99160285211633,160,5,12,8,2,<a_12><b_8><c_2>
4ba54a9df964a520f3f638e3,40.76897176836408,-73.99643898010254,311,2,37,27,25,<a_37><b_27><c_25>
4b13f893f964a520169b23e3,40.804072,-73.96695077419281,31,3,31,22,1,<a_31><b_22><c_1>
4e9cada082310f9e5f38ec70,40.69499419362704,-73.92605358844783,83,10,37,46,23,<a_37><b_46><c_23>
4e92000993adf0b0003c91be,40.74643844120671,-74.05212132948934,83,6,11,43,59,<a_11><b_43><c_59>
49bbf847f964a520ff531fe3,40.726909198227226,-73.95266054813497,157,3,55,3,12,<a_55><b_3><c_12>
4bf841a192d1952162335a1f,40.9497244451749,-73.8796218946306,299,15,58,47,17,<a_58><b_47><c_17>
4fc58112e4b0505c6e029179,40.74943136628766,-74.04763775758458,6,12,4,23,27,<a_4><b_23><c_27>
4c0ed3cad64c0f47d2dc285d,40.753464,-73.9908,195,7,24,48,43,<a_24><b_48><c_43>
4fa091f7e4b0f2a774d0c083,40.82161194372715,-73.91215452192912,110,30,46,28,35,<a_46><b_28><c_35>
4f88c077e4b005979da5c996,40.68614152063403,-73.94364845987359,110,20,19,25,11,<a_19><b_25><c_11>
4deaecb2e4cdc079f49247db,40.73186007390721,-74.0621953538615,309,6,20,5,30,<a_20><b_5><c_30>
4fc7f3dfe4b0896b9f093264,40.8130989074707,-74.00180053710938,368,4,26,20,49,<a_26><b_20><c_49>
4d3c44176e0aa1cdc467e12c,40.73857555787898,-73.9070463180542,141,3,51,43,45,<a_51><b_43><c_45>
4ebe165b722eb20686e43dca,40.98764596081398,-73.98887973002674,6,5,55,54,22,<a_55><b_54><c_22>
4f980aa9e4b0d1561acbfc7e,40.7538425238151,-73.98741915652569,36,11,10,31,31,<a_10><b_31><c_31>
4cb44b51eb65b1f7fcc888cd,40.73154769806844,-74.21958622911534,195,4,20,29,7,<a_20><b_29><c_7>
4a5e0b05f964a520f3bd1fe3,40.761398397759166,-73.98193359375,110,7,24,51,53,<a_24><b_51><c_53>
4fc87c1be4b0adae39a01ce7,40.8283149288856,-73.97712595918333,6,51,57,60,27,<a_57><b_60><c_27>
4b0afb9ef964a520192b23e3,40.91818248731055,-74.07540321350098,66,2,0,25,55,<a_0><b_25><c_55>
4a51088cf964a52079b01fe3,40.7640074067716,-73.98678786395,240,13,1,32,31,<a_1><b_32><c_31>
4fbd9dbbe4b0059acac76ef8,40.63715067167281,-73.96736599565752,329,13,1,10,32,<a_1><b_10><c_32>
4b587d2ff964a520455a28e3,40.721717045393135,-73.8445246964693,307,17,38,35,35,<a_38><b_35><c_35>
439ab2a9f964a520d12b1fe3,40.68667485881373,-73.97774934768677,165,5,37,16,60,<a_37><b_16><c_60>
4fcbb364e4b0871e0f1cc951,40.76071686239771,-73.91834636014222,6,7,54,58,48,<a_54><b_58><c_48>
4c538e72fd2ea59341d49e28,40.85801018737459,-74.14769961109803,47,3,25,10,57,<a_25><b_10><c_57>
4aed0b8cf964a520ebcc21e3,40.81440531649213,-73.94437173850456,263,3,25,54,44,<a_25><b_54><c_44>
429ba900f964a52093241fe3,40.71505590186361,-73.9495034949479,146,26,50,2,33,<a_50><b_2><c_33>
4ca0339d2fb1a143f295fa40,40.67200392465371,-74.12986841096105,6,6,56,38,63,<a_56><b_38><c_63>
4aa54f31f964a520f74720e3,40.76406380256933,-73.91577959060669,149,4,61,28,20,<a_61><b_28><c_20>
4bdb71243904a593177b4a9e,40.757895828322525,-73.97765278816223,299,4,17,33,42,<a_17><b_33><c_42>
4bfec5ed4e5d0f4738237d1f,40.741209362255695,-73.95635604858398,79,8,51,22,45,<a_51><b_22><c_45>
4fc6d424e4b08f659ecd5278,40.57683701805455,-73.98165136086156,369,12,30,21,47,<a_30><b_21><c_47>
4b39f942f964a520e95f25e3,40.93954445977858,-74.12166474203767,79,2,26,58,26,<a_26><b_58><c_26>
4dbd62936a23e294ba43f080,40.81338936633352,-73.93073805599286,299,7,41,36,31,<a_41><b_36><c_31>
4fc8c237e4b03a05d4b08675,40.70697756320165,-74.00999510813811,69,22,33,43,33,<a_33><b_43><c_33>
4b4c888df964a52062b526e3,40.74824321816166,-73.99192996850243,69,2,51,36,14,<a_51><b_36><c_14>
4b316640f964a5202e0625e3,40.59245497715398,-74.16285436034939,40,24,2,55,59,<a_2><b_55><c_59>
4ab52081f964a520a57220e3,40.75645362530212,-73.98866451851946,301,3,10,13,4,<a_10><b_13><c_4>
4b0c6a4bf964a520c63c23e3,40.72852752666652,-74.00748169970981,69,24,33,37,7,<a_33><b_37><c_7>
4d974d78daec224b0d682c3e,40.70840115230939,-74.00800963298805,91,10,10,45,41,<a_10><b_45><c_41>
4bfd153ce529c928a654ba8c,40.864414,-73.961934,160,3,24,35,24,<a_24><b_35><c_24>
4dd7dcebc65bee535abc62ad,40.756135136658735,-73.99784092283586,149,5,51,38,27,<a_51><b_38><c_27>
4d2276bae56f6ea82a9a851d,40.73727955283065,-73.98442910696116,330,4,51,18,23,<a_51><b_18><c_23>
4f392a757beb8cc4345f3782,40.75386723884809,-73.98179411888123,290,2,51,0,37,<a_51><b_0><c_37>
4eb9b4ab30f83d1f289bc0e2,40.81135694948407,-73.98144006729126,157,7,23,0,0,<a_23><b_0><c_0>
4f6c5d3fe4b0f577d0d4c309,40.74739874050452,-73.93213304102109,81,9,17,15,42,<a_17><b_15><c_42>
4e24b451fa76c80b5f59bbc7,40.68499608789172,-73.94186034276925,6,1,31,59,56,<a_31><b_59><c_56>
4a78c5fff964a52063e61fe3,40.73081838902494,-73.99138477421569,69,5,62,41,53,<a_62><b_41><c_53>
4bff4281daf9c9b68c0cfaef,40.75466940037547,-73.84812355041504,314,21,29,41,49,<a_29><b_41><c_49>
3fd66200f964a5206ae51ee3,40.768369,-73.955709,263,4,40,10,1,<a_40><b_10><c_1>
4fcd67e7e4b0ef380f9d4e85,40.731154,-73.860719,329,11,27,16,34,<a_27><b_16><c_34>
4a7722d4f964a520b2e31fe3,40.71631412096641,-74.05027627944946,185,3,0,13,15,<a_0><b_13><c_15>
4e91bf4561afcfde2a59a226,40.74899616516048,-74.21214030488811,132,2,0,43,49,<a_0><b_43><c_49>
4fcd726ce4b0d49882078a21,40.74916220499632,-73.90658830179062,6,12,56,13,34,<a_56><b_13><c_34>
4e23534b62e1964dbb7aad70,40.755885775,-73.978500425,71,7,11,39,11,<a_11><b_39><c_11>
4b0cd4dbf964a520224223e3,40.7796238877232,-73.95570849054509,31,7,29,43,25,<a_29><b_43><c_25>
46046e6bf964a520b6441fe3,40.73429763507372,-74.00621350620632,53,5,28,10,16,<a_28><b_10><c_16>
4f72e141e4b05b6a687e611c,40.873274800615,-73.88054638747536,281,2,26,60,25,<a_26><b_60><c_25>
4e3b4b9052b1a04afefc156d,40.74928103988808,-74.05019940185012,329,8,35,22,38,<a_35><b_22><c_38>
4b3a52ccf964a520a36425e3,40.752036441838,-73.99116095716512,160,4,62,48,58,<a_62><b_48><c_58>
4e6d188718381712da295c40,40.798281,-73.963556,146,1,51,57,0,<a_51><b_57><c_0>
4e99e5ec9adf277db7775050,40.867133274376464,-73.8783413787014,69,3,51,35,37,<a_51><b_35><c_37>
4c0e39ebc700c9b62079a3dd,40.730185708117375,-73.8631010055542,253,7,46,59,48,<a_46><b_59><c_48>
4f1833e0e4b01bd09790a627,40.70478900811515,-73.9883316575796,69,3,24,19,36,<a_24><b_19><c_36>
4f070dd8e4b0ad9c23b7ea01,40.69402062684463,-73.92782749938354,103,4,24,35,24,<a_24><b_35><c_24>
48fa0ebef964a52050521fe3,40.72306982876064,-74.00795224900666,284,1,31,36,18,<a_31><b_36><c_18>
49e62e17f964a5201a641fe3,40.779786,-73.95963,146,4,24,15,20,<a_24><b_15><c_20>
3fd66200f964a5206de91ee3,40.7264680648502,-73.99565979838371,233,6,37,2,46,<a_37><b_2><c_46>
4e0b8d8e62e1a5e780750ff2,40.8684001,-73.9013328,118,3,34,59,41,<a_34><b_59><c_41>
4e03351ed164b56ad5332dc5,40.756754060781375,-73.97431654083975,157,4,34,15,60,<a_34><b_15><c_60>
44802b64f964a5200a341fe3,40.76173157920592,-73.96798610687256,69,4,51,61,2,<a_51><b_61><c_2>
4fcd709f6b74fbb96faee284,40.76620905075257,-73.92425537109375,329,10,53,58,27,<a_53><b_58><c_27>
4aca2b25f964a520b8c020e3,40.75645382782042,-73.98297710832779,31,3,20,15,54,<a_20><b_15><c_54>
4c632e20de1b2d7fc92ee470,40.7904090741916,-73.94028460469825,91,2,0,17,55,<a_0><b_17><c_55>
4e239509fa761d6710926ed4,40.869261377738766,-73.91834636014222,6,11,57,12,7,<a_57><b_12><c_7>
4b6ee75af964a52011d02ce3,40.77079184896987,-73.98592472076416,198,75,38,36,41,<a_38><b_36><c_41>
4f05a531722e1ef4e34acada,40.86187428993754,-73.88083349616652,130,2,51,37,37,<a_51><b_37><c_37>
4d8ec2fefa943704afaf0bc6,40.83018008129999,-74.20032308006297,6,1,51,57,1,<a_51><b_57><c_1>
4c879d1bb504a1435cd6b71c,40.77056711201932,-73.98410197779206,152,27,3,52,12,<a_3><b_52><c_12>
4abd18aaf964a5206a8820e3,40.80383638197959,-73.96740617294,21,16,16,1,22,<a_16><b_1><c_22>
4b67512ef964a52090472be3,40.78202291713503,-73.95167325704381,31,3,20,19,17,<a_20><b_19><c_17>
50aeda7b7ab4aecf17b12bd6,40.757643896260056,-73.98590326309204,138,1,31,37,54,<a_31><b_37><c_54>
4e8398fdf790caced933cc04,40.69404523765856,-73.96137714385986,45,3,9,27,38,<a_9><b_27><c_38>
4c37f0c0dfb0e21e80d8ada8,40.833165200622425,-73.94186034276925,6,44,60,42,63,<a_60><b_42><c_63>
4afad275f964a520d51822e3,40.69324948083404,-73.99137903532021,48,2,41,10,55,<a_41><b_10><c_55>
4b943f56f964a520027134e3,40.85694778615185,-73.79164315382451,237,2,0,20,20,<a_0><b_20><c_20>
4f4f43c6e4b0f022a0503400,40.77728739385495,-73.96537147003376,6,17,53,23,51,<a_53><b_23><c_51>
4e0e4c477d8bb178a8a7cd6b,40.72412957959175,-73.80073403370818,6,12,53,58,45,<a_53><b_58><c_45>
4edae02c9911a3e78dd03897,40.74204545087182,-74.00076189994842,148,3,0,25,48,<a_0><b_25><c_48>
4ef63bd5490124bf9889f43a,40.88886850464828,-74.10844521173414,293,7,15,60,32,<a_15><b_60><c_32>
4c025f98f56c2d7fcf4d1b66,40.838728343544574,-73.85827695692603,48,5,44,41,60,<a_44><b_41><c_60>
4f77e3d9e4b06ff836a5b1d9,40.72388895797761,-73.9504850570081,233,5,44,62,12,<a_44><b_62><c_12>
4dab7425fa8cc764974da770,40.68383327254962,-73.93749474191857,369,45,54,56,53,<a_54><b_56><c_53>
49bdeaa9f964a520a0541fe3,40.719172424771976,-73.96151661872864,270,5,4,27,44,<a_4><b_27><c_44>
4ae316a5f964a520609021e3,40.70452181142012,-74.00918600081165,329,13,57,27,23,<a_57><b_27><c_23>
4fd2fc7ce4b065401a58fbc2,40.82770707987748,-73.94696633484115,329,11,28,53,47,<a_28><b_53><c_47>
4c46e1c189a6c9b669609888,40.66336175425205,-73.85954898955855,6,15,29,7,6,<a_29><b_7><c_6>
4eb71f2f9adfc68713220233,40.66328944505612,-73.85417079094847,264,19,46,53,63,<a_46><b_53><c_63>
4c88d390da5da1cdfbf636e9,40.66338524388371,-73.8541880197959,158,6,41,1,41,<a_41><b_1><c_41>
4beea0c635dc0f473504405b,40.75577582071087,-73.69202145361648,158,7,33,37,24,<a_33><b_37><c_24>
4adce552f964a520506221e3,40.79659548530821,-74.1974997892039,89,1,24,23,4,<a_24><b_23><c_4>
4fd2931ee4b0052fbb25ca41,40.7418112381317,-73.98826278972687,251,20,16,11,42,<a_16><b_11><c_42>
4e2add11e4cd3bc1668e61e3,40.69054151282002,-73.93374615934772,306,5,3,24,5,<a_3><b_24><c_5>
4db8be730437609120f36700,40.67979989656288,-73.92130011616356,368,15,54,19,31,<a_54><b_19><c_31>
4bd30b96462cb7136f5fdd07,40.6497376836613,-73.88913649733915,48,6,27,57,34,<a_27><b_57><c_34>
4e08a109ae60a90eabcffd1e,40.69050658427037,-73.933539497251,110,7,3,24,28,<a_3><b_24><c_28>
4a9479ecf964a520b72120e3,40.76214602208933,-73.96845817565918,294,6,37,48,28,<a_37><b_48><c_28>
4f6320a7e4b0b3b496002a34,40.884835891587976,-74.21012257381425,48,10,45,14,0,<a_45><b_14><c_0>
4d679f0b9792b1f7626c3f1f,40.68833899115064,-73.96537147003376,6,6,30,3,6,<a_30><b_3><c_6>
4ae0a415f964a5202e8121e3,40.709917,-73.847299,232,5,42,20,32,<a_42><b_20><c_32>
4d9f8d97a428a1cdd92acb04,40.723019825,-73.995854,32,1,0,37,9,<a_0><b_37><c_9>
4dcd5387e4cd130e164ae5a7,40.82329902868254,-73.94186034276925,6,1,25,0,27,<a_25><b_0><c_27>
4fd40649e4b034e1fa5b729a,40.60259048645985,-73.98887973002674,6,6,61,5,20,<a_61><b_5><c_20>
49e8ee5ff964a520b0651fe3,40.780081,-73.95017,43,2,51,37,44,<a_51><b_37><c_44>
4fd2c530e4b0b20a90647edd,40.73569746375886,-73.81249842275241,6,7,7,5,60,<a_7><b_5><c_60>
4c7e594310916dcbdcfb2b96,40.73592510499496,-73.88307005845945,6,5,0,6,63,<a_0><b_6><c_63>
4a843826f964a520f2fb1fe3,40.77548,-73.911166,157,7,34,18,8,<a_34><b_18><c_8>
4e512363a80997aa8a505108,40.83665274287982,-73.92587562237857,94,1,24,23,18,<a_24><b_23><c_18>
4fbee3bc00398a18deb973f6,40.7062774576441,-73.88307005845945,6,5,17,16,35,<a_17><b_16><c_35>
4e54320522710ebb5a87a1d8,40.82639152934086,-73.94816603686832,330,8,39,32,0,<a_39><b_32><c_0>
4a959138f964a520b02320e3,40.7652370075898,-73.95760840770957,149,3,23,0,8,<a_23><b_0><c_8>
4c6773349cb82d7f87f593d2,40.6817846581621,-73.98887973002674,6,4,30,25,29,<a_30><b_25><c_29>
4d7d34577498a1cdb4bc8bfc,40.75877062877219,-73.91840664132589,125,4,0,9,4,<a_0><b_9><c_4>
4a414e48f964a52010a51fe3,40.68410746342771,-73.999344456893,232,4,61,47,46,<a_61><b_47><c_46>
4b9db320f964a520dcba36e3,40.72528919242969,-73.72103330684241,21,3,56,27,48,<a_56><b_27><c_48>
4e19c38514957dc705e3c599,40.82731769448724,-73.94561737869883,110,15,28,28,35,<a_28><b_28><c_35>
3fd66200f964a5200ae51ee3,40.72607169369348,-73.98347854614258,43,3,25,37,48,<a_25><b_37><c_48>
4d29d6d7849f37041b5b8241,40.92609035622175,-73.85365392482477,157,13,26,60,11,<a_26><b_60><c_11>
4fd0c125771612796641f8b7,40.72435609079902,-73.99737238883972,71,6,24,9,27,<a_24><b_9><c_27>
4bd63cad6798ef3b7ce9648d,40.77085290125466,-73.98486527831999,201,27,51,45,1,<a_51><b_45><c_1>
4c64835a3f69c9b6ced788d9,40.7259,-74.005962,71,11,42,61,59,<a_42><b_61><c_59>
4cc976d941e7548161825c84,40.75408423797854,-73.98231983184814,69,9,12,41,48,<a_12><b_41><c_48>
4e55536862e1172821f3a928,40.7377305385127,-73.78731730034676,329,9,16,16,34,<a_16><b_16><c_34>
4c97ee347b9d37049703da85,40.76433414082926,-73.95784948347529,104,2,37,0,4,<a_37><b_0><c_4>
4d4218cd607b6dcb31df08c6,40.74008,-74.030934,43,5,40,20,15,<a_40><b_20><c_15>
4ddd68ae45dd033c3918001b,40.7450671882921,-74.21509234320449,139,5,20,23,33,<a_20><b_23><c_33>
4c7c3286247cb60c7f7a5d5e,40.78009388651336,-74.16505034910999,83,12,55,37,1,<a_55><b_37><c_1>
4ae10ae7f964a520ce8421e3,40.86046649134126,-73.9255428314209,307,6,10,44,26,<a_10><b_44><c_26>
4ab95ceaf964a520177f20e3,40.77095773223109,-73.98431432486001,200,26,5,4,44,<a_5><b_4><c_44>
4db4d32f4df05e5aaae7ab26,40.68990012489897,-73.93075527809141,109,25,23,13,58,<a_23><b_13><c_58>
4fcce5eae4b00d94c716cd92,40.66745894925976,-74.10527926840147,278,8,55,18,28,<a_55><b_18><c_28>
4c8ab7081eafb1f700e67c35,40.70398500916831,-74.09881353378296,318,6,41,34,7,<a_41><b_34><c_7>
4af0cb26f964a5203edf21e3,40.75953471798171,-73.97844886821815,91,1,31,4,25,<a_31><b_4><c_25>
4bbf8a28f8219c74a127b010,40.74380843969062,-73.98298858662089,301,14,45,10,1,<a_45><b_10><c_1>
4fcc412ae4b09949e49201c8,40.78229374678743,-74.00063278107605,6,21,48,58,34,<a_48><b_58><c_34>
4ba95321f964a520f71e3ae3,40.73321323674264,-73.80445356306849,48,5,35,58,38,<a_35><b_58><c_38>
4bd876a009ecb71313e8487c,40.74448451947526,-73.98340180471577,228,10,54,15,43,<a_54><b_15><c_43>
4df38937d1649c8a28e34ae3,40.66353831793504,-73.93010370763156,6,5,30,27,18,<a_30><b_27><c_18>
4f3da934e4b038a0543d29f6,40.614733,-73.977274,329,14,58,28,35,<a_58><b_28><c_35>
49c9660bf964a5205d581fe3,40.77612993333334,-73.910881,253,7,33,11,4,<a_33><b_11><c_4>
4c0f17e4d64c0f47d05a295d,40.77040183589408,-73.98463726043701,188,17,24,48,37,<a_24><b_48><c_37>
4f2061d7e4b089ad65f8c158,40.81343117375547,-73.94186034276925,6,15,45,38,18,<a_45><b_38><c_18>
4d8bec979f3fb1f7cb94fcbc,40.8242215167021,-73.89264478264728,369,27,8,13,42,<a_8><b_13><c_42>
4e6aa5db18a83989ec8fb275,40.823047,-73.975966,233,9,15,39,23,<a_15><b_39><c_23>
4fccfed41081ba9a64ce9613,40.73471408208615,-73.99995803833008,32,1,61,0,46,<a_61><b_0><c_46>
4c9259247088a143b7aab843,40.82815476666666,-73.972297,39,14,19,63,41,<a_19><b_63><c_41>
45ebc982f964a52091431fe3,40.73037217266398,-74.00198422096011,233,3,28,59,9,<a_28><b_59><c_9>
4b93f367f964a520565c34e3,40.721502075213984,-73.84417533874512,83,3,26,9,31,<a_26><b_9><c_31>
4fdb31fbe4b09756c153c42f,40.81341171264648,-74.00198364257812,368,6,42,20,45,<a_42><b_20><c_45>
4f2ac616e4b05997ed6584ef,40.882576991855856,-74.05599954805066,103,15,62,27,22,<a_62><b_27><c_22>
4e6799c7b9939a72b317decd,40.75117963791028,-73.9834132829835,91,13,10,31,45,<a_10><b_31><c_45>
4fdcdf3be4b0b1923302e9f7,40.8283149288856,-73.97712595918333,6,18,43,52,17,<a_43><b_52><c_17>
4ee9511902d5d0dbe477543e,40.88805430354332,-73.8604305062176,108,18,58,13,42,<a_58><b_13><c_42>
4e17245245ddc623eb0f8fc6,40.89636854723403,-73.85535957788257,330,7,15,44,7,<a_15><b_44><c_7>
4b1b1f52f964a52074f823e3,40.76040696991703,-73.99489402770996,221,3,5,27,8,<a_5><b_27><c_8>
4dddc4761f6e03694735a90f,40.65532415686796,-73.95964032259444,329,15,14,47,28,<a_14><b_47><c_28>
4c42f926ce54e21e9b640d1a,40.72268115663436,-73.85954898955855,6,5,30,37,10,<a_30><b_37><c_10>
4a27d1baf964a52089911fe3,40.712016,-74.01684,264,2,26,9,30,<a_26><b_9><c_30>
4b8d436bf964a520a2f032e3,40.70413141043032,-74.1860818862915,301,8,12,47,56,<a_12><b_47><c_56>
4df8aa53b0fb9724c5d92ac1,40.677160037990255,-73.80491885836852,63,11,28,7,60,<a_28><b_7><c_60>
3fd66200f964a520f7e51ee3,40.729297381123935,-73.99183240753338,263,1,0,4,60,<a_0><b_4><c_60>
4fb48535e4b02faa1c408950,40.72192027210859,-73.95813647804194,243,1,0,0,16,<a_0><b_0><c_16>
4f74c576e4b0dd96b7379740,40.67295509289303,-73.87084186634232,108,41,60,60,45,<a_60><b_60><c_45>
4d30768cf9daa1cd50686650,40.82191335450195,-73.97825373253355,195,11,10,31,60,<a_10><b_31><c_60>
4b85b6b2f964a520996e31e3,40.78716214782339,-73.96537147003376,6,9,24,29,17,<a_24><b_29><c_17>
4bdb964ec712b71350aa63b4,40.75228597087123,-73.99172336874453,221,4,31,36,46,<a_31><b_36><c_46>
4acf73def964a520c8d320e3,40.75303705108062,-73.99122982397773,205,18,42,44,19,<a_42><b_44><c_19>
41366280f964a520ce1a1fe3,40.747558,-73.993104,53,2,31,43,45,<a_31><b_43><c_45>
4afb14c6f964a520f91a22e3,40.80492716921595,-73.96622954905502,21,6,11,61,43,<a_11><b_61><c_43>
4a57cf98f964a520ddb61fe3,40.73216902800922,-73.99034603133893,7,8,0,40,35,<a_0><b_40><c_35>
4a774f23f964a5201fe41fe3,40.728445820010194,-74.00768280029297,69,6,20,10,19,<a_20><b_10><c_19>
4edd659e5c5c96a201ddd39f,40.68154051914814,-73.9226951689998,318,10,4,61,23,<a_4><b_61><c_23>
4eb1907b775b7cb808f59881,40.6796015383585,-73.92159864683077,124,12,54,30,24,<a_54><b_30><c_24>
4bb9d3e798c7ef3bb2573202,40.707353,-74.004935,157,3,42,8,18,<a_42><b_8><c_18>
4fcf2c99bb3dbab410090975,40.72825068953495,-73.98465871810913,253,7,8,9,38,<a_8><b_9><c_38>
4f10aa2ae4b0d59e1f2ca582,40.80117332934505,-74.01482820510864,135,9,59,38,58,<a_59><b_38><c_58>
4ede9c021081e487b52a214f,40.66979964220025,-73.91386985778809,155,1,24,23,55,<a_24><b_23><c_55>
4de087f5c65bcc724f42a314,40.73490106397246,-74.02931213378906,79,16,60,46,8,<a_60><b_46><c_8>
4c6d8a2d65eda093cfec4ed0,40.715005630180826,-73.83074965216159,91,11,10,45,41,<a_10><b_45><c_41>
4f10c8cce4b0456266737b23,40.701512716703405,-73.9272763831584,58,2,61,36,24,<a_61><b_36><c_24>
4e4c36afbd41b9fca4317c1c,40.77411744621254,-73.87395425621024,253,5,52,45,44,<a_52><b_45><c_44>
4d515bcbedc68eec6c34c1a4,40.758505337427664,-73.9703893661499,69,14,51,19,41,<a_51><b_19><c_41>
4faa72b2e4b0f00008ead41e,40.67282273372251,-73.99241777260337,290,8,62,59,57,<a_62><b_59><c_57>
42ffdb00f964a520f3261fe3,40.74595644996025,-73.91464233398438,149,3,51,34,23,<a_51><b_34><c_23>
4e0cfe6ae4cd27fc7d21976c,40.744030085263496,-73.98403884753738,243,3,28,21,55,<a_28><b_21><c_55>
4e8b5f19f5b97ad7c4684df6,40.81669915496876,-74.07417333666622,321,11,27,8,38,<a_27><b_8><c_38>
4fee1fcde4b0eb402e42b690,40.76786088094523,-73.91617909565247,329,9,50,58,10,<a_50><b_58><c_10>
4b898555f964a520683e32e3,40.69677841595902,-73.93549919128418,253,2,0,0,17,<a_0><b_0><c_17>
4e1c02b6483bf2b0dbb57721,40.75736154023456,-73.89482953406639,6,11,4,1,63,<a_4><b_1><c_63>
4eaca3ed0aaf9e9a23d05e8a,40.76775997031585,-73.91594,136,5,23,36,55,<a_23><b_36><c_55>
4fc7682ee4b0b4c8bc812413,40.76217040100198,-73.97281408309937,69,4,10,6,21,<a_10><b_6><c_21>
4fe203d8e4b09e457c0a37cf,40.724611837936656,-73.99843200824306,329,10,62,60,10,<a_62><b_60><c_10>
4fe9f594e4b0f9672dc5b081,40.80323038208842,-73.9670617959612,146,31,59,55,56,<a_59><b_55><c_56>
4d3f2cd83ec9a35dc1106181,40.67993866388484,-73.92109918180245,187,17,54,62,0,<a_54><b_62><c_0>
4d8777eb9324236abfb7f60e,40.7654472018371,-73.81678064813664,306,2,10,33,55,<a_10><b_33><c_55>
4ec5666d4fc6711af251cbfd,40.71637917618738,-73.9609694480896,157,2,31,16,49,<a_31><b_16><c_49>
4f3020f6e4b007725d366bf1,40.965446426312695,-74.06296407859656,118,28,6,12,34,<a_6><b_12><c_34>
42829c80f964a5202f221fe3,40.75453841655905,-73.98646647784138,69,7,62,9,7,<a_62><b_9><c_7>
4b292e73f964a5207b9a24e3,40.87357785842893,-73.90859127044678,253,2,10,60,55,<a_10><b_60><c_55>
4b11588cf964a520ab7a23e3,40.69114924783757,-73.76555442810059,81,10,55,13,37,<a_55><b_13><c_37>
4fc64601e4b00d5559a7ac5c,40.81142848322627,-74.1967430825946,155,14,45,61,24,<a_45><b_61><c_24>
4b111995f964a520107823e3,40.76753191557166,-73.9623380296344,48,1,20,41,12,<a_20><b_41><c_12>
4e0123ec62843b639cfab90d,40.72891738296314,-74.0413498878479,48,6,15,19,14,<a_15><b_19><c_14>
4ba27fe3f964a520affe37e3,40.87081138135009,-73.9888322353363,104,8,20,2,10,<a_20><b_2><c_10>
4c79d6804dc1ef3b30bb309e,40.69617272249676,-73.81249842275241,6,18,54,23,46,<a_54><b_23><c_46>
4b959293f964a5201eaa34e3,40.618016371619404,-73.95954251289368,307,4,26,53,62,<a_26><b_53><c_62>
4ff4271ae4b0b8fda8c37cc8,40.745180776401206,-73.97943602217596,138,41,47,18,3,<a_47><b_18><c_3>
4fec4c01e4b06e7fdf8594e8,40.694809888122464,-73.99426102638245,369,11,38,36,10,<a_38><b_36><c_10>
4fa5cedbe4b038e6a2b5ed1c,40.96517162512245,-74.06274608234698,58,21,57,24,2,<a_57><b_24><c_2>
4edfd5865c5cced979ab7dd1,40.78663971232664,-73.97563659951209,118,4,9,21,16,<a_9><b_21><c_16>
4bbefc9fba9776b01568fec8,40.77345687705287,-73.88588905334473,273,1,37,37,6,<a_37><b_37><c_6>
4c01da973f0a9c74df63a0ec,40.75455194816804,-73.97195763083973,329,4,44,4,12,<a_44><b_4><c_12>
4ff4c10ce4b01d081f52b0b8,40.75167775771431,-73.99120686837627,284,18,44,36,25,<a_44><b_36><c_25>
4d1b81e99aa5548136c5cee0,40.96516606425115,-74.06289523770276,91,6,31,6,51,<a_31><b_6><c_51>
4ebc10798231dffdaf6139c6,40.96183293901183,-74.0603022124755,284,23,8,55,45,<a_8><b_55><c_45>
4f1b3a3de4b0889e0519b1ed,40.7615269692805,-74.00021673078398,329,2,0,49,57,<a_0><b_49><c_57>
4ed577f930f803fae847e4b0,40.725851,-73.994335,97,4,63,59,57,<a_63><b_59><c_57>
4fb2a1b3e4b0aa4c16e72536,40.68735739495376,-74.14447698936083,72,3,10,54,23,<a_10><b_54><c_23>
4f42ce8fe4b0899ccd92ca55,40.74980914532915,-73.98567795753479,43,5,15,15,16,<a_15><b_15><c_16>
4b1be8cef964a520defe23e3,40.972154374213545,-73.96090507507324,253,19,46,19,30,<a_46><b_19><c_30>
4d74eb5b1a8aa35d8a3e16a7,40.67399629087723,-73.8721970827602,306,12,17,40,35,<a_17><b_40><c_35>
4ff4f866e4b0cdc6b7550e20,40.77466128072195,-73.95453179531418,329,6,1,32,23,<a_1><b_32><c_23>
4e43461dfa76eeb2dab61834,40.9145503626772,-73.99710416793822,233,5,20,5,23,<a_20><b_5><c_23>
4fee7599e4b0caa9ac002743,40.81348037719727,-74.0018539428711,368,4,29,0,62,<a_29><b_0><c_62>
4fa16401e4b0dae72e3925a3,40.74422471878332,-73.98403884753738,43,7,40,28,13,<a_40><b_28><c_13>
4ff6b4bde4b01ead01ee925a,40.76936,-73.987263,157,5,30,4,62,<a_30><b_4><c_62>
4fba81e5e4b08bf7c71b374f,40.745731,-73.992756,71,1,51,57,31,<a_51><b_57><c_31>
4e56dcb252b1d8d4e3115217,40.61740978149997,-73.95989861532688,369,17,42,44,11,<a_42><b_44><c_11>
4eee25d19911d70cb8981e4e,40.758189309567456,-73.91956633284042,253,1,24,23,25,<a_24><b_23><c_25>
4f95ba5be4b0d95a82d3d4a7,40.88822292326856,-73.91164355012553,158,6,3,48,55,<a_3><b_48><c_55>
46615a4ff964a52064471fe3,40.797223,-73.93469,233,1,31,36,46,<a_31><b_36><c_46>
4fa164b5e4b0cca3845819d1,40.78260006270388,-73.97871287500564,146,1,26,15,0,<a_26><b_15><c_0>
4c93cf0a6b35a143937915dc,40.88729678663871,-73.90658830179062,6,3,30,3,6,<a_30><b_3><c_6>
4ff764c3e4b01ead023da588,40.700051,-73.996479,148,5,15,61,63,<a_15><b_61><c_63>
49da463af964a5206c5e1fe3,40.73095572564641,-73.98595570238331,166,3,20,21,28,<a_20><b_21><c_28>
4fe0eda4e4b0085f8737a2cc,40.7753842689747,-73.95314271171823,58,4,44,54,12,<a_44><b_54><c_12>
4c7c5052aa3ba0935588aa74,40.761942896511016,-73.78896894871082,6,5,30,15,8,<a_30><b_15><c_8>
41fd7500f964a5204d1f1fe3,40.73295047044622,-74.00384924971897,63,4,25,34,31,<a_25><b_34><c_31>
4c634bfee1621b8da8c42553,40.862368662389,-74.2275820939515,156,2,51,57,0,<a_51><b_57><c_0>
4c252fc0136d20a1dc26e361,40.79691751000055,-74.17977333068848,48,4,15,56,26,<a_15><b_56><c_26>
4c4718995438b713d841b67b,40.72655953478189,-74.032541513443,140,7,15,56,11,<a_15><b_56><c_11>
4ff8b332e4b02089192b07d2,40.62562269014469,-73.94186034276925,6,11,19,58,47,<a_19><b_58><c_47>
4d39adca6de7721efe03e749,40.59225076450126,-74.16298623508035,253,21,59,18,58,<a_59><b_18><c_58>
4f5bcf37e4b09a78bfc29e19,40.72376557850201,-73.97913758081623,43,1,40,41,60,<a_40><b_41><c_60>
4f3c88dee4b0b928ade9fda8,40.70477380546345,-73.94186034276925,6,6,61,55,44,<a_61><b_55><c_44>
4fe9524ce4b0d971aa120f82,40.83409780410722,-73.9452672225881,110,9,41,3,8,<a_41><b_3><c_8>
4b3e1843f964a520589825e3,40.720677,-74.269471,157,3,51,43,35,<a_51><b_43><c_35>
4c1e97a8b4e62d7fe083de93,40.64996585880742,-74.12832863753725,94,4,51,57,0,<a_51><b_57><c_0>
4f628d17e4b0ce431b69bafc,40.808534159065616,-73.94512371580227,118,7,4,61,23,<a_4><b_61><c_23>
4da08172784f3704f4889baf,40.66988610830078,-73.93123749622983,299,8,41,11,51,<a_41><b_11><c_51>
4a94318cf964a520b32020e3,40.725049708722366,-73.99685960225945,69,8,52,36,18,<a_52><b_36><c_18>
4d0b9c6b6d26a0932f26792d,40.750536544011474,-73.93951538728527,155,4,10,31,60,<a_10><b_31><c_60>
4c513e8e991c20a1425e7587,40.73468783,-73.93803653333333,39,1,51,57,0,<a_51><b_57><c_0>
4ff74eeae4b0f08304f382fc,40.76094971456963,-73.96321621123305,45,8,33,42,7,<a_33><b_42><c_7>
4bb23d9935f0c9b6ba01bb83,40.8538145125398,-73.84339097999414,157,5,51,59,14,<a_51><b_59><c_14>
4ebfc172b8f7963bcdb110b3,40.71610081917845,-73.82379973633995,299,3,11,23,18,<a_11><b_23><c_18>
4fda4e1ae4b0fa0e36ad1689,40.824298396107686,-73.89270220086837,329,21,8,13,54,<a_8><b_13><c_54>
4a725fa1f964a520f6da1fe3,40.87855781948937,-73.9151801364736,156,2,20,44,63,<a_20><b_44><c_63>
4a6ef9a8f964a52020d51fe3,40.761358979518974,-73.98041106489133,69,5,51,61,10,<a_51><b_61><c_10>
4b900b61f964a520267233e3,40.750037113318825,-73.97648602378177,69,3,51,8,17,<a_51><b_8><c_17>
4fc79283e4b0f64664f98a68,40.75175358104296,-73.97683038390369,155,9,12,17,58,<a_12><b_17><c_58>
4f67b42ce4b01003e75feb99,40.65544670711424,-73.90874419034847,139,9,7,7,38,<a_7><b_7><c_38>
4e108e4da809291902aea5e9,40.832590827934254,-73.91493326646092,7,4,41,37,44,<a_41><b_37><c_44>
4c769e21b474a1cd737cbcbf,40.67396595585016,-73.88071775436401,307,14,5,44,45,<a_5><b_44><c_45>
4b029318f964a520fb4822e3,40.74260869323929,-73.97532093413172,69,10,33,41,57,<a_33><b_41><c_57>
4c87dda73d15a1cd3f081c28,40.74154412469018,-74.001014398825,91,8,12,2,0,<a_12><b_2><c_0>
4fe0e7f1e4b0518a41cc6cce,40.60829783220055,-73.9614254053049,158,4,20,24,28,<a_20><b_24><c_28>
4fa5f076e4b041937658d3ea,40.7794836539293,-74.23431096075899,329,20,53,30,5,<a_53><b_30><c_5>
4e7084db45ddd3b861d9c359,40.833981591795634,-73.87722738045866,309,1,20,36,55,<a_20><b_36><c_55>
4ff9e53fe4b0734a7bd189e6,40.762458,-73.96319,329,2,28,32,55,<a_28><b_32><c_55>
4e616afe7d8b85408936dc9d,40.82432700031467,-73.89258736440931,330,14,21,26,63,<a_21><b_26><c_63>
4bf003f3d4f70f47fc5b390f,40.731226367111525,-73.95257606506347,242,2,0,37,9,<a_0><b_37><c_9>
4ffbbad7e4b0017e79305e1d,40.71532844619961,-73.94954367594879,293,17,25,5,31,<a_25><b_5><c_31>
4bcf23929854d13afd6df54d,40.68331766179663,-73.87325942806751,307,6,58,30,52,<a_58><b_30><c_52>
4fb62372e4b012942f03fcd2,40.63906640818128,-74.21741381582459,155,16,58,45,47,<a_58><b_45><c_47>
45a51c02f964a520fa401fe3,40.737977,-73.99069,67,4,12,0,49,<a_12><b_0><c_49>
4a85b1b3f964a520eefe1fe3,40.74895376869637,-73.99225708433067,253,3,52,41,8,<a_52><b_41><c_8>
4b9ff08af964a5202a4c37e3,40.734180430384,-73.98907772440027,224,3,15,32,9,<a_15><b_32><c_9>
4bf5c0a294b2a5937c42acee,40.89295532220185,-73.85744923086042,108,4,15,32,19,<a_15><b_32><c_19>
3fd66200f964a520d5e31ee3,40.716015913157406,-73.99733017766593,291,1,31,37,47,<a_31><b_37><c_47>
49cc68acf964a5207b591fe3,40.71977013753377,-73.99493711755977,58,1,20,36,55,<a_20><b_36><c_55>
50036c17e4b000090feb97c2,40.62506712088796,-74.07837233484676,329,20,43,36,44,<a_43><b_36><c_44>
4e6a850ac65b5bef286e2367,40.67290578748258,-73.87081315402881,130,20,45,14,42,<a_45><b_14><c_42>
4b461735f964a5200c1626e3,40.74919194503139,-73.98907772440027,69,12,62,33,29,<a_62><b_33><c_29>
4e5251eac65ba127fb300179,40.907567521272114,-74.16476366797684,70,8,35,42,61,<a_35><b_42><c_61>
4fe1dfe2e4b0f74ef1ca2626,40.758454,-73.988858,71,4,51,55,47,<a_51><b_55><c_47>
4fd0f30fe4b0f00c058ee1d9,40.74733337781301,-73.97501674700247,8,4,24,19,57,<a_24><b_19><c_57>
4aa7dd7af964a520b14d20e3,40.710421,-74.007762,253,1,20,30,43,<a_20><b_30><c_43>
4ae773b7f964a52070ab21e3,40.71995711544069,-73.98342490196228,263,1,20,12,28,<a_20><b_12><c_28>
49f201def964a520cc691fe3,40.70680249876036,-74.01026480981929,157,3,26,13,14,<a_26><b_13><c_14>
4fe8877fe4b0227be1256499,40.75702818926462,-73.9894450177697,148,3,15,54,4,<a_15><b_54><c_4>
4ede08539911a3e791578d30,40.66624695097502,-73.74190167904314,6,2,24,35,17,<a_24><b_35><c_17>
4a99bbcdf964a520223020e3,40.85577270695202,-73.9667805543053,150,6,42,8,21,<a_42><b_8><c_21>
4d04e9d07d9ba35daa7f6823,40.62409392010494,-73.9651390131865,248,4,15,61,30,<a_15><b_61><c_30>
4d7fb76bdd4a6ea800ff7f25,40.626092418323694,-73.96528250510065,93,7,15,36,50,<a_15><b_36><c_50>
4a03248cf964a52091711fe3,40.72400948503135,-73.99834018927032,69,1,24,27,49,<a_24><b_27><c_49>
49f33157f964a5206c6a1fe3,40.746639222374434,-73.98150444030762,157,4,56,33,48,<a_56><b_33><c_48>
4d87f760401a224b3d077018,40.88649029052588,-73.87826672953258,83,4,15,37,27,<a_15><b_37><c_27>
5009e918e4b0ddfaa6625df9,40.709071733503215,-74.01479229823786,329,12,46,32,16,<a_46><b_32><c_16>
4bd6416c637ba593ce01f870,40.889121,-73.859668,306,4,20,40,63,<a_20><b_40><c_63>
4b5e8cacf964a520519229e3,40.70826517529503,-74.01454555575245,157,4,42,17,57,<a_42><b_17><c_57>
4ce987d00f196dcbe27c4cae,40.86071974369225,-73.87303547467053,130,2,42,8,39,<a_42><b_8><c_39>
4c799af381bca0930c18fe14,40.89642620640555,-73.87242677953036,110,10,42,20,57,<a_42><b_20><c_57>
4d2b591b342d6dcbf13a15cb,40.74508413434562,-73.99430584972202,157,1,51,57,0,<a_51><b_57><c_0>
4ae63a26f964a520caa521e3,40.733551530741686,-73.98995876312256,123,2,28,61,55,<a_28><b_61><c_55>
4aaeb93ef964a5200d6320e3,40.750065188144745,-73.99138477421569,301,4,62,33,40,<a_62><b_33><c_40>
4e5bda1bbd41d105e00af76c,40.609421487157285,-73.92155846003689,19,2,31,10,43,<a_31><b_10><c_43>
4be3727821d5a593af4d1911,40.815458,-73.94730238999999,33,9,17,56,20,<a_17><b_56><c_20>
4a624a38f964a520aac31fe3,40.78083035817902,-73.98117500780681,292,1,20,8,38,<a_20><b_8><c_38>
4b8d18c5f964a520b7e732e3,40.743302512037154,-73.9738467335701,184,4,62,33,25,<a_62><b_33><c_25>
4e1627f862e1ccb50241e634,40.72480191595916,-73.99019108026202,104,2,51,57,0,<a_51><b_57><c_0>
4b33d4c5f964a5201a2025e3,40.72285185282303,-73.86757493019104,253,6,33,38,0,<a_33><b_38><c_0>
4ca489a2a73cb60c00d62178,40.76539704528552,-73.95949682648256,103,5,42,19,60,<a_42><b_19><c_60>
4b964236f964a520c1c234e3,40.70352292315701,-74.01192317987771,69,16,24,24,60,<a_24><b_24><c_60>
4eed2b6e8b81bbbf5ce35eb8,40.94660079949698,-73.97712595918333,6,12,58,31,10,<a_58><b_31><c_10>
4bb4c141a7059521f99e1bce,40.93902493514901,-73.88512859192987,91,6,30,15,38,<a_30><b_15><c_38>
5010a01de4b034c3de895fce,40.73998136294093,-73.87849067695375,183,2,26,16,45,<a_26><b_16><c_45>
4befd221d4e4d13a769715a7,40.97407205524195,-73.96234376939638,139,12,21,47,35,<a_21><b_47><c_35>
4d7afaf6364b88bf8b458ad8,40.73209199384237,-73.99478217019208,91,5,51,24,39,<a_51><b_24><c_39>
501fd597e4b092169c5b87cc,40.727570425857,-74.00799241779545,71,5,34,48,24,<a_34><b_48><c_24>
4f0471fc4901a1400b35a1e7,40.75757730864698,-73.9862082207571,69,1,10,8,49,<a_10><b_8><c_49>
4f969d9ee4b0c9bdccab3c57,40.74079126267594,-73.9766926399289,329,6,52,6,46,<a_52><b_6><c_46>
50115c25e4b0073bcf08a4f2,40.75931344493279,-74.04763775758458,6,3,37,59,57,<a_37><b_59><c_57>
4b0ea0f0f964a520175923e3,40.75610804485002,-73.98283362960619,253,2,31,59,54,<a_31><b_59><c_54>
4eba914eb634fa2e63034855,40.86855201040876,-73.92238515812386,91,16,36,22,25,<a_36><b_22><c_25>
43c16dcdf964a520402d1fe3,40.743908,-73.995035,240,3,61,2,60,<a_61><b_2><c_60>
4b585fb5f964a520e75428e3,40.666351,-74.117888,157,2,15,0,39,<a_15><b_0><c_39>
4dca93f7b0fb9c8f8ae8691f,40.70185402103404,-73.92723798751831,322,6,29,21,5,<a_29><b_21><c_5>
50078af8e4b0e7f7bf018640,40.93460889331033,-73.90130325973576,329,7,4,3,27,<a_4><b_3><c_27>
4c02a6e939d476b038f12ea7,40.73928283947823,-73.90658830179062,6,6,4,18,6,<a_4><b_18><c_6>
501a82d6e4b03c99d14aa5b8,40.76002776324622,-73.96960443148284,329,1,51,37,37,<a_51><b_37><c_37>
4cb38571db32f04d18c9d74d,40.81829847738759,-74.07686942546181,216,7,16,58,22,<a_16><b_58><c_22>
4a07535af964a5204c731fe3,40.75518276974093,-73.97856939310088,53,3,44,4,60,<a_44><b_4><c_60>
4f3a5bb6e4b082147dd83989,40.78903346881927,-74.02381826342395,329,2,30,27,49,<a_30><b_27><c_49>
4bb7bbd51261d13ae9c9e798,40.6372657806203,-74.07631516456604,140,9,56,5,11,<a_56><b_5><c_11>
508af9ccf13627e878935855,40.78782018739577,-73.79104614257812,138,57,6,46,22,<a_6><b_46><c_22>
4dc864a8e4cd5bc076742388,40.82296794249877,-73.8196063041687,369,9,29,0,29,<a_29><b_0><c_29>
4af23a4af964a520c2e621e3,40.77025558040047,-73.86387348175049,273,5,37,26,28,<a_37><b_26><c_28>
4c48749d0f5aa593d5368176,40.59537149298445,-74.16234979529759,66,5,33,32,17,<a_33><b_32><c_17>
4eeb57b62c5beea6205603d8,40.94660079949698,-73.97712595918333,6,9,21,41,62,<a_21><b_41><c_62>
50286ae5e4b07f3295f9166d,40.775615852364126,-73.95361626406626,6,15,48,10,34,<a_48><b_10><c_34>
4c1ea0038b3aa59396659c5f,40.7558543629713,-73.96379018397306,329,2,10,15,55,<a_10><b_15><c_55>
4d056fc57d9ba35d1c446b23,40.7601839625,-73.969324,91,3,5,34,38,<a_5><b_34><c_38>
4aaae1c4f964a520da5720e3,40.77893543470787,-73.94720742388425,110,8,37,45,8,<a_37><b_45><c_8>
4bbbe1b851b89c7490df862a,40.93462184073902,-73.90129566192627,157,1,31,57,21,<a_31><b_57><c_21>
502941f8e4b040ed53ea71c2,40.712683,-73.961298,329,4,17,30,25,<a_17><b_30><c_25>
4e1610d51495a0bf953d9dea,40.9728397699418,-73.96039224047603,330,3,52,60,56,<a_52><b_60><c_56>
5021bef1e4b06ad0b71cc1c7,40.723199218995006,-73.99869598754455,15,2,20,41,11,<a_20><b_41><c_11>
4fb32404e4b0dda735a7ef18,40.82621863682395,-73.82426211435131,6,4,44,29,12,<a_44><b_29><c_12>
5029beafe4b07c2bad7d2ea9,40.827343,-73.975336,366,8,56,20,22,<a_56><b_20><c_22>
50042702e4b09fa8c4b9a09d,40.63391229638499,-74.01006396817799,347,1,51,37,37,<a_51><b_37><c_37>
4f5e0565e4b008b158a75a13,40.6450177947737,-74.01254865135277,369,3,51,57,5,<a_51><b_57><c_5>
502826a4e4b0f23b022f3a5e,40.68914413452149,-73.9303207397461,110,11,24,19,57,<a_24><b_19><c_57>
4fd3aeb7e4b02d3b86f27824,40.75329969943864,-73.99249811668923,69,7,11,45,51,<a_11><b_45><c_51>
4feb7c1ae4b056b6803745b2,40.84115128538078,-73.91632836497436,329,8,23,22,52,<a_23><b_22><c_52>
49e24ccbf964a52007621fe3,40.7199320235825,-74.00094199373021,9,2,31,10,43,<a_31><b_10><c_43>
4bfc09d1e05e0f477513cfa8,40.74295829344924,-73.99244072805992,69,3,24,34,31,<a_24><b_34><c_31>
4ad51226f964a520aa0121e3,40.7918,-73.974,156,11,23,6,53,<a_23><b_6><c_53>
4c9a873ad4b1b1f79dffd035,40.78285517060552,-73.95284996968618,156,5,26,1,27,<a_26><b_1><c_27>
50002274e4b0deb8db4eea3b,40.725730202803845,-74.0009880065918,230,1,0,11,18,<a_0><b_11><c_18>
4c8a667e2e3337045747c341,40.70931714375117,-73.79742230153308,39,5,46,4,39,<a_46><b_4><c_39>
4bb8bd247421a593fd09c240,40.826378527466936,-73.8221397616641,112,11,51,45,44,<a_51><b_45><c_44>
4dec2ba1b0fb8293f80250c8,40.82798022702566,-73.81888869829497,8,24,63,31,2,<a_63><b_31><c_2>
4ffa02b2e4b01d08218d7c6d,40.73122649796362,-73.98887973002674,6,5,62,50,32,<a_62><b_50><c_32>
47fdf872f964a520e14e1fe3,40.727190300039474,-73.98609917877279,253,4,52,36,8,<a_52><b_36><c_8>
4dc526d118387d1bd53560fe,40.86822476919698,-73.92213829725783,110,9,58,33,18,<a_58><b_33><c_18>
4a58dfbdf964a52018b81fe3,40.78762116953223,-74.04583990573883,224,1,20,41,11,<a_20><b_41><c_11>
4be88652947820a1e802b5db,40.86840303957776,-73.92228182105531,111,18,13,24,14,<a_13><b_24><c_14>
4dd6bbc6e4cd37c8939a2fb7,40.75447224802054,-73.98662143192519,69,4,62,9,39,<a_62><b_9><c_39>
4c2d29de987f20a1d30149aa,40.905543,-74.0643,312,4,51,38,27,<a_51><b_38><c_27>
4c55dc2d479fc928d1a18e95,40.86835079578941,-73.92031840631334,94,10,16,40,16,<a_16><b_40><c_16>
4eebb080c2ee434b71535d86,40.823747348954086,-73.93987655639648,286,2,31,59,2,<a_31><b_59><c_2>
4b32df94f964a520611525e3,40.88742755,-74.13846281666666,43,1,0,37,48,<a_0><b_37><c_48>
4cd302589828b60cb43fd384,40.77934649096886,-73.94979050191382,83,4,41,17,59,<a_41><b_17><c_59>
4b6774f2f964a52014502be3,40.76557770834161,-73.95987565598689,104,3,52,21,28,<a_52><b_21><c_28>
4ea962662c5b8d39ca26576a,40.76797260361006,-73.96425510064002,107,4,51,43,11,<a_51><b_43><c_11>
4f8019b0e4b0e160b8e80e6b,40.82403326385027,-73.9442913743457,91,1,10,8,18,<a_10><b_8><c_18>
4c9371f49273bfb7c04b0c72,40.82388373877599,-73.94190339554204,369,3,10,59,14,<a_10><b_59><c_14>
503e61efe4b02cb326f4a87e,40.82452993826894,-73.81249842275241,6,18,50,55,41,<a_50><b_55><c_41>
4c43890cfb6eb713c1304e4a,40.70866312926404,-74.00490513486695,48,4,37,59,2,<a_37><b_59><c_2>
4a879cd8f964a520ca0420e3,40.823993,-73.94433570000001,91,1,31,59,56,<a_31><b_59><c_56>
4e28161ce4cd6c6cb342b688,40.71380944662146,-73.95024061203003,307,8,37,16,56,<a_37><b_16><c_56>
501ec2b2e4b0abe6106743a7,40.914002863954224,-74.05003876224043,118,4,56,43,25,<a_56><b_43><c_25>
504827d2e4b09f6aaeceb727,40.827397,-73.945516,208,13,28,28,27,<a_28><b_28><c_27>
4fd51cf2e4b0211979c2e273,40.70482393746727,-73.94824065923657,329,1,25,0,7,<a_25><b_0><c_7>
440bdf9cf964a52079301fe3,40.77364925929136,-73.9840216301916,164,2,31,10,43,<a_31><b_10><c_43>
4e6e8fb3b993df929f01bbf2,40.720751845290096,-73.84438456208835,112,6,51,43,11,<a_51><b_43><c_11>
4c72866657b6a1435ea6c5cc,40.76416302508225,-73.97197484926564,91,7,26,9,8,<a_26><b_9><c_8>
5051e6afe4b08eccb144595a,40.67743868226379,-73.94246021054094,329,7,42,23,26,<a_42><b_23><c_26>
50129be3e4b0f164329daa1a,40.72313944197812,-74.00639713655546,69,6,10,15,50,<a_10><b_15><c_50>
4ec4535b8b812a20648b2fa4,40.70685239068342,-74.01221009365256,69,4,10,54,43,<a_10><b_54><c_43>
4fdb3139e4b03d026843b6b3,40.7515,-74.166768,314,9,58,18,28,<a_58><b_18><c_28>
5023c6b1e4b078368584b678,40.75395031748562,-74.0002396853064,155,1,10,8,14,<a_10><b_8><c_14>
5044060fe4b0152f58cfa60e,40.85121751529271,-73.93010370763155,6,2,24,23,37,<a_24><b_23><c_37>
50473ff7e4b04db600c75307,40.69280691730286,-73.95247686645344,377,1,24,23,38,<a_24><b_23><c_38>
503ff381e4b09690b120283f,40.725161120940285,-74.00036019650403,17,4,51,63,55,<a_51><b_63><c_55>
4def732fc65bf3f03e95ff6a,40.720668689038845,-73.99896570515081,91,2,31,40,0,<a_31><b_40><c_0>
4cc805928c5b236a9499fc6d,40.84912372675634,-73.88328538724211,253,1,31,36,41,<a_31><b_36><c_41>
4a660f0bf964a520eac71fe3,40.72250592402067,-73.99765154557213,110,2,31,45,10,<a_31><b_45><c_10>
3fd66200f964a52025e41ee3,40.72488010976164,-73.99468461067411,47,1,0,0,7,<a_0><b_0><c_7>
4e72a6ffaeb74f9f48eb61fe,40.72081223018494,-73.99660135916726,356,7,27,20,16,<a_27><b_20><c_16>
5016913de4b021abb06409c1,40.6384966143218,-73.99727852920216,112,1,61,43,46,<a_61><b_43><c_46>
5053f54ee4b09ebc6e93cbe2,40.7938881280977,-73.94269556485277,245,2,25,61,47,<a_25><b_61><c_47>
504a9950e4b00e670c3dd31f,40.93545361986863,-73.90199224672065,139,4,25,61,39,<a_25><b_61><c_39>
500aaf82e4b008129699926f,40.631303,-74.023116,157,3,26,23,15,<a_26><b_23><c_15>
4ba82ce9f964a52081cf39e3,40.57999989471234,-73.9709360014804,253,8,24,62,37,<a_24><b_62><c_37>
4dfcf67a183853f2cb529325,40.58000477763995,-73.97365076868284,312,14,24,37,28,<a_24><b_37><c_28>
502b8079e4b0a20ae1b50977,40.57899856567383,-73.97844696044922,329,13,24,20,52,<a_24><b_20><c_52>
4d6fd49071d3a14384054250,40.7663885759652,-73.96260779826342,156,2,24,37,28,<a_24><b_37><c_28>
50009b5ed86c98cec5f4fc3f,40.71428111327738,-73.96139860153198,151,1,31,36,30,<a_31><b_36><c_30>
4ee2a865b8f775b37479ef11,40.91683920509791,-73.86337652344176,91,9,2,60,29,<a_2><b_60><c_29>
4ccff17b7f56a1439b79caa6,40.80507336704333,-74.11943956748327,138,1,0,0,49,<a_0><b_0><c_49>
4af21f0bf964a52002e621e3,40.76385178891274,-73.92894694939889,157,1,0,0,16,<a_0><b_0><c_16>
4d2f32b573e5a0935c5158cf,40.969114326041066,-73.88059232489422,91,7,10,45,25,<a_10><b_45><c_25>
4e398f21b61c438b54885703,40.88951061904137,-73.97568251443336,158,7,51,1,10,<a_51><b_1><c_10>
505dd7bee4b02c16f347d88f,40.78040832788754,-73.77632702756408,149,5,52,60,42,<a_52><b_60><c_42>
505f3874e4b010db7379cc23,40.68904527212705,-73.93031898445723,330,12,3,10,54,<a_3><b_10><c_54>
5076ef5be4b0bc04b99b965f,40.757042207227045,-73.99813359642076,284,3,31,6,54,<a_31><b_6><c_54>
4afb324ef964a520001c22e3,40.8039685675861,-73.96643043656833,48,11,16,26,63,<a_16><b_26><c_63>
4f2e153ee4b03caf538a8607,40.7290474687069,-74.0003228187561,63,3,44,4,9,<a_44><b_4><c_9>
4b6daa1cf964a52072842ce3,40.77702130253044,-73.94996844601872,253,8,15,56,45,<a_15><b_56><c_45>
4f8fed22e4b0926efa815ba9,40.974462476997545,-73.96537147003376,6,3,15,49,59,<a_15><b_49><c_59>
50732dd2e4b0d30a5e3ca05c,40.86849116684047,-73.92241960380116,312,15,36,31,17,<a_36><b_31><c_17>
506a39f4e4b088a4de96392d,40.886059666322495,-74.10637760442646,6,8,19,58,50,<a_19><b_58><c_50>
502e6bb9e4b00d67ee187a29,40.91900160446153,-74.07459209340789,7,4,56,27,46,<a_56><b_27><c_46>
50612821e4b01a2daccdbbbc,40.70427839194181,-73.94789624806582,293,6,25,23,60,<a_25><b_23><c_60>
501b4cdfe4b0120e6801c195,40.803002608979725,-73.96761853843681,330,7,17,26,36,<a_17><b_26><c_36>
4f37abaae4b02a70e17f3539,40.77725461191122,-73.70149329191291,149,8,61,43,51,<a_61><b_43><c_51>
4ee24976d3e3a823d5cb90fe,40.77725225011519,-73.7014875445723,185,7,26,34,23,<a_26><b_34><c_23>
503302f1e4b020d49ed6f707,40.77729034423828,-73.70121765136719,185,7,4,0,1,<a_4><b_0><c_1>
5077e30de4b0f934e806d377,40.886059666322495,-74.10637760442646,6,6,30,34,45,<a_30><b_34><c_45>
4b969536f964a52070d634e3,40.83128282647834,-73.94139250202096,307,9,26,60,11,<a_26><b_60><c_11>
4e344e75d22d86185a5fd1a8,40.77634770909651,-73.70125765081454,314,7,26,20,26,<a_26><b_20><c_26>
50104222e4b0c0d1a930332c,40.7410834407886,-73.99256698302176,156,1,26,54,8,<a_26><b_54><c_8>
4bf4e1efff90c9b60fc55528,40.76162173827517,-73.95653504290809,190,10,33,41,25,<a_33><b_41><c_25>
4acccb59f964a52091c920e3,40.76253816214488,-73.9563111853258,208,9,51,45,33,<a_51><b_45><c_33>
4b55b2b1f964a52045ec27e3,40.65684334757191,-73.96807193756104,139,3,24,19,57,<a_24><b_19><c_57>
5016624be4b0073bd13b9303,40.833165200622425,-73.94186034276925,6,13,30,22,32,<a_30><b_22><c_32>
5044bee1e4b00fd0901df6b9,40.619062926127285,-73.96537147003376,6,4,15,43,35,<a_15><b_43><c_35>
4ba10251f964a520828e37e3,40.770949639292695,-73.98340180471577,139,9,34,28,40,<a_34><b_28><c_40>
4b074f38f964a520c8fb22e3,40.676955386270215,-73.96361799233043,43,3,40,54,56,<a_40><b_54><c_56>
504b2d46e4b027ee7e7d050c,40.76319956513836,-73.82610299994819,107,2,26,34,14,<a_26><b_34><c_14>
5061a0b1e4b0293cde494910,40.64791919344307,-73.79936971013167,69,5,26,34,51,<a_26><b_34><c_51>
5071c35de4b0f11f52de6876,40.868176894447394,-73.92223589345164,312,19,60,60,25,<a_60><b_60><c_25>
45f5a0e6f964a52018441fe3,40.82297200193111,-74.21314001083374,104,2,26,54,43,<a_26><b_54><c_43>
506ca173e4b07f11ee8b0443,40.92051512379632,-73.97909740598243,390,5,52,38,47,<a_52><b_38><c_47>
50170a53e4b07ac9f310b944,40.70927150719269,-74.00545029067902,253,4,24,59,53,<a_24><b_59><c_53>
4cd0417a9d87224b3313543b,40.67298252266685,-73.87070978966543,48,10,57,59,21,<a_57><b_59><c_21>
4e7b4328887750b4e4a3ff5b,40.7107336885848,-73.85139118382254,69,7,55,11,45,<a_55><b_11><c_45>
50605877e4b04328302058e4,40.911264866548905,-74.02518962190717,253,1,51,57,0,<a_51><b_57><c_0>
4b37ae69f964a5203c4425e3,40.77755076676488,-73.97868991790808,21,3,24,29,39,<a_24><b_29><c_39>
4cbadc5f7148f04d50f7deab,40.76219054997296,-73.98360841342992,301,14,29,7,6,<a_29><b_7><c_6>
50548d96e4b0ff6b61aef4ed,40.72587318123464,-74.01050581951031,354,1,41,8,39,<a_41><b_8><c_39>
5053ac09e4b0e5434c1f466c,40.85121751529271,-73.93010370763155,6,7,12,8,63,<a_12><b_8><c_63>
50344fabe4b0ec35e6c655f3,40.85121751529271,-73.93010370763155,6,10,54,30,5,<a_54><b_30><c_5>
5017bb04e4b06e41965bea65,40.7544177031222,-74.22380201337529,6,3,20,35,17,<a_20><b_35><c_17>
4f934cb7e4b08038d7cd41e9,40.80312907514588,-73.96678629393504,329,10,28,30,2,<a_28><b_30><c_2>
502764cee4b0c804532012b9,40.82497237470613,-73.95361626406626,6,4,61,60,52,<a_61><b_60><c_52>
4bbf887c74a9a593d39dcef6,40.76776459046976,-73.96407716970236,299,5,24,9,51,<a_24><b_9><c_51>
4c36139d3849c9287f68bbb1,40.64153995987908,-73.93751621246338,31,2,20,32,43,<a_20><b_32><c_43>
4afefbd9f964a5207a3222e3,40.684070025440434,-73.97637697628132,310,2,24,29,39,<a_24><b_29><c_39>
4a779fbff964a520efe41fe3,40.77856926162736,-73.97810451099409,48,2,37,37,10,<a_37><b_37><c_10>
4acc0c0cf964a520aac820e3,40.80070016119127,-73.95886544232275,48,3,58,0,39,<a_58><b_0><c_39>
5088ad7fe4b00b147d1d09b2,40.776898,-73.980176,329,3,25,54,44,<a_25><b_54><c_44>
4ac51996f964a52052b020e3,40.80237965737577,-73.96470853680323,110,8,28,30,14,<a_28><b_30><c_14>
4fb2b10ee4b0843d93075ebf,40.68506775254674,-73.9922915175433,377,1,26,54,43,<a_26><b_54><c_43>
4c8d950a8018a1cd6fbaf6d2,40.69720139781954,-73.93605709075928,110,2,51,18,23,<a_51><b_18><c_23>
4b045af4f964a5208c5322e3,40.737096029430745,-73.99273753166199,69,2,10,15,50,<a_10><b_15><c_50>
50324929e4b0fdd33b1112a9,40.72257995815579,-73.99767450040193,69,2,10,15,58,<a_10><b_15><c_58>
507a100fe4b08ed647ed098b,40.66376219859234,-73.94717298261078,63,3,52,36,12,<a_52><b_36><c_12>
505f9aeae4b043282fd02387,40.85471532732567,-74.02413671784228,6,5,30,3,14,<a_30><b_3><c_14>
4c39024d1e06d13ae9e0783e,40.77094653366075,-74.13980351550089,395,1,25,61,39,<a_25><b_61><c_39>
4d75583efe1b721e9286b91f,40.75145702508395,-73.99050672121244,8,2,51,4,28,<a_51><b_4><c_28>
507ed1dde4b007b0cc971931,40.75794644028298,-73.98576057432156,66,6,35,57,4,<a_35><b_57><c_4>
4b5b7472f964a5204aff28e3,40.897141999964994,-74.09510429950069,109,1,31,36,41,<a_31><b_36><c_41>
503f8ef9e4b07b1707e3b915,40.913596103806974,-73.90890494806025,186,3,51,24,56,<a_51><b_24><c_56>
4fa93241e4b02c573a9a87c9,40.91183,-73.906612,201,3,17,0,58,<a_17><b_0><c_58>
4f68de6bd5fbee32e5f4f3a5,40.77833165180664,-73.90178918838501,383,2,40,12,55,<a_40><b_12><c_55>
4d3a365dcc48224b400d3b4f,40.91163003603256,-73.90776815853675,198,4,9,61,17,<a_9><b_61><c_17>
4f8cacdbe4b0af04c3918a11,40.91159986224817,-73.90760165850426,212,4,39,60,12,<a_39><b_60><c_12>
44113ab4f964a520c8301fe3,40.77665985450536,-73.95561665117526,53,1,25,34,21,<a_25><b_34><c_21>
505fc588e4b0fc1730422eaf,40.62239908525515,-73.98887973002674,6,2,28,61,19,<a_28><b_61><c_19>
4daddba56a23e6c9347e1092,40.91118965891332,-73.90711069107056,198,5,24,28,6,<a_24><b_28><c_6>
4bb08383f964a5202f493ce3,40.76800118070776,-73.9159551914549,84,3,10,50,5,<a_10><b_50><c_5>
4d6e7fa5fbb8a1cd9ee1740f,40.91387038187408,-74.02413671784228,6,1,24,37,49,<a_24><b_37><c_49>
4e25fd1f7d8bbc620ea01ca3,40.69999172936684,-73.91195931937592,69,1,24,27,49,<a_24><b_27><c_49>
4fae6373e4b021a2c005d916,40.76801883170239,-73.91603556735033,349,3,62,33,62,<a_62><b_33><c_62>
5046a0bee4b0eecee32ad142,40.76794695950977,-73.91590352121887,199,3,34,23,38,<a_34><b_23><c_38>
5090bc9be4b063c640ba5333,40.74890933404696,-73.96507013702977,132,15,8,51,56,<a_8><b_51><c_56>
4ee6b60ee5faffd733cb7dd3,40.88762635827658,-74.21486306036984,157,1,31,37,54,<a_31><b_37><c_54>
4bba7682b35776b041fbca01,40.58990215209122,-73.99124704067701,48,2,52,27,50,<a_52><b_27><c_50>
4fb3de02e4b02e02f44c7a10,40.73873719958947,-74.2325743177229,369,1,31,36,13,<a_31><b_36><c_13>
4c33562b3ffc95216f8f90f5,40.96178482317488,-74.06776428222656,91,1,31,59,4,<a_31><b_59><c_4>
508fafa8e4b014dc93d7fe60,40.76801210255537,-73.91592074463239,56,2,51,57,5,<a_51><b_57><c_5>
3fd66200f964a52010e81ee3,40.75915318364546,-73.97472977757178,69,1,24,27,1,<a_24><b_27><c_1>
5088bf98e4b095422e5415fe,40.676487,-73.958906,329,3,61,22,6,<a_61><b_22><c_6>
4b7c08b2f964a52085792fe3,40.76072740182083,-73.9721298150294,69,3,26,8,7,<a_26><b_8><c_7>
4f07e5d9e4b0d6422a552a5b,40.703156149922414,-73.94373456461425,164,2,24,20,52,<a_24><b_20><c_52>
4eda9503be7be28337f8ec25,40.73234017940896,-74.23508048057556,369,1,31,36,49,<a_31><b_36><c_49>
506148a9e4b03f519a0a09fc,40.82497237470613,-73.95361626406626,6,1,31,37,53,<a_31><b_37><c_53>
4d23c8e075526dcb204b04a9,40.66120511314307,-73.7827500623555,91,1,51,37,19,<a_51><b_37><c_19>
5096fbd1e4b076702db1e6f1,40.803844650607,-74.15335626699198,6,2,31,5,60,<a_31><b_5><c_60>
4eb6abf55c5c5a532088e94a,40.76673974367844,-73.95761414761225,138,1,51,57,0,<a_51><b_57><c_0>
4b7831d2f964a5205ebb2ee3,40.74588533379403,-73.98860138976487,9,2,24,55,47,<a_24><b_55><c_47>
4fd18435e4b0753b24f20b97,40.73928283947823,-73.90658830179062,6,2,40,12,63,<a_40><b_12><c_63>
5095afaae4b0147d2e0cb6e3,40.660187498578246,-73.90658830179062,6,2,61,35,34,<a_61><b_35><c_34>
4aae5c31f964a520e96120e3,40.76168887833401,-73.97242826726003,110,1,26,15,8,<a_26><b_15><c_8>
4fe9eb38e4b0a53f6dca64dd,40.744005754747896,-73.96837042520625,315,7,30,6,51,<a_30><b_6><c_51>
509817afc84c2e276bc2cd1f,40.752783858657295,-73.98354291915894,315,16,33,46,30,<a_33><b_46><c_30>
4b9a6aaaf964a5207fb335e3,40.70795117343382,-74.0056798295036,91,2,51,57,0,<a_51><b_57><c_0>
4ca158382fb1a143f6880441,40.76387644761408,-73.87130987645999,6,1,24,37,22,<a_24><b_37><c_22>
4e282b71b61c9d28cbf19fa2,40.85251320813948,-73.78934523538065,110,1,31,36,46,<a_31><b_36><c_46>
4b818c82f964a5203aae30e3,40.84727136952596,-73.78656148910522,369,1,0,0,48,<a_0><b_0><c_48>
4ba14a5ef964a52092a937e3,40.852661,-73.78941,43,1,40,0,28,<a_40><b_0><c_28>
50988e54e4b0fd23874c1700,40.74202844331398,-73.98837756946769,138,14,28,35,9,<a_28><b_35><c_9>
505b3f57e4b0c1e23aa7cd5e,40.763158392475695,-73.99294574740858,245,1,25,0,24,<a_25><b_0><c_24>
4d07e5203593548174e0f529,40.911961,-73.906654,201,3,24,28,26,<a_24><b_28><c_26>
4fbd65f6e4b04d6c380fe8df,40.73214909991336,-74.06057757967149,81,1,26,58,23,<a_26><b_58><c_23>
503bee84e4b0e79b22202bf1,40.91123778409178,-73.90816431321454,196,1,24,37,49,<a_24><b_37><c_49>
