POI_id,latitude,longitude,category,visits,sid_1,sid_2,sid_3,semantic_id
4c16fdda96040f477cc473a5,35.71454217399564,139.4800649934587,320,51,51,46,61,<a_51><b_46><c_61>
4b3eae5cf964a520b4a025e3,35.70025262768564,139.48025465011597,78,578,43,25,19,<a_43><b_25><c_19>
4cca7bd67965b60c80f0858a,35.755759221282624,139.73357319831848,138,97,44,11,53,<a_44><b_11><c_53>
4b5c7671f964a520083129e3,35.69312097740709,139.699447453022,236,18,31,16,51,<a_31><b_16><c_51>
4b5ed39cf964a520079a29e3,35.54896343042385,139.7846114074895,267,283,61,1,14,<a_61><b_1><c_14>
4e014c11c65b896d116d480c,35.57502803394284,139.75878649867224,299,32,61,62,53,<a_61><b_62><c_53>
4e538e91483b944199dede7a,35.75075115767742,139.58205904281434,320,9,16,2,46,<a_16><b_2><c_46>
4d69a46cde28224b27ff45be,35.609929431854006,139.82565879821777,248,51,53,54,38,<a_53><b_54><c_38>
4b53b05ef964a520e8a727e3,35.74953810235406,139.5865398645401,78,130,44,30,61,<a_44><b_30><c_61>
4b6e3e46f964a520e2b32ce3,35.729025427145416,139.71109628677368,78,640,35,50,45,<a_35><b_50><c_45>
4b4162b1f964a52016c625e3,35.64592362299403,139.8269248008728,78,562,49,54,42,<a_49><b_54><c_42>
4b678b3bf964a52090542be3,35.730227334361864,139.71116065979004,78,320,31,53,3,<a_31><b_53><c_3>
4e64a4e1a80951b3196ef97f,35.683897243926694,139.5684188604355,299,49,31,39,19,<a_31><b_39><c_19>
4c39423c1e06d13a1e6a793e,35.67256544941178,139.48466420173645,289,42,44,18,43,<a_44><b_18><c_43>
4b0587a6f964a5203e9e22e3,35.68137872227962,139.76608157157898,78,2963,43,12,4,<a_43><b_12><c_4>
4b4f2be8f964a52025fc26e3,35.73792607790286,139.76102828979492,78,465,61,51,36,<a_61><b_51><c_36>
4c21de7c9a67a593f285db87,35.57877735,139.7340694,320,61,31,46,18,<a_31><b_46><c_18>
4b56cff7f964a520df1b28e3,35.74660804374419,139.74690914154053,78,38,44,53,7,<a_44><b_53><c_7>
4b5dec1df964a520ed7329e3,35.60910078604585,139.51630353927612,78,83,61,16,8,<a_61><b_16><c_8>
4b5da9e0f964a520bb6529e3,35.74880450939185,139.7195988893509,297,81,44,30,48,<a_44><b_30><c_48>
4b8c5418f964a520e3ca32e3,35.68220661878952,139.79876697063446,297,26,51,51,61,<a_51><b_51><c_61>
4bd42ea4b221c9b63a1fdbd0,35.64405781736745,139.82475757598877,320,75,20,57,34,<a_20><b_57><c_34>
4b564827f964a5201f0928e3,35.77209985763748,139.51989769935608,78,217,9,1,32,<a_9><b_1><c_32>
4b6fadbdf964a520d1f92ce3,35.65551788382668,139.75673139095306,295,223,49,55,13,<a_49><b_55><c_13>
4b572f46f964a520fc2928e3,35.644613640188936,139.5024687051773,78,51,61,43,5,<a_61><b_43><c_5>
4d223febe56f6ea824ad831d,35.61667167289628,139.6390575170517,139,13,20,62,26,<a_20><b_62><c_26>
4b5704a1f964a520092328e3,35.766125794924406,139.80922365279923,80,97,31,41,41,<a_31><b_41><c_41>
4b0587a6f964a5203d9e22e3,35.69080269423021,139.70027922656513,78,7841,49,54,42,<a_49><b_54><c_42>
4b286109f964a520ee9224e3,35.64004270002671,139.59873855113983,78,363,61,41,54,<a_61><b_41><c_54>
4b6516cdf964a5209ee32ae3,35.75110975353587,139.74745631217957,295,10,61,51,44,<a_61><b_51><c_44>
4d319572d7db6a31d0da115e,35.6828885376207,139.5673218369484,299,11,30,38,47,<a_30><b_38><c_47>
4b5d2ad2f964a520535529e3,35.55243051,139.6474917,320,84,31,30,38,<a_31><b_30><c_38>
4b568200f964a520571328e3,35.552718483413095,139.64730400276795,207,54,13,11,15,<a_13><b_11><c_15>
4b5bac4af964a520200f29e3,35.55002895657234,139.63367700576782,297,54,61,41,52,<a_61><b_41><c_52>
4b1fb0dff964a520192824e3,35.60753807817138,139.6688391408238,78,502,13,42,44,<a_13><b_42><c_44>
4d7c3f10645ea35d87ec42f8,35.75349396276371,139.87022872003527,342,65,31,46,41,<a_31><b_46><c_41>
4e65fe028877954de9acd8bf,35.620576766688515,139.56992357969284,85,102,31,46,45,<a_31><b_46><c_45>
4b5a4723f964a5209eb928e3,35.628121197991504,139.73798198030258,78,930,61,12,13,<a_61><b_12><c_13>
4b5ad5bef964a520b0d628e3,35.75086595372428,139.86690044403076,78,247,44,49,54,<a_44><b_49><c_54>
4b5583def964a52032e627e3,35.73651527788601,139.74682331085205,78,312,44,30,61,<a_44><b_30><c_61>
4b7481e1f964a520bde02de3,35.730273058734824,139.71137791872025,297,307,31,41,30,<a_31><b_41><c_30>
4dc24f03b0fb490416ac11b7,35.75502786233862,139.87698554992676,292,15,35,42,57,<a_35><b_42><c_57>
4b093eeff964a520e51423e3,35.65852172695124,139.7013260344949,78,4136,43,37,1,<a_43><b_37><c_1>
4c995e24b8e9224be1fb443d,35.701637932315386,139.68831360340118,289,11,30,17,34,<a_30><b_17><c_34>
4b74709af964a520c1dc2de3,35.71295470815622,139.70370411872864,78,379,31,46,37,<a_31><b_46><c_37>
4b65494af964a520f4eb2ae3,35.6581853412536,139.70290181297264,248,85,61,18,42,<a_61><b_18><c_42>
4b5ed34ef964a520ff9929e3,35.55137976854632,139.78840827941897,267,409,53,54,38,<a_53><b_54><c_38>
4bf47064706e20a1ef5ca998,35.563375,139.71502285555553,149,35,31,7,21,<a_31><b_7><c_21>
4b5ef108f964a520d89e29e3,35.64762809425529,139.81903910636902,10,24,44,56,52,<a_44><b_56><c_52>
4d998a1961a3a1cd7f37e642,35.70205956123433,139.6951683180788,289,12,61,47,57,<a_61><b_47><c_57>
4b2692f9f964a520be7d24e3,35.68859747284611,139.71069127321243,297,140,44,51,48,<a_44><b_51><c_48>
4bdd23fbf219c9b659161210,35.756910662664126,139.8756229877472,85,39,9,12,41,<a_9><b_12><c_41>
4b80e732f964a520399130e3,35.75649928003826,139.87531185150146,78,44,31,30,19,<a_31><b_30><c_19>
4b526ed4f964a5201b7d27e3,35.690694241145245,139.71149325370789,139,32,10,56,46,<a_10><b_56><c_46>
4ddb7a4ffa7637ab73db3f99,35.57869227389735,139.57364916801453,47,22,9,38,14,<a_9><b_38><c_14>
4dce184bd4c065592f76ecff,35.57874899253146,139.5736598968506,298,13,14,34,34,<a_14><b_34><c_34>
4b63a9e5f964a520a48a2ae3,35.65857769191824,139.71078515052795,289,36,13,1,28,<a_13><b_1><c_28>
4b4fb4aff964a520c01127e3,35.62051789734346,139.75081980228424,78,205,45,41,54,<a_45><b_41><c_54>
4ec6087993ad41338b1df91d,35.7092915243258,139.70330715179443,289,13,10,49,46,<a_10><b_49><c_46>
4b243a7df964a520356424e3,35.729864636451765,139.7109555727517,78,4609,43,54,57,<a_43><b_54><c_57>
4b553487f964a5208fde27e3,35.691278058768084,139.71125185489657,47,25,30,44,34,<a_30><b_44><c_34>
4b957efef964a520cba534e3,35.57209627728355,139.70288336277008,78,185,20,11,42,<a_20><b_11><c_42>
4b5599caf964a5209be827e3,35.669590069204546,139.8175974190235,297,164,31,50,41,<a_31><b_50><c_41>
4e81a9b3775b16f4798c4943,35.706238655053525,139.6452092058366,6,22,61,43,3,<a_61><b_43><c_3>
4bb497cd15809c74877f1fdd,35.71572485189807,139.85946536064148,298,19,31,46,12,<a_31><b_46><c_12>
4b7d7de1f964a5200bc22fe3,35.706188884812455,139.64696524340494,50,25,61,51,4,<a_61><b_51><c_4>
4b98e261f964a520365435e3,35.706055063697875,139.64821726083755,47,23,61,43,52,<a_61><b_43><c_52>
4b544ec2f964a52014b727e3,35.84768054178072,139.66914921998978,78,722,53,63,5,<a_53><b_63><c_5>
4b5638fbf964a520110628e3,35.82842622855593,139.80346620082855,78,145,44,56,54,<a_44><b_56><c_54>
4c442e78dcd61b8d32ed7a56,35.85915697651632,139.656942486763,78,12,53,3,55,<a_53><b_3><c_55>
4b2837d8f964a5200e9124e3,35.562387290697124,139.71595281921518,78,566,44,30,23,<a_44><b_30><c_23>
4b9b8cd2f964a520c30e36e3,35.67567471760676,139.76346373558044,297,221,44,37,59,<a_44><b_37><c_59>
4bb5a5062f70c9b6746c8430,35.67459836236735,139.7777009010315,78,204,44,49,8,<a_44><b_49><c_8>
4b6fe136f964a520b4fe2ce3,35.689683442321254,139.70078587532043,249,19,48,36,44,<a_48><b_36><c_44>
4b66c862f964a520aa2a2be3,35.60542847343107,139.71364974975586,297,64,9,50,21,<a_9><b_50><c_21>
4b3dcda5f964a520e29625e3,35.74588638274114,139.85629266137698,78,210,31,41,19,<a_31><b_41><c_19>
4b68b2c8f964a520d0872be3,35.57490948663387,139.663245677948,78,397,53,63,63,<a_53><b_63><c_63>
4cec9db113aea143694c629f,35.60713179761434,139.73477387338818,78,750,49,54,45,<a_49><b_54><c_45>
4b56deb5f964a5208e1d28e3,35.62137029221397,139.74931901427578,320,17,30,20,19,<a_30><b_20><c_19>
4c4a4029bad7a593b07716aa,35.65972101615581,139.7234745375759,289,39,10,0,61,<a_10><b_0><c_61>
4b24a8eef964a520466924e3,35.60375363356726,139.50759172439575,78,677,52,27,41,<a_52><b_27><c_41>
4b24aa1ff964a520506924e3,35.704621918699345,139.6199870109558,78,268,61,25,5,<a_61><b_25><c_5>
4b6f3ddff964a5208ce62ce3,35.62312386788276,139.74916930340703,68,51,61,45,45,<a_61><b_45><c_45>
4b557834f964a52022e527e3,35.71678758588956,139.8582637310028,78,360,31,53,26,<a_31><b_53><c_26>
4b0c8748f964a520d03e23e3,35.536940832577606,139.63486790657043,78,314,9,39,3,<a_9><b_39><c_3>
4be4b915bcef2d7fa60203e5,35.84756205126618,139.66937720775604,78,35,53,48,10,<a_53><b_48><c_10>
4b0587a6f964a520529e22e3,35.660512894632895,139.72921192646027,298,270,24,42,5,<a_24><b_42><c_5>
4d5255a107b1a0905233123c,35.673203327727826,139.76046837866306,320,69,44,56,63,<a_44><b_56><c_63>
4b5e34f8f964a520bb8329e3,35.696048647115695,139.75123822689056,297,82,31,46,16,<a_31><b_46><c_16>
4b971b9ff964a5205ff834e3,35.68468154239262,139.7660493850708,297,174,51,25,45,<a_51><b_25><c_45>
4b5ccea3f964a520044529e3,35.645731813210055,139.7475689649582,78,1198,53,1,4,<a_53><b_1><c_4>
4b8a32d8f964a520ce6332e3,35.73627386178998,139.63842715746105,289,57,44,56,39,<a_44><b_56><c_39>
4b63e7fdf964a5208a962ae3,35.74399571629637,139.81157183647156,78,53,9,44,37,<a_9><b_44><c_37>
4dc5e8f5e4cd169dc659fe4d,35.791879113646445,139.64587569236755,297,46,61,59,42,<a_61><b_59><c_42>
4b5829f4f964a520a44c28e3,35.691016648420515,139.70391869544983,249,14,9,55,58,<a_9><b_55><c_58>
4c96f8a2533aa093e95ad645,35.67304699081541,139.7599232196808,68,123,31,50,41,<a_31><b_50><c_41>
4b79e27df964a5204c182fe3,35.736793956413635,139.63776469230652,78,130,31,41,41,<a_31><b_41><c_41>
4b56d1eff964a520171c28e3,35.740912,139.716762,78,305,31,46,41,<a_31><b_46><c_41>
4b63fae9f964a520b4992ae3,35.66214296143002,139.7328007221222,138,45,38,21,2,<a_38><b_21><c_2>
4b5e4928f964a520c68729e3,35.646719821283135,139.74569405216698,150,33,63,59,57,<a_63><b_59><c_57>
4c1c66bde9c4ef3b50d045aa,35.538045019120915,139.7064547728103,6,98,61,58,4,<a_61><b_58><c_4>
4b8df548f964a520831433e3,35.536547959420744,139.70413863658905,248,107,53,61,54,<a_53><b_61><c_54>
4c0f80b67189c928f11bdab6,35.65455022780931,139.75674211978912,80,44,48,11,42,<a_48><b_11><c_42>
4cd9d48e3b85a35d1f9f2e9d,35.56077516428476,139.67096717120884,80,24,51,1,43,<a_51><b_1><c_43>
4b802cabf964a520495930e3,35.664391,139.733684,139,54,13,56,31,<a_13><b_56><c_31>
4b5a3b6cf964a52026b628e3,35.57454188792135,139.65832650661469,150,15,24,5,60,<a_24><b_5><c_60>
4c34ee3d09a99c749b4a0c2a,35.70581548198101,139.65005457401276,139,37,31,41,15,<a_31><b_41><c_15>
4b6545c5f964a52064eb2ae3,35.70585468631122,139.6498990058899,138,30,44,11,34,<a_44><b_11><c_34>
4b669d8af964a52097252be3,35.64693933531064,139.74735975265503,297,186,53,61,55,<a_53><b_61><c_55>
4b0587bbf964a5209aa122e3,35.70537552095303,139.64986145496368,78,604,44,1,43,<a_44><b_1><c_43>
4bd78c695cf276b08f9e9b00,35.654689710480945,139.754376411438,289,47,48,46,20,<a_48><b_46><c_20>
4b4327e6f964a5209fdc25e3,35.65561813580688,139.75674211978912,78,997,13,54,36,<a_13><b_54><c_36>
4b19f917f964a520abe623e3,35.698596195264464,139.77301824864617,78,8475,49,18,45,<a_49><b_18><c_45>
4ee8aab693ad8b68e9b0c649,35.66443545895572,139.7351610660553,47,5,10,3,35,<a_10><b_3><c_35>
4b426f4af964a520ecd325e3,35.561035556356615,139.67103749513626,78,159,20,39,20,<a_20><b_39><c_20>
4b7f94edf964a520573530e3,35.56866645812988,139.553412,78,320,44,30,60,<a_44><b_30><c_60>
4dc0c29d7d8bf48713b3c65a,35.589393896677244,139.72850783872397,149,57,9,7,26,<a_9><b_7><c_26>
4b600990f964a520e3d329e3,35.666692051408944,139.7581327376774,78,1693,49,54,37,<a_49><b_54><c_37>
4b19f837f964a520a2e623e3,35.71362076736724,139.77651776270966,78,1721,49,35,61,<a_49><b_35><c_61>
4b5da942f964a520a26529e3,35.57668091790503,139.65963542461395,320,24,30,33,20,<a_30><b_33><c_20>
4ba5977af964a520d61439e3,35.66529713170683,139.73672466110602,138,44,30,50,6,<a_30><b_50><c_6>
4b5409faf964a520e6b027e3,35.60978987105579,139.74969863891602,78,187,53,44,49,<a_53><b_44><c_49>
4c8a6ed952a98cfa1e912ce9,35.668436276037966,139.600932598114,139,27,31,46,42,<a_31><b_46><c_42>
4b60c0acf964a52063f729e3,35.84562439273162,139.64698018862993,78,331,53,12,45,<a_53><b_12><c_45>
4b563a0af964a520450628e3,35.74757458317166,139.84018564224243,78,140,31,30,19,<a_31><b_30><c_19>
4b9f1364f964a520ab1237e3,35.69678599341387,139.75114837288857,149,21,10,41,53,<a_10><b_41><c_53>
4b3854eef964a520a14d25e3,35.71048066190842,139.8133099079132,78,470,61,11,44,<a_61><b_11><c_44>
4bb70c132f70c9b641408630,35.575729760171434,139.65965151786804,78,739,53,54,61,<a_53><b_54><c_61>
4b57022df964a520a92228e3,35.80785559131008,139.84503775835037,78,130,20,11,54,<a_20><b_11><c_54>
4b52d2cff964a520bb8827e3,35.743553244845074,139.6070272475481,78,158,35,11,5,<a_35><b_11><c_5>
4b559c09f964a520efe827e3,35.858739601673754,139.6572858095169,78,394,53,12,19,<a_53><b_12><c_19>
4b8ef4d9f964a5200a4133e3,35.65261421434919,139.74952361974067,289,52,61,9,63,<a_61><b_9><c_63>
4c31783866e40f477521c58b,35.66650998172986,139.73862648010254,248,49,20,26,53,<a_20><b_26><c_53>
4b5285cff964a520eb8027e3,35.57289367236271,139.6672260761261,78,27,53,52,55,<a_53><b_52><c_55>
4b6a97d2f964a520a6d92be3,35.69807224884871,139.77548003196716,297,433,63,16,31,<a_63><b_16><c_31>
4b6d4872f964a5202e6f2ce3,35.68598868936885,139.7634315490723,297,142,20,57,58,<a_20><b_57><c_58>
4b54ff13f964a5201fd727e3,35.697769474245945,139.64807510375977,297,255,20,11,61,<a_20><b_11><c_61>
4b6265b9f964a520db452ae3,35.61919223543136,139.72830533981323,78,94,51,45,27,<a_51><b_45><c_27>
4e81711e7ee6477bdbff8449,35.61558798102164,139.57700461149216,85,40,9,10,58,<a_9><b_10><c_58>
4bf29ddea32e20a14266d557,35.67751799670805,139.76539492607117,78,452,13,45,16,<a_13><b_45><c_16>
4e816ff3b8f76bc19bbabe10,35.61539609843528,139.57709446549416,85,43,31,53,18,<a_31><b_53><c_18>
4b07d082f964a520320023e3,35.59974085378926,139.6102237701416,78,382,63,41,49,<a_63><b_41><c_49>
4b572c71f964a520832928e3,35.59902114917961,139.61120009422302,78,314,53,53,22,<a_53><b_53><c_22>
4b641c3df964a5208c9f2ae3,35.71115144964136,139.7735595703125,78,172,61,51,44,<a_61><b_51><c_44>
4e5075afd164978659da0746,35.69989455176754,139.76935872676313,278,50,31,46,18,<a_31><b_46><c_18>
4ba56d50f964a520f70539e3,35.70154377941831,139.76943859967173,90,24,31,30,19,<a_31><b_30><c_19>
4b56509ef964a520cf0a28e3,35.81416567573125,139.80131775140762,78,84,31,11,19,<a_31><b_11><c_19>
4b57b024f964a520fd3b28e3,35.69834234896295,139.76886570453644,248,61,31,39,30,<a_31><b_39><c_30>
4bc0277e920eb713a9a4182c,35.614945347217834,139.57693870384873,141,80,31,39,19,<a_31><b_39><c_19>
4b593260f964a520f58028e3,35.57629696568392,139.65564966201782,71,18,61,43,36,<a_61><b_43><c_36>
4dd55c40cc3fcff060de9532,35.61508865,139.5792603,320,52,31,46,49,<a_31><b_46><c_49>
4e81a74d0cd677d9b2a2a5b0,35.61520639588036,139.57910478115082,85,43,31,46,22,<a_31><b_46><c_22>
4b974a9cf964a52091fe34e3,35.53153647523985,139.69675183296204,78,251,9,1,58,<a_9><b_1><c_58>
4b274cf5f964a520bf8524e3,35.53132692901326,139.69690203666687,78,1710,13,54,1,<a_13><b_54><c_1>
4b7a3e24f964a5205c272fe3,35.777226834731394,139.79044675827026,78,210,31,42,61,<a_31><b_42><c_61>
4b5ecbf5f964a520fd9829e3,35.688958355514494,139.70000973651244,78,460,53,54,61,<a_53><b_54><c_61>
4b78815ef964a520c9d22ee3,35.69055482137934,139.70592498779297,297,78,20,41,15,<a_20><b_41><c_15>
4e484a4b18a8f9804ce24340,35.533384,139.685275,53,23,30,50,53,<a_30><b_50><c_53>
4bda51cf2a3a0f479dd3aab6,35.690228518957944,139.70000973651244,360,216,61,51,44,<a_61><b_51><c_44>
4b746edbf964a5204fdc2de3,35.667268302231044,139.73871231079102,320,45,10,50,18,<a_10><b_50><c_18>
4b6a3db4f964a520d0ce2be3,35.68835114950396,139.76315891999548,149,36,30,38,40,<a_30><b_38><c_40>
4e7c49648231553e335b1c85,35.61495874283719,139.5790534641883,85,87,31,46,22,<a_31><b_46><c_22>
4b24b5e7f964a5208d6924e3,35.725682527331706,139.71950568258762,297,135,44,18,53,<a_44><b_18><c_53>
4b62a048f964a520454d2ae3,35.69034569127357,139.6997880935669,78,501,61,30,38,<a_61><b_30><c_38>
4b396b34f964a5204f5c25e3,35.74964694346383,139.80514526367188,78,997,49,45,27,<a_49><b_45><c_27>
4b132d4af964a520249523e3,35.66822490891021,139.60113912820816,78,300,51,11,61,<a_51><b_11><c_61>
4b19f87df964a520a4e623e3,35.70735750443432,139.77461636066437,78,315,25,56,5,<a_25><b_56><c_5>
4b572a22f964a520132928e3,35.61529361550171,139.5794427394867,78,80,31,11,19,<a_31><b_11><c_19>
4b6c016bf964a520421f2ce3,35.69074652349464,139.7006356716156,78,214,53,1,15,<a_53><b_1><c_15>
4b85bf0ef964a520a37031e3,35.561434,139.675399,47,28,30,58,9,<a_30><b_58><c_9>
4c0cdca798102d7fd838e106,35.75254206234596,139.54577967524529,236,10,61,35,57,<a_61><b_35><c_57>
4b7cd447f964a520caa62fe3,35.67271579522983,139.72404599189758,297,53,31,46,18,<a_31><b_46><c_18>
4b269340f964a520c27d24e3,35.67815420136066,139.70568895339966,297,50,44,56,41,<a_44><b_56><c_41>
4b565e9ff964a5208a0d28e3,35.6974636489478,139.81423795223236,249,35,48,13,40,<a_48><b_13><c_40>
4b5cda0ef964a5205f4729e3,35.697002730541755,139.68268632888794,297,75,20,57,20,<a_20><b_57><c_20>
4b5d62ebf964a5207c5b29e3,35.815446772620184,139.58718359470367,78,358,53,52,61,<a_53><b_52><c_61>
4b6fef86f964a5209a002de3,35.66862803129855,139.70489501953125,297,23,9,20,21,<a_9><b_20><c_21>
4b56fc09f964a520c52128e3,35.67027536433367,139.67062711715698,138,52,51,51,17,<a_51><b_51><c_17>
4bd7b65a35aad13a59958ff3,35.7026028394007,139.56089794635773,360,52,61,0,59,<a_61><b_0><c_59>
4d3e2aa43ec9a35dbf135881,35.71067667189469,139.81443643569946,320,21,61,1,5,<a_61><b_1><c_5>
4b756927f964a520fa0a2ee3,35.563512051219696,139.67888832092285,248,71,44,30,44,<a_44><b_30><c_44>
4be3c37799feb713c51882f6,35.70270085413975,139.56133782863617,290,18,63,46,11,<a_63><b_46><c_11>
4b18c616f964a520a7d523e3,35.67231923028651,139.7945612668991,297,134,44,18,37,<a_44><b_18><c_37>
4b55a253f964a520e1e927e3,35.817647861960594,139.6695864200592,78,140,44,11,37,<a_44><b_11><c_37>
4b9909daf964a520545d35e3,35.61022491,139.7358236,320,27,30,50,33,<a_30><b_50><c_33>
4b8cec4cf964a520fce032e3,35.671940094926995,139.7957468032837,297,33,9,50,59,<a_9><b_50><c_59>
4b0e60adf964a520305723e3,35.63014572966312,139.74042892456055,78,2046,43,12,57,<a_43><b_12><c_57>
4d44a162bf61a1cd77ff0aac,35.56501395041171,139.680970439564,138,31,44,10,30,<a_44><b_10><c_30>
4b751862f964a520c9fd2de3,35.6594319763759,139.70056056976318,297,110,53,53,5,<a_53><b_53><c_5>
4b5edaf0f964a520149b29e3,35.65819631197759,139.70203042030334,78,857,43,4,42,<a_43><b_4><c_42>
4b19f962f964a520afe623e3,35.691670172683054,139.7708773612976,78,622,38,12,4,<a_38><b_12><c_4>
4b56c2aef964a520881a28e3,35.697679110950894,139.75402511847457,302,8,9,34,45,<a_9><b_34><c_45>
4b1ac490f964a5205af123e3,35.72949574082487,139.79130506515503,297,115,44,18,39,<a_44><b_18><c_39>
4c9c4ed69c48236a82094dee,35.70509238,139.5614129,320,16,61,11,14,<a_61><b_11><c_14>
4bc2633b920eb71334331c2c,35.683208797808,139.76889789104462,78,121,44,11,36,<a_44><b_11><c_36>
4b5755cdf964a520153228e3,35.70452608437617,139.5615416765213,72,47,20,11,16,<a_20><b_11><c_16>
4b661ccdf964a52055142be3,35.71369516481194,139.77750778198242,78,493,63,47,20,<a_63><b_47><c_20>
4d46e0591ed56dcb3f8aca54,35.74225411703782,139.81056332588196,68,33,48,13,12,<a_48><b_13><c_12>
4bc8508214d79521afc768e9,35.69244785957806,139.77167665958405,33,22,30,23,13,<a_30><b_23><c_13>
4b5e3975f964a520b98429e3,35.68480354368326,139.76948261260986,90,48,53,31,13,<a_53><b_31><c_13>
4b9eed53f964a520f30a37e3,35.81474644203188,139.5868364378428,78,366,53,52,27,<a_53><b_52><c_27>
4b98954ff964a520b84735e3,35.62188679416732,139.75092094421746,320,12,10,28,1,<a_10><b_28><c_1>
4b565926f964a5209b0c28e3,35.82801739067087,139.69051837921145,78,183,53,44,48,<a_53><b_44><c_48>
4b5499d6f964a52001c227e3,35.81565557422877,139.70435857772827,78,481,53,63,15,<a_53><b_63><c_15>
4b38b418f964a520914f25e3,35.699583,139.765222,78,894,21,11,4,<a_21><b_11><c_4>
4b267f8af964a520657c24e3,35.681003987351055,139.76383924484253,90,50,44,53,61,<a_44><b_53><c_61>
4b6ea551f964a5201fc52ce3,35.738832504684886,139.66276445965232,78,140,20,60,15,<a_20><b_60><c_15>
4b2ae079f964a52061b124e3,35.651889113311164,139.5443956553936,78,1074,43,13,57,<a_43><b_13><c_57>
4b6cf112f964a5203b5f2ce3,35.68253341767869,139.7737044095993,297,57,31,41,41,<a_31><b_41><c_41>
4b53bc1af964a520aba927e3,35.6955607096278,139.77587163448334,297,357,63,19,18,<a_63><b_19><c_18>
4ce4f953b43737046644f6ce,35.684742543061255,139.77445006370544,297,128,31,42,21,<a_31><b_42><c_21>
4b56a082f964a5200b1728e3,35.67254956451001,139.9021505101476,297,59,9,46,30,<a_9><b_46><c_30>
4b81f2d6f964a52006c530e3,35.691581,139.737031,149,17,30,58,57,<a_30><b_58><c_57>
4b46c411f964a520ee2726e3,35.65851667125014,139.77643489837646,297,134,44,56,52,<a_44><b_56><c_52>
4b4ef864f964a520d5f726e3,35.68600611785052,139.73066568374634,78,366,49,10,3,<a_49><b_10><c_3>
4c1b83960137952198e446f3,35.758588820546905,139.7892987728119,248,24,61,18,54,<a_61><b_18><c_54>
4b6929a7f964a520ac9a2be3,35.70895612333854,139.79656219482422,297,339,44,30,7,<a_44><b_30><c_7>
4b7a299bf964a52014252fe3,35.64876755182998,139.74458334350447,149,30,48,10,9,<a_48><b_10><c_9>
4b29ffe8f964a5209aa424e3,35.63869992304459,139.74003195762634,297,183,44,11,61,<a_44><b_11><c_61>
4b52c581f964a520c28727e3,35.70300578811289,139.77166056632996,297,387,63,35,1,<a_63><b_35><c_1>
4b0a3657f964a520782223e3,35.697926307277214,139.6829116344452,297,109,44,13,24,<a_44><b_13><c_24>
4de57b4145dda52a05f7426e,35.657419380921134,139.54024761915207,185,29,31,50,6,<a_31><b_50><c_6>
4e12dc7662e1d997a6abe435,35.658347,139.540827,207,31,31,50,63,<a_31><b_50><c_63>
4c9fe1a00e9bb1f7e37df45f,35.57572103390141,139.65965151786804,78,86,31,30,42,<a_31><b_30><c_42>
4b22504cf964a520704524e3,35.619699172885795,139.72855277359486,78,1039,49,54,57,<a_49><b_54><c_57>
4b55c6faf964a52088ef27e3,35.746783828533495,139.75463591516018,78,205,9,8,58,<a_9><b_8><c_58>
4b91d626f964a520afda33e3,35.66864546357213,139.6504783630371,78,85,44,8,45,<a_44><b_8><c_45>
4bcdb01b8920b7132912a0dc,35.68891662087583,139.81557369232178,297,62,9,12,41,<a_9><b_12><c_41>
4be4ca01910020a1484ad214,35.72577234816419,139.65385258197784,299,19,31,41,47,<a_31><b_41><c_47>
4bcdafb78920b7137711a0dc,35.68902118787065,139.8157024383545,297,40,9,48,3,<a_9><b_48><c_3>
4b8a02f4f964a5208e5b32e3,35.70853033628598,139.7956294566393,302,32,61,13,30,<a_61><b_13><c_30>
4b380ad7f964a520bc4a25e3,35.66511535050908,139.71245884895325,297,450,58,36,9,<a_58><b_36><c_9>
4b58e697f964a520c47128e3,35.605143883973426,139.74254719913006,78,87,20,57,5,<a_20><b_57><c_5>
4b7535c3f964a52020012ee3,35.5586331741205,139.55151557922363,78,90,44,51,39,<a_44><b_51><c_39>
4b4d45eff964a520d7cf26e3,35.56068371332292,139.72373016178608,78,424,13,42,38,<a_13><b_42><c_38>
4b52b325f964a520448627e3,35.665876065677715,139.893045411523,297,174,9,12,45,<a_9><b_12><c_45>
4e62fec47d8b854089eb1555,35.62820962139427,139.73841117491816,360,148,20,54,58,<a_20><b_54><c_58>
4b403511f964a520d3b625e3,35.568403721907565,139.5535111427307,78,236,44,18,49,<a_44><b_18><c_49>
4b8aff5bf964a520628d32e3,35.62850802377022,139.73833131832686,78,419,63,43,42,<a_63><b_43><c_42>
4b3eab45f964a52095a025e3,35.70270629939949,139.56082955002785,78,1071,43,41,21,<a_43><b_41><c_21>
4ec0d5979911a2ec5c6cdda6,35.6282272323851,139.73871231079102,78,717,13,1,25,<a_13><b_1><c_25>
4c088080340720a127578393,35.628820227368884,139.73861575126648,78,167,51,51,27,<a_51><b_51><c_27>
4b874392f964a5203cb931e3,35.64024431911127,139.74593065076712,68,50,61,31,24,<a_61><b_31><c_24>
4cc62e6606c25481d7f8a047,35.59995458300269,139.6105992794037,78,224,53,63,2,<a_53><b_63><c_2>
4b7ba460f964a520a4692fe3,35.65495995746399,139.74364757537842,297,97,61,5,30,<a_61><b_5><c_30>
4b600284f964a5202fd329e3,35.56806772910134,139.55346822738647,297,58,44,53,43,<a_44><b_53><c_43>
4b56f902f964a520432128e3,35.71942693768768,139.6638035774231,78,121,31,39,20,<a_31><b_39><c_20>
4dba382e4df0cac21aeb0394,35.657600265965534,139.54279839992523,186,24,44,30,48,<a_44><b_30><c_48>
4b6f8141f964a52066f32ce3,35.65916174452547,139.5436406135559,204,81,31,50,63,<a_31><b_50><c_63>
4b4bee5ff964a5207cab26e3,35.69980392322686,139.77180004119873,150,110,13,26,16,<a_13><b_26><c_16>
4b88d779f964a520fa0f32e3,35.69374398755221,139.77088272571564,297,35,44,11,13,<a_44><b_11><c_13>
4b3eac9bf964a520a5a025e3,35.7021955324165,139.54482078552246,78,374,9,1,34,<a_9><b_1><c_34>
4b8f6933f964a520c85333e3,35.6460326056207,139.82698917388916,297,28,31,46,63,<a_31><b_46><c_63>
4b2c4c0bf964a52075c524e3,35.653864625193144,139.74980257458688,297,119,20,11,36,<a_20><b_11><c_36>
4b5b1051f964a5209de128e3,35.66225192192778,139.77490603923798,248,190,31,53,3,<a_31><b_53><c_3>
4b763192f964a520a7422ee3,35.68997971226908,139.6973741054535,249,36,9,42,44,<a_9><b_42><c_44>
4b132fd2f964a520489523e3,35.67374424018757,139.66725826263428,78,503,61,51,26,<a_61><b_51><c_26>
4cbe677719ceb1f7ce8f1dcd,35.625406085718495,139.7420436143875,68,41,30,31,6,<a_30><b_31><c_6>
4b66914df964a52065242be3,35.62539300443562,139.74204897880554,68,55,9,14,38,<a_9><b_14><c_38>
4b56b9ecf964a520a51928e3,35.61750024027962,139.77935314178467,295,53,51,40,48,<a_51><b_40><c_48>
4bb53d352ea195216e3baa2f,35.5367662225232,139.70287799835205,248,56,9,45,45,<a_9><b_45><c_45>
4bae1656f964a520ad823be3,35.646150306690494,139.82742369174957,78,220,61,50,52,<a_61><b_50><c_52>
4b837896f964a5203f0731e3,35.670363,139.743305,320,29,61,23,35,<a_61><b_23><c_35>
4b5d1cc4f964a5202f5329e3,35.62759062993347,139.7419685125351,68,10,10,2,19,<a_10><b_2><c_19>
4b54422df964a520ccb527e3,35.79220981404536,139.71773207187653,248,233,44,43,43,<a_44><b_43><c_43>
4b56345ff964a520330528e3,35.53275445184632,139.7007429599762,78,432,53,12,13,<a_53><b_12><c_13>
4b54fad0f964a52057d627e3,35.66360737808987,139.872704744339,297,155,53,60,61,<a_53><b_60><c_61>
4b3b5742f964a520ad7225e3,35.55319972801149,139.64681446552277,78,497,61,41,54,<a_61><b_41><c_54>
4b563a05f964a520430628e3,35.74830601061255,139.56767320632937,78,113,53,37,63,<a_53><b_37><c_63>
4b584f78f964a5201c5228e3,35.64318157118457,139.60929036140442,78,165,31,41,41,<a_31><b_41><c_41>
4b7278aef964a520de7b2de3,35.68658996978597,139.76590991020203,297,233,44,1,8,<a_44><b_1><c_8>
4b66e43ff964a5200b2f2be3,35.71585116118837,139.69514787197113,78,110,44,11,39,<a_44><b_11><c_39>
4b35a8b4f964a520722e25e3,35.70320181647976,139.57990407943726,78,893,43,52,1,<a_43><b_52><c_1>
4bc5312b69369521abd98388,35.617565653128494,139.77722346782684,152,10,13,15,12,<a_13><b_15><c_12>
4b5f855af964a5204abf29e3,35.68600611785052,139.88292932510376,297,107,20,57,52,<a_20><b_57><c_52>
4f5db79ee4b01f8f4df7fd0e,35.62035783395502,139.7289618046443,248,42,51,42,35,<a_51><b_42><c_35>
4b0c8214f964a520813e23e3,35.72614905018888,139.51322972774506,78,213,44,56,47,<a_44><b_56><c_47>
4b7a1694f964a52080222fe3,35.714365925490675,139.76004123687744,192,55,31,39,13,<a_31><b_39><c_13>
4e6ea5d11f6e63a4ea6fb39f,35.710602,139.797917,67,14,30,46,2,<a_30><b_46><c_2>
4b1cd6a5f964a520120a24e3,35.77806243973507,139.72083806991577,78,1199,43,12,36,<a_43><b_12><c_36>
4b57a92ef964a5204e3a28e3,35.67882526104555,139.76315259933472,90,51,44,56,24,<a_44><b_56><c_24>
4bc5d071693695219b888488,35.666309504991226,139.75861966609955,78,141,44,49,43,<a_44><b_49><c_43>
4c47c32e1ddec9287f949e32,35.68708231921653,139.76545929908752,320,39,10,5,36,<a_10><b_5><c_36>
4b592a01f964a520be7f28e3,35.663315368578374,139.7321167588234,297,307,61,41,37,<a_61><b_41><c_37>
4b5641a7f964a520c40728e3,35.58157614739344,139.7491192817688,295,81,31,38,42,<a_31><b_38><c_42>
4e9c2ac1d3e3697fc07e5cd5,35.53116758620382,139.69632536172867,360,22,24,56,45,<a_24><b_56><c_45>
4bcb22130687ef3b2e0addcc,35.65222693374202,139.51171159744263,248,9,51,42,24,<a_51><b_42><c_24>
4bbef995ba9776b09765fec8,35.56292402698885,139.56981293857098,297,243,31,46,22,<a_31><b_46><c_22>
4b73ecf6f964a52059c02de3,35.5813231,139.748733,320,40,44,15,35,<a_44><b_15><c_35>
4b6e49c0f964a5206ab62ce3,35.66919239922221,139.6237286925316,320,55,44,13,36,<a_44><b_13><c_36>
4b716198f964a520ca432de3,35.68304104263214,139.70215916633606,78,70,44,6,44,<a_44><b_6><c_44>
4b559470f964a52004e827e3,35.58732177033097,139.5913463830948,78,47,9,12,21,<a_9><b_12><c_21>
4b583562f964a5201f4e28e3,35.668843755416134,139.62346985936165,78,166,31,46,37,<a_31><b_46><c_37>
4e618ca81495676d555d9410,35.52512137,139.71629069,299,5,48,29,2,<a_48><b_29><c_2>
4b986f7ef964a5201a4235e3,35.66514585832768,139.75687623023987,139,26,10,60,21,<a_10><b_60><c_21>
4b55b740f964a520efec27e3,35.54549625962947,139.5745188742876,297,112,44,41,24,<a_44><b_41><c_24>
4b5be971f964a520e31c29e3,35.66735110690702,139.80394899845123,298,41,61,16,52,<a_61><b_16><c_52>
4b17d383f964a52091c823e3,35.68985771889442,139.8356580734253,297,144,31,46,41,<a_31><b_46><c_41>
4b5984f1f964a520f28a28e3,35.688672630688174,139.77317333221436,78,66,53,15,8,<a_53><b_15><c_8>
4b7e455ef964a520e0e72fe3,35.68635577595945,139.78224858641624,297,64,31,1,2,<a_31><b_1><c_2>
4b1a3c14f964a5204de823e3,35.6964320244761,139.81394290924072,78,656,53,54,1,<a_53><b_54><c_1>
4cff2e6e1ebe6dcbee0b8091,35.70305806239121,139.77466195821762,68,66,51,45,33,<a_51><b_45><c_33>
4c7523466f789c74742f494c,35.66753196945322,139.76180881261826,179,12,48,46,60,<a_48><b_46><c_60>
4b4c7cb3f964a5203cb426e3,35.60712395293601,139.62240207563764,78,47,44,53,61,<a_44><b_53><c_61>
4b283516f964a520e19024e3,35.58843420093637,139.7279191017151,78,854,61,12,48,<a_61><b_12><c_48>
4b413218f964a52005c325e3,35.72129098165948,139.75205898284912,297,72,31,50,63,<a_31><b_50><c_63>
4b269275f964a520b87d24e3,35.6689505277435,139.69131231307983,297,59,9,46,5,<a_9><b_46><c_5>
4b5648e6f964a520400928e3,35.752433225195475,139.7381329536438,78,333,53,12,38,<a_53><b_12><c_38>
4c46c0d9c047be9a5e6a2e79,35.73369360286466,139.7402787208557,78,115,61,5,30,<a_61><b_5><c_30>
4b55a124f964a520b2e927e3,35.79123348242127,139.69139009714127,78,143,9,29,21,<a_9><b_29><c_21>
4bac613bf964a5209ff23ae3,35.56659719855399,139.73632514476776,320,46,24,10,14,<a_24><b_10><c_14>
4b9e100ff964a520d2c836e3,35.696915600108895,139.7754693031311,248,80,51,51,44,<a_51><b_51><c_44>
4b24e5a2f964a520636a24e3,35.68417610648677,139.70206260681152,78,341,63,25,26,<a_63><b_25><c_26>
4f0d071ee4b04a8cd74674ae,35.62411832972584,139.7289667933001,90,46,44,16,13,<a_44><b_16><c_13>
4c970c02f7cfa1cdda4ecb15,35.6964363810264,139.81394827365875,78,165,31,29,19,<a_31><b_29><c_19>
4bab2aedf964a520a8973ae3,35.696906887060386,139.81450080871582,78,210,44,56,37,<a_44><b_56><c_37>
4caebbef1463a14399208fa9,35.69687639138304,139.81423527002335,360,78,51,47,18,<a_51><b_47><c_18>
4b54ea63f964a520efd227e3,35.690010210583566,139.7058928012848,166,161,53,1,5,<a_53><b_1><c_5>
4b54f8c1f964a520fad527e3,35.5848776,139.58198,78,120,31,41,41,<a_31><b_41><c_41>
4b063a75f964a520e0e922e3,35.67278116288847,139.7240298986435,297,170,20,54,21,<a_20><b_54><c_21>
4b7615a8f964a5209f3b2ee3,35.56135630493911,139.5750868320465,207,124,31,53,15,<a_31><b_53><c_15>
4bc5a7655935c9b64624a6d2,35.672872677520616,139.72413182258606,297,40,44,18,48,<a_44><b_18><c_48>
4b25bccef964a520cb7524e3,35.55137976854632,139.67172145843506,78,213,51,51,61,<a_51><b_51><c_61>
4b403756f964a520eab625e3,35.69085980180074,139.704852104187,297,308,61,56,61,<a_61><b_56><c_61>
4c301d93ed37a5935b856803,35.697584868303494,139.8260772228241,78,121,31,20,6,<a_31><b_20><c_6>
4f751002e4b06c81e0667de6,35.70944180093369,139.69491451978683,103,29,30,13,23,<a_30><b_13><c_23>
4b39affff964a520805e25e3,35.5534752278672,139.57850262522695,297,129,44,18,44,<a_44><b_18><c_44>
4e534dd1e4cd13d1047c825f,35.699234,139.774394,304,66,51,42,17,<a_51><b_42><c_17>
4b7b65f0f964a520e2612fe3,35.66092259369664,139.7514581680298,297,81,44,53,30,<a_44><b_53><c_30>
4bb441aabd4b9c74a38232f5,35.672487008003,139.72467631101608,90,40,48,53,11,<a_48><b_53><c_11>
4b5e638ef964a520a58c29e3,35.66644242996288,139.75287226310007,139,35,44,11,34,<a_44><b_11><c_34>
4b73502df964a52001a82de3,35.70357209096882,139.75510597229004,297,141,31,2,30,<a_31><b_2><c_30>
4b552568f964a520cadc27e3,35.729352034161906,139.718177318573,90,72,31,50,45,<a_31><b_50><c_45>
4b585654f964a520605328e3,35.70710485873095,139.78127092123032,297,257,44,56,41,<a_44><b_56><c_41>
4b9c9ce8f964a520cb7236e3,35.66096304721965,139.75141500610323,149,40,24,60,37,<a_24><b_60><c_37>
4b8918fff964a5208d1c32e3,35.55375400002482,139.5781660079956,320,44,31,46,41,<a_31><b_46><c_41>
4b1a3b8cf964a52048e823e3,35.6961052825236,139.79252815246582,78,420,31,1,25,<a_31><b_1><c_25>
4bc143b1461576b007ca7b32,35.55438682559082,139.57902431488037,139,90,31,46,41,<a_31><b_46><c_41>
4c4e3a8c1b8e1b8dcf6dd526,35.51790643453024,139.6312997492947,248,20,31,42,17,<a_31><b_42><c_17>
4b56bd3df964a520f01928e3,35.72989637621322,139.7474241256714,68,99,61,18,42,<a_61><b_18><c_42>
4c4aa37e5609c9b6f0e1f68f,35.69612270879486,139.79251205921173,78,123,44,56,47,<a_44><b_56><c_47>
4ba94ec3f964a5206b1d3ae3,35.71014091012367,139.81340646743774,297,70,44,30,8,<a_44><b_30><c_8>
4b9e074cf964a52027c736e3,35.667163706728104,139.76404309272766,248,18,51,25,12,<a_51><b_25><c_12>
4b3b57cef964a520b37225e3,35.564323713941725,139.65404570102692,78,153,9,1,55,<a_9><b_1><c_55>
4d1e58a8b69c6dcb78cc5c95,35.55456139728163,139.57631796598434,342,37,44,56,52,<a_44><b_56><c_52>
4ba44083f964a520329038e3,35.76394301762237,139.7708022594452,78,15,24,61,42,<a_24><b_61><c_42>
4c1876cb4b8bd13a1c734c83,35.71076378728942,139.81289148330688,78,92,51,51,27,<a_51><b_51><c_27>
4b595505f964a520528528e3,35.7021955324165,139.7551703453064,78,714,49,19,15,<a_49><b_19><c_15>
4b4bf936f964a52068ac26e3,35.70642532493498,139.84250843524933,78,186,44,30,48,<a_44><b_30><c_48>
4b598750f964a520448b28e3,35.724399,139.753634,297,239,44,56,32,<a_44><b_56><c_32>
4c00a5419cf52d7f422e14e7,35.56247782390475,139.7160503268242,78,816,61,1,43,<a_61><b_1><c_43>
4b80a413f964a520e88230e3,35.679648826582344,139.7799700498581,297,90,44,0,61,<a_44><b_0><c_61>
4b0b90e1f964a5204d3223e3,35.674963187966185,139.7634733873651,78,617,61,56,41,<a_61><b_56><c_41>
4b6c0623f964a5202d202ce3,35.62840530724475,139.7385407973929,80,172,51,1,8,<a_51><b_1><c_8>
4b95d823f964a52057b534e3,35.607295180716946,139.66867446899414,78,109,9,45,54,<a_9><b_45><c_54>
4b5aad67f964a52078d028e3,35.582599994424406,139.67325476479772,78,45,44,56,36,<a_44><b_56><c_36>
4b22e781f964a520075024e3,35.71897398583766,139.7274899482727,297,28,9,3,55,<a_9><b_3><c_55>
4b340afff964a5204b2425e3,35.682058469518815,139.78602647781372,297,275,44,18,27,<a_44><b_18><c_27>
4e803e748b81c2429f765622,35.68168809513858,139.764646589756,152,16,48,13,46,<a_48><b_13><c_46>
4b5c1434f964a520722329e3,35.673097105817185,139.7599419951439,298,54,44,26,13,<a_44><b_26><c_13>
4e8272f66c25ef63a01ce442,35.65081917203662,139.74741771430962,299,21,48,42,20,<a_48><b_42><c_20>
4b455eebf964a520840b26e3,35.6366920413755,139.58709682221513,78,187,44,30,52,<a_44><b_30><c_52>
4c9a8c049c663704f29f59fd,35.585547239529326,139.682231559726,149,18,61,47,9,<a_61><b_47><c_9>
4b5989c8f964a520a18b28e3,35.73900203861051,139.7618411700819,320,22,61,46,11,<a_61><b_46><c_11>
4b551ed0f964a520d8db27e3,35.64374620546484,139.66972622613693,90,24,31,30,13,<a_31><b_30><c_13>
4bb5e68a2ea1952153dcaa2f,35.63658016886914,139.58766754518055,150,10,61,13,36,<a_61><b_13><c_36>
4b46d0ebf964a520982826e3,35.69550407383317,139.75170493125916,297,319,53,1,61,<a_53><b_1><c_61>
4b67d893f964a520235f2be3,35.65024338625813,139.74707838109114,320,12,45,50,46,<a_45><b_50><c_46>
4b570f57f964a520cb2428e3,35.56407061569543,139.59436655044556,134,27,18,11,38,<a_18><b_11><c_38>
4ba9be42f964a5207e363ae3,35.700361536154034,139.75042819976807,68,51,63,41,46,<a_63><b_41><c_46>
4d802672577eb1f733a1a3d3,35.66643381013522,139.76564475512686,90,24,11,49,45,<a_11><b_49><c_45>
4b64d12ff964a52065d22ae3,35.6906680999577,139.70082879066467,249,9,49,31,3,<a_49><b_31><c_3>
4b5bab10f964a520e00e29e3,35.68971829766635,139.69925165176392,78,755,43,2,36,<a_43><b_2><c_36>
4bd952aa0115c9b681f57680,35.62929572698719,139.73672466110602,289,49,31,46,11,<a_31><b_46><c_11>
4b1f4464f964a520372524e3,35.63367738834909,139.71551656723022,78,475,43,2,29,<a_43><b_2><c_29>
4b558306f964a5201be627e3,35.7019167328534,139.7449779510498,297,80,44,11,32,<a_44><b_11><c_32>
4c73488f8efc3704ea62157d,35.55480815243382,139.74032206201693,68,71,44,16,53,<a_44><b_16><c_53>
4c8872b2a0ffb60cb47522c5,35.733353950055545,139.88201469182968,298,32,31,61,14,<a_31><b_61><c_14>
4b601301f964a520f9d429e3,35.68860291906892,139.69895124435425,297,350,44,1,25,<a_44><b_1><c_25>
4ce74b608ef78cfa559f929b,35.655568554680215,139.54370766878128,201,59,9,46,32,<a_9><b_46><c_32>
4b5bb4d6f964a5203c1129e3,35.67173921807606,139.72408310032196,302,17,49,13,9,<a_49><b_13><c_9>
4b564643f964a520b90828e3,35.73294462295052,139.8816740512848,78,219,61,51,52,<a_61><b_51><c_52>
4b4122c2f964a520d6c125e3,35.67834593327503,139.7400963306427,297,133,53,53,15,<a_53><b_53><c_15>
4b516e9af964a5202a4d27e3,35.843186474808554,139.80073034763336,78,147,31,6,41,<a_31><b_6><c_41>
4b93b485f964a520c64d34e3,35.620783899224726,139.56991016864777,78,174,31,46,22,<a_31><b_46><c_22>
4c1a0d22838020a1c090e661,35.63655492079931,139.7346031665802,102,11,19,27,4,<a_19><b_27><c_4>
4b4a79ccf964a520bc8826e3,35.62081442397418,139.56971168518066,78,555,53,35,3,<a_53><b_35><c_3>
4b8e4616f964a520ad1d33e3,35.66524609822095,139.7123622894287,297,44,53,48,2,<a_53><b_48><c_2>
4bbac03d7421a593ed2dc440,35.6279067516475,139.74077224731445,320,21,44,56,23,<a_44><b_56><c_23>
4b892426f964a520f71e32e3,35.63435754173225,139.7366201877594,289,14,21,42,7,<a_21><b_42><c_7>
4b56ea9ef964a520261f28e3,35.672195030970535,139.48046654462814,78,477,53,1,29,<a_53><b_1><c_29>
4b6fd2d1f964a5207efd2ce3,35.62104117889108,139.56945419311523,78,215,53,61,56,<a_53><b_61><c_56>
4bea692fb3352d7f9e2455d2,35.68337899281701,139.70220371260766,78,62,53,60,8,<a_53><b_60><c_8>
4cf6d57971538cfa38c8b72e,35.653332557588925,139.75722428466315,129,160,31,46,45,<a_31><b_46><c_45>
4f6530a0e4b04d4b1657f0da,35.7097118351891,139.61245188581762,68,40,44,7,4,<a_44><b_7><c_4>
4d104081c3dc3704910f3874,35.636277941830464,139.73320852882375,298,20,61,45,24,<a_61><b_45><c_24>
4b7e7a93f964a520c4ee2fe3,35.65561377702775,139.70369338989258,78,141,18,53,16,<a_18><b_53><c_16>
4dff7dd51495f702193690bf,35.706488097132905,139.73710135513124,6,46,44,16,53,<a_44><b_16><c_53>
4b17b2e4f964a52040c723e3,35.70582855009322,139.66579914093018,78,963,43,33,4,<a_43><b_33><c_4>
4b76248cf964a520ac3f2ee3,35.68363580939136,139.7615486383438,322,35,61,26,35,<a_61><b_26><c_35>
4e4cb76018388d49816c33a8,35.678530806974315,139.78059190882007,90,40,61,50,49,<a_61><b_50><c_49>
4b1885cef964a520ced323e3,35.66184658812384,139.699809551239,65,118,38,36,5,<a_38><b_36><c_5>
4b480de4f964a520274726e3,35.66937761562483,139.8065185546875,297,54,61,5,56,<a_61><b_5><c_56>
4b541c27f964a52080b227e3,35.71389464412125,139.76130209900091,207,46,31,53,45,<a_31><b_53><c_45>
4b7f961bf964a5208c3530e3,35.68333951588237,139.7605562210083,130,42,44,31,45,<a_44><b_31><c_45>
4cf7a3bc55e137046cbdd3b6,35.632269103651744,139.73070859909058,289,17,63,42,61,<a_63><b_42><c_61>
4b0a7f04f964a5207b2423e3,35.66898975019524,139.67971444129944,78,339,53,54,61,<a_53><b_54><c_61>
4b55652df964a52043e327e3,35.61718625786023,139.56456184387207,78,271,61,18,30,<a_61><b_18><c_30>
4b3d87f9f964a520459525e3,35.633894296867474,139.53109860420227,78,148,53,53,61,<a_53><b_53><c_61>
4b58df1ff964a520137028e3,35.70393800759793,139.73421692848206,297,49,63,47,1,<a_63><b_47><c_1>
4b63ca9ef964a520c5912ae3,35.69236725932771,139.7047045826912,284,73,63,11,19,<a_63><b_11><c_19>
4cb0af673f0676b0a826fc0c,35.68379267021536,139.7593116760254,322,29,10,56,56,<a_10><b_56><c_56>
4b823278f964a520f0cc30e3,35.69520782440573,139.75824415683746,297,22,44,30,56,<a_44><b_30><c_56>
4b5f8ae4f964a52080c029e3,35.68633725827871,139.72957134246826,297,62,31,39,19,<a_31><b_39><c_19>
4e7d897977c87cf312e6c464,35.58782159072442,139.5664655428602,289,7,30,38,46,<a_30><b_38><c_46>
4b935fedf964a520d94134e3,35.63038771866346,139.72910195589066,92,11,48,6,22,<a_48><b_6><c_22>
4b58dcdef964a5206f6f28e3,35.53532512940529,139.58948493003845,297,102,44,49,8,<a_44><b_49><c_8>
4b63ad2df964a5207c8b2ae3,35.745618013200385,139.71957389860265,80,125,44,18,43,<a_44><b_18><c_43>
4c33008a213c2d7f5436365d,35.65370460889782,139.53829765319824,295,34,31,50,63,<a_31><b_50><c_63>
4b5e2045f964a5200e7f29e3,35.61907458251699,139.7305631847266,68,36,30,9,23,<a_30><b_9><c_23>
4d76c3eb41526ea80615598a,35.656782,139.795761,249,8,61,16,35,<a_61><b_16><c_35>
4b7c17c1f964a520787c2fe3,35.68403231810095,139.75856602191925,322,31,63,2,22,<a_63><b_2><c_22>
4bf0ba3d3a15d13a2dea3e9f,35.6879755117541,139.7969913482666,297,122,31,50,63,<a_31><b_50><c_63>
4ba9747ff964a5203c283ae3,35.690999221033536,139.7355741262436,78,176,44,51,56,<a_44><b_51><c_56>
4b72772ef964a520ac7b2de3,35.678668390455776,139.74017143249512,297,120,31,6,42,<a_31><b_6><c_42>
4ea8d8d829c2fa48218b2841,35.62899463682113,139.73943051694732,289,10,44,50,35,<a_44><b_50><c_35>
4b568ffef964a520411528e3,35.68120442718294,139.68636095523834,78,154,51,27,3,<a_51><b_27><c_3>
4e1e823a922e1667c53b3772,35.65596038888758,139.5432745174086,6,87,31,57,41,<a_31><b_57><c_41>
4b544068f964a52092b527e3,35.67096773523412,139.65878918766975,78,115,9,20,23,<a_9><b_20><c_23>
4b84bf13f964a520014331e3,35.64769379936406,139.744598313417,146,32,48,5,23,<a_48><b_5><c_23>
4b6824faf964a52008692be3,35.607648454531194,139.73473727703094,78,181,31,41,58,<a_31><b_41><c_58>
4e702ef4483b9778fd286b0c,35.62885074905048,139.73799347877502,78,125,31,8,42,<a_31><b_8><c_42>
4b9990dbf964a520168435e3,35.69364814015434,139.76542711257937,320,45,10,47,33,<a_10><b_47><c_33>
4b58d3aaf964a5203f6d28e3,35.62893795379086,139.73751068115234,299,43,48,20,18,<a_48><b_20><c_18>
4b569977f964a520551628e3,35.710036,139.810697,85,246,53,11,29,<a_53><b_11><c_29>
4b83544bf964a520ab0231e3,35.66560390145875,139.73130153030488,68,113,61,51,56,<a_61><b_51><c_56>
4b81f60ef964a52084c530e3,35.65313795204015,139.5441073179245,289,26,20,11,46,<a_20><b_11><c_46>
4e5ca79b091a7a61047f697b,35.655406734745,139.54423874616623,201,16,31,31,19,<a_31><b_31><c_19>
4b370fd4f964a520523f25e3,35.732117253229084,139.76670384407043,78,419,53,8,5,<a_53><b_8><c_5>
4b6053cff964a520d8df29e3,35.69235854578225,139.70094680786133,297,110,20,11,21,<a_20><b_11><c_21>
4e99bbd6e5e8dffcaeb36897,35.6342834227343,139.7156721353531,78,83,61,51,5,<a_61><b_51><c_5>
4f729013e4b0905384b2e359,35.64388072184869,139.69950114457984,138,13,31,35,46,<a_31><b_35><c_46>
4b5873bcf964a5206e5828e3,35.762915736201656,139.72768306732178,78,213,44,11,48,<a_44><b_11><c_48>
4b42a9c9f964a5206dd825e3,35.64687830575068,139.7099483013153,78,567,49,8,27,<a_49><b_8><c_27>
4b62b939f964a52057502ae3,35.66287517311728,139.73145961761475,297,311,31,42,19,<a_31><b_42><c_19>
4b627e83f964a52097492ae3,35.624978623284925,139.7307826919107,82,23,30,9,39,<a_30><b_9><c_39>
4bc1882474a9a5939108d2f6,35.7294860172988,139.7108557521276,360,33,51,61,51,<a_51><b_61><c_51>
4b8279a1f964a5207cd430e3,35.65573582275349,139.70353245735168,360,60,44,40,24,<a_44><b_40><c_24>
4b63f8f9f964a52065992ae3,35.688927513277505,139.69956278800964,78,99,61,51,56,<a_61><b_51><c_56>
4cc3edabd43ba143f3c363f8,35.68940895594641,139.6988010406494,298,10,44,0,47,<a_44><b_0><c_47>
4b7a93d0f964a520fb312fe3,35.67858559752017,139.75366294384003,322,47,20,42,60,<a_20><b_42><c_60>
4c7e7dbad598a0932aedc562,35.802125835274666,139.71798419952393,78,246,44,51,13,<a_44><b_51><c_13>
4b5f0b28f964a52095a329e3,35.80191699809086,139.71758723258972,78,475,44,53,44,<a_44><b_53><c_44>
4b90b438f964a520de9433e3,35.66170687749953,139.7296502431153,320,48,18,26,38,<a_18><b_26><c_38>
4b567da0f964a520b31228e3,35.693190685077724,139.69316840171814,90,34,44,42,7,<a_44><b_42><c_7>
4b4487c9f964a5201ef625e3,35.677012515423044,139.73704397678375,297,276,61,47,61,<a_61><b_47><c_61>
4b56746ff964a520181128e3,35.65605946096253,139.704310297966,150,8,10,55,22,<a_10><b_55><c_22>
4b5c4864f964a520932929e3,35.681387437024455,139.77555513381958,297,25,9,24,42,<a_9><b_24><c_42>
4b664b96f964a520c61c2be3,35.64041260984325,139.74750753813353,249,9,48,52,52,<a_48><b_52><c_52>
4b504899f964a520bb1f27e3,35.69051560952628,139.66692835092545,297,71,44,30,36,<a_44><b_30><c_36>
4b7e9bbbf964a5202df52fe3,35.674236929560095,139.75907399825647,297,70,44,50,30,<a_44><b_50><c_30>
4be76bcd9a54a59307ed0811,35.62656595095779,139.7413945198059,68,62,44,19,38,<a_44><b_19><c_38>
4d27d910849f37040eb36d41,35.734997,139.753479,298,19,61,2,9,<a_61><b_2><c_9>
4b22ebb2f964a5205c5024e3,35.671976,139.741176,297,208,24,11,16,<a_24><b_11><c_16>
4b1b7b31f964a5209efb23e3,35.68691239365025,139.76361393928528,297,282,52,11,5,<a_52><b_11><c_5>
4b56f067f964a520f01f28e3,35.66629207220754,139.4770547747612,78,184,44,41,59,<a_44><b_41><c_59>
4b8adb31f964a520968532e3,35.72270232024691,139.63859153133942,78,52,31,41,41,<a_31><b_41><c_41>
4cdcd1ca7dc62c0f6d84e8f2,35.65448717861441,139.75707954487115,68,76,53,4,8,<a_53><b_4><c_8>
4e6194cf52b1260c12c38a13,35.73704361505757,139.75141001555858,139,19,61,2,45,<a_61><b_2><c_45>
4b711eaaf964a520533a2de3,35.65717420475512,139.54051852226257,186,63,9,5,32,<a_9><b_5><c_32>
4c1341a0a9c220a10c86559d,35.68814758986024,139.7002291304607,140,61,51,2,50,<a_51><b_2><c_50>
4b5a2f44f964a520b3b228e3,35.65260616271704,139.7443985939026,90,17,51,24,14,<a_51><b_24><c_14>
4c38e3001e06d13a929f783e,35.682799213121505,139.69622611999512,342,22,48,5,13,<a_48><b_5><c_13>
4b7bee49f964a5205c742fe3,35.683750187105964,139.74560424685478,322,35,49,42,54,<a_49><b_42><c_54>
4d2961a6c406721e3cf47ab6,35.73641545033469,139.74997275616232,298,18,61,2,9,<a_61><b_2><c_9>
4b570dbff964a5208e2428e3,35.692393399958355,139.72286581993103,297,127,61,51,26,<a_61><b_51><c_26>
4b1b6114f964a5201efb23e3,35.712902440367635,139.7038972377777,78,849,4,35,3,<a_4><b_35><c_3>
4c242e56136d20a14387e161,35.689626802353,139.70172464847565,140,4,48,41,27,<a_48><b_41><c_27>
4b62271cf964a520cf382ae3,35.70194069222913,139.74363148212433,249,23,20,26,38,<a_20><b_26><c_38>
4d2962b9915fa093052e060a,35.73757503659146,139.7490345639482,298,16,61,7,2,<a_61><b_7><c_2>
4b75ca0ff964a520d1242ee3,35.69086524786908,139.70487020909786,297,35,31,46,20,<a_31><b_46><c_20>
4dd59187b0fb8af380588151,35.69150461370964,139.70119893550873,149,13,30,37,49,<a_30><b_37><c_49>
4f55c73ee4b09073a2af9dd8,35.664562,139.739891,91,13,24,57,39,<a_24><b_57><c_39>
4b57016df964a520952228e3,35.522015757591234,139.62984681129456,78,150,9,21,41,<a_9><b_21><c_41>
4b7bdc24f964a52009712fe3,35.74800995745808,139.80660438537598,207,203,31,46,30,<a_31><b_46><c_30>
4ca85754b7106dcb638e71a5,35.679557319720246,139.7627019882202,289,107,44,56,8,<a_44><b_56><c_8>
4df066d8ae6066d602d5dfa8,35.649069918730426,139.75262273025314,68,30,44,25,12,<a_44><b_25><c_12>
4b3883cff964a520624e25e3,35.65227052337097,139.72222208976746,297,69,44,18,45,<a_44><b_18><c_45>
4b0df959f964a520635323e3,35.66318884920453,139.73212469669195,297,334,63,3,27,<a_63><b_3><c_27>
4c86f6fee602b1f7877fc47a,35.672070845708106,139.7571893474397,90,24,20,61,17,<a_20><b_61><c_17>
4b67ab11f964a5202d5a2be3,35.68598868936885,139.78244304656982,297,131,44,49,13,<a_44><b_49><c_13>
4bd44f3aa8b3a59307856b5f,35.56248218776114,139.63268995285034,262,10,31,56,17,<a_31><b_56><c_17>
4bd44dda046076b097997771,35.561823242757804,139.63371992111206,262,9,51,25,46,<a_51><b_25><c_46>
4d463248c3e5f04d8c13ac20,35.67201853687326,139.75764870643616,67,16,18,36,3,<a_18><b_36><c_3>
4b0f84e5f964a520e56223e3,35.62645040122807,139.72343981266022,78,506,53,8,22,<a_53><b_8><c_22>
4b6795c4f964a5204e562be3,35.717957,139.765206,290,8,24,15,14,<a_24><b_15><c_14>
4be11c720f03a593a78f18b4,35.69091208404159,139.7019526362419,4,48,44,56,13,<a_44><b_56><c_13>
4d4bcbbf7a45721e9375bd54,35.53957739819792,139.663245677948,289,17,14,26,43,<a_14><b_26><c_43>
4c53e0211b46c9b6123fabcd,35.69329524646942,139.6651393175125,68,7,48,41,12,<a_48><b_41><c_12>
4e22ae6762e1964dbb741bf4,35.57844358402742,139.5749473571777,289,11,30,17,19,<a_30><b_17><c_19>
4b400c75f964a520d8b425e3,35.57957795260064,139.57301884889603,78,204,31,41,19,<a_31><b_41><c_19>
4b7e4ca8f964a520c5e82fe3,35.73035579800958,139.7105571627617,78,679,31,53,13,<a_31><b_53><c_13>
4b5e60bff964a520198c29e3,35.71311368913581,139.76214408874512,302,6,48,59,7,<a_48><b_59><c_7>
4b9c81a6f964a5202d6d36e3,35.713224757851165,139.70470190048218,140,125,31,50,52,<a_31><b_50><c_52>
4b8c5bd5f964a52099cc32e3,35.7055933237456,139.79219555854797,297,25,44,16,8,<a_44><b_16><c_8>
4b6a8c00f964a5204fd82be3,35.65948427920908,139.70020651817322,78,338,13,26,3,<a_13><b_26><c_3>
4bb200cbf964a5200fb13ce3,35.69322336052734,139.77972865104675,262,26,21,19,35,<a_21><b_19><c_35>
4b7e4a1ef964a5207ae82fe3,35.690009371890646,139.69758648475607,74,11,61,50,1,<a_61><b_50><c_1>
4f4d1641e4b00b42c3ddbb00,35.65265847002059,139.74416255950928,68,19,31,7,41,<a_31><b_7><c_41>
4db648e543a1369cb5e30a2c,35.65291700576674,139.7447779526626,67,12,51,30,51,<a_51><b_30><c_51>
4be4d3b2d4f7c9b6c7c82420,35.64855224249762,139.8235720396042,171,12,48,56,57,<a_48><b_56><c_57>
4dbce1ca43a1d8504b98d0a5,35.547170674775714,139.7400376548318,104,24,44,16,47,<a_44><b_16><c_47>
4b752193f964a520c8fe2de3,35.749564224233985,139.8045927286148,297,209,31,46,42,<a_31><b_46><c_42>
4b3c3b13f964a5202d8325e3,35.52224170080888,139.73230719566345,47,38,63,16,45,<a_63><b_16><c_45>
4b70eccff964a5207e342de3,35.686520256346704,139.7661942243576,297,188,44,10,58,<a_44><b_10><c_58>
4b603896f964a5209ada29e3,35.65890458756057,139.7025829553604,297,148,63,41,60,<a_63><b_41><c_60>
4b9ae4c1f964a52065e035e3,35.740649635002896,139.7441840171814,298,12,61,16,13,<a_61><b_16><c_13>
4b558c89f964a52013e727e3,35.61462638297911,139.52824473381042,78,35,61,40,30,<a_61><b_40><c_30>
4bb8170e98c7ef3b25d53002,35.74003352272576,139.7464907169342,298,23,9,42,52,<a_9><b_42><c_52>
4e5f38a2149582866d3dff31,35.73988040686342,139.7467851656761,289,18,44,50,43,<a_44><b_50><c_43>
4b6644f7f964a520811b2be3,35.55334375181653,139.64691638946533,39,91,31,61,42,<a_31><b_61><c_42>
4b2482daf964a520456824e3,35.69642331137472,139.81417894363403,65,71,24,5,26,<a_24><b_5><c_26>
4b54fd0ff964a520c4d627e3,35.66532236405982,139.73140130743988,320,22,31,50,46,<a_31><b_50><c_46>
4b30b5b8f964a52015fb24e3,35.67232358815374,139.73654508590698,297,212,63,26,6,<a_63><b_26><c_6>
4bb1a29ef964a520f59c3ce3,35.68877719800285,139.73506450653076,68,19,30,55,20,<a_30><b_55><c_20>
4b663f1bf964a520891a2be3,35.711412793983136,139.7771805524826,297,89,44,30,49,<a_44><b_30><c_49>
4b83e1e4f964a520101531e3,35.64742757011199,139.70905780792236,297,56,51,50,60,<a_51><b_50><c_60>
4c71f0a9376da093d156a5c6,35.70681379726981,139.69442543724065,83,11,53,10,10,<a_53><b_10><c_10>
4c6a01052c29d13af6df0c41,35.67851151955764,139.78727102279663,75,29,48,3,61,<a_48><b_3><c_61>
4e313b86922ea20b3461a8ca,35.67887319366422,139.78747487068176,67,57,31,50,41,<a_31><b_50><c_41>
4e54477bfa761d3de83b5d83,35.64501495365101,139.52688840865255,289,10,48,34,20,<a_48><b_34><c_20>
4b7e3467f964a520fde52fe3,35.708582004492364,139.73760278599076,155,47,51,24,36,<a_51><b_24><c_36>
4b5654eff964a520bb0b28e3,35.64935432475902,139.7481107711792,68,10,61,43,54,<a_61><b_43><c_54>
4b57cc51f964a520a94128e3,35.67125154564592,139.74705934524536,68,18,18,39,36,<a_18><b_39><c_36>
4b5642d0f964a520110828e3,35.735961,139.629695,78,90,31,11,18,<a_31><b_11><c_18>
4b0587a1f964a5209b9d22e3,35.71406103497294,139.77407455444336,139,79,44,1,5,<a_44><b_1><c_5>
4b5bb51df964a520481129e3,35.53376287009823,139.72946405410767,102,55,44,54,6,<a_44><b_54><c_6>
4bdee230ffdec9282cf0e9a1,35.67882308228945,139.66568380594254,320,53,9,3,3,<a_9><b_3><c_3>
4b52d1bff964a520a38827e3,35.73787382649612,139.65452313423157,78,307,63,43,44,<a_63><b_43><c_44>
4b5ea99ef964a520439529e3,35.55320900227946,139.6464154869318,150,86,9,39,5,<a_9><b_39><c_5>
4b5e654bf964a520fa8c29e3,35.75092690374719,139.8046624660492,284,26,31,42,1,<a_31><b_42><c_1>
4b7aae11f964a520f1362fe3,35.73740791660354,139.65474843978882,297,63,44,30,44,<a_44><b_30><c_44>
4b5c3414f964a520382729e3,35.67216670478368,139.47986841201782,39,27,51,39,41,<a_51><b_39><c_41>
4b5d355bf964a520905629e3,35.6224191372523,139.75009560585022,150,14,13,61,35,<a_13><b_61><c_35>
4b2438f3f964a520116424e3,35.7437954343205,139.67858791351318,78,247,20,11,16,<a_20><b_11><c_16>
4b557772f964a52013e527e3,35.69589616697144,139.69995975494385,78,368,63,57,48,<a_63><b_57><c_48>
4b8e1309f964a520981733e3,35.55446101860587,139.64733481407166,65,5,10,19,46,<a_10><b_19><c_46>
4b64fbabf964a520acdd2ae3,35.691574322792974,139.70375508069992,302,7,48,35,10,<a_48><b_35><c_10>
4b6f807af964a5203ef32ce3,35.65777570227388,139.54440772533417,186,30,9,20,53,<a_9><b_20><c_53>
4b6f80abf964a5204af32ce3,35.658124394413214,139.54434871673584,189,16,61,23,2,<a_61><b_23><c_2>
4bc19206461576b076277c32,35.69727283427865,139.7717946767807,87,11,9,44,21,<a_9><b_44><c_21>
4bd1653641b9ef3b1be0fbe5,35.65622182441852,139.7563049197197,149,8,30,58,57,<a_30><b_58><c_57>
4b52ff05f964a5202b8c27e3,35.67983619744879,139.7800612449646,297,371,61,11,5,<a_61><b_11><c_5>
4b6a68c0f964a520b9d42be3,35.551733548966745,139.78849396912628,333,18,9,6,36,<a_9><b_6><c_36>
4bc913fb511f95216023adc7,35.66998464164691,139.64214809658736,320,45,31,46,18,<a_31><b_46><c_18>
4ddd9e5d1f6e03694731fe6b,35.55310568264516,139.78479616116604,268,12,18,39,45,<a_18><b_39><c_45>
4b5bc2e0f964a520ad1429e3,35.770128,139.660808,47,59,44,51,13,<a_44><b_51><c_13>
4c481f4f31e41b8de2e94e35,35.692750654385335,139.7035351395607,288,13,13,29,2,<a_13><b_29><c_2>
4e3d441f2271d21e86f3532a,35.769715,139.660835,39,42,51,29,60,<a_51><b_29><c_60>
4b5d821cf964a520605f29e3,35.697606106177034,139.76872354745865,153,14,31,38,2,<a_31><b_38><c_2>
4b32b951f964a5209e1225e3,35.67612791546994,139.64320957660675,78,128,44,56,52,<a_44><b_56><c_52>
4b6e4768f964a520e2b52ce3,35.693312673354704,139.69913095235825,297,123,51,6,8,<a_51><b_6><c_8>
4ba24245f964a520b2e737e3,35.60660649741801,139.68532715058598,236,14,18,54,2,<a_18><b_54><c_2>
4b777fa7f964a520309e2ee3,35.74977976281568,139.80546722986332,297,145,20,39,56,<a_20><b_39><c_56>
4b18c8bbf964a520bad523e3,35.66882850221484,139.83066111803055,297,71,9,5,41,<a_9><b_5><c_41>
4b403a4ef964a52005b725e3,35.674212701188424,139.74505841732025,297,34,44,49,57,<a_44><b_49><c_57>
4b7b415df964a520df5a2fe3,35.729352034161906,139.718177318573,71,6,10,57,57,<a_10><b_57><c_57>
4b71529df964a52019412de3,35.70140704988187,139.753839969635,236,10,10,13,61,<a_10><b_13><c_61>
4b9a0126f964a520b09a35e3,35.62934947009267,139.742113359673,236,26,16,8,62,<a_16><b_8><c_62>
4b7612d7f964a520d43a2ee3,35.73090666520053,139.708993434906,65,25,61,49,24,<a_61><b_49><c_24>
4d93c45f45ae5481af21f6eb,35.63083689409756,139.74298158468977,249,45,9,13,12,<a_9><b_13><c_12>
4b9a4e3bf964a52011ab35e3,35.676973296913616,139.78594601154327,320,50,61,0,60,<a_61><b_0><c_60>
4b5fd552f964a52041ce29e3,35.69272451387176,139.70367193222046,149,8,48,42,13,<a_48><b_42><c_13>
4b5a905df964a52084cb28e3,35.73134866260269,139.70748871564865,284,19,9,47,3,<a_9><b_47><c_3>
4b5b487cf964a52056f128e3,35.55564809750796,139.65401351451874,207,63,31,41,41,<a_31><b_41><c_41>
4b18bed2f964a5207dd523e3,35.70230879446056,139.7450315952301,78,716,56,54,16,<a_56><b_54><c_16>
4ddf3ba8d22d728b20c37aa7,35.60828085437723,139.55499708652496,186,40,44,56,61,<a_44><b_56><c_61>
4f6227b2e4b073ddcaba153f,35.70161549802526,139.77971314780146,42,84,9,48,41,<a_9><b_48><c_41>
4ee6b3a2991194490328f3b8,35.67985792107745,139.63636007054322,155,7,10,50,35,<a_10><b_50><c_35>
4be4f932d4f7c9b61df92420,35.681283949368016,139.76607084274292,78,130,61,51,30,<a_61><b_51><c_30>
4b557fdbf964a520c5e527e3,35.737055216647526,139.4882583618164,78,163,61,51,48,<a_61><b_51><c_48>
4ee0a5737ee54945fe3b8a89,35.71252019623984,139.77614830738932,78,42,20,63,32,<a_20><b_63><c_32>
4cc183bbf4448cfab2275798,35.69578071752542,139.77447152137756,109,5,48,18,41,<a_48><b_18><c_41>
4d5283739ffc236a9bce2da7,35.7698069771204,139.660744,302,12,21,42,41,<a_21><b_42><c_41>
4b132e42f964a520339523e3,35.66761259479359,139.6318370103836,78,286,61,51,18,<a_61><b_51><c_18>
4b8f8592f964a520e35633e3,35.673800175657725,139.77078647120217,33,6,10,9,29,<a_10><b_9><c_29>
4b2697a6f964a520037e24e3,35.60743038445974,139.68562066555023,78,390,44,53,21,<a_44><b_53><c_21>
4db386ae43a1369cb5a6920e,35.5874482828258,139.6258556842804,262,42,30,31,16,<a_30><b_31><c_16>
4b58f1a9f964a5209c7428e3,35.72707446667437,139.77145671844482,80,59,44,56,52,<a_44><b_56><c_52>
4b55670ff964a52071e327e3,35.69901541704127,139.7746217250824,65,1860,49,27,1,<a_49><b_27><c_1>
4b527802f964a520bf7e27e3,35.62510521567118,139.7792673110962,298,30,44,18,43,<a_44><b_18><c_43>
4ba8195ff964a52090cc39e3,35.66232601498133,139.76133406162262,61,25,30,35,40,<a_30><b_35><c_40>
4e8efb9cdab454671eef0ccb,35.576574415912106,139.57383636382426,6,13,31,13,42,<a_31><b_13><c_42>
4ce9ecd4f3bda143d613c3e4,35.583260176778374,139.74704325199127,90,31,10,42,22,<a_10><b_42><c_22>
4b62baa0f964a52084502ae3,35.64984879698561,139.7120754746354,236,4,30,20,34,<a_30><b_20><c_34>
4b56f93cf964a5204a2128e3,35.83049392997807,139.56237131856992,78,69,53,60,10,<a_53><b_60><c_10>
4b5bd76ef964a520411929e3,35.69710946519229,139.77097392082214,248,148,51,51,1,<a_51><b_51><c_1>
4b5a80a4f964a52078c828e3,35.69961659925912,139.77139234542847,356,147,51,11,48,<a_51><b_11><c_48>
4bb0260bf964a520b9393ce3,35.56153673333333,139.574556,195,36,61,18,19,<a_61><b_18><c_19>
4c3efd660596c928d1fc8478,35.671129315514335,139.90108343551253,236,12,30,0,39,<a_30><b_0><c_39>
4c0f6b642466a5936f8c7a21,35.69888861093347,139.76860992346823,289,15,19,42,23,<a_19><b_42><c_23>
4c72b3968efc370485a4137d,35.76942307866547,139.66723144054413,320,20,44,56,24,<a_44><b_56><c_24>
4b7b57e9f964a5201e5f2fe3,35.730008039999994,139.71282,21,14,35,54,35,<a_35><b_54><c_35>
4bd6c30d637ba593179af870,35.78823,139.6131454,297,24,44,16,13,<a_44><b_16><c_13>
4e7febd3722eea96b85b304f,35.670381118243085,139.63077182742597,68,5,48,33,62,<a_48><b_33><c_62>
4e6987f518381ea1bd82e0db,35.66555989185584,139.75054621696472,236,10,18,21,50,<a_18><b_21><c_50>
4f643c28e4b036e3e7c47c56,35.58675900543163,139.7061288356781,68,11,61,13,33,<a_61><b_13><c_33>
4b6fed97f964a52057002de3,35.643645852075366,139.74924266338348,33,11,55,62,19,<a_55><b_62><c_19>
4b7a6bc8f964a5205d2c2fe3,35.74933348066473,139.80510234832764,78,140,31,30,42,<a_31><b_30><c_42>
4becaea60ddaa5936df11dc3,35.57491384981321,139.66323494911194,78,89,31,42,58,<a_31><b_42><c_58>
4b735d23f964a520c5aa2de3,35.74870655136291,139.80480194091797,78,116,53,44,56,<a_53><b_44><c_56>
4b7fb37af964a520a63930e3,35.69591141499899,139.77502942085266,249,6,61,16,12,<a_61><b_16><c_12>
4eaea460f9f4f7f1a0e498ee,35.647523473025934,139.748432636261,297,163,53,15,56,<a_53><b_15><c_56>
4b55b56af964a520b5ec27e3,35.691720275988864,139.7023442387581,72,33,20,44,48,<a_20><b_44><c_48>
4caae6a814c33704a3c1e53b,35.705155539528526,139.61874783039093,72,12,31,7,13,<a_31><b_7><c_13>
4b5d0511f964a5203c4f29e3,35.700104511929894,139.7623586654663,249,6,24,33,36,<a_24><b_33><c_36>
4e6ee23b149506c77ac686da,35.72493075208767,139.75357096065355,320,34,48,9,19,<a_48><b_9><c_19>
4d8d377b1d06b1f77a432c3b,35.67337400038222,139.81613269296855,90,18,48,50,59,<a_48><b_50><c_59>
4e5c2828183883e00c05d4f0,35.64489917903694,139.7109889984131,78,51,9,20,16,<a_9><b_20><c_16>
4bc5735a6a3e9c74b0e9f548,35.67269836384515,139.7240674495697,297,18,44,53,13,<a_44><b_53><c_13>
4f2738dbe4b012e031e3810c,35.67968804,139.7797072,320,5,48,3,19,<a_48><b_3><c_19>
4c3a9587be4620a1a9210b13,35.697244215621815,139.75748381896705,247,16,48,17,15,<a_48><b_17><c_15>
4bbe6720b083a59388faa1e9,35.65305360463076,139.74501747250292,249,12,19,42,23,<a_19><b_42><c_23>
4b572309f964a520d32728e3,35.67112080776967,139.64828968048096,207,50,44,13,9,<a_44><b_13><c_9>
4e9012878231d8feadd9d648,35.69888254644675,139.77041333913803,294,101,61,50,63,<a_61><b_50><c_63>
4b5aade9f964a5208bd028e3,35.70179,139.769787,139,114,31,53,21,<a_31><b_53><c_21>
4b3836cef964a520e64c25e3,35.606248434331405,139.73484992980957,78,149,53,52,44,<a_53><b_52><c_44>
4b9c3a37f964a520ea5636e3,35.65859948500268,139.7020947933197,78,45,20,8,16,<a_20><b_8><c_16>
4b73785bf964a52022b02de3,35.6989849221703,139.77105975151062,39,269,21,30,27,<a_21><b_30><c_27>
4b777a55f964a520f99c2ee3,35.56354477971432,139.65515613555908,148,11,38,42,35,<a_38><b_42><c_35>
4cce2bc8294aef3bb45486e2,35.626688041056816,139.7406703233719,110,8,10,41,18,<a_10><b_41><c_18>
4b78a332f964a52065db2ee3,35.67867274797632,139.74021703004837,297,43,44,51,13,<a_44><b_51><c_13>
4b305a74f964a5201ef924e3,35.669687,139.767254,297,56,9,47,5,<a_9><b_47><c_5>
4df18fdfd4c01ff6b2e43813,35.61138608315322,139.55487370491028,186,37,44,56,31,<a_44><b_56><c_31>
4b3d8ca3f964a520689525e3,35.668361407560894,139.6504027448891,78,436,63,54,1,<a_63><b_54><c_1>
4b6b8ab9f964a520db0e2ce3,35.70265889,139.7754049,320,36,18,26,2,<a_18><b_26><c_2>
4b88d6d3f964a520de0f32e3,35.700371337908884,139.77054342627525,39,219,8,26,21,<a_8><b_26><c_21>
4bf635815e800f475304e7d4,35.6981528433334,139.7539472579956,90,64,9,46,15,<a_9><b_46><c_15>
4b5c0ebef964a520b22229e3,35.6831521532426,139.76899445056915,249,5,48,16,22,<a_48><b_16><c_22>
4b565fd0f964a520b60d28e3,35.706106250626235,139.70697090472066,207,51,44,49,13,<a_44><b_49><c_13>
4b73ca50f964a520eebb2de3,35.703498036208586,139.5803788304329,135,16,51,45,1,<a_51><b_45><c_1>
4b625fcbf964a520e6442ae3,35.67204096518859,139.72552472062347,149,7,61,6,56,<a_61><b_6><c_56>
4b83b9caf964a520510e31e3,35.55256689307466,139.74059522151947,111,13,51,13,19,<a_51><b_13><c_19>
4d5497cb96ed5481f7a5ff6f,35.7294609028698,139.68289218842983,251,17,9,10,32,<a_9><b_10><c_32>
4b4189eff964a52067c725e3,35.69210149576304,139.7848892211914,297,68,61,51,7,<a_61><b_51><c_7>
4b5fb5fdf964a5206dc929e3,35.62200706042094,139.72876399755478,248,12,18,61,2,<a_18><b_61><c_2>
4b563c1af964a520af0628e3,35.62006002318045,139.7292333841324,225,21,30,23,20,<a_30><b_23><c_20>
4b3353b6f964a520b51825e3,35.60350065991548,139.61753010749817,78,84,44,41,59,<a_44><b_41><c_59>
4c2138c899282d7f124465b0,35.65836847800488,139.7024166584015,299,22,44,37,57,<a_44><b_37><c_57>
4b6ed673f964a520c2cc2ce3,35.60439914891669,139.5989155769348,47,22,31,50,41,<a_31><b_50><c_41>
4b5a4cb7f964a52056bb28e3,35.7300438000342,139.68302911996523,78,95,31,30,60,<a_31><b_30><c_60>
4b4bc3b1f964a520e3a626e3,35.62643513993051,139.63392779231071,78,115,63,41,56,<a_63><b_41><c_56>
4bd113bfcaff95212c3cd0f0,35.67304699081541,139.7950440645218,29,2,30,62,46,<a_30><b_62><c_46>
4ea5579b9a527d6518427a99,35.70275312861798,139.57933276891708,150,16,24,59,45,<a_24><b_59><c_45>
4b727694f964a520917b2de3,35.67702994586546,139.73703861236572,297,52,31,29,42,<a_31><b_29><c_42>
4b752542f964a5201bff2de3,35.70532593341408,139.77229327672853,41,20,21,11,9,<a_21><b_11><c_9>
4b545885f964a5202eb827e3,35.62752522528485,139.77879524230957,78,328,53,51,50,<a_53><b_51><c_50>
4bd91f570115c9b63b8b7680,35.75899801580445,139.52879190444946,284,7,61,51,12,<a_61><b_51><c_12>
4c3e7e9cdb3b1b8d06986595,35.671232,139.7974013,109,1,30,6,59,<a_30><b_6><c_59>
4b5837b9f964a5205c4e28e3,35.69218209628195,139.70295310020447,39,102,61,51,61,<a_61><b_51><c_61>
4c8adb0f9ef0224bc5095f7b,35.67884269109204,139.73627150058746,248,22,61,0,8,<a_61><b_0><c_8>
4c9989ac80958cfa177a3bd4,35.7082504699001,139.77701425552368,111,15,10,61,42,<a_10><b_61><c_42>
4b7a12baf964a520cf212fe3,35.70195141044026,139.77055183951504,109,18,63,26,43,<a_63><b_26><c_43>
4bb4418b9af3b71390218c28,35.69330395991252,139.7008180618286,65,75,44,11,59,<a_44><b_11><c_59>
4b554bc6f964a5200be127e3,35.822215145141776,139.5751941204071,78,194,44,30,57,<a_44><b_30><c_57>
4cfed88735ae2d43e468e2f1,35.76513640935547,139.72871736102428,88,13,16,22,12,<a_16><b_22><c_12>
4b597a58f964a520908928e3,35.65996263061471,139.6959625929594,249,16,24,42,57,<a_24><b_42><c_57>
4c074a85b4aa0f47ae776562,35.62791765237398,139.77646708488464,68,8,51,42,43,<a_51><b_42><c_43>
4b5bc476f964a520fe1429e3,35.71682629740011,139.7733475113645,178,11,20,33,27,<a_20><b_33><c_27>
4b5ab0ddf964a520f5d028e3,35.693203755259184,139.74982738494873,169,156,53,53,38,<a_53><b_53><c_38>
4b653734f964a52042e92ae3,35.728228,139.714008,236,20,51,51,41,<a_51><b_51><c_41>
4d760c072140721e4752cb3d,35.7134076942214,139.77929949760437,302,3,48,2,34,<a_48><b_2><c_34>
4cd8e443145fa1cdbfdb08bd,35.7007383583069,139.7718831896782,251,389,63,4,24,<a_63><b_4><c_24>
4b443147f964a5208bf225e3,35.695965872216426,139.75806713104248,78,353,49,21,54,<a_49><b_21><c_54>
4cc9615ed063a14311420db4,35.693505,139.76751019,47,14,42,42,27,<a_42><b_42><c_27>
4b30af75f964a520e3fa24e3,35.65363050784492,139.6473777294159,78,36,61,5,43,<a_61><b_5><c_43>
4bb69f63941ad13a5bc41fe3,35.70848523988004,139.77625315258464,249,17,20,33,6,<a_20><b_33><c_6>
4f546a90e4b0b5d9df9fd7ce,35.620684,139.729121,42,8,48,16,11,<a_48><b_16><c_11>
4bf353b2e5eba593857e1e90,35.62237989193128,139.7274550795555,68,6,48,42,42,<a_48><b_42><c_42>
4b5d14c9f964a520b65129e3,35.694153,139.687614,68,66,20,57,17,<a_20><b_57><c_17>
4b7a6c85f964a5207c2c2fe3,35.694142624357525,139.6876698732376,249,54,61,16,31,<a_61><b_16><c_31>
4d0604767ee8a0900caaf254,35.623586,139.738081,248,12,61,22,14,<a_61><b_22><c_14>
4b5face3f964a52098c729e3,35.65991299624231,139.70226853586607,236,5,30,48,31,<a_30><b_48><c_31>
4d75b31bb8e28cfa6a26fc66,35.724052125526505,139.71132695674896,236,3,30,58,57,<a_30><b_58><c_57>
4b52d37af964a520ca8827e3,35.69024112601506,139.69679474830627,153,44,44,11,36,<a_44><b_11><c_36>
4b5ed329f964a520fc9929e3,35.68161184137628,139.78618204593658,236,10,30,23,59,<a_30><b_23><c_59>
4b37f4d2f964a520334925e3,35.67683821078926,139.7701370716095,297,60,44,30,1,<a_44><b_30><c_1>
4b4dc6bff964a5207ad726e3,35.68239834096679,139.77385997772217,297,183,61,1,13,<a_61><b_1><c_13>
4b88ee77f964a5200b1432e3,35.73696812999813,139.77051258087158,298,19,51,25,41,<a_51><b_25><c_41>
4c05b4275753c92836ed39f1,35.694026,139.6927488,249,22,48,42,19,<a_48><b_42><c_19>
4bf4f1ce6a31d13a7353962e,35.68822423465891,139.7013061670985,78,131,20,63,45,<a_20><b_63><c_45>
4c4a7dae712ac9282cd9876b,35.734409917180926,139.76874500513077,283,18,9,26,58,<a_9><b_26><c_58>
4eb1e91f10814a0a5c9ca3e3,35.67034182348476,139.7653292119503,92,7,48,13,22,<a_48><b_13><c_22>
4b5bf176f964a520471e29e3,35.69735560782134,139.77514743804932,39,97,61,50,44,<a_61><b_50><c_44>
4b8a129cf964a520b15e32e3,35.66903115165117,139.70548510551453,298,20,61,29,19,<a_61><b_29><c_19>
4b5a22a2f964a52079af28e3,35.714148146668464,139.70387041568756,33,17,48,36,57,<a_48><b_36><c_57>
4b598022f964a5204f8a28e3,35.659920134819934,139.70194458961487,65,82,63,9,45,<a_63><b_9><c_45>
4b0587b8f964a52012a122e3,35.670136,139.76401168,284,17,44,57,1,<a_44><b_57><c_1>
4b5a8df8f964a52023cb28e3,35.7099644999719,139.77458149194717,298,59,61,32,6,<a_61><b_32><c_6>
4c37d25a18e72d7f635617f5,35.691522040986186,139.701247215271,78,82,44,30,14,<a_44><b_30><c_14>
4b590b7ef964a520ef7928e3,35.72980928173501,139.71642315387726,294,93,13,20,7,<a_13><b_20><c_7>
4b675f46f964a520ee4a2be3,35.68295607559028,139.76636052131653,299,13,27,59,18,<a_27><b_59><c_18>
4b69f87ff964a520febe2be3,35.6604387998969,139.72922533750534,249,8,21,25,5,<a_21><b_25><c_5>
4b543a97f964a5200fb527e3,35.66050417760869,139.6849822998047,207,47,20,11,5,<a_20><b_11><c_5>
4e484ed945dd2955e5b122d6,35.69943363123786,139.77163910865784,349,118,19,11,58,<a_19><b_11><c_58>
4f7bc355e4b0f95966ec7443,35.74874857553843,139.8065361877946,207,19,9,48,52,<a_9><b_48><c_52>
4b73ab38f964a520e1b72de3,35.69876710132423,139.7701209783554,251,158,51,26,38,<a_51><b_26><c_38>
4b8b45e1f964a520669a32e3,35.695491004028696,139.76133942604065,289,19,51,8,43,<a_51><b_8><c_43>
4b60fbaff964a5209a042ae3,35.57288494578371,139.66524124145508,68,37,31,41,35,<a_31><b_41><c_35>
4b739289f964a52078b42de3,35.69461096559956,139.7652930021286,289,52,20,11,42,<a_20><b_11><c_42>
4d36653ceba45481eae206f5,35.57302593150363,139.66537535190582,342,19,20,36,17,<a_20><b_36><c_17>
4b764146f964a52077452ee3,35.702912129945254,139.7716873884201,289,50,44,16,44,<a_44><b_16><c_44>
4b55c270f964a520b2ee27e3,35.69375052259787,139.70172196626663,294,30,44,6,28,<a_44><b_6><c_28>
4bfb81a78f32ef3b261c05aa,35.66120109528565,139.67773551526304,186,13,9,3,63,<a_9><b_3><c_63>
4ba0a9a4f964a520747637e3,35.69747051042566,139.7615211457014,186,145,51,11,42,<a_51><b_11><c_42>
4deee804922e062b73c2cb78,35.656149884223154,139.71120485231296,200,11,51,31,47,<a_51><b_31><c_47>
4d0ad28f78938eec21589336,35.573905949073264,139.6658420562744,68,26,61,37,40,<a_61><b_37><c_40>
4b4dffcbf964a52095dd26e3,35.63346919921755,139.6616443991661,78,132,53,37,26,<a_53><b_37><c_26>
4bbec35e82a2ef3b41e72bd2,35.695378008884106,139.76739688216338,289,17,51,19,29,<a_51><b_19><c_29>
4c2e8b3e16adc9287b1fbc9c,35.65785415813797,139.69785690307617,68,29,55,6,17,<a_55><b_6><c_17>
4b612ca0f964a520fa0b2ae3,35.700487869791004,139.77178394794464,294,273,61,45,13,<a_61><b_45><c_13>
4ea6671d8b814c68ace1af60,35.69666019847902,139.77078683674335,248,11,31,61,24,<a_31><b_61><c_24>
4b8df43cf964a520641433e3,35.69762135387762,139.77111876010895,289,20,44,16,47,<a_44><b_16><c_47>
4b47db98f964a520ce4126e3,35.67664647525239,139.7636514902115,301,134,31,56,21,<a_31><b_56><c_21>
4b400cfff964a520e3b425e3,35.57742263857478,139.55844104290009,78,210,9,45,32,<a_9><b_45><c_32>
4b7fa4f4f964a520023830e3,35.66582254716848,139.69967897206772,265,70,22,19,19,<a_22><b_19><c_19>
4c2ea57da0ced13a77500f6e,35.577789133311484,139.5585536956787,298,41,44,49,30,<a_44><b_49><c_30>
4bbaa87f7421a5937919c440,35.69967758850624,139.7694155573845,236,38,61,18,2,<a_61><b_18><c_2>
4b7e0978f964a52031e02fe3,35.71363247772418,139.76267474333318,207,20,61,51,7,<a_61><b_51><c_7>
4ea272f3e5e8ca72b7640ceb,35.73767352911937,139.7613501548767,78,32,44,30,36,<a_44><b_30><c_36>
4b581395f964a520484a28e3,35.712832749929525,139.7050130367279,39,70,51,39,60,<a_51><b_39><c_60>
4b95f59df964a520a4b834e3,35.619728607865056,139.7283911705017,236,11,61,42,61,<a_61><b_42><c_61>
4b6f8061f964a52038f32ce3,35.65748803011274,139.54445600509644,192,25,61,50,59,<a_61><b_50><c_59>
4be0f2b15567a59345f80b02,35.57876644441082,139.7493553161621,68,22,19,25,7,<a_19><b_25><c_7>
4ca68e9aa6e08cfa29167c94,35.738897076971924,139.7610980272293,248,10,19,25,58,<a_19><b_25><c_58>
4b56da76f964a5200b1d28e3,35.7381479183512,139.59905539687924,262,9,18,35,12,<a_18><b_35><c_12>
4b5292aaf964a520b48227e3,35.69126934510364,139.70772206783295,41,13,21,53,2,<a_21><b_53><c_2>
4b54245bf964a52019b327e3,35.68008021466177,139.72023725509644,78,132,9,11,38,<a_9><b_11><c_38>
4b4dc973f964a520aed726e3,35.71072458537359,139.68632340431213,297,99,44,56,59,<a_44><b_56><c_59>
4d379456b8d5a090688dfe1f,35.65806773204419,139.7001126408577,236,10,18,2,61,<a_18><b_2><c_61>
4ec1b060f5b93923c255dec8,35.695308026541106,139.7762793302536,33,20,30,37,61,<a_30><b_37><c_61>
4b5a75fcf964a5208cc628e3,35.69939224555577,139.77111607789993,29,44,49,22,33,<a_49><b_22><c_33>
4b949524f964a520fb7d34e3,35.71259318858375,139.70429956912994,251,66,31,5,22,<a_31><b_5><c_22>
4b36be44f964a520ad3b25e3,35.64398370736576,139.6552312374115,295,12,61,16,1,<a_61><b_16><c_1>
4b5ea776f964a520119529e3,35.69981917050721,139.7717759013176,65,238,49,51,16,<a_49><b_51><c_16>
4e313fb8922ea20b3461ab49,35.67837643603711,139.78663802146912,67,40,51,24,36,<a_51><b_24><c_36>
4be54a2cbcef2d7f899f03e5,35.703895535218194,139.5808153599501,304,11,9,7,32,<a_9><b_7><c_32>
4b5830f2f964a5207e4d28e3,35.659543119855435,139.69938308000565,289,4,61,22,33,<a_61><b_22><c_33>
4ce5d291f1912d4373d5bf09,35.698492646210966,139.7721916437149,249,65,61,63,30,<a_61><b_63><c_30>
4b990deef964a520525e35e3,35.69521418,139.793895,320,14,8,6,39,<a_8><b_6><c_39>
4b63adf6f964a520a18b2ae3,35.70033975447226,139.77115899324417,65,261,13,8,2,<a_13><b_8><c_2>
4d511ee9529dcbff7fe9dcc4,35.696489,139.761545,236,14,48,16,33,<a_48><b_16><c_33>
4b6ab08af964a5203adc2be3,35.64410577086131,139.6689534187317,295,86,61,19,7,<a_61><b_19><c_7>
4e4e0083b61cf637a4e182cc,35.687687912001834,139.69575166057945,111,6,30,23,11,<a_30><b_23><c_11>
4b63ae30f964a520ac8b2ae3,35.70054885837171,139.7711992263794,359,53,19,20,3,<a_19><b_20><c_3>
4b7796aef964a520eea22ee3,35.64449157746926,139.66972321271896,249,7,30,42,33,<a_30><b_42><c_33>
4b62b281f964a520684f2ae3,35.69822577187811,139.77536946315806,251,13,51,15,8,<a_51><b_15><c_8>
4b6ebe55f964a520b8c82ce3,35.66151534606809,139.72946405410767,249,9,48,23,58,<a_48><b_23><c_58>
4b5bfbfcf964a5201a2029e3,35.6611143670042,139.69965934753418,302,67,51,13,3,<a_51><b_13><c_3>
4d86e53e509137043f61b55b,35.66722907893351,139.47742760181427,256,30,31,51,48,<a_31><b_51><c_48>
4b5e7141f964a520e18e29e3,35.56192592389763,139.71474085449836,78,52,31,8,42,<a_31><b_8><c_42>
4e4db1deb0fb088f3c0451ae,35.56301457645573,139.62772250175476,320,9,61,10,4,<a_61><b_10><c_4>
4b0587a9f964a520d09e22e3,35.655134309871,139.79300022125244,298,87,63,62,4,<a_63><b_62><c_4>
4b5ff761f964a520f1d129e3,35.68525668970075,139.70946550369263,130,22,55,25,31,<a_55><b_25><c_31>
4e887dc955038939f951d899,35.734175,139.770893,289,10,61,50,17,<a_61><b_50><c_17>
4b9843f7f964a5203f3835e3,35.64351288927903,139.67115819454193,78,127,13,26,3,<a_13><b_26><c_3>
4b656eb2f964a5206cf02ae3,35.728994943755566,139.71346199512482,7,11,51,7,57,<a_51><b_7><c_57>
4d01bbee3be26dcb9e7374e4,35.688207767271784,139.69623030487722,149,24,48,2,35,<a_48><b_2><c_35>
4b6d5017f964a52098702ce3,35.70404908909947,139.57750886678696,72,36,20,57,45,<a_20><b_57><c_45>
4b591237f964a520227b28e3,35.73078316015707,139.71543234453816,249,9,11,25,44,<a_11><b_25><c_44>
4b5aa9d9f964a520edcf28e3,35.66188145562874,139.70105677843094,27,209,45,8,59,<a_45><b_8><c_59>
4b5a3a54f964a520cdb528e3,35.67070244512674,139.69663381576538,139,54,61,25,30,<a_61><b_25><c_30>
4b6c0307f964a5208c1f2ce3,35.65850795400803,139.70132499933243,78,134,61,51,61,<a_61><b_51><c_61>
4b6bb59cf964a52051162ce3,35.66069541486698,139.6999249708867,288,6,16,8,59,<a_16><b_8><c_59>
4c851b4cd4e2370479787f88,35.73442515784104,139.7687530517578,80,16,21,56,41,<a_21><b_56><c_41>
4bce9721cc8cd13adfa9c4cf,35.7002155987725,139.77400481700897,90,17,31,5,15,<a_31><b_5><c_15>
4e6b1a9ad164c37bf4dff451,35.66491487026835,139.69607591629028,274,29,63,26,13,<a_63><b_26><c_13>
4f587b3fe4b0055171786ed1,35.6989208449662,139.77050691014875,65,9,48,52,18,<a_48><b_52><c_18>
4b8f2f39f964a520c34c33e3,35.623054904077094,139.75067641005853,68,50,31,46,60,<a_31><b_46><c_60>
4b91f97af964a520d0e133e3,35.70098666788508,139.77104634046557,65,45,55,54,18,<a_55><b_54><c_18>
4b767a5af964a520084e2ee3,35.700104511929894,139.77396726608276,52,286,63,10,44,<a_63><b_10><c_44>
4dfbb503b0fb086ff831b814,35.730802153140964,139.7105598449707,360,73,31,46,19,<a_31><b_46><c_19>
4b69470af964a520849d2be3,35.71940516121535,139.6649376153946,47,26,31,46,41,<a_31><b_46><c_41>
4b75371cf964a52068012ee3,35.67985362727446,139.76879596710205,298,83,53,37,32,<a_53><b_37><c_32>
4b63e7c3f964a52082962ae3,35.56260437564309,139.6999168395996,78,22,9,7,54,<a_9><b_7><c_54>
4ef498720cd67001b085280c,35.761339965190935,139.72170442342758,251,13,51,0,14,<a_51><b_0><c_14>
4d7dfe62cd09224bd4934130,35.655666041281776,139.71107019914044,299,33,18,11,17,<a_18><b_11><c_17>
4b05879cf964a5205b9c22e3,35.65957251713777,139.72859383897185,291,9,40,42,23,<a_40><b_42><c_23>
4b55915bf964a520ace727e3,35.58105260772628,139.64142322540283,78,134,9,47,15,<a_9><b_47><c_15>
4b7291f5f964a520d87e2de3,35.65637655975392,139.75460708141327,297,75,44,11,42,<a_44><b_11><c_42>
4b416f4cf964a520a6c625e3,35.77760438130889,139.63292732834816,78,118,31,50,16,<a_31><b_50><c_16>
4bbfd95db492d13a8079a360,35.70000657571289,139.7802823437972,47,32,40,13,23,<a_40><b_13><c_23>
4b584b0cf964a520605128e3,35.702173751235755,139.77137088775635,33,28,21,35,7,<a_21><b_35><c_7>
4b5c0445f964a520502129e3,35.78825523252428,139.6129198970888,78,325,53,61,54,<a_53><b_61><c_54>
4b9c9d6af964a520e07236e3,35.58117476728809,139.64131593704224,149,8,61,18,1,<a_61><b_18><c_1>
4b598c34f964a520f78b28e3,35.69903719908481,139.77086260914805,251,159,63,33,1,<a_63><b_33><c_1>
4b72ab90f964a5200f832de3,35.699847486877246,139.7637802362442,78,198,40,37,3,<a_40><b_37><c_3>
4b72504af964a52081772de3,35.699538184444286,139.76953625679016,249,20,21,57,6,<a_21><b_57><c_6>
4b4ff0abf964a520e81927e3,35.58831205244881,139.73032236099243,47,16,61,35,7,<a_61><b_35><c_7>
4b57e9aaf964a520054628e3,35.69580250045255,139.70195531845093,236,18,51,49,21,<a_51><b_49><c_21>
4c7ade6bbd346dcb0debf9ef,35.53278501016141,139.7009038925171,78,12,61,7,59,<a_61><b_7><c_59>
4b56e642f964a5208a1e28e3,35.76023429507489,139.7222113609314,78,83,44,56,16,<a_44><b_56><c_16>
4c2044b08b3aa5937dc69e5f,35.550004406063394,139.78646233677864,78,166,61,51,61,<a_61><b_51><c_61>
4ba57f77f964a520e40c39e3,35.67993968698292,139.76821526885033,78,77,53,20,48,<a_53><b_20><c_48>
4b6f9ee6f964a5202af82ce3,35.65285462210375,139.5437479019165,284,67,61,50,3,<a_61><b_50><c_3>
4b9a188ef964a520a09e35e3,35.684437539251654,139.72997903823853,297,58,31,15,14,<a_31><b_15><c_14>
4b0a57d1f964a5205d2323e3,35.532942167026505,139.69576478004456,298,256,43,7,42,<a_43><b_7><c_42>
4b46f717f964a520072a26e3,35.6483652265509,139.70339048812886,78,198,61,5,3,<a_61><b_5><c_3>
4b62d74df964a520ed542ae3,35.532915974237056,139.69706296920776,65,91,31,53,22,<a_31><b_53><c_22>
4b5ef312f964a520459f29e3,35.66278800541137,139.75963354110718,297,91,44,18,41,<a_44><b_18><c_41>
4bb82a43b35776b0e3bbc801,35.70205177651353,139.77113485336304,65,44,13,20,2,<a_13><b_20><c_2>
4b5be64cf964a5204e1c29e3,35.53473417006644,139.7480021417141,78,20,61,50,43,<a_61><b_50><c_43>
4b6ba69ef964a5204b142ce3,35.70065341011579,139.77077275514603,65,12,21,7,56,<a_21><b_7><c_56>
4be65cc12468c928c05d0143,35.676820780304936,139.76416110992432,301,12,44,16,32,<a_44><b_16><c_32>
4b556e38f964a5201ae427e3,35.67543940231658,139.7628951072693,65,270,43,13,35,<a_43><b_13><c_35>
4c42c653a5c5ef3b1594b06f,35.698283536919206,139.76062059402466,204,33,44,16,43,<a_44><b_16><c_43>
4b2af373f964a520beb224e3,35.67226693586124,139.76577579975128,65,207,53,62,50,<a_53><b_62><c_50>
4b6d51bcf964a520e0702ce3,35.68490811606959,139.77315187454224,297,47,44,53,24,<a_44><b_53><c_24>
4ba2237ef964a5207fde37e3,35.69573497335906,139.74919438362122,207,21,44,18,44,<a_44><b_18><c_44>
4b64e72ef964a520b9d82ae3,35.53304693809889,139.69472408294678,302,7,14,53,13,<a_14><b_53><c_13>
4b607a53f964a52069e829e3,35.68340433018149,139.73831668496132,236,15,44,63,46,<a_44><b_63><c_46>
4cac3b5044a8224b36903140,35.69732511231562,139.77266907691956,65,11,51,41,47,<a_51><b_41><c_47>
4b53ba34f964a5206aa927e3,35.68401924641666,139.7376823425293,297,113,44,11,32,<a_44><b_11><c_32>
4b57f553f964a520494728e3,35.69927353387485,139.7752010822296,60,22,44,58,16,<a_44><b_58><c_16>
4b62356df964a520563c2ae3,35.67193137915044,139.7595477104187,90,19,61,19,52,<a_61><b_19><c_52>
4b66865ff964a5204b232be3,35.655649,139.792408,109,7,48,53,19,<a_48><b_53><c_19>
4b76156df964a5208a3b2ee3,35.64364803179152,139.7443288564682,248,56,31,42,45,<a_31><b_42><c_45>
4b739ee4f964a52047b62de3,35.53297709073252,139.69470262527466,36,18,44,18,57,<a_44><b_18><c_57>
4b695ad4f964a520b49f2be3,35.62294240635874,139.75062131881714,295,65,31,53,49,<a_31><b_53><c_49>
4bd3dae7046076b086177771,35.69737085556982,139.7724437713623,65,20,51,57,49,<a_51><b_57><c_49>
4b572322f964a520d62728e3,35.701341705675524,139.50644373893738,78,295,31,8,57,<a_31><b_8><c_57>
4b60149cf964a5203ad529e3,35.69059403321313,139.69256222248077,297,121,44,11,41,<a_44><b_11><c_41>
4e6c0ff2aeb750adf6274d53,35.623465672040936,139.70727682113647,314,41,61,51,54,<a_61><b_51><c_54>
4dcdbd567d8b975f18bd803a,35.62555870052708,139.70705151557922,139,40,53,63,55,<a_53><b_63><c_55>
4c49c3b19e3e2d7fb1123849,35.70967919383842,139.79138553142548,289,43,44,30,52,<a_44><b_30><c_52>
4bfb8afdd0382d7f2ecac90a,35.62536942665382,139.70725515320206,139,41,61,51,39,<a_61><b_51><c_39>
4dadf9654df0f639f2428045,35.62587265007445,139.70744848251343,129,42,61,41,39,<a_61><b_41><c_39>
4b616c48f964a52001132ae3,35.67964446911511,139.78023290634155,149,8,24,6,35,<a_24><b_6><c_35>
4b67c707f964a520735d2be3,35.68217176016234,139.7877323627472,299,20,51,25,30,<a_51><b_25><c_30>
4b5585f7f964a5206ee627e3,35.68987514653078,139.70226645469666,251,194,24,37,12,<a_24><b_37><c_12>
4c89f4b5e51e6dcbe5a164de,35.773992,139.635389,103,5,8,39,55,<a_8><b_39><c_55>
4b564870f964a5202d0928e3,35.78888969364668,139.66116428375244,297,42,44,11,7,<a_44><b_11><c_7>
4bd50ee7cfa7b713455e25da,35.6912453825215,139.763565659523,153,18,44,56,52,<a_44><b_56><c_52>
4b59484ef964a520e48328e3,35.676927,139.785541,320,15,51,28,15,<a_51><b_28><c_15>
4b559576f964a52023e827e3,35.627390055508144,139.75120067596436,319,37,31,46,47,<a_31><b_46><c_47>
4b9a09d9f964a520109c35e3,35.69026553509819,139.76404242779105,290,48,9,39,15,<a_9><b_39><c_15>
4b0bc75ff964a520923323e3,35.700426881163665,139.77175176143646,39,334,13,10,38,<a_13><b_10><c_38>
4b2dc086f964a52012db24e3,35.67204468417157,139.76417183876038,297,213,53,54,61,<a_53><b_54><c_61>
4bde94640ee3a593884131b0,35.700811851407245,139.77194466672427,349,13,19,42,53,<a_19><b_42><c_53>
4b409942f964a5203cb925e3,35.65866050560753,139.6844780445099,78,65,18,1,42,<a_18><b_1><c_42>
4e936240d5fbb6eb8ebccbd6,35.626116832203465,139.72364902496338,78,128,61,5,61,<a_61><b_5><c_61>
4bbac8b753649c742f7249fb,35.69988237126696,139.77241394202727,70,351,61,54,14,<a_61><b_54><c_14>
4b0587a1f964a5207f9d22e3,35.71472743702163,139.79673385620117,102,67,61,27,36,<a_61><b_27><c_36>
4b1b7fb0f964a520b4fb23e3,35.777447214721604,139.68593400363534,297,23,44,30,7,<a_44><b_30><c_7>
4b1bbfccf964a52010fd23e3,35.66566448946006,139.7307300567627,249,31,31,17,41,<a_31><b_17><c_41>
4dc8bcfcd22d4e36b44e0920,35.6617027883407,139.70899558156725,194,12,19,42,17,<a_19><b_42><c_17>
4b64197bf964a520f69e2ae3,35.690422,139.701652,249,15,10,41,47,<a_10><b_41><c_47>
4b56361ef964a520880528e3,35.66020343969126,139.52329605817795,78,159,44,53,27,<a_44><b_53><c_27>
4b651b4bf964a52077e42ae3,35.61213620461363,139.7107046842575,88,7,48,6,53,<a_48><b_6><c_53>
4b652379f964a520ebe52ae3,35.65874546666904,139.6991221965708,78,499,61,51,45,<a_61><b_51><c_45>
4da519fe90a01d9fe625a38f,35.71569436341869,139.7055172920227,33,9,30,34,55,<a_30><b_34><c_55>
4b9c4a32f964a520625c36e3,35.727685414924046,139.7663036686318,298,11,61,50,7,<a_61><b_50><c_7>
4b47b936f964a520f53b26e3,35.670545558570325,139.7178554534912,297,294,13,31,59,<a_13><b_31><c_59>
4b8e3876f964a520d01b33e3,35.63764486815911,139.69114065170288,78,69,44,56,61,<a_44><b_56><c_61>
4bfe1937b68d0f47bec5e957,35.655240175321936,139.75705958078962,80,10,48,61,20,<a_48><b_61><c_20>
4d526ef4e02754816d6eb4b6,35.69160046368351,139.70469117164612,284,34,61,51,42,<a_61><b_51><c_42>
4b57ce45f964a520f84128e3,35.687923227588456,139.69480454921722,68,22,44,45,57,<a_44><b_45><c_57>
4b5febdaf964a520bbd029e3,35.64244045994719,139.7339916229248,297,24,31,46,63,<a_31><b_46><c_63>
4b94a054f964a520067f34e3,35.75385244995318,139.73835825920105,299,91,44,11,36,<a_44><b_11><c_36>
4b5ce00df964a520b54829e3,35.6827948558263,139.6868732571602,68,65,20,14,56,<a_20><b_14><c_56>
4b6f5338f964a5206aeb2ce3,35.64285897066725,139.73403453826904,297,107,31,39,6,<a_31><b_39><c_6>
4b80bdeff964a5208d8930e3,35.63951217035276,139.71165868563168,262,32,16,39,57,<a_16><b_39><c_57>
4d575d1a92326ea8a25c5bc0,35.640770754736224,139.71269488334656,248,32,10,56,3,<a_10><b_56><c_3>
4b3f30d3f964a5208ca425e3,35.53095149065529,139.69767451286316,298,62,35,61,53,<a_35><b_61><c_53>
4bb1425bf964a520bb873ce3,35.55379764332767,139.6469110250473,153,12,61,58,11,<a_61><b_58><c_11>
4b613389f964a520ca0c2ae3,35.69956432272447,139.77099537849426,149,23,9,57,52,<a_9><b_57><c_52>
4b59a58ef964a520a89028e3,35.65699985680134,139.7586464881897,278,64,19,1,11,<a_19><b_1><c_11>
4b35a0aaf964a5204a2e25e3,35.68164016421078,139.76898908615112,284,68,49,26,56,<a_49><b_26><c_56>
4b5fcae6f964a520efcc29e3,35.702848,139.77189692,36,20,51,19,27,<a_51><b_19><c_27>
4b5c0eb9f964a520b12229e3,35.644419647564995,139.56626772880554,184,5,48,28,42,<a_48><b_28><c_42>
4e0db092cc3fffc1d3a2bf4c,35.699507689773235,139.77045357227323,39,267,4,15,61,<a_4><b_15><c_61>
4cec8d2c3b03f04d40942fdc,35.65573320748989,139.7000938653946,88,9,18,24,3,<a_18><b_24><c_3>
4e111fe752b1655efa43d0c9,35.65463250082087,139.70844626426697,320,21,14,2,45,<a_14><b_2><c_45>
4b6f582ef964a52067ec2ce3,35.67505156634274,139.7633135318756,78,346,53,12,55,<a_53><b_12><c_55>
4c4008dacc410f471418a961,35.639196927544624,139.74023580551147,297,83,44,18,43,<a_44><b_18><c_43>
4b5542c8f964a52027e027e3,35.69001962960003,139.69919925291745,284,67,31,50,38,<a_31><b_50><c_38>
4b5960e0f964a520838628e3,35.66202092549599,139.69796419143677,294,97,0,7,31,<a_0><b_7><c_31>
4b572472f964a5200b2828e3,35.71109046917164,139.7963583469391,102,95,53,59,58,<a_53><b_59><c_58>
4b58df1af964a520117028e3,35.64181268975706,139.75768089294434,295,28,53,48,56,<a_53><b_48><c_56>
4b0587a2f964a520a09d22e3,35.71230135833511,139.80398654937744,139,8,24,49,35,<a_24><b_49><c_35>
4b59d729f964a520449b28e3,35.6978130390078,139.7752010822296,148,25,31,59,63,<a_31><b_59><c_63>
4b8b03dff964a520738e32e3,35.678738110755965,139.7403645515442,297,40,44,13,37,<a_44><b_13><c_37>
4c9d72487d69b7132c4a28c2,35.732354315017744,139.88056567317938,251,14,31,51,63,<a_31><b_51><c_63>
4b52d553f964a520ed8827e3,35.76031917974254,139.53393504023552,78,42,44,30,24,<a_44><b_30><c_24>
4b56b1f3f964a520d01828e3,35.68939588514307,139.82619524002075,297,140,31,11,42,<a_31><b_11><c_42>
4b62b1dbf964a5204f4f2ae3,35.69889343748743,139.77101683616638,278,237,61,25,22,<a_61><b_25><c_22>
4b0a405ff964a520c22223e3,35.66656663810825,139.72621321678162,297,59,9,55,61,<a_9><b_55><c_61>
4b6674d0f964a520d5212be3,35.674581476111804,139.71712924540043,175,67,9,35,4,<a_9><b_35><c_4>
4b7a8c84f964a520bc302fe3,35.69071716814829,139.70013439206505,283,14,31,47,50,<a_31><b_47><c_50>
4f449033e4b0b62885b87543,35.69940749291482,139.77112412452698,349,129,51,54,47,<a_51><b_54><c_47>
4b5be55ff964a520281c29e3,35.69046768390191,139.75458025932312,178,68,61,19,47,<a_61><b_19><c_47>
4c9aea6c9c663704dc035dfd,35.71006686146555,139.79896008968353,248,31,44,43,44,<a_44><b_43><c_44>
4ceef0ad8604a1cdf67efac0,35.77971621541425,139.69405889511108,298,7,61,41,2,<a_61><b_41><c_2>
4b776fc8f964a520579a2ee3,35.69148282960861,139.75314259529114,180,78,53,53,15,<a_53><b_53><c_15>
4b7af3d1f964a520e3472fe3,35.69167888630371,139.70466434955597,284,119,53,53,15,<a_53><b_53><c_15>
4b7237fdf964a52064742de3,35.691391336319306,139.74995613098145,139,95,61,41,61,<a_61><b_41><c_61>
4f531538e4b0b5d9de7a2bda,35.73469718313031,139.76706741843276,78,11,63,41,18,<a_63><b_41><c_18>
4ba52c5af964a52098e738e3,35.71246251845528,139.70716953277588,72,68,53,57,1,<a_53><b_57><c_1>
4f0eb5e8e4b0129c743b21a0,35.64648813336054,139.70800816893555,103,18,48,53,46,<a_48><b_53><c_46>
4b6d53c4f964a52035712ce3,35.7098142243495,139.800306558609,85,13,61,47,34,<a_61><b_47><c_34>
4b688266f964a520e47c2be3,35.527088997148944,139.6944104800042,176,73,51,42,54,<a_51><b_42><c_54>
4b5e33d0f964a520798329e3,35.710802989186,139.7633457183838,200,20,9,48,45,<a_9><b_48><c_45>
4b78dfe7f964a52036e52ee3,35.70986213834684,139.76232647895813,207,29,31,42,63,<a_31><b_42><c_63>
4b68dc97f964a52096902be3,35.71206615108838,139.76523399353027,184,29,61,57,24,<a_61><b_57><c_24>
4bab13baf964a5201a943ae3,35.6955607096278,139.77531909942627,289,99,31,50,43,<a_31><b_50><c_43>
4b592313f964a5206c7e28e3,35.708421124620415,139.7729680910409,249,17,61,15,50,<a_61><b_15><c_50>
4bbbede9e4529521806b55a4,35.626666239267095,139.74036991596222,68,39,44,2,24,<a_44><b_2><c_24>
4cfdeeced8468cfa4704036c,35.698025,139.772411,251,66,53,59,61,<a_53><b_59><c_61>
4b642615f964a5204fa12ae3,35.73364788045551,139.8814594745636,47,11,19,54,60,<a_19><b_54><c_60>
4b79883bf964a5205bff2ee3,35.756094425218826,139.7333264350891,342,192,31,42,6,<a_31><b_42><c_6>
4ddf5ed9c65bb5e319d014a3,35.76153638146606,139.73710135513124,6,83,9,61,21,<a_9><b_61><c_21>
4b5fb0bcf964a52056c829e3,35.655849150760424,139.54292178153992,150,29,61,51,47,<a_61><b_51><c_47>
4b55d735f964a52055f227e3,35.69268748146288,139.7036612033844,166,91,9,50,1,<a_9><b_50><c_1>
4b60e041f964a52032ff29e3,35.775468055772336,139.597114129844,139,4,30,21,39,<a_30><b_21><c_39>
4b698ab2f964a520aba62be3,35.68892097783667,139.69956278800964,297,50,31,46,47,<a_31><b_46><c_47>
4dc6208fae608779d14de32d,35.74946191348866,139.8371922969818,47,10,61,50,3,<a_61><b_50><c_3>
4c0350f10b8eef3bccb1b882,35.703598227926584,139.59987312555313,66,8,10,47,42,<a_10><b_47><c_42>
4b792f4bf964a52034ee2ee3,35.6650369017792,139.71249103546145,297,111,31,22,41,<a_31><b_22><c_41>
4e1bc0d814954075097a9bb8,35.58382027670974,139.61461024538502,6,61,9,31,29,<a_9><b_31><c_29>
4b653b37f964a520d8e92ae3,35.55365143816956,139.64509516954422,39,6,48,31,42,<a_48><b_31><c_42>
4b6e911bf964a5204bc22ce3,35.63951898261513,139.75206877108326,269,5,55,49,3,<a_55><b_49><c_3>
4bd6b3024e32d13a50f6c280,35.66458473051395,139.85937416553497,297,84,44,30,52,<a_44><b_30><c_52>
4b429ccff964a5207bd725e3,35.66475797233748,139.74845945835114,342,9,61,53,16,<a_61><b_53><c_16>
4b57da50f964a520dc4328e3,35.67658546839403,139.6771314740181,249,15,31,22,28,<a_31><b_22><c_28>
4d7d543ae04d6ea8d17f0bd6,35.635992,139.75207112,38,24,61,56,38,<a_61><b_56><c_38>
4e6a7b0862e1cd1d54b86c56,35.737503532886734,139.77349229081085,320,39,44,49,10,<a_44><b_49><c_10>
4bda657da8d976b099800cb5,35.655778,139.542098,16,132,61,51,22,<a_61><b_51><c_22>
4b5a5bc9f964a520cbbf28e3,35.69053957232767,139.7027787566185,236,12,61,53,35,<a_61><b_53><c_35>
4b8e19aaf964a520651833e3,35.70087122580895,139.6972131729126,78,95,9,11,15,<a_9><b_11><c_15>
4b71236ff964a520e13a2de3,35.59714116296935,139.74459171295166,288,53,51,51,41,<a_51><b_51><c_41>
4b67d1a8f964a520795e2be3,35.59758923467027,139.74461827330634,284,22,51,57,3,<a_51><b_57><c_3>
4c00d9cb9cf52d7fdd6714e7,35.59833376533418,139.73910959876844,65,8,61,8,19,<a_61><b_8><c_19>
4b8a2762f964a520206232e3,35.62630868906738,139.6344119310379,47,15,61,32,62,<a_61><b_32><c_62>
4b575268f964a5204c3128e3,35.70386588204618,139.56071480594412,33,12,48,42,8,<a_48><b_42><c_8>
4bd90fd511dcc92858e6f833,35.58854162601469,139.73738260567188,367,24,61,50,16,<a_61><b_50><c_16>
4f756abce4b0f1780a315e83,35.65501887297158,139.56364731287948,6,16,9,10,52,<a_9><b_10><c_52>
4c1356a482a3c9b60b53fbf8,35.7425850238288,139.84248161315918,47,8,61,43,63,<a_61><b_43><c_63>
4cf1e86e6c29236a41d368a2,35.674774850759874,139.76877987384796,289,17,1,2,29,<a_1><b_2><c_29>
4bde71360d69b71346f865d3,35.701159904333885,139.69716766118074,258,5,42,9,2,<a_42><b_9><c_2>
4bb01a5ef964a52035373ce3,35.67250624910523,139.79488857862518,149,15,30,33,6,<a_30><b_33><c_6>
4b7a29d2f964a5201d252fe3,35.69136519536023,139.70111846923828,249,15,61,50,37,<a_61><b_50><c_37>
4b5c0c8cf964a520682229e3,35.533125516313376,139.69497084617615,251,40,44,18,63,<a_44><b_18><c_63>
4b62c40ef964a520cc512ae3,35.692750654385335,139.69821900129318,149,19,18,26,41,<a_18><b_26><c_41>
4e4cf18c1520a0ce7f8e5877,35.69825848733186,139.75453734397888,196,51,31,8,21,<a_31><b_8><c_21>
4bbc5e95e452952156c955a4,35.5620464,139.71443583,54,49,44,0,47,<a_44><b_0><c_47>
4ba579b8f964a520dc0a39e3,35.68113470903764,139.76781964302063,360,139,61,26,11,<a_61><b_26><c_11>
4c0cab9b98102d7f5d04e106,35.70453044048427,139.64917480945587,251,5,51,9,19,<a_51><b_9><c_19>
4b91cbbbf964a52008d833e3,35.646552450704014,139.71022725105286,78,269,44,1,27,<a_44><b_1><c_27>
4e9e3bfd93ad5d11f3820514,35.7459963314205,139.85633321106434,78,9,9,48,16,<a_9><b_48><c_16>
4b80c50ff964a520218b30e3,35.72959520837498,139.71595780677555,294,82,63,41,12,<a_63><b_41><c_12>
4b6182baf964a52037162ae3,35.66194683215934,139.67004507780075,27,9,8,31,1,<a_8><b_31><c_1>
4b5c3218f964a5200c2729e3,35.643056,139.671172,149,5,48,42,27,<a_48><b_42><c_27>
4b058799f964a520979b22e3,35.690062,139.694569,291,17,24,28,57,<a_24><b_28><c_57>
4b53b9c4f964a5205ca927e3,35.61837240719924,139.72757577896118,90,60,61,5,43,<a_61><b_5><c_43>
4b568cfef964a520e11428e3,35.67122975601474,139.76501405239105,289,66,61,58,36,<a_61><b_58><c_36>
4bc81e6914d79521989368e9,35.57665473940299,139.6593564748764,236,27,10,26,40,<a_10><b_26><c_40>
4b3159b4f964a520400525e3,35.6630059244977,139.74504232406616,297,145,31,5,45,<a_31><b_5><c_45>
4c52e59b2543a5939bf41186,35.75096173231076,139.86753344535828,78,25,51,30,61,<a_51><b_30><c_61>
4b582b4ef964a520c14c28e3,35.84730876360927,139.670991897583,47,31,20,13,52,<a_20><b_13><c_52>
4b64e026f964a520afd62ae3,35.78672262020117,139.61261630058289,47,46,20,22,30,<a_20><b_22><c_30>
4b498d9df964a5202f7126e3,35.681167389425845,139.7114396095276,78,179,13,14,15,<a_13><b_14><c_15>
4b5d3f64f964a520b15729e3,35.729909,139.713527,294,85,52,59,48,<a_52><b_59><c_48>
4c37bae8dfb0e21e545fada8,35.7318478537574,139.8422723983886,47,6,61,16,15,<a_61><b_16><c_15>
4b5bfcf2f964a520422029e3,35.550832556532576,139.78803693387093,78,83,53,50,23,<a_53><b_50><c_23>
4b56f961f964a520522128e3,35.64990793118754,139.5513278245926,78,100,53,63,23,<a_53><b_63><c_23>
4b557c79f964a5207ee527e3,35.72623397120851,139.59207594394684,78,64,31,53,57,<a_31><b_53><c_57>
4c0207b5f815a59362410a96,35.65118729109137,139.55789933922313,157,20,19,41,35,<a_19><b_41><c_35>
4b552d87f964a520d5dd27e3,35.69115171054041,139.75697815418243,68,40,9,32,49,<a_9><b_32><c_49>
4d5fd9adb19fa14339e2ecc8,35.78833094162589,139.6614589083918,47,11,61,16,22,<a_61><b_16><c_22>
4b5bc0daf964a5203f1429e3,35.70606159773463,139.6181845664978,149,36,20,11,52,<a_20><b_11><c_52>
4cbbfb7e4c60a093faef4eca,35.705222199853914,139.61965170491746,149,13,24,42,14,<a_24><b_42><c_14>
4b6170d8f964a520a7132ae3,35.65886536015414,139.70154762268066,284,43,31,6,55,<a_31><b_6><c_55>
4b5bf1b0f964a5204d1e29e3,35.72680228647113,139.59130346775055,150,19,49,42,57,<a_49><b_42><c_57>
4b41367af964a5205dc325e3,35.68569676173495,139.7416439652443,297,177,61,5,38,<a_61><b_5><c_38>
4b735f35f964a52037ab2de3,35.67170476862561,139.74148035049438,297,46,31,46,12,<a_31><b_46><c_12>
4dcf3afdae603b786d44cfa1,35.62167362237834,139.56982869163667,247,20,61,5,36,<a_61><b_5><c_36>
4b7fcc14f964a520293e30e3,35.6974901102678,139.6486291683813,320,49,20,11,48,<a_20><b_11><c_48>
4b582d82f964a520084d28e3,35.675766228921105,139.76512670516968,284,26,51,45,21,<a_51><b_45><c_21>
4b77a0a7f964a520a5a42ee3,35.84421489286455,139.62791830301285,78,88,44,11,61,<a_44><b_11><c_61>
4ccd1decc9b84688aa5ac1c3,35.623404624554475,139.57097232341766,248,58,31,11,41,<a_31><b_11><c_41>
4b3c0acbf964a520e28025e3,35.54961759816317,139.62014861404896,297,51,9,12,58,<a_9><b_12><c_58>
4da232f89935a0933dacb06f,35.623256366178964,139.5710849761963,341,61,31,11,45,<a_31><b_11><c_45>
4b5ebd8ff964a520499729e3,35.68340923210112,139.74340617656708,369,38,27,6,16,<a_27><b_6><c_16>
4b5a79a1f964a52058c728e3,35.68700824914241,139.702330827713,294,127,61,30,16,<a_61><b_30><c_16>
4b651b5df964a52079e42ae3,35.6713658633698,139.48062136659462,284,30,61,9,20,<a_61><b_9><c_20>
4c2d929a260bc9287d461ad3,35.69072909604863,139.7583031654358,12,12,48,2,39,<a_48><b_2><c_39>
4b64fbc9f964a520b0dd2ae3,35.65873460199356,139.70162272453308,297,129,44,42,30,<a_44><b_42><c_30>
4bd6b0f06798ef3b9d75658d,35.659750151414684,139.700887799263,302,68,44,17,59,<a_44><b_17><c_59>
4bcc3d4468f976b0963a6283,35.70074053646446,139.77187514305115,369,177,49,10,45,<a_49><b_10><c_45>
4b17d66cf964a520b7c823e3,35.66158508135192,139.66747283935547,78,397,61,61,12,<a_61><b_61><c_12>
4be6207a910020a13308d414,35.68764437812624,139.7907793521881,130,1,30,34,39,<a_30><b_34><c_39>
4c241610f7ced13a335f226d,35.66907255308563,139.757798910141,94,12,9,5,35,<a_9><b_5><c_35>
4dbfa43e043706a03202e59b,35.63160952878298,139.63787924784364,71,81,31,50,41,<a_31><b_50><c_41>
4b55021bf964a520a3d727e3,35.601842487535315,139.72176859992527,78,92,53,48,61,<a_53><b_48><c_61>
4b09f56cf964a520632023e3,35.669979021216044,139.7633993625641,7,39,45,23,47,<a_45><b_23><c_47>
4b680223f964a520bd632be3,35.64812504322375,139.74875450134277,297,120,53,48,56,<a_53><b_48><c_56>
4b5fac8bf964a52081c729e3,35.623656,139.726675,248,9,61,28,0,<a_61><b_28><c_0>
4b2f2777f964a520d0e924e3,35.68818029107294,139.7887945175171,139,2,30,6,31,<a_30><b_6><c_31>
4b51a1eef964a5204c5127e3,35.750091013649204,139.76496577262878,295,115,8,41,51,<a_8><b_41><c_51>
4dde239dd1641542183baf6f,35.63570911140519,139.51542377471924,47,8,31,13,18,<a_31><b_13><c_18>
4b541445f964a520acb127e3,35.623590750783386,139.74969329310036,68,54,44,16,63,<a_44><b_16><c_63>
4b5991a9f964a520e48c28e3,35.71202259411466,139.79840755462646,78,165,49,10,22,<a_49><b_10><c_22>
4b0b3091f964a5205e2e23e3,35.6657865198251,139.73096072673798,298,225,61,6,42,<a_61><b_6><c_42>
4b9b9794f964a5200b1236e3,35.78822359788732,139.6129248759521,78,71,31,46,41,<a_31><b_46><c_41>
4e1c110e7d8bdabfd0fa3f06,35.697932841980155,139.77510452270508,236,21,44,2,63,<a_44><b_2><c_63>
4b564ffdf964a520a60a28e3,35.75870200242442,139.68940258026123,78,124,31,42,19,<a_31><b_42><c_19>
4b87e7c5f964a52023d231e3,35.69153184382758,139.642623513937,320,18,51,28,35,<a_51><b_28><c_35>
4b370c13f964a5203d3f25e3,35.717336369204936,139.765727519989,297,56,44,29,43,<a_44><b_29><c_43>
4b6adbd8f964a520cfe32be3,35.70470468461301,139.58154559135437,65,162,44,1,18,<a_44><b_1><c_18>
4b5aa058f964a52068ce28e3,35.68770537652939,139.70213770866394,284,67,61,41,61,<a_61><b_41><c_61>
4b36fbbef964a520d33e25e3,35.71114927176825,139.77445542812347,65,58,61,45,30,<a_61><b_45><c_30>
4b56df1df964a5209f1d28e3,35.66708090185773,139.75739657878876,140,119,9,11,58,<a_9><b_11><c_58>
4b6549ecf964a52007ec2ae3,35.69883571495492,139.77160558104515,349,30,63,10,2,<a_63><b_10><c_2>
4b6d0dacf964a520e8642ce3,35.73048861613938,139.71238374710083,149,6,10,26,59,<a_10><b_26><c_59>
4b5ef219f964a520569f29e3,35.7277712437567,139.77096319198608,78,852,49,42,15,<a_49><b_42><c_15>
4b5a9334f964a52010cc28e3,35.67434561287861,139.68630731105804,47,63,51,59,1,<a_51><b_59><c_1>
4bac90eef964a52085fb3ae3,35.70204088590424,139.77045893669128,23,31,44,56,50,<a_44><b_56><c_50>
4b58539af964a520ea5228e3,35.768685938181086,139.66220137484214,78,154,53,63,52,<a_53><b_63><c_52>
4bf9376c4a67c928bf7726cf,35.69234983223584,139.88606750965118,248,26,31,4,12,<a_31><b_4><c_12>
4b39cbf8f964a520045f25e3,35.69256767061045,139.69870448112488,65,136,61,35,43,<a_61><b_35><c_43>
4b7f73a8f964a5204c2f30e3,35.62111967082788,139.64974880218506,207,8,63,40,63,<a_63><b_40><c_63>
4bc142bf74a9a59386b0d1f6,35.659126875833,139.54356014728546,198,28,51,30,54,<a_51><b_30><c_54>
4b68efe8f964a520f4932be3,35.68727402967725,139.76270735263824,132,19,44,26,0,<a_44><b_26><c_0>
4b67a5c4f964a52069592be3,35.67067629738875,139.70252394676208,78,492,43,39,19,<a_43><b_39><c_19>
4c2b0c752219c9282cf8a348,35.84446927751466,139.6698009967804,30,59,44,49,48,<a_44><b_49><c_48>
4cef227628abb60c590ec109,35.65439766835833,139.54309344291687,153,14,9,59,32,<a_9><b_59><c_32>
4b5fe9c2f964a5207ed029e3,35.633128029468295,139.71558094024658,78,32,44,11,49,<a_44><b_11><c_49>
4b5658f3f964a520940c28e3,35.62585738866663,139.72616225481033,236,14,18,30,51,<a_18><b_30><c_51>
4b7e7920f964a52089ee2fe3,35.70318439175557,139.57990407943726,78,157,44,30,48,<a_44><b_30><c_48>
4dd86e71e4cd37c893c5c0b2,35.70093221409643,139.77065205574036,149,167,61,1,48,<a_61><b_1><c_48>
4b5afd6df964a520b2dd28e3,35.66270083761031,139.73302334547043,52,11,27,6,17,<a_27><b_6><c_17>
4b58052ef964a520c74828e3,35.68994485703822,139.70154225826263,298,11,44,19,29,<a_44><b_19><c_29>
4b69740ff964a520f1a22be3,35.619881167618004,139.7283731462078,78,210,44,25,49,<a_44><b_25><c_49>
4b56ed1df964a520801f28e3,35.69807878353967,139.76599842309952,297,228,51,41,3,<a_51><b_41><c_3>
4b6019f4f964a520e0d529e3,35.754418391417154,139.73732560873032,297,171,51,51,36,<a_51><b_51><c_36>
4f3931f8108140f7182bdd42,35.67530867130002,139.76335644721985,65,28,61,18,37,<a_61><b_18><c_37>
4b0bc483f964a520803323e3,35.70416025866323,139.7920119902445,297,16,61,13,52,<a_61><b_13><c_52>
4b9b47d3f964a5200efe35e3,35.702265232154964,139.57905650138855,82,110,44,58,43,<a_44><b_58><c_43>
4bd972c4e914a593ef7b56fa,35.627804633218474,139.78645397659986,248,17,61,50,22,<a_61><b_50><c_22>
4b59b69ef964a520399428e3,35.61810203647139,139.73417401313782,248,8,21,54,13,<a_21><b_54><c_13>
4b553186f964a52039de27e3,35.55453957584106,139.72971081733704,78,134,61,0,39,<a_61><b_0><c_39>
4b5eb91af964a520ea9629e3,35.70765806465914,139.77298021316528,297,45,20,57,45,<a_20><b_57><c_45>
4becf6163372c928ea0e1114,35.69737085556982,139.81356739997864,78,7,9,4,46,<a_9><b_4><c_46>
4b5c489cf964a5209b2929e3,35.65822900175815,139.70120429992676,63,8,52,13,31,<a_52><b_13><c_31>
4bbd465e8ec3d13ad7f61b28,35.65339076867334,139.54303175210953,33,10,61,46,36,<a_61><b_46><c_36>
4befcb9151f2c9b663e9f092,35.713635275191095,139.79413881897926,33,5,10,45,54,<a_10><b_45><c_54>
4b5ee981f964a520929d29e3,35.67180064238771,139.76523399353027,27,24,51,25,13,<a_51><b_25><c_13>
4b2b6565f964a52020b624e3,35.6684885729729,139.70538854599,297,116,53,48,38,<a_53><b_48><c_38>
4b3f182ef964a520f5a325e3,35.52956759223309,139.69642460346222,65,213,53,22,38,<a_53><b_22><c_38>
4dea09b245dd3993a88057b6,35.628950816433736,139.73749800904275,289,10,18,19,15,<a_18><b_19><c_15>
4b7d2c65f964a52051b12fe3,35.5363558873993,139.63290989398956,251,18,51,8,44,<a_51><b_8><c_44>
4e1bacab1f6e5708b222d0f1,35.64110208282694,139.79545176029205,299,12,48,55,57,<a_48><b_55><c_57>
4b77bb92f964a52095a82ee3,35.66949092427104,139.6881902217865,78,51,31,50,41,<a_31><b_50><c_41>
4c388ab56ec69c74dab904a9,35.68894963887682,139.65502625119123,320,30,61,50,8,<a_61><b_50><c_8>
4b7df826f964a520c1dc2fe3,35.69647994651655,139.81501579284668,297,97,44,56,56,<a_44><b_56><c_56>
4b94be8bf964a520148234e3,35.66179919008499,139.5839622616768,236,10,51,47,21,<a_51><b_47><c_21>
4b682c38f964a520526a2be3,35.667116282366,139.76351331984867,291,27,61,50,6,<a_61><b_50><c_6>
4e8d9fd65c5ca61d8be02db1,35.68897543982729,139.65511858463287,299,61,31,50,17,<a_31><b_50><c_17>
4bbdb5038ec3d13adf501c28,35.69168759992342,139.77088004350662,78,89,44,18,61,<a_44><b_18><c_61>
4b6031a7f964a5205dd929e3,35.632985165061115,139.7357758650818,262,13,31,10,60,<a_31><b_10><c_60>
4b449979f964a52081f725e3,35.60879494815474,139.71805527806282,78,126,31,8,19,<a_31><b_8><c_19>
4b0587b3f964a52070a022e3,35.69533416620789,139.70262050628662,258,13,45,8,21,<a_45><b_8><c_21>
4b604b77f964a5201dde29e3,35.69867779460533,139.77422207593918,78,412,63,63,11,<a_63><b_63><c_11>
4b6cc500f964a52026532ce3,35.703206172660224,139.75456953048706,369,145,35,8,48,<a_35><b_8><c_48>
4eca1d26b8f758db774677fb,35.633939276521666,139.7379720014738,289,13,18,19,15,<a_18><b_19><c_15>
4b7544c3f964a520a8032ee3,35.705584611645335,139.7519087791443,175,188,61,8,16,<a_61><b_8><c_16>
4daeaffc8154d1d4886ae59c,35.700514007759885,139.77104902267456,65,207,51,54,3,<a_51><b_54><c_3>
4def1aa3fa76c1ceac8ab139,35.66884380709409,139.74843523092375,289,10,48,4,20,<a_48><b_4><c_20>
4b6e46f5f964a520cbb52ce3,35.74791417531939,139.56754446029663,47,24,31,10,41,<a_31><b_10><c_41>
4b6e4718f964a520d1b52ce3,35.74808825539848,139.56782371436438,249,8,48,32,3,<a_48><b_32><c_3>
4b5ab0d6f964a520f3d028e3,35.60624407285949,139.73497867584229,298,23,51,6,41,<a_51><b_6><c_41>
4b85bf5af964a520b67031e3,35.65938839065544,139.71803784370422,299,16,61,0,49,<a_61><b_0><c_49>
4d8ebc18c1b1721e801d3846,35.802450818504376,139.71605257050248,139,12,20,33,15,<a_20><b_33><c_15>
4dc3d31a18387d1bd51276bb,35.69776076129072,139.77146744728088,251,32,51,11,41,<a_51><b_11><c_41>
4b56b445f964a5200a1928e3,35.66413037753068,139.52701091766355,172,116,61,1,18,<a_61><b_1><c_18>
4d5f1edd9f67f04d0ee468fb,35.66807019653415,139.7508117556572,289,10,48,4,20,<a_48><b_4><c_20>
4e47b6b918a8f9804cd9da4c,35.74367134632177,139.67923164367676,297,22,20,50,16,<a_20><b_50><c_16>
4b5bcda1f964a520161729e3,35.69880630912043,139.7747826576233,39,125,51,59,26,<a_51><b_59><c_26>
4ed34ed52c5bc3505a5f1ba0,35.701334460163224,139.70060808556045,299,11,31,15,29,<a_31><b_15><c_29>
4ba4cefbf964a520ddb638e3,35.61264159961342,139.71919980989856,320,41,44,56,23,<a_44><b_56><c_23>
4e6d822dcc3fc22b9dcbe44c,35.70075796172277,139.70096826553345,67,22,44,40,19,<a_44><b_40><c_19>
4e1376c0fa769d21e9ff1b30,35.70528314022175,139.6656173391297,6,27,61,43,16,<a_61><b_43><c_16>
4f5ad5a7e4b082b23c92c3d1,35.70136299943801,139.70076266004813,37,9,61,59,14,<a_61><b_59><c_14>
4c81d7d8e602b1f7b536977a,35.69836195296789,139.772926568985,360,246,51,42,42,<a_51><b_42><c_42>
4b39ede2f964a520a05f25e3,35.65797184178961,139.5750331878662,78,153,20,39,8,<a_20><b_39><c_8>
4f3cd7a1e4b0fc2b1f35f049,35.65806761189015,139.7008224954421,299,18,30,37,6,<a_30><b_37><c_6>
4dd49bcc814dc3d020780069,35.83330167547013,139.6693879365921,82,32,31,50,41,<a_31><b_50><c_41>
4b5e55f4f964a520328a29e3,35.67431510857585,139.76400017738342,298,27,51,51,12,<a_51><b_51><c_12>
4f580498e4b09ba0e2dce4e2,35.53020807996874,139.67826385751616,289,12,9,48,37,<a_9><b_48><c_37>
4b7d2f31f964a520b7b12fe3,35.696202216109185,139.7025279700756,54,8,30,42,17,<a_30><b_42><c_17>
4b5fcb04f964a520f3cc29e3,35.669273,139.703911,15,14,44,33,46,<a_44><b_33><c_46>
4c99f1b7d4b1b1f7a095cb35,35.70321488502044,139.58071947097778,249,11,51,3,1,<a_51><b_3><c_1>
4e859d6db803a5a7949d807c,35.691266350899056,139.7086564683012,236,8,8,56,24,<a_8><b_56><c_24>
4b5dcf17f964a520dd6c29e3,35.700226,139.771692,251,78,51,52,37,<a_51><b_52><c_37>
4e5e382918a8c46e08321768,35.68693795789694,139.6656173391297,6,32,21,7,6,<a_21><b_7><c_6>
4b22e836f964a520185024e3,35.709470113886056,139.73347127437592,297,174,31,46,22,<a_31><b_46><c_22>
4e09a5df315117c55a2177bd,35.704528485059896,139.77798811779195,6,53,31,50,22,<a_31><b_50><c_22>
4b59b898f964a5208a9428e3,35.71796354550892,139.8167297244072,78,50,31,6,16,<a_31><b_6><c_16>
4e52d8bcb0fb6c58cf2598a7,35.5605425050915,139.67131105216816,90,41,20,19,30,<a_20><b_19><c_30>
4ce65a3d8ef78cfa32b98b9b,35.55964310569964,139.67115157089458,65,28,63,22,35,<a_63><b_22><c_35>
4ca45710d695199cacca4ce7,35.561258116733875,139.67138350009918,150,26,48,59,7,<a_48><b_59><c_7>
4b5ab7bff964a520eed128e3,35.698327101400224,139.77162837982178,294,466,61,54,36,<a_61><b_54><c_36>
4e3a0860fa766e76ed3ec2dd,35.64435861608029,139.69963252544403,236,7,48,53,14,<a_48><b_53><c_14>
4ed87c8246907c1b405101e0,35.68990346643177,139.6984201669693,349,18,51,49,29,<a_51><b_49><c_29>
4b572463f964a520082828e3,35.70043559382758,139.504936337471,47,53,31,42,41,<a_31><b_42><c_41>
4bad7589f964a52021533be3,35.702230382293344,139.54482078552246,78,61,31,50,37,<a_31><b_50><c_37>
4b8a0c32f964a520665d32e3,35.57743790922228,139.6589756011963,249,30,44,30,57,<a_44><b_30><c_57>
4b30a8f3f964a520b9fa24e3,35.68881912618486,139.69867843159346,23,24,61,11,47,<a_61><b_11><c_47>
4cfb18967f2db1f7bbd02bd4,35.68998842607441,139.70112919807434,360,70,20,63,37,<a_20><b_63><c_37>
4c787811dbaa76b08854154b,35.66616568441206,139.7586625814438,78,26,44,51,14,<a_44><b_51><c_14>
4e7ef6f0f790cfd3b9c26f10,35.616781,139.564465,85,17,31,46,41,<a_31><b_46><c_41>
4b6bd565f964a520f6192ce3,35.58855440418538,139.72815863653634,298,52,31,42,17,<a_31><b_42><c_17>
4bf8d60b5efe2d7f2a756b34,35.73222829545424,139.71033722162247,251,55,31,42,2,<a_31><b_42><c_2>
4b603163f964a52054d929e3,35.73156421709618,139.71359074115753,65,60,53,11,28,<a_53><b_11><c_28>
4e81a9860cd677d9b2a2e5bd,35.61563377111625,139.56554621458054,85,10,31,30,13,<a_31><b_30><c_13>
4be64cde2468c928cc4f0143,35.70120230452301,139.5436406135559,301,9,49,57,22,<a_49><b_57><c_22>
4b601425f964a52027d529e3,35.69897185293632,139.7751326858997,33,18,63,54,53,<a_63><b_54><c_53>
4b7e3c28f964a520d2e62fe3,35.651043466226184,139.54433262348175,251,108,51,1,15,<a_51><b_1><c_15>
4c14d61082a3c9b6bdcdfdf8,35.66941776274997,139.63259965254883,158,6,48,16,43,<a_48><b_16><c_43>
4b88aee8f964a5207f0832e3,35.701587,139.5448,47,12,31,42,1,<a_31><b_42><c_1>
4b56dcf4f964a5205f1d28e3,35.75136215528522,139.54591770690126,78,391,53,53,5,<a_53><b_53><c_5>
4b7291c5f964a520d17e2de3,35.65688048559283,139.75433801683195,297,97,31,63,22,<a_31><b_63><c_22>
4c023aaf9a7920a1fd2dce79,35.56654742,139.65734152,110,20,9,61,5,<a_9><b_61><c_5>
4b73c26df964a520e3ba2de3,35.56707283304888,139.65833187103271,262,46,9,45,21,<a_9><b_45><c_21>
4b5661b6f964a520050e28e3,35.69353050909954,139.70513105392456,342,35,44,13,16,<a_44><b_13><c_16>
4b4174a1f964a520cec625e3,35.5654233729025,139.6584552526474,302,44,31,31,19,<a_31><b_31><c_19>
4c293995ed0ac9b6b68161aa,35.56525755227938,139.65901851654053,47,46,31,5,6,<a_31><b_5><c_6>
4b9cee07f964a5200c8336e3,35.69877581416949,139.77099537849426,33,16,61,59,2,<a_61><b_59><c_2>
4b23d1faf964a5206c5a24e3,35.73345382441255,139.7394838131754,78,373,61,47,37,<a_61><b_47><c_37>
4b74db40f964a52078f52de3,35.691918510498844,139.70568627119064,165,48,61,0,32,<a_61><b_0><c_32>
4d83423bd5fab60c93e1c79b,35.751334643884995,139.545286115509,30,23,20,34,47,<a_20><b_34><c_47>
4b5db18ff964a520246729e3,35.728102210735656,139.7712743282318,78,340,31,53,21,<a_31><b_53><c_21>
4f488f68e4b0bde5091d769c,35.614570661641274,139.5718785158617,158,30,61,16,8,<a_61><b_16><c_8>
4e0856fea809495e619e0fbc,35.60931012895502,139.68549460172653,45,23,40,53,51,<a_40><b_53><c_51>
4c9d71e52fb1a143e2f7e040,35.65913341371401,139.7010024636984,78,70,31,46,11,<a_31><b_46><c_11>
4c3fe15fff711b8debaa0f05,35.53049746982908,139.69831824302673,298,101,19,45,15,<a_19><b_45><c_15>
4ed4a51099119575fe643d30,35.65907021417525,139.70113456249237,78,35,44,11,37,<a_44><b_11><c_37>
4b6b8e5bf964a520b10f2ce3,35.62856733298724,139.7420221567154,224,12,61,50,61,<a_61><b_50><c_61>
4f7562a6e4b08da1d667dd8b,35.72411309607774,139.68210697174072,47,7,48,50,18,<a_48><b_50><c_18>
4f7989f3e4b08e5a69862ce3,35.61005146046105,139.68557640005892,302,14,49,15,17,<a_49><b_15><c_17>
4b875774f964a52040bc31e3,35.75074405353843,139.5452606678009,284,68,31,46,36,<a_31><b_46><c_36>
4f6b4169e4b0ef1d48797f4d,35.723786755618185,139.68288954614638,298,7,61,56,52,<a_61><b_56><c_52>
4c5d5c14857ca593a28bcccb,35.7338593880131,139.7550401014597,47,23,44,18,63,<a_44><b_18><c_63>
4bbb09b598c7ef3bdcaa3302,35.697898,139.775885,42,5,55,35,46,<a_55><b_35><c_46>
4b6cd202f964a520d3562ce3,35.612636217423486,139.57277409259763,30,23,61,16,8,<a_61><b_16><c_8>
4b5966d3f964a5203c8728e3,35.73099375847875,139.71370339393616,65,162,49,42,4,<a_49><b_42><c_4>
4e353c5f8877beb5e9a94ecf,35.58824064750578,139.72738042192142,299,20,9,15,52,<a_9><b_15><c_52>
4ece367fb634dd298f00fe49,35.536388,139.632938,149,4,30,23,59,<a_30><b_23><c_59>
4b6569c6f964a520d4ef2ae3,35.691713740776834,139.6986347436905,299,96,53,12,10,<a_53><b_12><c_10>
4b66aa8cf964a520e6262be3,35.5323048067217,139.69707369804382,299,107,9,39,58,<a_9><b_39><c_58>
4ee7df02b634252258adf91c,35.53053022445197,139.69718760509326,80,9,48,55,62,<a_48><b_55><c_62>
4c9de0d02fb1a143fb83e440,35.627631849458055,139.6344623991534,251,60,18,45,2,<a_18><b_45><c_2>
4b754452f964a52090032ee3,35.698571062054015,139.7764429450035,33,57,51,26,21,<a_51><b_26><c_21>
4c451d8af799e21e28ddaea2,35.70174683889158,139.5447564125061,299,10,52,14,2,<a_52><b_14><c_2>
4dd4e38c1f6ec4e0bb83b9de,35.766457526479954,139.72755502046496,298,17,19,42,35,<a_19><b_42><c_35>
4e388ce618a8d2fcc622e6f4,35.690397973851404,139.70913290977478,289,12,13,29,51,<a_13><b_29><c_51>
4b6a95dff964a52061d92be3,35.661579,139.585705,249,11,44,43,2,<a_44><b_43><c_2>
4b580351f964a520964828e3,35.612485095919475,139.57140684127808,320,51,20,60,34,<a_20><b_60><c_34>
4d2697883c795481402bbd9b,35.66297541586142,139.69719171524048,236,11,45,33,14,<a_45><b_33><c_14>
4f7c2a1ae4b043bd2b25e203,35.698968044275674,139.60441412421105,6,51,51,13,11,<a_51><b_13><c_11>
4e6330187d8b854089fdb40b,35.73354294158803,139.75455742002578,289,22,44,34,3,<a_44><b_34><c_3>
4e6f5bbb8998fd5c5697e576,35.72420237430072,139.72211346030235,54,16,40,63,63,<a_40><b_63><c_63>
4b586850f964a5205d5628e3,35.70384108341622,139.59936015307903,78,117,9,55,58,<a_9><b_55><c_58>
4b5ade90f964a5201ad828e3,35.73418130692895,139.7400265932083,47,17,63,2,38,<a_63><b_2><c_38>
4b7f4340f964a520552330e3,35.729855006347954,139.7136014699936,27,9,27,15,45,<a_27><b_15><c_45>
4c3e4c30ca012d7f8f532fbe,35.67935687575081,139.77951407432556,68,13,44,16,8,<a_44><b_16><c_8>
4b70ec05f964a52057342de3,35.67420616454221,139.74505841732025,297,32,44,25,8,<a_44><b_25><c_8>
4c33e94866e40f4743d8c88b,35.678489731908506,139.76484775543213,236,9,48,16,22,<a_48><b_16><c_22>
4b5fe410f964a520cecf29e3,35.71352965156828,139.7776472568512,157,14,8,49,53,<a_8><b_49><c_53>
4e5c49741850ca78f0812408,35.62520986625084,139.77561950683594,298,214,54,6,29,<a_54><b_6><c_29>
4c0c5027340720a1668e8993,35.7090083937151,139.8090934753418,33,9,55,47,6,<a_55><b_47><c_6>
4cbd6cfc4495721e1e6e5f7a,35.69017141576657,139.69916582107544,360,50,9,12,37,<a_9><b_12><c_37>
4e7d50586da1b65a489c5c26,35.80070964735989,139.71377849578855,47,15,30,33,35,<a_30><b_33><c_35>
4b67ea73f964a520f4602be3,35.729603,139.715354,236,11,44,49,17,<a_44><b_49><c_17>
4b591e58f964a520767d28e3,35.639743,139.66841799,236,14,48,10,61,<a_48><b_10><c_61>
4dec474b22713dd973c3927c,35.68993876,139.8154986,320,12,27,58,4,<a_27><b_58><c_4>
4b56e604f964a520861e28e3,35.72985644203271,139.71503511525628,251,64,31,50,22,<a_31><b_50><c_22>
4b612ae6f964a520c00b2ae3,35.636331,139.694334,320,27,31,8,21,<a_31><b_8><c_21>
4b84ccb0f964a5205b4431e3,35.67009233,139.672152,320,35,20,41,48,<a_20><b_41><c_48>
4b6e8cf4f964a5209ec12ce3,35.70831798639441,139.6653190255165,236,5,48,47,57,<a_48><b_47><c_57>
4b0ce469f964a520734223e3,35.67218849415906,139.76749375462532,249,21,20,39,44,<a_20><b_39><c_44>
4f7c2cdde4b0f9596729e2c4,35.522139677161235,139.62822691195385,54,73,31,46,0,<a_31><b_46><c_0>
4b9c819bf964a5202a6d36e3,35.610643,139.744139,47,4,4,8,33,<a_4><b_8><c_33>
4b151fbff964a52083a823e3,35.64356520253678,139.67065930366516,78,160,31,56,3,<a_31><b_56><c_3>
4e28d93bd4c0e361d9e30bea,35.5805302922113,139.6978307998779,299,16,9,45,52,<a_9><b_45><c_52>
4bf09a81b315c9b65a3b93ff,35.6976879631129,139.6751636525304,320,29,44,16,47,<a_44><b_16><c_47>
4b87bef7f964a520e6c931e3,35.69086851550992,139.70030307769775,78,66,31,51,6,<a_31><b_51><c_6>
4b4fc05df964a520001427e3,35.70129378655684,139.70004089176655,78,212,35,7,3,<a_35><b_7><c_3>
4e5e0055814d9e0233dff7d0,35.67941788049046,139.77095246315002,29,6,61,13,13,<a_61><b_13><c_13>
4b5983c5f964a520c38a28e3,35.66685863572842,139.64182019233704,47,11,51,42,57,<a_51><b_42><c_57>
4b581c8bf964a5203d4b28e3,35.56771428060273,139.6925863623619,78,171,44,18,37,<a_44><b_18><c_37>
4b5ed0f8f964a520b09929e3,35.67311432634339,139.75839219796686,99,40,31,50,42,<a_31><b_50><c_42>
4d4b97715ae088bf3e21ed97,35.69207099824816,139.8243284225464,139,50,31,50,16,<a_31><b_50><c_16>
4b74dac6f964a52060f52de3,35.69617280930353,139.77088809013367,236,20,8,52,30,<a_8><b_52><c_30>
4b58434bf964a520185028e3,35.73827441973809,139.8485970497131,78,180,44,1,48,<a_44><b_1><c_48>
4b634dfaf964a520f6702ae3,35.7292369712458,139.710850764997,78,71,31,41,19,<a_31><b_41><c_19>
4b76b0a9f964a520a0582ee3,35.63141016860563,139.87343430519104,291,20,9,14,12,<a_9><b_14><c_12>
4e407fea8877f7a2cf269322,35.555477521021885,139.6818099143334,320,1,30,23,40,<a_30><b_23><c_40>
4b63e888f964a5209d962ae3,35.74233248982313,139.79707717895508,78,17,53,48,63,<a_53><b_48><c_63>
4b46ad4cf964a520ad2626e3,35.71034998831642,139.8090398311615,78,224,53,54,48,<a_53><b_54><c_48>
4ba8cae0f964a5203bef39e3,35.735095743999125,139.71047401428223,291,19,31,56,43,<a_31><b_56><c_43>
4f0448cae30090dfdba48b8a,35.751396065518655,139.7575412161298,6,44,51,47,12,<a_51><b_47><c_12>
4cac752336fa6dcbfd93de78,35.7083288761462,139.7708760201931,236,7,4,9,19,<a_4><b_9><c_19>
4b8619c7f964a520df7f31e3,35.75895310817855,139.62808746770764,47,41,31,51,21,<a_31><b_51><c_21>
4c3c049686ce328f0241ab2d,35.62678832921297,139.63292598724365,68,20,20,11,17,<a_20><b_11><c_17>
4b593bd6f964a520698228e3,35.71676798641553,139.51858408749104,139,12,53,31,3,<a_53><b_31><c_3>
4b572499f964a5200e2828e3,35.586863706177525,139.70593571662903,297,209,9,12,8,<a_9><b_12><c_8>
4b4ef519f964a520a8f726e3,35.6805882195558,139.47176970135368,78,67,44,30,61,<a_44><b_30><c_61>
4b555d0cf964a52071e227e3,35.706686684772805,139.75992858409882,297,117,51,1,36,<a_51><b_1><c_36>
4bc6f1432f94d13a1afd107f,35.636623,139.69359755516052,72,8,24,43,44,<a_24><b_43><c_44>
4b8b5af4f964a520479d32e3,35.72983105536349,139.71479773521423,251,112,31,42,14,<a_31><b_42><c_14>
4b3aa85ef964a520156c25e3,35.608468006000365,139.64779202361206,78,58,44,25,8,<a_44><b_25><c_8>
4e732d4f18386b464903289f,35.73157728060372,139.70851683399167,47,9,48,4,57,<a_48><b_4><c_57>
4cc6b14080624688cc2c432f,35.72736515410437,139.76853378117085,54,21,51,42,14,<a_51><b_42><c_14>
4b754336f964a52057032ee3,35.71944000356822,139.6531417965889,54,42,31,61,51,<a_31><b_61><c_51>
4b548f78f964a5200bc027e3,35.65247975325875,139.55582857131958,72,6,16,50,52,<a_16><b_50><c_52>
4b36adc3f964a5207f3a25e3,35.63626717221624,139.88343089818954,78,278,61,11,16,<a_61><b_11><c_16>
4b7b9e4df964a520e2682fe3,35.702236123340974,139.5616002633321,47,50,51,42,8,<a_51><b_42><c_8>
4b55ca24f964a5201bf027e3,35.60426612084161,139.60000187158585,78,77,53,24,10,<a_53><b_24><c_10>
4bb42b2087aa9521eafcacd1,35.62023881245132,139.72804248332977,80,18,51,47,23,<a_51><b_47><c_23>
4bb310c735f0c9b6b5f5bb83,35.70609208989897,139.6501323580742,39,23,61,0,16,<a_61><b_0><c_16>
4d9014acca75b60c90f921a9,35.67289446670328,139.7236342728138,249,14,44,19,8,<a_44><b_19><c_8>
4b5eace7f964a520979529e3,35.622285,139.739242,78,99,51,11,61,<a_51><b_11><c_61>
4e1af05e88770d5776e1f6ec,35.704930199889155,139.65198705214425,242,55,31,34,21,<a_31><b_34><c_21>
4b889d4df964a520920432e3,35.75830151198085,139.62157487869263,290,8,48,59,4,<a_48><b_59><c_4>
4cb2a43339458cfa79d014a0,35.56019904402692,139.71402765228834,251,34,51,8,15,<a_51><b_8><c_15>
4b7b9bd9f964a520a7682fe3,35.7019002935107,139.56101327323375,298,49,61,16,61,<a_61><b_16><c_61>
4ee0a4a449010b2991c144c4,35.52849992857171,139.69732222667875,172,22,31,46,62,<a_31><b_46><c_62>
4b5c03eef964a520442129e3,35.6976736316861,139.77464318275452,29,32,51,19,15,<a_51><b_19><c_15>
4b80d36df964a520068e30e3,35.644253990569474,139.69905853271484,78,224,53,20,56,<a_53><b_20><c_56>
4b67729ff964a5208f4f2be3,35.66052205,139.697035,225,9,51,1,19,<a_51><b_1><c_19>
4b2ce89af964a5209dca24e3,35.6443150221341,139.69909071922302,78,286,14,54,16,<a_14><b_54><c_16>
4b52f9a2f964a520be8b27e3,35.68261620651813,139.79885548353195,47,13,20,47,36,<a_20><b_47><c_36>
4b8e8e42f964a5207d2833e3,35.646706,139.71085,251,11,40,34,55,<a_40><b_34><c_55>
4be126960f03a5932da118b4,35.708426,139.4960950762662,236,18,44,57,61,<a_44><b_57><c_61>
4cf07308899c6ea8ced3eac1,35.5657637404749,139.65446949005127,342,15,34,47,29,<a_34><b_47><c_29>
4b5c01e5f964a520f52029e3,35.7506831033755,139.86860632896423,47,11,19,15,24,<a_19><b_15><c_24>
4c07d7bdda13c9288a146c02,35.6661526098011,139.4771432876587,78,26,44,43,48,<a_44><b_43><c_48>
4b52fdeff964a5201c8c27e3,35.682094,139.799545,291,34,31,46,47,<a_31><b_46><c_47>
4ba8ad8af964a52069e639e3,35.579180925427565,139.57341313362122,299,54,20,39,21,<a_20><b_39><c_21>
4eea7222f9ab8fc95f240e49,35.67765108354296,139.76515563968997,78,11,44,56,35,<a_44><b_56><c_35>
4c3d8a4f15cb1b8d040b7cdc,35.77390255406499,139.784787,284,11,35,42,52,<a_35><b_42><c_52>
4cf7302981cd6dcb3473800d,35.68386456465662,139.73920986056328,109,7,30,8,21,<a_30><b_8><c_21>
4b5bae93f964a520bb0f29e3,35.58581847873488,139.6815386880053,302,17,27,39,6,<a_27><b_39><c_6>
4b741da5f964a520a5c82de3,35.70012475646425,139.77536946315806,251,10,31,55,46,<a_31><b_55><c_46>
4d5325e19163a09394bae0ae,35.551510702261176,139.6705198287964,248,39,51,42,42,<a_51><b_42><c_42>
4bde6a5a6198c9b6f0f013ff,35.553422310146594,139.5771199464798,299,28,31,50,41,<a_31><b_50><c_41>
4b5c0352f964a5202f2129e3,35.65985039808205,139.70206260681152,251,54,33,10,53,<a_33><b_10><c_53>
4b62dc94f964a5200e562ae3,35.68994485703822,139.70154762268066,27,195,60,51,50,<a_60><b_51><c_50>
4d9c4c32eb1f224bd46fb197,35.60025701597042,139.7211800129542,80,88,44,13,52,<a_44><b_13><c_52>
4b613a0af964a520750d2ae3,35.72805430770541,139.71920728683472,72,13,44,61,57,<a_44><b_61><c_57>
4c13654682a3c9b6f962fbf8,35.58738938910309,139.62978780269623,109,9,10,47,56,<a_10><b_47><c_56>
4cd63a94886cb60cae048989,35.53072011497832,139.6962583065033,360,10,61,43,35,<a_61><b_43><c_35>
4b7225f2f964a5202e712de3,35.71210317449733,139.77108925580978,102,12,10,22,21,<a_10><b_22><c_21>
4b56d6def964a520a81c28e3,35.52818366994183,139.69802856445312,165,74,44,30,30,<a_44><b_30><c_30>
4b2df016f964a5201adc24e3,35.66953450447677,139.75550293922424,297,61,9,12,21,<a_9><b_12><c_21>
4d394c6f0333a093038d4934,35.75200191,139.86847281,320,34,31,46,47,<a_31><b_46><c_47>
4b70c93df964a5209a2e2de3,35.714045000287086,139.56210269172416,290,9,51,16,42,<a_51><b_16><c_42>
4b68df1ef964a52002912be3,35.64778066663586,139.67901438474655,82,53,31,30,20,<a_31><b_30><c_20>
4b5aa42ff964a52015cf28e3,35.55505928506042,139.69566690105543,248,116,9,1,52,<a_9><b_1><c_52>
4b65e2def964a52033062be3,35.609105147362044,139.71793591976166,33,13,20,54,50,<a_20><b_54><c_50>
4df14e40ae609e69dd90330f,35.55171156675769,139.69455506678193,241,93,20,59,52,<a_20><b_59><c_52>
4b65134ff964a520f3e22ae3,35.661189092190185,139.58583116203928,47,7,10,3,30,<a_10><b_3><c_30>
4bfbbea4bbb7c92860760843,35.7116557857134,139.6975116946144,261,47,20,61,55,<a_20><b_61><c_55>
4f03e2b26da1b97b15c5db7f,35.74898856505233,139.56962968338738,320,19,44,18,37,<a_44><b_18><c_37>
4c08faa3d4149c74954c61d5,35.70954851893247,139.7935688495636,320,11,44,13,5,<a_44><b_13><c_5>
4d12efffffa36ea83db7fcda,35.52910483223045,139.6979159116745,47,21,20,35,38,<a_20><b_35><c_38>
4be12c19c1732d7ff9675b9a,35.56329208834256,139.71507002764665,251,42,31,22,19,<a_31><b_22><c_19>
4c589d0667ac0f479b4a024c,35.69737293969355,139.78513071658193,78,82,31,1,32,<a_31><b_1><c_32>
4b9b3de1f964a520c8fb35e3,35.531060629893965,139.6977362036705,249,23,35,54,28,<a_35><b_54><c_28>
4b166583f964a520acb823e3,35.689809792874755,139.69790518283844,65,274,43,18,13,<a_43><b_18><c_13>
4b584c3ef964a520955128e3,35.58787580632915,139.62950348854065,47,17,20,19,2,<a_20><b_19><c_2>
4b4ed213f964a520f2f526e3,35.65795004853385,139.70075368881226,299,81,53,61,18,<a_53><b_61><c_18>
4b52c61ff964a520ca8727e3,35.69114641313136,139.70151999517282,298,63,51,47,15,<a_51><b_47><c_15>
4c8a9bf01eafb1f7c6d87b35,35.71365596433794,139.77710008621216,78,75,31,29,19,<a_31><b_29><c_19>
4b848b45f964a520f83a31e3,35.68869659404324,139.6986159682274,150,14,44,10,53,<a_44><b_10><c_53>
4b5ac744f964a52038d428e3,35.667161815844686,139.60113610808077,47,24,51,14,3,<a_51><b_14><c_3>
4e8506085c5c2abafa59a10f,35.71696180322454,139.85816717147827,78,53,31,29,19,<a_31><b_29><c_19>
4b409985f964a5203db925e3,35.6604344413809,139.67309474945068,78,16,20,51,38,<a_20><b_51><c_38>
4b506ecdf964a520202327e3,35.731842912950256,139.7280639410019,78,175,31,42,42,<a_31><b_42><c_42>
4ea697d199116a29c8cca525,35.70337280808018,139.64959566132663,33,11,61,38,35,<a_61><b_38><c_35>
4cb836e19552b60c2f82ca8b,35.693746025133755,139.70124633121532,274,18,20,57,15,<a_20><b_57><c_15>
4b766665f964a520074b2ee3,35.729391226913904,139.71004486083984,297,87,51,51,27,<a_51><b_51><c_27>
4dc61181c65b89d3ca8009b0,35.65952762950323,139.70255774819194,251,41,44,18,47,<a_44><b_18><c_47>
4b74a113f964a520d8e82de3,35.67513872065835,139.7598695755005,297,55,44,56,14,<a_44><b_56><c_14>
4b5ab760f964a520e4d128e3,35.7051577175654,139.61960077285767,47,8,20,26,43,<a_20><b_26><c_43>
4c590e97125b76b07d956c13,35.676186,139.676564,149,18,51,49,12,<a_51><b_49><c_12>
4ce5386eca41236aac087b4b,35.700888651038724,139.80947971343994,289,41,51,46,36,<a_51><b_46><c_36>
4bcfbb0241b9ef3b7518f9e5,35.56257676,139.71507518,67,7,61,50,1,<a_61><b_50><c_1>
4e0f3a2145ddc2c6d17f76bd,35.529496414785406,139.6993764903616,50,31,9,45,15,<a_9><b_45><c_15>
4e1d98e21fc73bfe97b8d550,35.52996923082668,139.69965934753418,298,21,51,19,37,<a_51><b_19><c_37>
4cb2a1a81463a1432adeaea9,35.56234445997731,139.7137882576681,251,55,31,41,63,<a_31><b_41><c_63>
4b6273f4f964a5202f482ae3,35.67256369869756,139.72511567600452,225,19,44,56,52,<a_44><b_56><c_52>
4b64e689f964a52091d82ae3,35.77203021900083,139.82043385505676,78,18,9,3,37,<a_9><b_3><c_37>
4c4bff47bad7a5939ee1a0ac,35.8102265539475,139.72017288208008,284,17,31,9,63,<a_31><b_9><c_63>
4b56e092f964a520d81d28e3,35.704780732834706,139.62138457291988,157,60,9,48,3,<a_9><b_48><c_3>
4b570420f964a520ea2228e3,35.758941425096346,139.8128405213356,78,31,20,50,16,<a_20><b_50><c_16>
4bc991e40687ef3bca23dacc,35.67032672621309,139.60903651199118,47,19,20,61,55,<a_20><b_61><c_55>
4ba19846f964a520d7c237e3,35.53140550891237,139.69560652971268,299,67,44,19,17,<a_44><b_19><c_17>
4e980a9a5c5ca2073d31fe9f,35.66681325549566,139.75804781088584,360,45,31,46,35,<a_31><b_46><c_35>
4cb139ed562d224bf38b1d88,35.66661457808932,139.75817441940308,78,211,20,63,6,<a_20><b_63><c_6>
4b5fb09bf964a52051c829e3,35.698100565839084,139.6972292661667,29,4,48,56,23,<a_48><b_56><c_23>
4f7c49f8e4b0726c392b6554,35.7154584767959,139.8583336850996,320,10,20,43,48,<a_20><b_43><c_48>
4b4ed7cef964a52039f626e3,35.659817708965214,139.70037549734116,72,155,53,53,16,<a_53><b_53><c_16>
4ba092a2f964a520c77237e3,35.70025480585646,139.48025733232498,78,83,31,41,41,<a_31><b_41><c_41>
4b6a61e4f964a52005d42be3,35.69541694176286,139.75110948085785,297,86,31,42,14,<a_31><b_42><c_14>
4b58618bf964a5202f5528e3,35.73119842730767,139.70959424972534,150,18,31,19,2,<a_31><b_19><c_2>
4b691035f964a5203f982be3,35.68150944335228,139.76531982421875,78,58,44,11,59,<a_44><b_11><c_59>
4cd9edd76ff32c0ff6a1fca9,35.566926,139.691857,33,11,61,13,46,<a_61><b_13><c_46>
4f5cb1cce4b06784f8b5434c,35.6600773837171,139.75222347988054,239,17,31,15,35,<a_31><b_15><c_35>
4bd75e5a35aad13a22bb8ef3,35.73261585337984,139.7679966688156,320,54,31,50,63,<a_31><b_50><c_63>
4e1fab03d22d0a3f59e62a2f,35.68856588474642,139.69790518283844,65,52,61,51,42,<a_61><b_51><c_42>
4c6c6014e13db60ca3ead5b1,35.68387954666423,139.7021339030242,78,16,44,16,14,<a_44><b_16><c_14>
4be93108d837c9b6ca1ba606,35.689252,139.697016,52,4,30,44,23,<a_30><b_44><c_23>
4d7c7e72136bf04d74a0608d,35.61223214987442,139.627765417099,298,46,53,14,58,<a_53><b_14><c_58>
4b5aab9bf964a5202fd028e3,35.701150029027964,139.54567909240723,47,19,20,18,52,<a_20><b_18><c_52>
4bb34b4335f0c9b6da29bc83,35.68299746980147,139.78572338819504,33,1,30,38,2,<a_30><b_38><c_2>
4b972069f964a52026f934e3,35.68931963874774,139.70046132802963,78,217,44,18,61,<a_44><b_18><c_61>
4be6a0c6bcef2d7fc24f05e5,35.559399020563525,139.6452092058366,6,33,9,12,59,<a_9><b_12><c_59>
4b55b89bf964a52026ed27e3,35.75849305114015,139.62884902954102,297,167,20,11,52,<a_20><b_11><c_52>
4ba5ca1ef964a5205f2239e3,35.62628252679487,139.78293657302856,168,17,31,40,19,<a_31><b_40><c_19>
4b5760eaf964a520ac3428e3,35.69800309000299,139.657841026783,297,33,31,55,13,<a_31><b_55><c_13>
4b891940f964a520971c32e3,35.73770175269203,139.76339352247854,47,8,52,5,35,<a_52><b_5><c_35>
4b56debcf964a520911d28e3,35.75283156844172,139.73818391561508,295,96,44,11,43,<a_44><b_11><c_43>
4b7fb39ef964a520b33930e3,35.690785735234165,139.70635414123535,297,105,51,45,44,<a_51><b_45><c_44>
4b5e3de5f964a520b58529e3,35.66549724218351,139.75963957607746,295,206,61,51,61,<a_61><b_51><c_61>
4f475d416d8678c4752b869e,35.66128870597505,139.6116828918457,259,32,24,50,4,<a_24><b_50><c_4>
4b5eab1ff964a520639529e3,35.66552066771892,139.75946724414823,297,117,44,30,47,<a_44><b_30><c_47>
4b5858daf964a520c05328e3,35.75090078231451,139.75264370441437,295,33,31,42,21,<a_31><b_42><c_21>
4e8ee47f6c254835946719d6,35.681518158082845,139.7661030292511,78,45,31,5,63,<a_31><b_5><c_63>
4b5aba39f964a52044d228e3,35.713250891644044,139.79230552911758,78,56,24,11,42,<a_24><b_11><c_42>
4e9a795e9a52edbd655a600e,35.65961500019428,139.61054004864084,244,24,31,50,1,<a_31><b_50><c_1>
4bd7b5f20b779c74f3d905a0,35.702844608872404,139.56162214279175,360,66,20,11,6,<a_20><b_11><c_6>
4b5bf650f964a5202c1f29e3,35.6601764264737,139.7302888018898,68,6,63,36,19,<a_63><b_36><c_19>
4e3f670d18a83d5b285f28f1,35.681488182020246,139.76525968904457,360,13,9,7,1,<a_9><b_7><c_1>
4f1cd4e5e4b085450819bf6e,35.694335275896705,139.79210188152578,320,32,44,23,47,<a_44><b_23><c_47>
4f307847e4b0f6064a33c459,35.658861,139.611315,236,24,20,14,26,<a_20><b_14><c_26>
4b779bc3f964a520c8a32ee3,35.66802879457984,139.6327006816864,149,9,44,13,3,<a_44><b_13><c_3>
4e420864d4c0557c35b33623,35.659564844664835,139.61063464329067,37,20,51,45,51,<a_51><b_45><c_51>
4d55b3599e508cfa3f60039b,35.665350696236274,139.72926020622253,152,10,31,45,20,<a_31><b_45><c_20>
4b7e1585f964a52030e22fe3,35.63745303850166,139.756178855896,248,80,44,56,13,<a_44><b_56><c_13>
4b8a56e6f964a520266932e3,35.65954245278648,139.61065953664487,30,22,10,26,56,<a_10><b_26><c_56>
4b08b4e5f964a520211123e3,35.69793937668257,139.70742970705032,297,85,44,30,34,<a_44><b_30><c_34>
4b56d7f0f964a520c21c28e3,35.63519464564313,139.767524600029,248,100,45,35,39,<a_45><b_35><c_39>
4b556966f964a520b0e327e3,35.71769351187206,139.75801348686218,297,72,31,46,61,<a_31><b_46><c_61>
4b3b587cf964a520bb7225e3,35.58049,139.661864,78,61,61,51,44,<a_61><b_51><c_44>
4cfc440220fe3704f9f958f8,35.65618041632016,139.60821747779846,262,14,49,58,14,<a_49><b_58><c_14>
4ba73c86f964a5203f8739e3,35.70103676533783,139.68279898166656,289,13,35,8,22,<a_35><b_8><c_22>
4b47218ef964a520c22b26e3,35.551330668348115,139.675130546093,78,85,9,39,58,<a_9><b_39><c_58>
4b5bced6f964a520581729e3,35.737242452621174,139.77401286363602,78,199,44,56,59,<a_44><b_56><c_59>
4cb90025a33bb1f72a4c85fd,35.655866585824135,139.60779905319214,262,12,49,58,14,<a_49><b_58><c_14>
4c2c680577cfe21e64f2b5f1,35.69460159944851,139.77954838155682,33,13,49,38,41,<a_49><b_38><c_41>
4d1196a1ed943704a4e31862,35.7010803283146,139.7076979279518,33,48,61,38,52,<a_61><b_38><c_52>
4cb98aedadcd5481581e1da2,35.697677988168586,139.77511793375015,236,14,44,59,13,<a_44><b_59><c_13>
4cb26cd91463a143f96fada9,35.65946567334007,139.61051017667776,269,13,10,1,35,<a_10><b_1><c_35>
4d99a32d97d06ea8c2b74d0b,35.70564422297707,139.84960766617235,6,96,44,43,43,<a_44><b_43><c_43>
4d9e94082064ba7a71d63f4d,35.6974732332342,139.6828579902649,297,81,53,4,53,<a_53><b_4><c_53>
4b64faeef964a5207edd2ae3,35.608849870210214,139.74144473527747,194,24,44,18,35,<a_44><b_18><c_35>
4c082edd7e3fc9284fedef82,35.65888715316009,139.78927195072174,248,27,51,11,8,<a_51><b_11><c_8>
4e81663346908a195efb94e8,35.61463728551607,139.5661818981171,85,88,31,46,57,<a_31><b_46><c_57>
4e8165ee722e6ca6cc9c5f32,35.61444431039276,139.56638306379318,85,83,31,46,45,<a_31><b_46><c_45>
4b6d650cf964a520a7742ce3,35.65903098685019,139.7011587023735,306,3,10,3,35,<a_10><b_3><c_35>
4e816578722e6ca6cc9c37e4,35.61396132541625,139.56733256578443,85,86,31,11,19,<a_31><b_11><c_19>
4e817c5ee5faa0e0d6a8f3c7,35.61311091588655,139.5693415403366,85,89,31,11,19,<a_31><b_11><c_19>
4e94d08f5c5c3201e8dcc276,35.613084518168264,139.5694903780142,289,89,61,51,44,<a_61><b_51><c_44>
4ed638eee300d4f6042eaed9,35.57436845055437,139.66206550598145,239,8,24,1,4,<a_24><b_1><c_4>
4b7170eaf964a520cc462de3,35.69017141576657,139.69892978668213,360,68,44,53,44,<a_44><b_53><c_44>
4be6c7ba2457a593ff1ead15,35.83206743348402,139.73425999369996,320,41,51,5,63,<a_51><b_5><c_63>
4d6790c4c406f04d0395ef4c,35.690903370337175,139.6997344493866,78,11,44,49,32,<a_44><b_49><c_32>
4d816f68c8bdb1f770e6cac2,35.63656742135682,139.69511347420794,53,25,61,43,42,<a_61><b_43><c_42>
4b5707a4f964a520832328e3,35.74075631120272,139.66827750205994,297,20,44,51,59,<a_44><b_51><c_59>
4e7eedae9adf979a3f17456f,35.56464990403706,139.71669673919678,304,50,51,15,42,<a_51><b_15><c_42>
4cb976f0c7228cfabbff0fce,35.70554776914454,139.77596857319915,289,12,20,61,43,<a_20><b_61><c_43>
4cf7b54bc020b60c3fd82675,35.72816753300322,139.7111713886261,360,44,51,51,41,<a_51><b_51><c_41>
4e01a01bd1647696f123f765,35.77323582928666,139.5206218957901,320,30,44,56,43,<a_44><b_56><c_43>
4ba1fd24f964a52018d537e3,35.7332058958136,139.77757215499878,78,51,9,12,58,<a_9><b_12><c_58>
4ba4d30cf964a5205cb838e3,35.74086951844211,139.81205463409424,248,70,51,30,60,<a_51><b_30><c_60>
4b63ef93f964a520c9972ae3,35.77395712567318,139.5214994720315,47,103,31,46,37,<a_31><b_46><c_37>
4e5c14f11850ca78f0810194,35.670257932416035,139.6163284778595,320,21,24,43,41,<a_24><b_43><c_41>
4c491a993013a5938cc149e2,35.671237022015404,139.61637035035184,33,5,30,55,51,<a_30><b_55><c_51>
4d8c1336c640224b02077154,35.79255329616504,139.63920649907652,248,21,31,42,6,<a_31><b_42><c_6>
4e7ead50be7b5dcac17a5bc6,35.65844314249014,139.68603252931604,6,26,53,4,53,<a_53><b_4><c_53>
4b585ecaf964a520c65428e3,35.693128,139.777862,149,18,61,16,61,<a_61><b_16><c_61>
4b63c8e9f964a52077912ae3,35.62575055873029,139.66177582740784,139,63,20,11,45,<a_20><b_11><c_45>
4bb6aabb46d4a59312a6c6c0,35.62558976850599,139.66365538537502,171,27,44,30,37,<a_44><b_30><c_37>
4b7780edf964a5207e9e2ee3,35.567895,139.692986,109,9,13,22,21,<a_13><b_22><c_21>
4ba46c5af964a5206a9c38e3,35.726813173697096,139.77697134017944,262,9,48,25,14,<a_48><b_25><c_14>
4bf39b56e5eba593e5b81e90,35.72851914140739,139.77467050907774,7,29,61,51,30,<a_61><b_51><c_30>
4c6e0618c5243704fb122aeb,35.65869428485085,139.71866682171822,149,12,10,10,46,<a_10><b_10><c_46>
4b305ae0f964a5201ff924e3,35.66807019653415,139.77252960205078,297,42,53,12,22,<a_53><b_12><c_22>
4f09d84fe4b0d6422c4aab7d,35.74170931903211,139.8149836285535,38,12,30,62,39,<a_30><b_62><c_39>
4bf128cdb315c9b6d6a893ff,35.7896903644686,139.72399234771729,248,74,31,51,6,<a_31><b_51><c_6>
4b57cb7cf964a5208b4128e3,35.665158933103505,139.76979911327362,28,17,61,11,20,<a_61><b_11><c_20>
4b965006f964a5206cc534e3,35.71864149393257,139.6143289322131,289,23,44,13,61,<a_44><b_13><c_61>
4b5be088f964a520301b29e3,35.67966429961661,139.7809214475515,249,55,63,8,42,<a_63><b_8><c_42>
4b73b535f964a52022b92de3,35.7109162390011,139.79788720607758,297,162,44,43,32,<a_44><b_43><c_32>
4c504ff3885c1b8d13390b39,35.68748,139.67728,302,6,30,50,18,<a_30><b_50><c_18>
4e9c1b0af9f42a0307ff53d5,35.53638207906566,139.7035002708435,341,40,31,41,6,<a_31><b_41><c_6>
4ba1fc5af964a520f4d437e3,35.71373000966154,139.77722883224487,78,195,44,49,56,<a_44><b_49><c_56>
4b493538f964a520186a26e3,35.72552411579853,139.76321697235107,297,43,44,40,53,<a_44><b_40><c_53>
4b5a5749f964a52088be28e3,35.744401176905974,139.81128215789795,78,20,9,44,37,<a_9><b_44><c_37>
4dcdd25bb0fb25f6e334e020,35.74743961665934,139.85715866088867,365,41,16,38,57,<a_16><b_38><c_57>
4d05d3bb37036dcb2bc118fb,35.702073557727616,139.77188050746918,320,14,44,56,39,<a_44><b_56><c_39>
4e37ddd118a8470916ce9d43,35.66364442399634,139.66046422719955,299,43,61,56,36,<a_61><b_56><c_36>
4d93c36084a6a35d049349b8,35.609035751384546,139.73555717429855,138,25,30,13,40,<a_30><b_13><c_40>
4c039fd5f423a5933672d016,35.7114134259066,139.64376207091794,224,13,30,29,59,<a_30><b_29><c_59>
4b0dc8dff964a520175023e3,35.665267889485456,139.7608780860901,249,9,10,25,9,<a_10><b_25><c_9>
4b79d5cbf964a5202a152fe3,35.68173602603758,139.76484775543213,297,133,44,1,43,<a_44><b_1><c_43>
4b5f78caf964a52054bc29e3,35.809426090072854,139.53237533569336,289,9,63,26,38,<a_63><b_26><c_38>
4b5cdb2df964a5209b4729e3,35.57668091790503,139.65947449207306,78,240,24,1,29,<a_24><b_1><c_29>
4b87730ef964a5209fbf31e3,35.66140311571781,139.66725558042526,78,143,44,30,61,<a_44><b_30><c_61>
4bf9d4491134b71374530fc9,35.70826845241412,139.7738667220495,150,26,51,41,36,<a_51><b_41><c_36>
4dc72fe3d4c0ad9c0fb3a9e2,35.581920809139405,139.59547698497772,289,7,30,21,20,<a_30><b_21><c_20>
4bea89ca415e20a1af16e5bb,35.678389508645864,139.7400426864624,302,10,20,15,61,<a_20><b_15><c_61>
4b563a32f964a520540628e3,35.69749937219126,139.5827043056488,78,28,53,50,0,<a_53><b_50><c_0>
4b7b91dbf964a52089672fe3,35.674349970635205,139.76704448461533,297,111,44,30,52,<a_44><b_30><c_52>
4b5653a9f964a520810b28e3,35.63440986098353,139.79161351919174,78,641,38,37,0,<a_38><b_37><c_0>
4c986d7f4804a1439372eb0e,35.65436596147994,139.75688423249474,142,30,9,7,15,<a_9><b_7><c_15>
4e290d52e4cd6c6cb34d84b4,35.68900376004768,139.69741702079773,33,34,9,1,5,<a_9><b_1><c_5>
4b66460bf964a520af1b2be3,35.693299603191086,139.6920096874237,184,14,53,6,55,<a_53><b_6><c_55>
4c6fa0339c6d6dcb8c1bd07a,35.59119121722382,139.55368280410767,289,6,30,36,8,<a_30><b_36><c_8>
4b54fc26f964a52097d627e3,35.72863349695783,139.55260455608368,78,22,31,53,20,<a_31><b_53><c_20>
4b7b9edbf964a520f4682fe3,35.626535428403905,139.7233486175537,297,138,61,50,24,<a_61><b_50><c_24>
4b56cbfcf964a520741b28e3,35.6777414618205,139.7668028503964,298,80,9,45,32,<a_9><b_45><c_32>
4b1c8314f964a5200a0824e3,35.69917443,139.772559,68,66,31,61,14,<a_31><b_61><c_14>
4e07fd5a62e100e581737b9d,35.72347534221748,139.62002516353806,236,10,30,6,50,<a_30><b_6><c_50>
4c00d08ead15a593d6818e73,35.71214994203654,139.79644678874453,356,35,31,50,63,<a_31><b_50><c_63>
4b9da7b3f964a52077b836e3,35.71209228526117,139.79842901229858,78,37,61,53,16,<a_61><b_53><c_16>
4b5a9021f964a5207acb28e3,35.66742519522852,139.7612589597702,56,23,13,39,38,<a_13><b_39><c_38>
4b7cc556f964a520dca42fe3,35.762097383881866,139.82491850852966,297,83,31,46,63,<a_31><b_46><c_63>
4bbd2eef078095211e5bda91,35.723459019605095,139.62005504033004,338,22,48,37,22,<a_48><b_37><c_22>
4b697b63f964a52005a42be3,35.53080306105245,139.69978272914886,148,15,30,30,45,<a_30><b_30><c_45>
4b74e8caf964a520b1f72de3,35.672868,139.763171,297,179,44,43,61,<a_44><b_43><c_61>
4b57ebf7f964a5204c4628e3,35.6908162332405,139.70273852348328,150,9,49,39,45,<a_49><b_39><c_45>
4b4aa852f964a520678c26e3,35.53105189876034,139.68438684940338,78,28,53,3,61,<a_53><b_3><c_61>
4b62bd53f964a520d8502ae3,35.73263544895519,139.7679054737091,150,23,44,26,6,<a_44><b_26><c_6>
4cca52cc82bfa35d8e3b52c9,35.763580585928615,139.72707612283236,139,76,44,11,20,<a_44><b_11><c_20>
4c07717a8a81c9b695382790,35.68377741987099,139.78212922811508,68,19,9,7,0,<a_9><b_7><c_0>
4b0dfb40f964a5207c5323e3,35.673892404894445,139.75096464157104,297,100,61,48,5,<a_61><b_48><c_5>
4b6f9c21f964a520c9f72ce3,35.65659449633758,139.54409390687945,194,160,61,51,56,<a_61><b_51><c_56>
4f13b27ce4b0d85e5472f8ed,35.67254148121173,139.72510814666748,249,29,48,24,52,<a_48><b_24><c_52>
4befd71ec601a5938005c3d1,35.72966557563774,139.7147011756897,289,47,9,58,44,<a_9><b_58><c_44>
4b50716df964a520672327e3,35.66987442926479,139.6157169342041,78,128,53,48,61,<a_53><b_48><c_61>
4b5f85c3f964a5205cbf29e3,35.73911225153296,139.76192602430902,236,11,49,61,19,<a_49><b_61><c_19>
4b558136f964a520ebe527e3,35.66464029868698,139.76191341876984,298,16,51,42,11,<a_51><b_42><c_11>
4b569b63f964a5208d1628e3,35.65617169882302,139.5444291830063,207,83,9,1,32,<a_9><b_1><c_32>
4b7bc706f964a520c66d2fe3,35.65462985096278,139.70554968279188,78,23,44,56,59,<a_44><b_56><c_59>
4db3ace743a1369cb5aa3570,35.60352317497905,139.73238911013922,289,46,9,46,21,<a_9><b_46><c_21>
4e2e1ecad4c058fdbee7151c,35.6499558811701,139.74834948778152,322,26,45,42,20,<a_45><b_42><c_20>
4d96f70d97d06ea8f1800f0b,35.701949749453554,139.58155146742058,304,42,49,57,1,<a_49><b_57><c_1>
4c9c80b7031337044d8c55d5,35.703062418579506,139.58107352256775,47,10,49,6,62,<a_49><b_6><c_62>
4dd1fa35c65b9d071f924e63,35.70310658756382,139.58097423014533,39,18,48,42,52,<a_48><b_42><c_52>
4b5254f3f964a520b17727e3,35.68810445187723,139.6934551693115,90,42,53,61,53,<a_53><b_61><c_53>
4bb4544c737d76b0da503b7c,35.70304063763557,139.57986652851105,298,61,44,56,61,<a_44><b_56><c_61>
4b7e6c7bf964a52091ec2fe3,35.67995820614858,139.78008270263672,297,88,31,50,16,<a_31><b_50><c_16>
4b5e7b17f964a520569029e3,35.664717614508675,139.76166147917775,150,18,10,56,26,<a_10><b_56><c_26>
4bcecf7dcc8cd13afedbc4cf,35.70439703456581,139.79512989521027,248,22,20,26,13,<a_20><b_26><c_13>
4bde28fc6198c9b65d3d13ff,35.71035867067667,139.73125164180038,248,18,52,27,49,<a_52><b_27><c_49>
4b6622c2f964a520ac152be3,35.68752238118,139.7921848297119,248,40,9,47,59,<a_9><b_47><c_59>
4c6736889cb82d7f6d2893d2,35.628419084184706,139.73987102508545,360,9,13,8,15,<a_13><b_8><c_15>
4b5af10df964a5205ddb28e3,35.716639500855365,139.66197967529297,139,8,1,30,3,<a_1><b_30><c_3>
4bfe70e08992a593de7eadb0,35.732751445581755,139.88167098778118,299,21,51,3,39,<a_51><b_3><c_39>
4b57cbeaf964a5209e4128e3,35.64357392140975,139.74557876586914,90,19,19,45,27,<a_19><b_45><c_27>
4cbb76b87148f04d0386e2ab,35.55047499234515,139.78944901444288,333,15,44,30,18,<a_44><b_30><c_18>
4e1e892152b1bdc463e41799,35.7102091074357,139.72811373926152,248,14,35,10,58,<a_35><b_10><c_58>
4b52b2b2f964a520398627e3,35.73841974314698,139.68915782868862,297,13,44,19,1,<a_44><b_19><c_1>
4b21c0def964a520104124e3,35.6513682132017,139.63663816452026,78,163,61,51,22,<a_61><b_51><c_22>
4cc4d89306c25481b75a9947,35.65356512450584,139.7598910331726,289,37,31,50,22,<a_31><b_50><c_22>
4b483a27f964a5205c4a26e3,35.6881863003593,139.59936899218158,78,48,9,44,3,<a_9><b_44><c_3>
4e1e82a4814d82553443a3df,35.69920492062089,139.7704267501831,278,102,51,42,16,<a_51><b_42><c_16>
4e410e311495c3b70245111c,35.654688617992164,139.75707455385017,360,39,31,51,39,<a_31><b_51><c_39>
4b722c7cf964a5208e722de3,35.71630848625442,139.76064205169678,195,16,18,22,45,<a_18><b_22><c_45>
4b5949a3f964a5200f8428e3,35.69686767833025,139.7974580526352,297,21,44,11,56,<a_44><b_11><c_56>
4b66713af964a52082212be3,35.65334717965574,139.54310148954391,33,19,61,11,24,<a_61><b_11><c_24>
4f08221ee4b0ef60ed33b128,35.68425796268529,139.77446581693926,322,16,44,1,24,<a_44><b_1><c_24>
4e52797e45ddae62fc819570,35.69844472538004,139.77333962917328,360,10,19,24,4,<a_19><b_24><c_4>
4b598dc6f964a5204a8c28e3,35.69829061614899,139.77467335760593,297,27,51,29,42,<a_51><b_29><c_42>
4b189a79f964a5208ed423e3,35.687564,139.79738,297,28,31,46,11,<a_31><b_46><c_11>
4b53d300f964a5207bac27e3,35.618573004245405,139.72798347473145,236,10,49,57,27,<a_49><b_57><c_27>
4b467c9af964a5206c2226e3,35.68211947219301,139.8003387451172,297,51,51,0,15,<a_51><b_0><c_15>
4b506285f964a520de2127e3,35.62122511405646,139.63087143496367,289,30,31,30,42,<a_31><b_30><c_42>
4b557b9ff964a52072e527e3,35.730107579927385,139.71763014793396,294,116,63,20,4,<a_63><b_20><c_4>
4b1211bcf964a520cb8823e3,35.69949897700794,139.77110266685486,39,213,61,53,11,<a_61><b_53><c_11>
4b55a4aff964a52032ea27e3,35.66614389339263,139.6414339542389,78,119,31,42,45,<a_31><b_42><c_45>
4e163b44a8090df1ec9a3fa3,35.57667219173864,139.6595013141632,78,42,9,20,58,<a_9><b_20><c_58>
4b945922f964a520ad7534e3,35.53098641522781,139.69662576913834,78,69,44,18,13,<a_44><b_18><c_13>
4ecbb4d50e011bec7a99d89f,35.69729947407328,139.76787111346894,322,17,31,29,22,<a_31><b_29><c_22>
4db7ea5d0cb6cc307a682cc1,35.62023712834214,139.57003267579233,299,22,31,30,19,<a_31><b_30><c_19>
4e2d7c47d164223a69966286,35.703855,139.562689,320,5,48,42,45,<a_48><b_42><c_45>
4b713b79f964a5207e3d2de3,35.70104547793508,139.77180004119873,65,159,53,48,13,<a_53><b_48><c_13>
4b21c071f964a5200a4124e3,35.64734964890964,139.62407939136028,78,53,31,8,22,<a_31><b_8><c_22>
4ba8546df964a520ced639e3,35.70043559382758,139.7702443599701,278,8,11,56,22,<a_11><b_56><c_22>
4c8313e574d7b60c8f2387d8,35.66507176789088,139.70131158828735,76,23,51,41,47,<a_51><b_41><c_47>
4b548233f964a520e1bd27e3,35.70041816849881,139.77097526192665,149,9,48,10,16,<a_48><b_10><c_16>
4b77b75ef964a52003a82ee3,35.77465903523311,139.7858440876007,166,17,9,10,47,<a_9><b_10><c_47>
4b82110df964a52096c930e3,35.67221899927465,139.79570388793945,297,36,20,61,56,<a_20><b_61><c_56>
4b3c7000f964a520728425e3,35.6622998644997,139.58487153053284,78,106,61,1,42,<a_61><b_1><c_42>
4b5e0a9df964a520977a29e3,35.70612694,139.7697562,320,6,10,58,42,<a_10><b_58><c_42>
4b4671bff964a520282126e3,35.70823740218492,139.7699010372162,297,87,44,16,32,<a_44><b_16><c_32>
4e4bba0d483bb8f05995553e,35.66985012273645,139.7030065287378,297,16,44,18,35,<a_44><b_18><c_35>
4b661945f964a5208e132be3,35.71245048148083,139.77592863234182,297,108,53,4,56,<a_53><b_4><c_56>
4eec7d7529c28028dda1efe6,35.643120538754175,139.74916756153107,273,15,30,22,21,<a_30><b_22><c_21>
4b575292f964a520533128e3,35.70376387416956,139.56089886059328,33,36,20,42,52,<a_20><b_42><c_52>
4b571a1cf964a520792628e3,35.675016704589865,139.66781079769137,47,14,51,24,4,<a_51><b_24><c_4>
4f75102ce4b0a6fdc5fc9f98,35.673535066015496,139.66668963432312,329,60,31,39,30,<a_31><b_39><c_30>
4b7a7ae1f964a5201a2e2fe3,35.735895,139.638486,290,16,48,42,24,<a_48><b_42><c_24>
4b56bde5f964a520041a28e3,35.699756003183985,139.57340240478516,139,79,53,53,5,<a_53><b_53><c_5>
4bf7a868508c0f476eda3d31,35.69933887977613,139.76989030838013,36,14,51,56,15,<a_51><b_56><c_15>
4e015b581495692a4bb8dd42,35.72963509249287,139.7094225883484,78,77,31,50,41,<a_31><b_50><c_41>
4b5bedf4f964a520bc1d29e3,35.7006294503532,139.77048307657242,294,20,21,7,43,<a_21><b_7><c_43>
4c78de8697028cfadc2fd9fe,35.616829148925326,139.57190339280882,109,24,51,30,57,<a_51><b_30><c_57>
4b5fccd2f964a52037cd29e3,35.699357394438415,139.76980984210968,36,88,61,4,38,<a_61><b_4><c_38>
4b652227f964a520aee52ae3,35.8479523083472,139.66999411582947,39,18,51,49,42,<a_51><b_49><c_42>
4be53218cf200f4732f6123c,35.6993377906782,139.76949334144592,65,15,61,50,52,<a_61><b_50><c_52>
4b6b5e99f964a5201c042ce3,35.73677230006169,139.63730145776444,47,9,27,7,52,<a_27><b_7><c_52>
4da2683922a5f04df4921055,35.658232529147256,139.70853678173,68,27,48,54,45,<a_48><b_54><c_45>
4d56cb97c0432d432330fcb1,35.70068555,139.770708,65,59,51,10,31,<a_51><b_10><c_31>
4b5eb48ff964a5207e9629e3,35.701297,139.76927,236,24,31,53,11,<a_31><b_53><c_11>
4c9b38d1eaa5a1436bb0d2e4,35.695985555648804,139.804102,30,52,44,2,47,<a_44><b_2><c_47>
4b90c61ff964a520f99633e3,35.73037539414103,139.71240520477295,78,90,9,7,21,<a_9><b_7><c_21>
4b9343b0f964a520d03d34e3,35.70008922311151,139.77015746068204,65,11,13,42,53,<a_13><b_42><c_53>
4f1ccdfce4b08fa6663696b9,35.69839354666491,139.77385673718584,42,23,9,35,26,<a_9><b_35><c_26>
4b570f50f964a520c92428e3,35.70572836117816,139.5812451839447,47,11,21,6,59,<a_21><b_6><c_59>
4c9b3b59eaa5a143b7c6d2e4,35.696069804818336,139.80393375831443,47,23,21,45,9,<a_21><b_45><c_9>
4badbda3f964a52060663be3,35.700923501486784,139.77035701274872,65,7,48,50,17,<a_48><b_50><c_17>
4da1143fb3e7236a6bc40279,35.70692234,139.616922,90,13,35,50,9,<a_35><b_50><c_9>
4b6c9fc7f964a5206b472ce3,35.64900559433054,139.8024308681488,284,48,31,31,19,<a_31><b_31><c_19>
4cad5b952303a143b5c1e5f0,35.70293391092428,139.74075615406036,68,9,19,33,40,<a_19><b_33><c_40>
4b55a2d8f964a520ede927e3,35.82746937062757,139.6603274345398,78,23,44,51,35,<a_44><b_51><c_35>
4b92005ef964a520ebe233e3,35.63002364484439,139.7403860092163,78,103,44,51,13,<a_44><b_51><c_13>
4b79d086f964a520de132fe3,35.730976339830725,139.70956206321716,297,66,44,56,30,<a_44><b_56><c_30>
4d249c3a5d7d2d434dc59310,35.66216584314689,139.6676230430603,152,20,30,35,39,<a_30><b_35><c_39>
4b5c0fe0f964a520d62229e3,35.7294779855176,139.71199699788025,284,137,53,1,5,<a_53><b_1><c_5>
4cc265733d7fa1cd4ded9e5f,35.6388132752202,139.74084734916687,248,17,61,18,0,<a_61><b_18><c_0>
4cf36ee86195721ecdd24cc1,35.79315058889314,139.63818806900167,69,4,48,6,0,<a_48><b_6><c_0>
4b89e9b9f964a520cc5532e3,35.7022151354741,139.77072447538376,65,32,44,11,2,<a_44><b_11><c_2>
4b558821f964a520ade627e3,35.62716331859532,139.57361698150635,78,21,53,61,56,<a_53><b_61><c_56>
4bab2e78f964a5202e983ae3,35.70244383745659,139.77044820785522,65,34,61,60,36,<a_61><b_60><c_36>
4b939591f964a520314934e3,35.703735736390925,139.5790733681767,54,11,44,7,1,<a_44><b_7><c_1>
4b5d6871f964a5201d5c29e3,35.707337902641136,139.7765502333641,284,23,51,54,41,<a_51><b_54><c_41>
4b55a1c8f964a520cce927e3,35.808033959768906,139.67804074287417,78,41,20,11,61,<a_20><b_11><c_61>
4b55a018f964a52091e927e3,35.66233473180664,139.7075128555298,301,5,30,18,27,<a_30><b_18><c_27>
4b578c6ff964a5206d3828e3,35.727622687673325,139.57712778520306,78,176,31,46,6,<a_31><b_46><c_6>
4b5dcff1f964a520196d29e3,35.70084932905884,139.77087133821084,109,222,19,10,48,<a_19><b_10><c_48>
4b35706ff964a5202b2d25e3,35.660473668016515,139.70034062862396,284,19,44,2,57,<a_44><b_2><c_57>
4b643095f964a5204ba32ae3,35.676550607311185,139.7607171535492,99,25,20,51,10,<a_20><b_51><c_10>
4d59095afe7c224b8f3373b5,35.70121700699981,139.77118648588657,33,35,9,15,52,<a_9><b_15><c_52>
4d5639ad32eb6a311b3fee93,35.70128071770129,139.7709310054779,241,32,9,10,44,<a_9><b_10><c_44>
4b6833cef964a520aa6b2be3,35.735481,139.630586,109,4,30,9,31,<a_30><b_9><c_31>
4bd96194e914a593ef4c56fa,35.667300988297605,139.75693255662918,65,13,24,50,9,<a_24><b_50><c_9>
4ce62908595cb1f75ac4ba14,35.698253041768346,139.77315187454224,298,109,13,12,36,<a_13><b_12><c_36>
4b5d768cf964a520cf5d29e3,35.68861381151347,139.69835847616196,65,11,48,53,41,<a_48><b_53><c_41>
4b570b36f964a520282428e3,35.70127853955849,139.77104365825653,33,66,51,54,1,<a_51><b_54><c_1>
4b8bdc26f964a52016af32e3,35.71397610097812,139.68631267547607,297,16,51,11,6,<a_51><b_11><c_6>
4b73961af964a52009b52de3,35.654980045425006,139.74988791902223,342,14,48,54,19,<a_48><b_54><c_19>
4b56f21ff964a5202e2028e3,35.6889209265825,139.69792596197135,236,16,61,0,61,<a_61><b_0><c_61>
4b6bca8af964a520a4182ce3,35.68626100895982,139.78190660476685,236,13,30,18,16,<a_30><b_18><c_16>
4e106bc0e4cdef074b6a236e,35.69490721724416,139.70098704099655,251,5,48,15,13,<a_48><b_15><c_13>
4bd2d4589854d13aab5bfc4d,35.65851721607773,139.70133304595947,360,75,44,29,41,<a_44><b_29><c_41>
4b87c3e0f964a520d9ca31e3,35.675696506024465,139.73728269338608,67,3,30,8,59,<a_30><b_8><c_59>
4b85d58ff964a520757531e3,35.703206172660224,139.79095369577408,297,66,44,16,47,<a_44><b_16><c_47>
4bbe9eeeba9776b04e12fec8,35.65714141,139.75030654,289,25,49,5,46,<a_49><b_5><c_46>
4b8ef710f964a5209c4133e3,35.654912010485326,139.79620680212977,297,145,44,43,34,<a_44><b_43><c_34>
4b0a18def964a520bf2123e3,35.715088946912665,139.68725681304932,78,32,51,42,47,<a_51><b_42><c_47>
4b58719cf964a5200b5828e3,35.661628665873394,139.66655015945437,78,138,44,30,47,<a_44><b_30><c_47>
4c502ba23a6f2d7fc5c31b77,35.658364119375875,139.69900488853455,360,13,51,49,18,<a_51><b_49><c_18>
4d5a11ee296d5481d0c95fb1,35.65950936169954,139.75081115324593,248,19,61,50,57,<a_61><b_50><c_57>
4b547d74f964a5203bbd27e3,35.71585285119138,139.6720785618206,78,43,9,48,55,<a_9><b_48><c_55>
4ecf09479a52262b8125de01,35.69918870752729,139.57746116696848,86,8,48,25,22,<a_48><b_25><c_22>
4b63cf29f964a52098922ae3,35.66957808465869,139.74799275398254,342,11,10,41,63,<a_10><b_41><c_63>
4e2cebff18387cce068412ae,35.66087910216599,139.75129024261253,139,17,10,10,44,<a_10><b_10><c_44>
4b269366f964a520c47d24e3,35.66252408,139.66055,78,55,61,5,59,<a_61><b_5><c_59>
4d671ca7709bb60caf67a614,35.69806,139.775137,146,8,27,14,12,<a_27><b_14><c_12>
4bf21c72189f0f47880fb862,35.66086,139.75160332,68,16,48,55,55,<a_48><b_55><c_55>
4b6b9b81f964a5204d122ce3,35.65886100155223,139.6997880935669,249,35,53,4,63,<a_53><b_4><c_63>
4dcf37f11f6eb122708fd814,35.70193314924272,139.75468390302936,78,24,49,8,29,<a_49><b_8><c_29>
4b599be9f964a520ba8e28e3,35.69218489057532,139.77009256315029,236,12,24,47,1,<a_24><b_47><c_1>
4b5edb9bf964a5202f9b29e3,35.728063017349406,139.71919655799866,47,29,51,15,49,<a_51><b_15><c_49>
4da43d3bc6e96ea84a56f85d,35.66476668889729,139.7534215450287,322,21,48,55,42,<a_48><b_55><c_42>
4cfba8df2c645941bb58434a,35.69258727603499,139.69868034124374,236,16,51,15,42,<a_51><b_15><c_42>
4b5589b1f964a520d6e627e3,35.70788892898983,139.77432668209076,297,63,51,45,21,<a_51><b_45><c_21>
4b973f1ff964a52064fd34e3,35.66629163820402,139.75383546973106,320,11,30,21,5,<a_30><b_21><c_5>
4b7cbf91f964a520fda32fe3,35.730260512764126,139.71357380080946,33,4,48,14,51,<a_48><b_14><c_51>
4b6811b3f964a520ff652be3,35.69325603596359,139.7014832496643,251,49,61,60,3,<a_61><b_60><c_3>
4b6a950ef964a5203ed92be3,35.643750478382515,139.67040449380875,16,4,11,25,46,<a_11><b_25><c_46>
4b807315f964a5206f7330e3,35.65375255660129,139.79543566703796,295,118,51,10,48,<a_51><b_10><c_48>
4b8f6a5bf964a520e55333e3,35.6724979026477,139.66060638427734,289,22,18,1,9,<a_18><b_1><c_9>
4b0587a1f964a520989d22e3,35.7293476794105,139.71816658973694,90,178,63,33,1,<a_63><b_33><c_1>
4bbd599d07809521af91da91,35.58749190777766,139.62952226400375,236,9,14,58,46,<a_14><b_58><c_46>
4b54fbcbf964a5208ad627e3,35.72359048983877,139.68326568603516,297,19,31,50,51,<a_31><b_50><c_51>
4b625db4f964a5207f442ae3,35.67167862121598,139.75570678710938,369,6,51,33,35,<a_51><b_33><c_35>
4c21fdc213c00f47feb286de,35.683592236885524,139.77097928524017,289,9,58,35,62,<a_58><b_35><c_62>
4b5a1843f964a520cfac28e3,35.674702948128555,139.70662236213684,68,5,48,3,46,<a_48><b_3><c_46>
4c9702e1034137046e4a89ef,35.68739166995915,139.6557891368866,289,58,31,46,41,<a_31><b_46><c_41>
4c4acee146240f473d6c69f2,35.72769067921818,139.76472973823547,30,7,8,56,22,<a_8><b_56><c_22>
4b2ee848f964a52021e824e3,35.68632418697207,139.78227138519287,297,62,31,30,41,<a_31><b_30><c_41>
4b556d98f964a5200ce427e3,35.77903730113987,139.72236156463623,39,11,48,50,60,<a_48><b_50><c_60>
4b82b764f964a52019e030e3,35.67532610211462,139.75921511650083,322,12,61,7,51,<a_61><b_7><c_51>
4d91ad7dd5f28eec8bbe453e,35.7778317788147,139.72088634967804,298,22,52,51,2,<a_52><b_51><c_2>
4e99b97bb8f77b7a994f0598,35.73235910631327,139.7096389047196,294,16,61,50,26,<a_61><b_50><c_26>
4b5d62d5f964a520755b29e3,35.673452267754264,139.79615986347198,47,35,44,16,26,<a_44><b_16><c_26>
4b6caf53f964a520104c2ce3,35.68443971785444,139.73714858293533,138,18,51,49,21,<a_51><b_49><c_21>
4b5bac52f964a520240f29e3,35.69668688226968,139.76013511419296,236,20,27,42,4,<a_27><b_42><c_4>
4b568200f964a520561328e3,35.73313785608805,139.74651217460632,130,19,51,41,54,<a_51><b_41><c_54>
4b6ea291f964a520c8c42ce3,35.690686,139.77088518,54,17,48,19,22,<a_48><b_19><c_22>
4b5b04cff964a52026df28e3,35.70222166982555,139.74514961242676,297,58,31,46,14,<a_31><b_46><c_14>
4de423dc922e6f93852e6c74,35.73178194831549,139.71045792102814,149,31,31,10,35,<a_31><b_10><c_35>
4b5982cbf964a520a58a28e3,35.69997164315019,139.77081030607224,152,224,19,27,3,<a_19><b_27><c_3>
4b472103f964a520bb2b26e3,35.538931360333486,139.6804118156433,78,84,9,39,58,<a_9><b_39><c_58>
4ce66122e1eeb60c9f5896ae,35.698357,139.772203,39,21,51,16,31,<a_51><b_16><c_31>
4bd6dba54e32d13a0f30c380,35.669403763788246,139.8057782649994,289,18,51,34,25,<a_51><b_34><c_25>
4cf232837e0da1cddf4a9697,35.561175202155766,139.71373826265335,39,39,21,30,7,<a_21><b_30><c_7>
4bf6349f004ed13a552042a0,35.684054104236665,139.77446615695953,85,8,48,25,49,<a_48><b_25><c_49>
4bdfcf270ee3a593dc7035b0,35.689892574163345,139.69162344932556,141,8,8,13,53,<a_8><b_13><c_53>
4ca31e37554b236a5e962348,35.68672503940127,139.7742247581482,298,7,48,32,3,<a_48><b_32><c_3>
4c787720dbaa76b0144f154b,35.666963231631065,139.7583782672882,78,18,53,50,35,<a_53><b_50><c_35>
4b64cb7df964a520a5d02ae3,35.69713131545755,139.6814340102503,47,17,14,10,14,<a_14><b_10><c_14>
4d9bb3afafc2a1cda38206c2,35.669451,139.81335224,299,32,40,54,29,<a_40><b_54><c_29>
4b591afaf964a520c87c28e3,35.707300877018696,139.7947932779789,68,19,44,13,52,<a_44><b_13><c_52>
4c54e77172cf0f47229246d5,35.656404459281575,139.79600229515904,68,11,61,50,36,<a_61><b_50><c_36>
4b68d4dbf964a5201b8f2be3,35.67361350639426,139.74135160446167,297,22,20,11,52,<a_20><b_11><c_52>
4c9470eec8a1bfb794121ff3,35.78830223981557,139.61157828569412,251,5,51,13,9,<a_51><b_13><c_9>
4ba5dd83f964a520822639e3,35.562364070042506,139.71459123094502,30,8,31,20,35,<a_31><b_20><c_35>
4bb32bd435f0c9b6a607bc83,35.64691994149861,139.7462469333316,33,6,45,50,44,<a_45><b_50><c_44>
4cc39d341e596dcbee0ecc67,35.602734,139.7421669960022,30,6,51,49,47,<a_51><b_49><c_47>
4b585584f964a520405328e3,35.66575601225133,139.89448964595795,47,13,51,42,29,<a_51><b_42><c_29>
4b594c7ff964a5205c8428e3,35.66995852966675,139.71698525316955,225,22,19,9,46,<a_19><b_9><c_46>
4b5aaefff964a520bad028e3,35.60574111869291,139.7353127034767,65,53,63,42,30,<a_63><b_42><c_30>
4b6183f6f964a52062162ae3,35.626402437140264,139.7380954027176,33,14,19,13,19,<a_19><b_13><c_19>
4b56d45ef964a520571c28e3,35.69766927520336,139.77349519729614,39,34,63,16,15,<a_63><b_16><c_15>
4b594b0ef964a520368428e3,35.695072805068534,139.70024408916862,249,6,61,54,7,<a_61><b_54><c_7>
4b5bc369f964a520c31429e3,35.69884333868803,139.77475315332413,27,85,4,42,63,<a_4><b_42><c_63>
4d3b9bfd44f5a093c85cc5bb,35.68613797298327,139.5677242135537,156,43,51,15,3,<a_51><b_15><c_3>
4b586bbdf964a520f45628e3,35.70185131953517,139.77498004487046,59,61,27,40,45,<a_27><b_40><c_45>
4ea582d46c25b62f3ea9425c,35.66966742395725,139.66955959796906,139,25,20,12,4,<a_20><b_12><c_4>
4c5776e215a39c74004f3eb9,35.69770848353939,139.7716122865677,278,44,40,57,30,<a_40><b_57><c_30>
4c297d7ffe6e2d7fc4fa543c,35.65878690528347,139.74302530288696,67,10,21,8,35,<a_21><b_8><c_35>
4b94680af964a5202b7834e3,35.72874018925549,139.7135129570961,52,8,31,34,12,<a_31><b_34><c_12>
4b05879ef964a520f19c22e3,35.702208362231005,139.76946855204014,149,35,13,28,52,<a_13><b_28><c_52>
4b6555f8f964a520afed2ae3,35.72875741059328,139.71126968543118,302,48,61,1,12,<a_61><b_1><c_12>
4b70e110f964a520c6322de3,35.6829952911593,139.70172733068466,297,28,44,16,59,<a_44><b_16><c_59>
4b5b0b3df964a52087e028e3,35.572459,139.684498,149,9,20,13,22,<a_20><b_13><c_22>
4b6bfe2cf964a520c11e2ce3,35.62529271452925,139.68919336795807,157,23,9,46,52,<a_9><b_46><c_52>
4bc008b7f8219c740f25b110,35.73290978650399,139.8813360929489,146,13,55,49,36,<a_55><b_49><c_36>
4ecde8b7f9f406f6fe04d54e,35.682490933898784,139.7023469209671,150,6,45,41,0,<a_45><b_41><c_0>
4b65170ef964a520a6e32ae3,35.67490449321935,139.76351469755173,111,13,51,31,7,<a_51><b_31><c_7>
4b563f2ef964a520460728e3,35.701224247754766,139.74499252247443,78,167,20,1,52,<a_20><b_1><c_52>
4c426e76da3dc9285395cab9,35.6958918103916,139.78543639183044,248,23,31,46,36,<a_31><b_46><c_36>
4b614f3af964a520ac0f2ae3,35.68920776,139.69809218,149,15,44,40,39,<a_44><b_40><c_39>
4b592ea0f964a5206b8028e3,35.70144444141334,139.74426470800404,298,42,31,11,6,<a_31><b_11><c_6>
4b7a6f0df964a520bd2c2fe3,35.645546,139.715894,106,24,44,2,47,<a_44><b_2><c_47>
4b570ffef964a520ea2428e3,35.7085815179701,139.80461955070496,297,35,9,46,45,<a_9><b_46><c_45>
4b267bacf964a520297c24e3,35.6916854215186,139.7011372447014,42,74,61,29,36,<a_61><b_29><c_36>
4bcfb4fe046076b033ef6e71,35.68582747573295,139.66823190450668,71,11,44,45,1,<a_44><b_45><c_1>
4eb903c361af0dda91da37a6,35.65747560504385,139.70298159639594,68,13,14,7,47,<a_14><b_7><c_47>
4c29d6dfed0ac9b67b4e62aa,35.629038239124746,139.73976373672485,360,71,20,52,14,<a_20><b_52><c_14>
4b22115af964a5209a4324e3,35.70734443657273,139.75144743919373,297,194,51,51,42,<a_51><b_51><c_42>
4c590f7904f9be9a3485ee60,35.66733367435081,139.63145077228546,47,9,24,17,4,<a_24><b_17><c_4>
4c55193cf5f3d13a1c3d31fb,35.76500946099483,139.73596036434174,33,8,1,11,57,<a_1><b_11><c_57>
4b72915df964a520bf7e2de3,35.81676917353379,139.73627150058746,297,51,51,51,52,<a_51><b_51><c_52>
4b580648f964a520f14828e3,35.69442362943279,139.74307894706726,342,63,53,4,34,<a_53><b_4><c_34>
4b616595f964a52025122ae3,35.65524110053235,139.69375848770142,68,7,30,23,16,<a_30><b_23><c_16>
4b409ee1f964a5205cb925e3,35.644802728051665,139.53704103827477,78,40,53,48,56,<a_53><b_48><c_56>
4c4414abdcd61b8d25d67a56,35.71101,139.774186,67,18,9,48,44,<a_9><b_48><c_44>
4b753adaf964a520f1012ee3,35.70483536745964,139.56023275852203,47,10,19,6,12,<a_19><b_6><c_12>
4b7bb3d8f964a520566b2fe3,35.69833581429355,139.77303385734558,78,286,53,14,49,<a_53><b_14><c_49>
4c0ed2eb2466a5932ab77921,35.653628292401805,139.56759983777758,87,64,20,11,52,<a_20><b_11><c_52>
4d09990e82aaa09349c4d1c2,35.7114989762912,139.7766900874242,289,19,9,13,52,<a_9><b_13><c_52>
4e9e3d4d2c5b47f3f5020240,35.71369440372563,139.77919184788516,289,16,51,47,61,<a_51><b_47><c_61>
4e2c1aa3b61cd010837bc2a0,35.71616911127426,139.78091955184937,289,9,28,39,37,<a_28><b_39><c_37>
4ec63fd1be7ba4fc6ceb4243,35.73002048568011,139.7917865216732,289,37,31,42,63,<a_31><b_42><c_63>
4da056052305a35d8809caaf,35.58478823124402,139.5942197699314,6,12,63,34,4,<a_63><b_34><c_4>
4e221b1daeb7026395378aee,35.73438004036546,139.794239336454,289,13,20,61,51,<a_20><b_61><c_51>
4ec680be77c8be49216d9587,35.736698160779774,139.79658365249634,289,23,20,51,50,<a_20><b_51><c_50>
4b873b5ff964a520afb731e3,35.647678,139.710587,237,8,10,1,29,<a_10><b_1><c_29>
4b7f9029f964a520963430e3,35.60749357553002,139.6688192064755,78,29,53,63,60,<a_53><b_63><c_60>
4bdb6d8b2a3a0f47de0cafb6,35.74571115431782,139.8190712928772,248,39,9,48,52,<a_9><b_48><c_52>
4b5ccb27f964a520564429e3,35.7634337314575,139.67648774385452,78,192,31,11,42,<a_31><b_11><c_42>
4b07d113f964a520360023e3,35.6114994740578,139.62661743164062,78,302,53,37,34,<a_53><b_37><c_34>
4e313773cc3fa4395baa8149,35.65786941343592,139.69879567623138,42,9,16,60,3,<a_16><b_60><c_3>
4b5edd2df964a5206e9b29e3,35.70883961786861,139.66486735483534,39,10,63,34,0,<a_63><b_34><c_0>
4b644135f964a520a1a62ae3,35.70872817550598,139.66496203671247,302,16,63,31,9,<a_63><b_31><c_9>
4bfbcbdd565f76b0e5f605db,35.62150013759644,139.7045262157917,236,8,48,10,35,<a_48><b_10><c_35>
4bb47214643cd13aa0ab395c,35.67650703093621,139.48282957077026,139,11,20,53,26,<a_20><b_53><c_26>
4de959c9d22d09215a348003,35.65551352504206,139.7568118572235,320,33,53,31,55,<a_53><b_31><c_55>
4ce0a254f8a4a1438510e6bc,35.71166954105827,139.77564405451045,78,124,53,63,1,<a_53><b_63><c_1>
4b4ea120f964a520f8f226e3,35.63022857282679,139.79136675596237,295,206,49,52,27,<a_49><b_52><c_27>
4b58f7d5f964a520ff7528e3,35.68036780541906,139.76159691810608,297,17,51,41,60,<a_51><b_41><c_60>
4f502b8de4b0a637ab34f0e3,35.702364715464775,139.77052687875178,236,67,63,47,2,<a_63><b_47><c_2>
4f682c55e4b0658d11ca1308,35.67977121402511,139.4798116467335,296,7,51,47,3,<a_51><b_47><c_3>
4bf60e1b9abec9b6db4725e8,35.701263,139.772092,236,25,51,61,3,<a_51><b_61><c_3>
4d4967f15241236a10567504,35.70224998534236,139.674773812294,320,13,52,34,3,<a_52><b_34><c_3>
4b493c33f964a520fc6a26e3,35.69129548609415,139.73547220230105,78,295,53,54,42,<a_53><b_54><c_42>
4c8cc6c9ed3ab60cc6836a21,35.55126861049837,139.78757752237323,267,28,31,46,41,<a_31><b_46><c_41>
4c9464c0f244b1f7b7f4211d,35.62042632272058,139.70448464155197,249,5,61,34,5,<a_61><b_34><c_5>
4dcf5f29d22deadedd6b36c6,35.75723902622814,139.70831735697806,248,35,31,10,38,<a_31><b_10><c_38>
4b698672f964a520e5a52be3,35.643716215726734,139.66965147124245,47,21,31,59,19,<a_31><b_59><c_19>
4dc230dbd4c07da169f3b7c0,35.64554199991932,139.6694272071268,39,13,51,33,4,<a_51><b_33><c_4>
4b93710ef964a520024434e3,35.679953848698204,139.72021579742432,237,44,63,11,4,<a_63><b_11><c_4>
4b95c372f964a52062b234e3,35.678439,139.762883021486,298,13,11,42,27,<a_11><b_42><c_27>
4f1a62bbe4b03543a0354a45,35.75245834278534,139.8703737350733,38,19,9,47,34,<a_9><b_47><c_34>
4c6925815be8d13abd07627a,35.85853526110577,139.6587771177292,166,15,51,57,37,<a_51><b_57><c_37>
4b544d5bf964a520eab627e3,35.575734123306084,139.65965688228607,78,192,53,52,39,<a_53><b_52><c_39>
4b6d99b8f964a5203e7f2ce3,35.54505978034289,139.76903200149536,267,129,63,22,42,<a_63><b_22><c_42>
4eca29c74690116a8f32970e,35.69813323927706,139.6388080716133,87,20,51,51,42,<a_51><b_51><c_42>
4b73da49f964a520b2bd2de3,35.644341178504675,139.75561827421188,59,14,19,40,46,<a_19><b_40><c_46>
4c8974c9e51e6dcb3e8860de,35.69716174333635,139.63695466518402,102,15,44,11,59,<a_44><b_11><c_59>
4b5e94a8f964a520169329e3,35.6950640559046,139.637493789196,88,13,51,5,34,<a_51><b_5><c_34>
4b5c1700f964a520cb2329e3,35.699281157566105,139.6379792690277,298,17,31,46,41,<a_31><b_46><c_41>
4b5abe4af964a520eed228e3,35.64323998793563,139.667623579453,16,5,49,34,45,<a_49><b_34><c_45>
4b583b37f964a520d24e28e3,35.72176134100471,139.72567677497864,102,14,24,40,1,<a_24><b_40><c_1>
4b6c4472f964a520b72c2ce3,35.57739209727102,139.66004580259323,33,32,51,1,63,<a_51><b_1><c_63>
4b64f0e3f964a5203cdb2ae3,35.57741391248918,139.66046154499054,150,34,9,1,16,<a_9><b_1><c_16>
4b7bde5ff964a5206a712fe3,35.56020858640292,139.65349316596985,289,23,9,1,50,<a_9><b_1><c_50>
4bcbd2913740b713bc426365,35.751887913819786,139.54503248623482,150,17,61,26,57,<a_61><b_26><c_57>
4de236491f6e3190cd0a1a11,35.56497391094437,139.65574622154236,316,43,31,41,6,<a_31><b_41><c_6>
4b7f6fe5f964a5209a2e30e3,35.56364296511802,139.65518295764923,302,7,52,31,36,<a_52><b_31><c_36>
4d1e63885acaa35d74d6b635,35.841710138897675,139.78805422782898,33,6,61,13,59,<a_61><b_13><c_59>
4b854994f964a520ba5431e3,35.72832866103416,139.76450443267822,298,20,31,50,6,<a_31><b_50><c_6>
4b59871cf964a5203e8b28e3,35.69543436818453,139.7674548625946,297,68,31,10,43,<a_31><b_10><c_43>
4c517de0d797e21e1f5b207c,35.71210099665022,139.77635711431503,78,6,9,12,38,<a_9><b_12><c_38>
4b692769f964a5207a9a2be3,35.729783153372985,139.7106832265854,29,15,51,11,21,<a_51><b_11><c_21>
4c4beaa9bad7a593e6c284ac,35.69834017073988,139.77311432361603,360,205,31,46,16,<a_31><b_46><c_16>
4b628b3cf964a520e64a2ae3,35.605553,139.74239169999998,150,10,31,20,53,<a_31><b_20><c_53>
4b5e8743f964a520c39129e3,35.70072311120234,139.77241694927216,249,44,61,59,26,<a_61><b_59><c_26>
4bd38a44b221c9b66e0fdad0,35.65926051074411,139.70248793819076,360,20,61,45,42,<a_61><b_45><c_42>
4d05f31954d0236a46c1f6d5,35.545112157982715,139.76720809936523,299,5,48,50,57,<a_48><b_50><c_57>
4b679fc4f964a52058582be3,35.80072052447541,139.61927890777588,321,8,44,16,12,<a_44><b_16><c_12>
4b5d29e9f964a5202e5529e3,35.70077756513382,139.77066278457642,236,28,31,40,42,<a_31><b_40><c_42>
4bbda3f08a4fb713f82e3d9d,35.56851,139.741378,320,6,44,34,33,<a_44><b_34><c_33>
4f50e8b5e4b0daf96d119e97,35.607289031241194,139.73542745496138,33,10,61,50,12,<a_61><b_50><c_12>
4bd57d7ecfa7b71328d025da,35.73062905474061,139.7087198495865,299,11,44,15,44,<a_44><b_15><c_44>
4b666c0af964a520fd202be3,35.69935483317103,139.74468314299295,224,19,44,29,51,<a_44><b_29><c_51>
4e9a1d9d02d5df1b502155eb,35.65274842787962,139.5615505181808,38,20,61,30,57,<a_61><b_30><c_57>
4b63b737f964a520d18d2ae3,35.56259782986844,139.71565067768097,249,8,1,54,19,<a_1><b_54><c_19>
4c4ec3ac9932e21ee6b342ce,35.6978348213798,139.7714540362358,224,14,35,42,8,<a_35><b_42><c_8>
4cc9878ebcb1b1f7e6b40f8a,35.72203136085567,139.70508813858032,291,9,63,62,45,<a_63><b_62><c_45>
4ea7d5fedab48494d894dafb,35.690232,139.70743,42,18,51,10,43,<a_51><b_10><c_43>
4ba6fcaaf964a520707b39e3,35.69374398755221,139.70152616500854,50,26,51,45,61,<a_51><b_45><c_61>
4be20cce1dd22d7fef3493bd,35.67987977200586,139.76836681365967,299,52,63,51,36,<a_63><b_51><c_36>
4b388818f964a520724e25e3,35.709855604621616,139.77376073598862,236,9,51,25,3,<a_51><b_25><c_3>
4b88e98df964a520221332e3,35.77206939074145,139.73317086696625,236,15,11,12,54,<a_11><b_12><c_54>
4b73ac1af964a520fcb72de3,35.59997911820752,139.6123393625021,251,40,31,50,15,<a_31><b_50><c_15>
4b87ca36f964a52026cc31e3,35.708339,139.665612,33,9,35,6,34,<a_35><b_6><c_34>
4b5fa06bf964a52051c529e3,35.751318724208495,139.71013069152832,297,8,21,30,50,<a_21><b_30><c_50>
4c8821c097828cfa31b099aa,35.768012,139.870738,33,60,31,29,16,<a_31><b_29><c_16>
4b8fa791f964a5209f5b33e3,35.69952494,139.764854,236,5,10,33,57,<a_10><b_33><c_57>
4b5f9f74f964a5202ac529e3,35.751270835144474,139.7092455625534,77,17,61,50,43,<a_61><b_50><c_43>
4b64f885f964a520fedc2ae3,35.67966957453742,139.7708264086029,33,14,10,22,52,<a_10><b_22><c_52>
4b5eac79f964a520899529e3,35.54990456724946,139.71519470214844,78,55,44,11,43,<a_44><b_11><c_43>
4bd0f9f941b9ef3bd94bfbe5,35.55717119873384,139.7053375840187,320,12,44,54,57,<a_44><b_54><c_57>
4b610f14f964a52037082ae3,35.6976736316861,139.66931819915771,31,8,34,6,58,<a_34><b_6><c_58>
4f799606e4b0795c39ea9940,35.62869025314029,139.54753898839652,50,8,20,38,0,<a_20><b_38><c_0>
4b948fd8f964a5207c7d34e3,35.66719421376396,139.75854456424713,297,86,35,59,5,<a_35><b_59><c_5>
4b73cf0ef964a52093bc2de3,35.73810895755636,139.70346808433533,150,3,30,42,23,<a_30><b_42><c_23>
4b502923f964a520b71d27e3,35.65060102359122,139.6843063831329,78,65,61,56,54,<a_61><b_56><c_54>
4b575064f964a520ce3028e3,35.69213199326626,139.78275418281555,297,98,63,42,33,<a_63><b_42><c_33>
4ea80c522c5b8e25be4ce684,35.69103843264887,139.70660895109177,42,8,13,11,12,<a_13><b_11><c_12>
4d8f0e5e1716a1436d7f41f7,35.763756,139.676415,320,21,44,34,37,<a_44><b_34><c_37>
4b5a7c70f964a520ddc728e3,35.66713335106043,139.74038692700458,90,31,44,27,45,<a_44><b_27><c_45>
4b557613f964a520e8e427e3,35.64367418838043,139.66929137706757,72,25,31,42,22,<a_31><b_42><c_22>
4b56c59df964a520db1a28e3,35.71133439077058,139.78272199630737,297,17,51,25,12,<a_51><b_25><c_12>
4b5ef876f964a5207ba029e3,35.71176125177244,139.68491792678833,320,31,61,26,41,<a_61><b_26><c_41>
4b05879ff964a5203b9d22e3,35.52780821687605,139.697288274765,265,13,12,24,9,<a_12><b_24><c_9>
4b9b000af964a520a1ea35e3,35.52140778162006,139.63021963834765,109,3,30,17,59,<a_30><b_17><c_59>
4c7b99e981bca093f6850315,35.626622635669804,139.70331519842148,84,18,31,41,51,<a_31><b_41><c_51>
4c10e6edb93cc9b69d6957e0,35.70345831261179,139.48054685202794,320,36,61,43,16,<a_61><b_43><c_16>
4b0587a0f964a520569d22e3,35.6470526757983,139.70242202281952,59,5,55,9,1,<a_55><b_9><c_1>
4b656c70f964a52027f02ae3,35.576415314789216,139.71413388848305,111,10,51,6,17,<a_51><b_6><c_17>
4e71143fd22d2dfc31f2c559,35.67968102369372,139.62480813301005,6,11,45,54,0,<a_45><b_54><c_0>
4b99bf50f964a520c58f35e3,35.689590857736896,139.70153018832207,67,6,61,49,12,<a_61><b_49><c_12>
4e928c78dab4ec3b1e997d1b,35.69799497527984,139.77125074514393,236,9,49,23,21,<a_49><b_23><c_21>
4db2d6256e8179a9135af20d,35.67180500028323,139.70937430858612,42,6,10,18,22,<a_10><b_18><c_22>
4b9219e6f964a5203fe733e3,35.732615552288706,139.7140525892836,236,8,8,46,2,<a_8><b_46><c_2>
4c11cf82d917c9285172b662,35.6358355473991,139.7313603758812,289,17,51,45,3,<a_51><b_45><c_3>
4eeff5a5a17c45b9f7e8c8be,35.700859899381,139.73983436833805,52,7,48,58,44,<a_48><b_58><c_44>
4ddbb915814d62912d6606ef,35.64633786678314,139.5296287536621,68,11,30,24,40,<a_30><b_24><c_40>
4cefc6aa62ef6dcbc451005a,35.70091805610527,139.74176868796349,236,6,10,13,55,<a_10><b_13><c_55>
4b0587a0f964a5204b9d22e3,35.662015,139.73477,59,8,30,29,31,<a_30><b_29><c_31>
4b52dcecf964a5207a8927e3,35.74079328278028,139.70814780204503,298,21,44,11,56,<a_44><b_11><c_56>
4b5b278df964a5200fe728e3,35.7007492490941,139.7719180583954,302,238,63,18,11,<a_63><b_18><c_11>
4b91ff2ff964a520bae233e3,35.72603799948816,139.59202498197556,47,21,61,18,11,<a_61><b_18><c_11>
4bc9bc37cc8cd13aac06bccf,35.69439313280583,139.70208406448364,236,9,45,50,38,<a_45><b_50><c_38>
4c6d1a4d23c1a1cda73a1bcf,35.76877672097084,139.87045839428902,302,16,9,1,59,<a_9><b_1><c_59>
4c6534f7e0c4be9a1f728758,35.578338872272205,139.73563849925995,149,12,61,18,31,<a_61><b_18><c_31>
4b5521e7f964a5204cdc27e3,35.659728358644244,139.7234344482422,289,21,61,60,47,<a_61><b_60><c_47>
4b5e73c4f964a5204b8f29e3,35.628007367637,139.73794705440926,245,17,61,54,9,<a_61><b_54><c_9>
4b512b96f964a520c44527e3,35.628604437424066,139.7379570332338,47,13,49,30,18,<a_49><b_30><c_18>
4b53f0dbf964a52021af27e3,35.67736983873206,139.7517478466034,297,28,44,9,8,<a_44><b_9><c_8>
4b563b1df964a520730628e3,35.6286812445642,139.73937816917896,298,35,31,42,19,<a_31><b_42><c_19>
4b7bd9dcf964a52099702fe3,35.69405549079976,139.7494813799858,322,25,31,30,57,<a_31><b_30><c_57>
4b7b39c3f964a5201d592fe3,35.6907552372162,139.74750995635986,139,26,13,45,44,<a_13><b_45><c_44>
4b5923b2f964a520917e28e3,35.66251233691509,139.73413445055485,236,16,18,11,51,<a_18><b_11><c_51>
4d57b6598147f04d24c39954,35.572099549783005,139.65989291667938,38,10,61,18,11,<a_61><b_18><c_11>
4b5a7f5df964a5204bc828e3,35.634140634470995,139.71671417355537,150,10,19,8,19,<a_19><b_8><c_19>
4ed430d20e01fd2f5ae65725,35.56037005350223,139.66864228248596,289,25,49,17,46,<a_49><b_17><c_46>
4edb2cfcb6344371f7d71e24,35.670074061003966,139.70214387581677,356,9,10,61,16,<a_10><b_61><c_16>
4bb5308af562ef3b1ba42e97,35.554653047267145,139.66946840286255,80,31,61,43,14,<a_61><b_43><c_14>
4b598514f964a520f88a28e3,35.68919328741783,139.70249980688095,150,17,61,43,51,<a_61><b_43><c_51>
4ee460d9e30005f8b7d22cf9,35.548494808103044,139.6720916032791,80,32,61,1,39,<a_61><b_1><c_39>
4ce4aa7d302d54817643ca5f,35.54233609593024,139.6736741065979,248,23,61,11,45,<a_61><b_11><c_45>
4b91f33af964a520c6e033e3,35.73781504362258,139.65356022119522,78,133,44,30,44,<a_44><b_30><c_44>
4f18e49ee4b0bb77e5e5eecf,35.553087009954695,139.64668626656706,78,15,9,20,21,<a_9><b_20><c_21>
4d2a5d9e55a8b60ca6e9dec0,35.559298,139.667637,139,32,43,13,20,<a_43><b_13><c_20>
4bf32bfde5eba593094a1e90,35.63785468131973,139.75280329585075,289,27,10,17,6,<a_10><b_17><c_6>
4e819f890cd677d9b2a1cb7e,35.61436472164699,139.57882583141327,85,44,31,53,13,<a_31><b_53><c_13>
4b0587a3f964a520e69d22e3,35.67178321080316,139.68871593475342,342,23,20,57,41,<a_20><b_57><c_41>
4c0d8ec42466a593e2ce7721,35.577082320531986,139.65879321098328,320,24,61,41,25,<a_61><b_41><c_25>
4b8cd8a7f964a520c6de32e3,35.57716521864997,139.65875566005707,149,27,9,1,55,<a_9><b_1><c_55>
4b529a32f964a5209a8327e3,35.69975164681503,139.7467803955078,342,11,21,27,42,<a_21><b_27><c_42>
4b545279f964a5207cb727e3,35.69309102487367,139.69950310885906,54,17,31,53,13,<a_31><b_53><c_13>
4ba6a1a4f964a5207f6439e3,35.70024827134381,139.74318623542786,248,3,9,2,17,<a_9><b_2><c_17>
4bb7282946d4a593f022c7c0,35.72228,139.705319,224,9,49,36,46,<a_49><b_36><c_46>
4b6e4892f964a5201fb62ce3,35.62520986625084,139.56893920898438,248,19,61,5,36,<a_61><b_5><c_36>
4c555d3130f92d7f191ffdbb,35.57702560071761,139.6595200896263,299,16,9,10,22,<a_9><b_10><c_22>
4c822368dc018cfad633cc6c,35.69524267733666,139.73921656608582,248,28,61,32,49,<a_61><b_32><c_49>
4cffada64f56b60c07eb9d37,35.70020035156795,139.50628280639648,152,44,53,3,10,<a_53><b_3><c_10>
4d90808f5091a1cd0554bc01,35.714549929416286,139.77808547705263,360,46,31,50,28,<a_31><b_50><c_28>
4f0ce04be4b0b30605f31eb3,35.636650836763486,139.74225282669067,78,8,17,42,47,<a_17><b_42><c_47>
4e4f1168cc3f9e658a793ae5,35.66163956200003,139.73522275686264,59,5,30,14,59,<a_30><b_14><c_59>
4e477ed81f6e29f10db4dc89,35.64711152560348,139.74837630987167,322,3,60,2,57,<a_60><b_2><c_57>
4b568987f964a520671428e3,35.68855499229535,139.5150375366211,87,13,61,50,51,<a_61><b_50><c_51>
4b5fde71f964a5203fcf29e3,35.634627857495246,139.7932469844818,295,66,51,54,11,<a_51><b_54><c_11>
4b55c776f964a520a2ef27e3,35.63364359852691,139.53526139259338,78,105,61,18,37,<a_61><b_18><c_37>
4b64da06f964a520f6d42ae3,35.5789886283173,139.70526114106178,102,33,44,30,56,<a_44><b_30><c_56>
4b74e3e5f964a52003f72de3,35.67713452844016,139.71837043762207,139,16,24,1,18,<a_24><b_1><c_18>
4bb2988a715eef3b347b85bb,35.55828404809358,139.55294251441956,289,10,24,24,46,<a_24><b_24><c_46>
4b72d3c9f964a520918a2de3,35.57734846681688,139.58379596471786,150,8,48,61,19,<a_48><b_61><c_19>
4b6a4f2df964a520b0d12be3,35.62986667837494,139.79426622390747,301,629,49,10,45,<a_49><b_10><c_45>
4b63efb0f964a520cd972ae3,35.65558762434795,139.7378647327423,289,7,48,33,23,<a_48><b_33><c_23>
4b45c7a5f964a5203e1026e3,35.65486406347791,139.79626715183258,297,254,53,54,48,<a_53><b_54><c_48>
4b493d7cf964a520226b26e3,35.65867358144536,139.81738686561584,78,28,31,41,21,<a_31><b_41><c_21>
4bb296ce715eef3b707885bb,35.564026977985954,139.5804512500763,289,28,31,29,41,<a_31><b_29><c_41>
4bc12050461576b0e1817b32,35.702456499009216,139.80822442952456,248,17,44,13,24,<a_44><b_13><c_24>
4b72b9f3f964a520ae852de3,35.72695253005829,139.7189712524414,88,30,31,39,18,<a_31><b_39><c_18>
4ccec1f6ee23a14391d92da8,35.68957996542578,139.7014577686787,78,91,44,51,9,<a_44><b_51><c_9>
4c1188c0416620a1b754d9e4,35.657335,139.700732,289,13,48,3,9,<a_48><b_3><c_9>
4e659009b61cd78089e5f715,35.77768109102817,139.72125982101429,78,40,44,51,38,<a_44><b_51><c_38>
4d829edcf9f3a1cd196e9064,35.71711630812804,139.85811870626273,78,26,44,58,59,<a_44><b_58><c_59>
4bc6a87842419521fa8a041d,35.740791144216594,139.87704992294312,47,11,10,47,14,<a_10><b_47><c_14>
4b9c7902f964a520146b36e3,35.58534553196226,139.67483818531036,138,13,18,1,13,<a_18><b_1><c_13>
4b54f4f1f964a5202cd527e3,35.66569935529766,139.72258687019348,132,23,20,36,13,<a_20><b_36><c_13>
4b835f06f964a520330431e3,35.668087628929534,139.76731538772583,301,10,61,36,3,<a_61><b_36><c_3>
4b601812f964a520aad529e3,35.665055972471954,139.71245806745912,297,34,44,54,51,<a_44><b_54><c_51>
4b588da8f964a520a95d28e3,35.747644243217515,139.82751488685608,78,65,9,5,15,<a_9><b_5><c_15>
4b5bf5f3f964a520141f29e3,35.67639373224993,139.80841755867004,139,29,61,49,49,<a_61><b_49><c_49>
4b600c00f964a52029d429e3,35.63847142893108,139.72861623895756,152,6,58,35,31,<a_58><b_35><c_31>
4b6e6194f964a52009bb2ce3,35.71628670892985,139.85816448926926,251,29,31,8,56,<a_31><b_8><c_56>
4c341fae09a99c74c60a0c2a,35.75214589440299,139.59533214569092,298,7,20,15,42,<a_20><b_15><c_42>
4b59f301f964a5201aa328e3,35.64299847375349,139.8603343963623,139,63,18,11,12,<a_18><b_11><c_12>
4b56bcbef964a520e21928e3,35.57130736409298,139.68561739384836,78,154,20,35,45,<a_20><b_35><c_45>
4b385a52f964a520b44d25e3,35.589812720947975,139.66880321502686,78,113,53,52,44,<a_53><b_52><c_44>
4cc1e5a7306e224be9c78c6c,35.71069845,139.7763035,320,25,51,2,46,<a_51><b_2><c_46>
4c11fc04d41e76b0934e320d,35.65788575839479,139.5424483716488,197,89,31,11,42,<a_31><b_11><c_42>
4bf4c3dd370e76b0739abd4a,35.58046798438652,139.6435984969139,149,11,44,19,35,<a_44><b_19><c_35>
4b66b063f964a52087272be3,35.61068909460226,139.7484756479787,47,39,20,48,42,<a_20><b_48><c_42>
4bf34240cad2c9284cac9a99,35.71300697591053,139.77583408355713,78,117,51,12,21,<a_51><b_12><c_21>
4ca5dfbcb7106dcbba2f58a5,35.75268458062163,139.5430780856941,251,17,44,56,60,<a_44><b_56><c_60>
4b707606f964a520d91b2de3,35.6718921581441,139.7996038198471,342,22,53,63,21,<a_53><b_63><c_21>
4b63ee18f964a52085972ae3,35.66017510924936,139.7009763121605,150,15,31,61,42,<a_31><b_61><c_42>
4b9b0250f964a52060eb35e3,35.74890097371724,139.62129992013735,169,9,30,46,40,<a_30><b_46><c_40>
4c9d710d0e9bb1f765bfdd5f,35.59841048564749,139.53885555267334,82,17,63,25,35,<a_63><b_25><c_35>
4b68eaebf964a52016932be3,35.58144526279752,139.64092433452606,33,3,30,53,55,<a_30><b_53><c_55>
4dce210a7d8b975f18c78ed5,35.65449296919775,139.8424123473592,341,27,31,50,41,<a_31><b_50><c_41>
4b67e499f964a5206a602be3,35.61470924222251,139.7163963317871,297,26,9,8,21,<a_9><b_8><c_21>
4b845317f964a520c02e31e3,35.733634297541506,139.73874536568033,297,61,44,30,48,<a_44><b_30><c_48>
4b6518ebf964a52005e42ae3,35.615672312773924,139.71503511525628,298,16,20,35,17,<a_20><b_35><c_17>
4b639cc1f964a520fe862ae3,35.768524,139.870745,88,15,20,34,24,<a_20><b_34><c_24>
4b7c7ee2f964a520de962fe3,35.666908488809966,139.74052663644966,140,12,61,26,27,<a_61><b_26><c_27>
4bd01f4477b29c74032d8a82,35.698494824429865,139.7725135087967,78,471,53,12,13,<a_53><b_12><c_13>
4b482fa5f964a520b64926e3,35.667442627764764,139.7888481616974,248,26,51,51,41,<a_51><b_51><c_41>
4b5be13df964a520601b29e3,35.696482124790435,139.8157238960266,47,14,51,5,23,<a_51><b_5><c_23>
4b5c1bebf964a520522429e3,35.532034145334585,139.6482253074646,298,17,31,34,50,<a_31><b_34><c_50>
4de1960d18385df2b00fac3b,35.594087,139.605313,299,23,7,13,45,<a_7><b_13><c_45>
4d5dea9ed439cbff4f6a41ba,35.7230267,139.752457,47,22,31,7,19,<a_31><b_7><c_19>
4c4e75179932e21ef4c6c5cd,35.763516436270145,139.865682721138,153,9,9,48,12,<a_9><b_48><c_12>
4ba3d70ff964a5204a6538e3,35.69247617856559,139.81975257396698,248,11,51,25,26,<a_51><b_25><c_26>
4bdef72517fdef3b0db34e36,35.631732815339795,139.79763507843018,301,55,9,10,59,<a_9><b_10><c_59>
4bf13c97f45ec928da93943c,35.599060405961566,139.60994482040405,299,15,61,50,26,<a_61><b_50><c_26>
4b545346f964a52092b727e3,35.69898927858116,139.81646418571472,139,18,9,20,1,<a_9><b_20><c_1>
4c32dd7da0ced13a9ac7156e,35.69775204833454,139.77241694927216,278,41,21,58,26,<a_21><b_58><c_26>
4b682bd6f964a520446a2be3,35.74711714033008,139.62303781636228,47,8,48,25,14,<a_48><b_25><c_14>
4b58e2d2f964a520ec7028e3,35.68255520422372,139.7745680809021,298,18,61,0,36,<a_61><b_0><c_36>
4b5ee5e8f964a520f89c29e3,35.59634728082161,139.71177220344543,297,49,44,30,22,<a_44><b_30><c_22>
4b0a1cb8f964a520d72123e3,35.71966060920786,139.65317281937612,78,151,31,8,19,<a_31><b_8><c_19>
4e3a13db814dc81109d698fb,35.63066240799236,139.79702353477478,301,8,21,38,4,<a_21><b_38><c_4>
4b56e98af964a520001f28e3,35.68516954643576,139.73094999790192,93,12,61,53,18,<a_61><b_53><c_18>
4b80d935f964a520e38e30e3,35.70067083539314,139.77285146713257,304,57,51,51,52,<a_51><b_51><c_52>
4bb62a65941ad13ab1fc1ee3,35.71334235985167,139.711155295372,87,57,9,61,12,<a_9><b_61><c_12>
4b2692a1f964a520ba7d24e3,35.669627,139.688855,78,99,51,51,37,<a_51><b_51><c_37>
4b5680f8f964a520331328e3,35.65906803487992,139.7005793452263,140,98,61,19,37,<a_61><b_19><c_37>
4b5db5f5f964a520fa6729e3,35.72205552208182,139.48005009067978,78,50,44,56,8,<a_44><b_56><c_8>
4cdcb6ef930af04d61389297,35.70033539813519,139.77259397506714,152,8,13,6,2,<a_13><b_6><c_2>
4c3ad4d9b22895212e13f70c,35.66968703500941,139.81705963611603,299,62,9,48,52,<a_9><b_48><c_52>
4ba42635f964a520998638e3,35.67282038345795,139.6943163871765,259,9,9,33,2,<a_9><b_33><c_2>
4bf4f378cad2c928407e9c99,35.645425055266216,139.74746761641725,78,163,31,46,41,<a_31><b_46><c_41>
4b682af7f964a520196a2be3,35.60327509291739,139.70823756636082,320,9,51,47,4,<a_51><b_47><c_4>
4bf340e83f86c9b6d6ffb11c,35.72770156632276,139.7709846496582,78,56,51,57,61,<a_51><b_57><c_61>
4b557654f964a520eee427e3,35.69708114784994,139.6560949087143,139,12,9,20,42,<a_9><b_20><c_42>
4b5c04b9f964a520652129e3,35.65563992969896,139.7567367553711,78,47,44,18,61,<a_44><b_18><c_61>
4b58dcdaf964a5206e6f28e3,35.592065501244115,139.68127450164678,78,24,44,56,61,<a_44><b_56><c_61>
4b5ab48cf964a52076d128e3,35.68394081626595,139.70113456249237,150,15,63,46,36,<a_63><b_46><c_36>
4c0b491b7e3fc928c028f582,35.67686937021186,139.82702248224098,299,57,31,50,6,<a_31><b_50><c_6>
4b5676d7f964a520931128e3,35.680184793238894,139.72877740859985,85,10,51,57,1,<a_51><b_57><c_1>
4e48563ba809fb2fa404ef32,35.70787586121539,139.7726583480835,299,8,40,30,43,<a_40><b_30><c_43>
4ecf0c95a17c6864e4f7534c,35.64807273295158,139.74480628967285,65,40,53,34,1,<a_53><b_34><c_1>
4b406a0df964a52018b825e3,35.69938571097244,139.63566720485687,297,14,20,42,22,<a_20><b_42><c_22>
4b5b90c8f964a5208b0729e3,35.68152687281247,139.71802711486816,184,10,9,5,52,<a_9><b_5><c_52>
4b55d4f8f964a520f6f127e3,35.70464525150632,139.61976688313996,298,15,31,13,30,<a_31><b_13><c_30>
4b55c4f3f964a5202bef27e3,35.636580666335995,139.58770735900072,47,8,18,25,6,<a_18><b_25><c_6>
4b599468f964a520648d28e3,35.68614118845433,139.7301560640335,298,3,10,30,46,<a_10><b_30><c_46>
4b572be4f964a520682928e3,35.610559633051565,139.5925386250019,78,27,9,1,55,<a_9><b_1><c_55>
4b650bfdf964a52047e12ae3,35.732134671627584,139.79153037071228,295,16,52,11,35,<a_52><b_11><c_35>
4e187c85b0fb8567c66cdd91,35.71650403676137,139.858803,67,21,20,44,55,<a_20><b_44><c_55>
4c07a0e3b4aa0f4735d96562,35.71148684139082,139.77437496185303,78,15,49,9,2,<a_49><b_9><c_2>
4c492c4d20ab1b8d6a2d6c16,35.60509963891517,139.70248295176523,78,14,51,55,61,<a_51><b_55><c_61>
4c37ce4293db0f47ba8c2092,35.701115178678904,139.77211117744446,65,5,7,7,22,<a_7><b_7><c_22>
4b599427f964a520568d28e3,35.67964446911511,139.71238374710083,157,12,9,10,23,<a_9><b_10><c_23>
4b70a602f964a52083272de3,35.72535862712498,139.72043305635452,295,17,31,20,60,<a_31><b_20><c_60>
4b55639ff964a52018e327e3,35.69932145420769,139.7700834274292,65,69,61,18,30,<a_61><b_18><c_30>
4b58fa9ef964a5209a7628e3,35.67058042227619,139.6089470386505,78,83,9,21,58,<a_9><b_21><c_58>
4b555a1af964a5203ae227e3,35.697584868303494,139.8260772228241,78,202,31,1,8,<a_31><b_1><c_8>
4b5be592f964a520301c29e3,35.6300585262402,139.6223258972168,139,29,61,5,45,<a_61><b_5><c_45>
4b5b9403f964a5207b0829e3,35.68812097,139.700305,249,8,53,56,6,<a_53><b_56><c_6>
4b64e70ef964a520acd82ae3,35.75044800945261,139.7388732433319,139,15,61,16,42,<a_61><b_16><c_42>
4b3d7bcaf964a520c69425e3,35.67804090501289,139.71492648124695,169,52,61,43,15,<a_61><b_43><c_15>
4de43598d164df8575259e11,35.63078231176859,139.7905969619751,90,15,9,7,15,<a_9><b_7><c_15>
4b71176af964a5207a392de3,35.60311683629587,139.50886845588684,284,31,31,59,17,<a_31><b_59><c_17>
4b5c3d00f964a520322829e3,35.730688931588325,139.71237301826477,85,44,20,20,27,<a_20><b_20><c_27>
4b9c643df964a5203c6536e3,35.71426574730637,139.7266262769699,93,6,48,31,46,<a_48><b_31><c_46>
4b591824f964a520417c28e3,35.615991369048665,139.7150284051895,78,26,44,56,39,<a_44><b_56><c_39>
4b526ce7f964a520a67c27e3,35.66203835921229,139.6989405155182,284,39,45,11,57,<a_45><b_11><c_57>
4bc84bd114d795213ec068e9,35.67617330858438,139.76386273022536,320,8,51,8,25,<a_51><b_8><c_25>
4b5a6424f964a52009c228e3,35.622340646591006,139.68418836593628,47,13,51,49,11,<a_51><b_49><c_11>
4cb26c6f6c269521af0db9d9,35.66155021371762,139.69875007867813,258,21,9,47,30,<a_9><b_47><c_30>
4b54fe62f964a52000d727e3,35.64294616012469,139.7341525554657,297,93,44,25,43,<a_44><b_25><c_43>
4cb1ea5a39458cfaea130fa0,35.740299126482874,139.70968544483185,104,108,20,8,3,<a_20><b_8><c_3>
4ba5b7e0f964a520181e39e3,35.71739516719313,139.77134808897972,162,17,18,26,45,<a_18><b_26><c_45>
4b80b193f964a520a08630e3,35.673264881898525,139.7203016281128,141,60,61,51,13,<a_61><b_51><c_13>
4b5ac7d3f964a52056d428e3,35.66582138560944,139.8038685321808,298,37,31,61,41,<a_31><b_61><c_41>
4b774ab0f964a5205f8f2ee3,35.714143791085945,139.803364276886,248,15,31,54,53,<a_31><b_54><c_53>
4b5c2a7df964a520412629e3,35.586270400140606,139.73294019699097,47,38,31,34,41,<a_31><b_34><c_41>
4b5bd815f964a520661929e3,35.5853280815166,139.6688461303711,248,49,61,51,44,<a_61><b_51><c_44>
4bea164ba9900f4743341640,35.72752472,139.713256,224,2,30,58,14,<a_30><b_58><c_14>
4b6954c7f964a520fd9e2be3,35.692494694821235,139.7011285275221,90,89,44,11,33,<a_44><b_11><c_33>
4c744eadd8948cfafcae64da,35.73020989701211,139.71113503211117,80,20,31,46,28,<a_31><b_46><c_28>
4b582fb5f964a520534d28e3,35.730227334361864,139.7089719772339,139,33,31,50,29,<a_31><b_50><c_29>
4d47a129564e224bea9ed3cd,35.64329558996963,139.66970707605742,236,8,61,22,7,<a_61><b_22><c_7>
4b6c1dd9f964a520ac242ce3,35.692956510630246,139.70187954604626,236,7,30,38,49,<a_30><b_38><c_49>
4d3baa05cc4c594190f81be6,35.70027876573162,139.7714138031006,140,37,35,39,5,<a_35><b_39><c_5>
4b63f589f964a520ca982ae3,35.72755,139.71303112,236,6,10,60,13,<a_10><b_60><c_13>
4b2350f5f964a5201f5524e3,35.72056,139.70635088,78,128,63,25,60,<a_63><b_25><c_60>
4b5d88c9f964a520766029e3,35.73087618253065,139.7098034620285,298,38,44,32,56,<a_44><b_32><c_56>
4b78eab3f964a5203de62ee3,35.67265478536679,139.74915146827698,71,4,48,6,46,<a_48><b_6><c_46>
4b544f48f964a52024b727e3,35.6414988028125,139.52085256576538,78,28,20,35,61,<a_20><b_35><c_61>
4dea0448d22da22d4ec7e460,35.7286073682101,139.71017360687256,295,12,9,7,0,<a_9><b_7><c_0>
4c87aa86b504a1438e55b81c,35.73002287383088,139.71113004495706,78,33,51,45,61,<a_51><b_45><c_61>
4e7ac933b61c3d36305a41ef,35.729612,139.709626,249,30,31,43,2,<a_31><b_43><c_2>
4b77d14cf964a52055ab2ee3,35.720315412683675,139.7152805328369,78,9,7,42,56,<a_7><b_42><c_56>
4b67a5ccf964a5206c592be3,35.69377230607953,139.6980781853199,29,8,61,50,19,<a_61><b_50><c_19>
4b5a859af964a5208ac928e3,35.66994851524441,139.7068691253662,253,18,61,18,38,<a_61><b_18><c_38>
4b5ede16f964a520999b29e3,35.65956273339461,139.729346036911,166,58,51,40,41,<a_51><b_40><c_41>
4c405db2da3dc928072ec7b9,35.72929977712927,139.7124695777893,302,24,53,31,38,<a_53><b_31><c_38>
4b78d3daf964a520d6e32ee3,35.69924630640018,139.7721540927887,249,32,31,53,12,<a_31><b_53><c_12>
4b5ef42bf964a520949f29e3,35.672070831461305,139.82704281806946,288,12,18,39,32,<a_18><b_39><c_32>
4bb6b81f1344b7134f019e04,35.60131109592677,139.61058855056763,157,13,11,25,50,<a_11><b_25><c_50>
4b86dd13f964a5207fa231e3,35.69971897404021,139.76447492837906,78,45,20,10,16,<a_20><b_10><c_16>
4b6abeaff964a52083de2be3,35.533151709034456,139.6963334083557,47,13,52,63,6,<a_52><b_63><c_6>
4cb7ab547148f04d6747caab,35.655568472241725,139.73660491781126,356,6,11,29,12,<a_11><b_29><c_12>
4cfb3740c51fa1cdc6c3e52b,35.69839680452033,139.77264761924744,78,27,31,50,41,<a_31><b_50><c_41>
4b556d98f964a5200de427e3,35.58580305947766,139.65271532535553,171,74,61,9,38,<a_61><b_9><c_38>
4b0587b4f964a52092a022e3,35.66941398124752,139.70619795522765,369,13,45,41,2,<a_45><b_41><c_2>
4bb334cda32876b0ef6101fe,35.70313647374436,139.77149426937103,294,47,44,30,61,<a_44><b_30><c_61>
4e9f55d99adfb559cc1964f3,35.699527,139.770389,149,113,21,54,7,<a_21><b_54><c_7>
4b6f8000f964a52020f32ce3,35.65712625910575,139.543479681015,203,10,51,43,12,<a_51><b_43><c_12>
4b57cc63f964a520ac4128e3,35.727292210167334,139.71135914325714,39,36,31,50,11,<a_31><b_50><c_11>
4b6a8b5ff964a52035d82be3,35.58062068492434,139.64216083288193,16,6,10,45,13,<a_10><b_45><c_13>
4b5699d0f964a520611628e3,35.53095149065529,139.69476699829102,369,26,44,18,2,<a_44><b_18><c_2>
4e7f05aeb6342b7532acb2b3,35.69304691294028,139.74799275398254,137,29,61,47,13,<a_61><b_47><c_13>
4b738559f964a52057b22de3,35.53094712508265,139.69472140073776,294,45,9,19,38,<a_9><b_19><c_38>
4b5ed4c0f964a5203a9a29e3,35.58116167877252,139.64158952236176,33,26,51,19,3,<a_51><b_19><c_3>
4b5bd0a2f964a520c31729e3,35.67620199564515,139.69936966896057,342,67,63,41,16,<a_63><b_41><c_16>
4b626acef964a520c5462ae3,35.655822832358695,139.70421326664248,320,15,30,11,59,<a_30><b_11><c_59>
4b5c201ef964a520e72429e3,35.68923903533626,139.6997880935669,298,19,14,28,47,<a_14><b_28><c_47>
4d9c07898dd36ea830736766,35.68038874392925,139.76830042086354,236,9,31,15,49,<a_31><b_15><c_49>
4b83cd2ef964a520231131e3,35.745206,139.714482,236,6,48,34,62,<a_48><b_34><c_62>
4c8f8e96daa9370475b355b1,35.62618454149501,139.71279577779688,33,18,31,17,2,<a_31><b_17><c_2>
4b5ab6ecf964a520d4d128e3,35.67211876813688,139.8866468667984,47,38,27,42,30,<a_27><b_42><c_30>
4b080ca6f964a520e80223e3,35.677054094802386,139.6761605356562,78,60,31,11,61,<a_31><b_11><c_61>
4cba78bc4352a1cd8b7093f5,35.69951204615552,139.69713270664215,265,9,51,26,12,<a_51><b_26><c_12>
4b5e950bf964a520219329e3,35.65210052368357,139.63863372802734,157,28,24,11,57,<a_24><b_11><c_57>
4bdcfcad3fae2d7f050282e3,35.680847121044465,139.76888179779053,298,54,31,10,41,<a_31><b_10><c_41>
4b5d751cf964a520985d29e3,35.651141,139.703728,320,29,18,31,47,<a_18><b_31><c_47>
4e2e0d9a8877341a51452e1e,35.620949852302736,139.63087143496367,248,11,61,7,9,<a_61><b_7><c_9>
4b9c6a73f964a520056736e3,35.61160218760743,139.62633946248215,78,81,53,52,10,<a_53><b_52><c_10>
4b6a790ff964a52031d62be3,35.72840704752596,139.7206449508667,90,12,51,49,27,<a_51><b_49><c_27>
4b554345f964a52036e027e3,35.69938571097244,139.77157473564148,149,21,9,42,33,<a_9><b_42><c_33>
4b728597f964a520127d2de3,35.57035419776967,139.68004703521729,47,12,18,7,57,<a_18><b_7><c_57>
4b8dd137f964a520eb0e33e3,35.701635754182334,139.77131724357605,236,32,44,40,28,<a_44><b_40><c_28>
4b2195e0f964a5206b3e24e3,35.66558604126973,139.73904490470886,297,60,61,5,37,<a_61><b_5><c_37>
4b9c7fb6f964a520b06c36e3,35.70354159784059,139.75139379501343,279,23,24,1,11,<a_24><b_1><c_11>
4bd56dd66f649521fc006fec,35.60176471569719,139.6904754638672,137,9,61,30,14,<a_61><b_30><c_14>
4b70c47df964a520d52d2de3,35.61010388250942,139.62494373321533,248,18,9,10,58,<a_9><b_10><c_58>
4bc187792a89ef3b3d83f288,35.529895,139.697101,294,12,51,2,2,<a_51><b_2><c_2>
4b738418f964a5202cb22de3,35.70022494021544,139.77440091470112,29,5,13,14,18,<a_13><b_14><c_18>
4b5c3346f964a5202a2729e3,35.65824113190005,139.70311124468827,33,5,30,11,59,<a_30><b_11><c_59>
4bdb9ba52a3a0f477413b0b6,35.75915472832448,139.74188804626465,262,11,48,57,14,<a_48><b_57><c_14>
4b4ebcb5f964a520c8f426e3,35.647971381701815,139.64496441185474,295,5,55,10,18,<a_55><b_10><c_18>
4bede385946c0f47d41da363,35.698409873848554,139.77390825748444,78,85,51,57,42,<a_51><b_57><c_42>
4be3bf10660ec92809e8cc3b,35.755776634508905,139.74158763885498,289,10,53,29,14,<a_53><b_29><c_14>
4db5a433432d4bbfa19f7d4b,35.66559706142247,139.69844907122473,139,15,24,6,12,<a_24><b_6><c_12>
4b80abf8f964a520328530e3,35.7011739886341,139.7709819674492,65,17,19,3,44,<a_19><b_3><c_44>
4b598dd2f964a520488c28e3,35.680362358634056,139.76470962166786,299,5,21,18,12,<a_21><b_18><c_12>
4b67765af964a52076502be3,35.666366897548244,139.76424209239076,320,4,30,4,18,<a_30><b_4><c_18>
4b56a0f8f964a5201f1728e3,35.69226269671942,139.70522224903107,165,9,43,28,14,<a_43><b_28><c_14>
4b05879ff964a520289d22e3,35.709988662063665,139.66780754713488,59,10,4,35,46,<a_4><b_35><c_46>
4b62df96f964a520b7562ae3,35.660132,139.69929698448018,298,20,63,4,16,<a_63><b_4><c_16>
4b612a90f964a520b70b2ae3,35.66867814907482,139.76779282093048,290,8,48,54,42,<a_48><b_54><c_42>
4da23c6563b5a35d1ce5f919,35.58974292303684,139.66878175735474,78,35,31,54,41,<a_31><b_54><c_41>
4b54eacdf964a52009d327e3,35.76993232648272,139.64404106140137,297,72,44,54,43,<a_44><b_54><c_43>
4f77c284e4b06ff83689434d,35.585255033567705,139.72646752934247,262,24,31,46,41,<a_31><b_46><c_41>
4b6d034cf964a52003632ce3,35.65473983700653,139.76114362478256,301,33,51,6,22,<a_51><b_6><c_22>
4bebd0fea9900f4700311840,35.69728372553919,139.77377146482468,224,14,27,26,3,<a_27><b_26><c_3>
4b66d68af964a520d52c2be3,35.62701942752865,139.62595224380493,150,8,48,6,16,<a_48><b_6><c_16>
4b63b7e6f964a520f78d2ae3,35.637354091305525,139.7314112851626,207,6,49,50,17,<a_49><b_50><c_17>
4ed3764e99114b488b997606,35.70133590698242,139.77093505859375,65,16,51,4,60,<a_51><b_4><c_60>
4b5aa13df964a5209bce28e3,35.66418847081434,139.5112499304173,78,14,61,16,13,<a_61><b_16><c_13>
4b19f7c2f964a5209de623e3,35.72047220136041,139.77882742881775,78,68,31,1,33,<a_31><b_1><c_33>
4b5bf603f964a520171f29e3,35.599008063581344,139.6120128035545,284,19,61,51,51,<a_61><b_51><c_51>
4c24a688b012b713f3860893,35.75932885298472,139.80276346206665,248,23,31,47,19,<a_31><b_47><c_19>
4b911bdbf964a52039a433e3,35.7129459968605,139.70402598381042,78,402,63,41,38,<a_63><b_41><c_38>
4b5a6f90f964a520f8c428e3,35.66146118711868,139.66865474835856,99,4,30,23,59,<a_30><b_23><c_59>
4b57d0b0f964a5206d4228e3,35.6717657792148,139.73459780216217,68,52,24,25,30,<a_24><b_25><c_30>
4bfb5aa5d2b720a103f3326a,35.706447,139.617853,236,10,45,10,35,<a_45><b_10><c_35>
4b63a351f964a520e8882ae3,35.729729,139.71484884,165,40,53,37,30,<a_53><b_37><c_30>
4ed09a258231b9ef88d03eba,35.6705233337229,139.70554469610835,294,17,19,42,10,<a_19><b_42><c_10>
4c7c79eef56a37049e3c0846,35.72892943929135,139.71423712337503,21,18,31,46,22,<a_31><b_46><c_22>
4b550403f964a520ecd727e3,35.57907348779101,139.73499476909635,78,256,61,18,42,<a_61><b_18><c_42>
4dd3c8a7d22dc96be80e0584,35.620317305175675,139.7292709350586,47,26,4,15,14,<a_4><b_15><c_14>
4b56a5f1f964a5208f1728e3,35.64613316069925,139.74032909083803,288,7,20,61,12,<a_20><b_61><c_12>
4bf6d34013aed13a5345eaf7,35.693746165900805,139.70451414585114,236,4,13,2,29,<a_13><b_2><c_29>
4d9eaabd36818cfa895af900,35.695065498441,139.7478319030744,342,58,31,8,41,<a_31><b_8><c_41>
4b5fce99f964a52075cd29e3,35.69931927601138,139.77021753787994,65,11,16,52,41,<a_16><b_52><c_41>
4b56a931f964a520e31728e3,35.707738649454306,139.76821660995483,342,34,52,3,46,<a_52><b_3><c_46>
4b5d76ecf964a520e25d29e3,35.560610071562245,139.55029249191284,149,10,18,56,2,<a_18><b_56><c_2>
4bbfdc3ab492d13aaa7fa360,35.64738833706854,139.77171421051025,139,9,18,24,57,<a_18><b_24><c_57>
4c2845229fb5d13a375f9957,35.69493771367451,139.78452444076538,289,23,31,42,14,<a_31><b_42><c_14>
4b5bcd3af964a520011729e3,35.685718547416165,139.7844386100769,302,13,61,58,44,<a_61><b_58><c_44>
4ba72b61f964a520198439e3,35.69433649618201,139.78870332241058,248,34,9,46,5,<a_9><b_46><c_5>
4b5aa67af964a52072cf28e3,35.57854306006805,139.5577597618103,284,7,8,27,37,<a_8><b_27><c_37>
4b531603f964a5208d8e27e3,35.683313312334235,139.615409381287,78,33,31,41,38,<a_31><b_41><c_38>
4ef2eba80e617e29c7a26ca8,35.669917777663755,139.70319601487915,360,40,53,57,58,<a_53><b_57><c_58>
4f76c576e4b0948935d24a74,35.70953980726445,139.81181859970093,248,9,13,47,12,<a_13><b_47><c_12>
4bd9173e0115c9b6ff777680,35.688504887001265,139.7072446346283,139,11,61,16,41,<a_61><b_16><c_41>
4d16d2da1356a093f114d882,35.670396,139.707919,32,7,13,63,53,<a_13><b_63><c_53>
4b5bcdc7f964a5201c1729e3,35.742759184745275,139.7808873653412,295,20,61,51,4,<a_61><b_51><c_4>
4b575400f964a520a43128e3,35.68241925608553,139.639652967453,342,13,51,8,42,<a_51><b_8><c_42>
4b5be43ef964a520f21b29e3,35.69694173924875,139.77328062057495,248,23,31,59,13,<a_31><b_59><c_13>
4d858d80f1e56ea8053c8d8a,35.69548664742672,139.77280721068382,245,63,31,61,15,<a_31><b_61><c_15>
4b0587a3f964a520d69d22e3,35.68365541701122,139.7850662469864,342,14,9,26,8,<a_9><b_26><c_8>
4b0587a8f964a520ca9e22e3,35.660473668016515,139.72926020622253,178,13,21,11,59,<a_21><b_11><c_59>
4f167033e4b0725ff0782e90,35.70058592153254,139.7718348368695,294,20,51,40,29,<a_51><b_40><c_29>
4b7156b6f964a520cd412de3,35.729898846440975,139.71362866179237,150,8,43,22,0,<a_43><b_22><c_0>
4b9af828f964a520e6e735e3,35.683067186319114,139.8474571108818,138,37,31,50,21,<a_31><b_50><c_21>
4b7077f2f964a520521c2de3,35.66879423651702,139.82254359366448,71,14,51,13,37,<a_51><b_13><c_37>
4b58d071f964a5208a6c28e3,35.65037435252347,139.6959149837494,262,7,44,62,21,<a_44><b_62><c_21>
4b976f13f964a520930335e3,35.70296222618815,139.74381923675537,320,12,21,31,9,<a_21><b_31><c_9>
4b91c68cf964a52088d633e3,35.585087888619974,139.65060700852948,139,28,22,15,4,<a_22><b_15><c_4>
4e4a100e1f6e2d88d8b54103,35.67549605235727,139.76484775543213,302,54,51,55,35,<a_51><b_55><c_35>
4b55d59ff964a52011f227e3,35.69272015711867,139.70314890146255,39,23,61,50,14,<a_61><b_50><c_14>
4b5c10caf964a520fb2229e3,35.76133125918705,139.70552802085876,297,92,44,30,44,<a_44><b_30><c_44>
4b63d260f964a5200e932ae3,35.779155109706814,139.7803871962857,102,2,30,53,57,<a_30><b_53><c_57>
4d65f2e72b0b5941f7f44629,35.644207891503186,139.7008224954421,341,5,16,41,17,<a_16><b_41><c_17>
4c3d9f64933b0f475396e521,35.67286673529824,139.7739615783379,320,16,51,43,36,<a_51><b_43><c_36>
4b568d9ef964a520f61428e3,35.672863961845884,139.73605692386627,298,33,51,56,18,<a_51><b_56><c_18>
4b569776f964a5201d1628e3,35.697973,139.78663036,63,45,61,26,33,<a_61><b_26><c_33>
4b5e2f6ef964a5206c8229e3,35.77325759103725,139.5205521583557,302,102,44,11,43,<a_44><b_11><c_43>
4f3502d5e4b0c484791901da,35.70023955865944,139.77022022008896,68,47,44,16,23,<a_44><b_16><c_23>
4c3e9e6b1ef0d13a7fa19280,35.7060267495325,139.76783573627472,129,15,30,55,22,<a_30><b_55><c_22>
4c6bbc8a599fbe9a5a42933f,35.58668047978237,139.6526724100113,169,10,61,2,2,<a_61><b_2><c_2>
4b639e01f964a52053872ae3,35.67045186228539,139.77201998233795,88,9,24,40,1,<a_24><b_40><c_1>
4b5c3522f964a520512729e3,35.671626326370976,139.4809627532959,166,26,53,48,44,<a_53><b_48><c_44>
4b557261f964a5208ce427e3,35.75338345299628,139.73835618759298,150,9,48,17,3,<a_48><b_17><c_3>
4bb3082542959c746c80212c,35.8157164745945,139.70127940177915,320,12,20,14,44,<a_20><b_14><c_44>
4c3a9f4e1a1cd13a362db50d,35.701115178678904,139.85919713974,248,8,49,6,29,<a_49><b_6><c_29>
4b612da0f964a520170c2ae3,35.69974729044582,139.76551830768585,248,44,51,1,61,<a_51><b_1><c_61>
4b566b11f964a520890f28e3,35.68579697581925,139.75666165351868,130,8,16,36,23,<a_16><b_36><c_23>
4b5436e8f964a520b5b427e3,35.55257562186638,139.73927557468414,78,41,44,49,56,<a_44><b_49><c_56>
4b58ddedf964a520b56f28e3,35.700784099603105,139.76643562316897,322,11,44,2,16,<a_44><b_2><c_16>
4b7a6c27f964a5206d2c2fe3,35.66605128149362,139.64134141802788,295,72,61,51,24,<a_61><b_51><c_24>
4f37491de4b0653d4a9ad10d,35.69548664742672,139.7593867778778,149,3,30,23,16,<a_30><b_23><c_16>
4cb57c541b0af04dd174c925,35.691334,139.752665,152,6,30,15,39,<a_30><b_15><c_39>
4b7b63a8f964a5206d612fe3,35.681643048605444,139.77024731892,249,9,61,10,62,<a_61><b_10><c_62>
4ba9e238f964a5200c3c3ae3,35.69807878353967,139.77310627698898,150,50,51,50,48,<a_51><b_50><c_48>
4c4174da520fa593bcaec9ac,35.69776613756137,139.77944353054806,139,9,20,50,52,<a_20><b_50><c_52>
4cd922177d454688ca0befed,35.70154138323032,139.7710560491782,294,8,21,7,29,<a_21><b_7><c_29>
4b91e099f964a52021dd33e3,35.66030005059014,139.72963028826445,141,11,63,14,46,<a_63><b_14><c_46>
4b849437f964a520a73c31e3,35.695541,139.761215,33,10,10,62,3,<a_10><b_62><c_3>
4f600987e5e8d4902ddab5ef,35.69945105678179,139.7703194618225,7,7,40,22,53,<a_40><b_22><c_53>
4f5ff981e5e8d4902dd8c34d,35.69945976955232,139.77043747901917,294,13,51,42,28,<a_51><b_42><c_28>
4c0cc41398102d7f001ae106,35.62536139132654,139.72389578819275,236,27,61,50,54,<a_61><b_50><c_54>
4c80e15cd34ca14371b41c80,35.637437779304584,139.72521007061005,297,18,61,32,36,<a_61><b_32><c_36>
4b52966cf964a520328327e3,35.702056132756816,139.76794302463531,342,46,51,11,36,<a_51><b_11><c_36>
4bdefb1c17fdef3badb34e36,35.63019805167121,139.794899225235,140,10,9,37,28,<a_9><b_37><c_28>
4b5e7f11f964a520e49029e3,35.71185707739743,139.77401554584503,85,10,61,50,57,<a_61><b_50><c_57>
4c5f95f3de6920a156489464,35.674949159900294,139.76439714431763,8,7,61,56,38,<a_61><b_56><c_38>
4b62526ef964a5202e422ae3,35.62089509647022,139.56972509622574,39,14,49,4,13,<a_49><b_4><c_13>
4bae191bf964a520da833be3,35.703900980396355,139.80154037475586,320,10,48,41,15,<a_48><b_41><c_15>
4bf77b4eb182c9b696e8755a,35.69842076495379,139.77677822113037,251,12,31,15,52,<a_31><b_15><c_52>
4b9199eaf964a520ebc833e3,35.69831838850593,139.7634905576706,8,7,48,62,20,<a_48><b_62><c_20>
4bf81aea4a67c92841c324cf,35.669066,139.679844,297,19,51,41,43,<a_51><b_41><c_43>
4b4f1e78f964a520b7fa26e3,35.74054023732303,139.61697354912758,78,33,31,13,41,<a_31><b_13><c_41>
4c64fc853f69c9b6621e8ad9,35.730277413435616,139.7177267074585,294,18,61,4,13,<a_61><b_4><c_13>
4b400eb7f964a52000b525e3,35.5774544366469,139.55874993418402,249,19,21,47,56,<a_21><b_47><c_56>
4f5ff4aae5e8d4902dd83804,35.699538184444286,139.7703516483307,294,14,51,30,63,<a_51><b_30><c_63>
4caebeb939458cfaab15f59f,35.70481794309246,139.57916378974917,298,8,20,8,31,<a_20><b_8><c_31>
4b581a23f964a520f34a28e3,35.706516800975685,139.77617740631104,297,36,44,13,53,<a_44><b_13><c_53>
4e88029df9f487d892570987,35.69957739186133,139.77050185203552,278,11,19,31,9,<a_19><b_31><c_9>
4b89f619f964a520e65832e3,35.66644896712357,139.69857573509216,169,5,1,56,31,<a_1><b_56><c_31>
4bc2980a461576b07aaf7d32,35.69896314011248,139.64746356010437,8,8,48,11,61,<a_48><b_11><c_61>
4bd8461709ecb7132069487c,35.6915656091609,139.69995975494385,360,29,44,47,23,<a_44><b_47><c_23>
4b63ee53f964a5208c972ae3,35.72991814981789,139.7159966826439,251,103,31,53,12,<a_31><b_53><c_12>
4b6ab28ef964a52087dc2be3,35.6896986915366,139.69736605882645,23,82,44,13,37,<a_44><b_13><c_37>
4b0587a0f964a5205c9d22e3,35.65900483528946,139.69533026218414,59,9,27,35,20,<a_27><b_35><c_20>
4f77e8d5e4b0ca8cfd711e20,35.69599053739068,139.75856189668357,39,11,30,37,49,<a_30><b_37><c_49>
4b6f7fa5f964a5200ff32ce3,35.657592638291206,139.5435869693756,186,43,9,12,58,<a_9><b_12><c_58>
4d995e369079b1f7a412410a,35.6959326097898,139.75766349722682,39,13,30,61,1,<a_30><b_61><c_1>
4ec09a4fbe7b04923ccd270d,35.657302786127154,139.54357087612152,142,52,61,0,30,<a_61><b_0><c_30>
4b78c162f964a520f6e02ee3,35.70185138906477,139.77138563990593,236,39,53,26,26,<a_53><b_26><c_26>
4b737f95f964a5206bb12de3,35.70112498,139.77055549621176,278,45,63,28,19,<a_63><b_28><c_19>
4b7a66d4f964a520dd2b2fe3,35.546556894395025,139.64504957199097,284,47,31,22,19,<a_31><b_22><c_19>
4b6d582ef964a520fd712ce3,35.6545763808288,139.79242086410522,165,51,51,11,19,<a_51><b_11><c_19>
4bc37aa4461576b0d8b27e32,35.58782273899095,139.72628295714242,320,8,61,10,19,<a_61><b_10><c_19>
4b7148c4f964a520613f2de3,35.69568705087092,139.75278049707413,248,19,8,25,53,<a_8><b_25><c_53>
4b74e731f964a52079f72de3,35.67611347143822,139.71349526063457,139,13,20,54,62,<a_20><b_54><c_62>
4b56a684f964a520961728e3,35.66029496874254,139.7634744644165,130,14,19,39,34,<a_19><b_39><c_34>
4b500535f964a5204d1b27e3,35.67317336771606,139.73639756441116,90,21,9,11,38,<a_9><b_11><c_38>
4b5419a4f964a52031b227e3,35.7118832116388,139.77038383483887,137,29,51,11,27,<a_51><b_11><c_27>
4ca8324ff47ea14313057321,35.698916308667975,139.77080091834068,294,31,61,23,52,<a_61><b_23><c_52>
4dfc34b4227185f38b94317a,35.69833581429357,139.77152109146118,236,16,40,7,34,<a_40><b_7><c_34>
4bb44e460cbcef3be1e3582a,35.69076830779676,139.81538996100426,320,13,61,49,39,<a_61><b_49><c_39>
4bff98d8ca1920a1f6faec81,35.701366,139.771255,294,21,19,61,22,<a_19><b_61><c_22>
4b77b740f964a520ffa72ee3,35.70091261072341,139.7712367773056,23,24,9,61,38,<a_9><b_61><c_38>
4e6c70a5d4c09a17a599b141,35.70220544,139.58035302996075,78,191,53,57,16,<a_53><b_57><c_16>
4eeae17de300f0e37e272a8d,35.66155146193036,139.70226354945905,163,7,18,7,2,<a_18><b_7><c_2>
4b5abe36f964a520ead228e3,35.727392371974226,139.71871376037598,54,46,44,15,46,<a_44><b_15><c_46>
4b6a0961f964a5204ac32be3,35.64561138694559,139.81054186820984,297,12,51,45,9,<a_51><b_45><c_9>
4b5c27b2f964a520f62529e3,35.79465086257439,139.51377153396606,78,65,53,28,10,<a_53><b_28><c_10>
4bb2bed24019a593e94937b8,35.71041214901122,139.72878720195567,139,12,53,34,59,<a_53><b_34><c_59>
4b5190a0f964a520ad4f27e3,35.70173812637094,139.52482223510742,78,148,53,63,28,<a_53><b_63><c_28>
4bfe3739f61dc9b6c41ea0de,35.701500709817566,139.77119654417038,31,76,21,1,16,<a_21><b_1><c_16>
4b76269cf964a5203c402ee3,35.68586668989059,139.7603952884674,322,22,53,31,22,<a_53><b_31><c_22>
4b55762ff964a520ede427e3,35.75447005439652,139.73456931880384,320,14,61,19,7,<a_61><b_19><c_7>
4cc29cf3b2beb1f7b41c114c,35.69865383424909,139.76969987154007,39,10,21,47,36,<a_21><b_47><c_36>
4b529168f964a520898227e3,35.715872938632,139.5893669128418,139,13,22,57,12,<a_22><b_57><c_12>
4b6d09f1f964a5203b642ce3,35.698314032058406,139.77481484413147,31,35,21,1,15,<a_21><b_1><c_15>
4b654d73f964a52080ec2ae3,35.70284119050148,139.58081001712915,47,19,51,42,42,<a_51><b_42><c_42>
4b8cc492f964a52091dc32e3,35.6988270021162,139.77188855409622,278,76,31,10,12,<a_31><b_10><c_12>
4b57d947f964a520b94328e3,35.69406638249968,139.75363612174988,77,5,16,56,22,<a_16><b_56><c_22>
4bab3456f964a5204d993ae3,35.65693905642321,139.7025178567526,265,15,35,62,61,<a_35><b_62><c_61>
4bc96aee511f95212fc2adc7,35.55690280334045,139.7067967057228,47,9,20,61,27,<a_20><b_61><c_27>
4bb0b4adf964a5205c563ce3,35.7128567060245,139.70624953508377,236,17,31,7,62,<a_31><b_7><c_62>
4b4ac1bcf964a520f68d26e3,35.61783384524961,139.676393866539,78,81,53,63,39,<a_53><b_63><c_39>
4c6a761f897b1b8d2dbeb117,35.7774139761985,139.72126185894012,78,26,20,54,3,<a_20><b_54><c_3>
4b6048aff964a520a2dd29e3,35.85976129661263,139.65505957603455,72,20,44,25,0,<a_44><b_25><c_0>
4b384139f964a520334d25e3,35.65560464532727,139.7359513232568,249,13,52,26,53,<a_52><b_26><c_53>
4b5ec9ebf964a520c09829e3,35.705282174940585,139.57756068428012,249,10,16,54,33,<a_16><b_54><c_33>
4b641bc7f964a520719f2ae3,35.7006705311992,139.77266355806034,33,7,53,14,19,<a_53><b_14><c_19>
4b7bb808f964a520d76b2fe3,35.860335179057806,139.655499458313,47,29,31,42,0,<a_31><b_42><c_0>
4b22109df964a520944324e3,35.70846826483773,139.7536039352417,297,86,20,39,16,<a_20><b_39><c_16>
4b62da14f964a5208c552ae3,35.69441946445042,139.70042359395867,284,20,63,19,36,<a_63><b_19><c_36>
4e90812a0039790510809875,35.709156492929225,139.73605424165726,248,6,35,2,6,<a_35><b_2><c_6>
4b618826f964a52012172ae3,35.66641845980295,139.75728392601013,90,15,44,18,55,<a_44><b_18><c_55>
4df2cd0918a88611c6ba563f,35.69803086246004,139.7715264558792,278,11,51,39,63,<a_51><b_39><c_63>
4b89c6cbf964a5209d4d32e3,35.600092,139.61316648,109,9,9,35,34,<a_9><b_35><c_34>
4d6728639792b1f7a8a23a1f,35.69815396404677,139.77151034075743,294,12,61,4,32,<a_61><b_4><c_32>
4b5e7358f964a5203f8f29e3,35.705138615027415,139.6199454921669,298,21,9,18,44,<a_9><b_18><c_44>
4b0587a6f964a520499e22e3,35.68261620651813,139.76433277130127,90,41,44,53,45,<a_44><b_53><c_45>
4b904c49f964a520758233e3,35.859382,139.654771,249,8,48,41,35,<a_48><b_41><c_35>
4c061fbc91d776b01860f8f9,35.70501832308501,139.61957931518555,302,11,44,18,43,<a_44><b_18><c_43>
4b5ec6c8f964a520559829e3,35.675809805700595,139.74489212036133,79,14,9,39,15,<a_9><b_39><c_15>
4b63dc21f964a520aa942ae3,35.65178667715628,139.78518962860107,248,13,9,36,9,<a_9><b_36><c_9>
4b3c5009f964a520c68325e3,35.685954,139.619166,47,11,19,5,37,<a_19><b_5><c_37>
4b7651bef964a52010482ee3,35.69732075581384,139.8126608133316,298,21,9,60,15,<a_9><b_60><c_15>
4bc91834511f9521972eadc7,35.70280104685957,139.77100610733032,294,20,13,28,2,<a_13><b_28><c_2>
4bb6a78746d4a59398a0c6c0,35.65495995746399,139.74836826324463,139,11,61,45,30,<a_61><b_45><c_30>
4b7fa445f964a520e43730e3,35.69990411958712,139.77001905441284,290,8,21,14,58,<a_21><b_14><c_58>
4b652d6df964a520b2e72ae3,35.707098324779736,139.752936065197,168,74,24,45,61,<a_24><b_45><c_61>
4b68dccdf964a520a0902be3,35.85851676408551,139.6561572717904,284,28,31,13,41,<a_31><b_13><c_41>
4b73cca1f964a5203fbc2de3,35.700941,139.770555,33,67,19,26,26,<a_19><b_26><c_26>
4bc02bb674a9a5936ec6cff6,35.697863138454494,139.771488904953,72,13,44,16,53,<a_44><b_16><c_53>
4ce5d153b7f160fceeda1f27,35.58377497662111,139.73995685577393,251,9,24,41,21,<a_24><b_41><c_21>
4b551f76f964a520f2db27e3,35.660709027425696,139.7062361240387,29,4,30,27,14,<a_30><b_27><c_14>
4b5beeb7f964a520d61d29e3,35.68076,139.773452,284,30,13,26,23,<a_13><b_26><c_23>
4b5282d3f964a520868027e3,35.65603003936137,139.69787031412125,149,6,15,30,38,<a_15><b_30><c_38>
4cc557b8306e224b6443a26c,35.70351981702754,139.77423012256622,298,29,21,49,44,<a_21><b_49><c_44>
4b68f4aff964a520cb942be3,35.78193269641314,139.74391469126294,227,8,1,25,0,<a_1><b_25><c_0>
4b6fcc15f964a520f0fc2ce3,35.68958541158154,139.6977925300598,65,84,61,45,43,<a_61><b_45><c_43>
4b7fa28ef964a520983730e3,35.63203802051134,139.88083720207214,168,19,61,5,13,<a_61><b_5><c_13>
4b8a20eff964a520256132e3,35.81440495904201,139.81250573033185,269,7,61,26,57,<a_61><b_26><c_57>
4b49d62af964a5205a7426e3,35.5998977675615,139.61359386999814,302,25,61,45,44,<a_61><b_45><c_44>
4b6750fdf964a52084472be3,35.668994108244235,139.70038890838623,139,19,61,18,35,<a_61><b_18><c_35>
4b6c0f00f964a520c6212ce3,35.65906803487992,139.70057398080826,142,36,45,59,3,<a_45><b_59><c_3>
4bb4425e9af3b71322228c28,35.65704780252656,139.73448246717453,304,8,48,50,33,<a_48><b_50><c_33>
4b848e91f964a520953b31e3,35.713355426729905,139.70502376556396,297,66,44,16,43,<a_44><b_16><c_43>
4b6008f6f964a520cfd329e3,35.6882543600588,139.70004558563232,290,10,14,59,21,<a_14><b_59><c_21>
4b23286ff964a520f65324e3,35.65686825257085,139.754547162523,297,93,61,51,57,<a_61><b_51><c_57>
4badbd74f964a52054663be3,35.701228442257666,139.7717598080635,294,44,51,57,12,<a_51><b_57><c_12>
4b6e7357f964a520f2bd2ce3,35.63366856812633,139.53097021192275,47,33,51,24,42,<a_51><b_24><c_42>
4b62e285f964a52045572ae3,35.77656530787532,139.63149905204773,297,35,53,50,23,<a_53><b_50><c_23>
4ba2b1c5f964a520f81038e3,35.690903370337175,139.70004558563232,360,108,44,7,45,<a_44><b_7><c_45>
4bceb738937ca593b6f5ae92,35.699881833333336,139.770556,65,26,63,10,18,<a_63><b_10><c_18>
4bb59ebd46d4a593d338c5c0,35.6461372288024,139.82741832733154,78,69,20,11,58,<a_20><b_11><c_58>
4b58f714f964a520dd7528e3,35.65678628003925,139.7482019662857,102,16,61,4,7,<a_61><b_4><c_7>
4b556e1ef964a52016e427e3,35.68947920362562,139.69737208660297,335,24,53,6,48,<a_53><b_6><c_48>
4b556c34f964a520ece327e3,35.71537641143864,139.77582335472107,178,11,48,50,61,<a_48><b_50><c_61>
4b5086e0f964a520272627e3,35.76954930278737,139.87045168876648,78,72,31,39,19,<a_31><b_39><c_19>
4ba7346ef964a520c58539e3,35.633093149411884,139.53499853610992,47,18,61,16,60,<a_61><b_16><c_60>
4eb230396da1df5f01b23df9,35.625378389184434,139.6616931082101,139,25,20,54,15,<a_20><b_54><c_15>
4bd528637b1876b0e66d8a86,35.6907378097721,139.82866287231445,139,8,9,48,47,<a_9><b_48><c_47>
4d9832952bd6f04d77f26250,35.63101775866038,139.65651869773865,289,10,61,10,57,<a_61><b_10><c_57>
4b5855d5f964a5204b5328e3,35.85869177733273,139.65911507606506,284,56,9,12,42,<a_9><b_12><c_42>
4b669935f964a52025252be3,35.67154570508449,139.70375776290894,302,8,4,17,56,<a_4><b_17><c_56>
4b63a6a9f964a520c0892ae3,35.67589327189662,139.61944256912457,302,8,20,33,12,<a_20><b_33><c_12>
4dfefb4a1495f702193500d2,35.663816578277306,139.73087221384048,276,11,24,49,3,<a_24><b_49><c_3>
4b5ac983f964a520a0d428e3,35.60359661553269,139.50849294662476,298,29,51,57,1,<a_51><b_57><c_1>
4b5ed8abf964a520c29a29e3,35.6635768696834,139.71175611019137,152,4,30,15,31,<a_30><b_15><c_31>
4b569757f964a520151628e3,35.70309726807743,139.771488904953,235,6,1,2,52,<a_1><b_2><c_52>
4bac1684f964a5207be33ae3,35.62592061448008,139.7822231054306,369,31,20,25,49,<a_20><b_25><c_49>
4b88ceedf964a520690e32e3,35.60364459329816,139.5086431503296,294,11,51,22,13,<a_51><b_22><c_13>
4b84c06cf964a520334331e3,35.700585887130075,139.76403504610062,297,65,44,56,43,<a_44><b_56><c_43>
4c2d76ee7d85a593d0c252f3,35.65633045106149,139.7572841770941,78,26,44,11,56,<a_44><b_11><c_56>
4bc82ec68b7c9c748ab237cf,35.677570287692724,139.76365685462952,152,10,63,13,40,<a_63><b_13><c_40>
4b6521d8f964a520a0e52ae3,35.691192224876474,139.6953478074662,65,10,10,29,39,<a_10><b_29><c_39>
4b7783fef964a520429f2ee3,35.70035282348203,139.77175042033195,294,100,61,11,42,<a_61><b_11><c_42>
4b0587a5f964a520309e22e3,35.654680992821085,139.7585391998291,130,12,61,9,13,<a_61><b_9><c_13>
4c10cd41b93cc9b6483b57e0,35.73315364130956,139.73995685577393,251,15,21,30,55,<a_21><b_30><c_55>
4b9ad285f964a52021d935e3,35.65700857420805,139.7525417804718,102,10,61,2,12,<a_61><b_2><c_12>
4b62ba11f964a52075502ae3,35.69851878483389,139.7756838798523,236,14,20,4,50,<a_20><b_4><c_50>
4df1501ce4cda09e6d99c595,35.65640707091144,139.79525327682495,78,18,18,53,25,<a_18><b_53><c_25>
4b629423f964a520e24b2ae3,35.698768190429945,139.770859926939,36,23,61,18,2,<a_61><b_18><c_2>
4b54377cf964a520c7b427e3,35.664592357520384,139.78460490703583,78,84,51,5,27,<a_51><b_5><c_27>
4b556650f964a5205be327e3,35.631663053994096,139.64477062225342,78,137,53,53,60,<a_53><b_53><c_60>
4b9657ecf964a52028c734e3,35.683156510518295,139.8258626461029,298,25,51,25,10,<a_51><b_25><c_10>
4d7c639c7498a1cd29647dfc,35.66314539240082,139.87308025360107,299,56,44,56,52,<a_44><b_56><c_52>
4b5ea7f5f964a5201f9529e3,35.54872831481376,139.75403241813183,78,17,44,30,61,<a_44><b_30><c_61>
4ba72dccf964a5208f8439e3,35.56200870795893,139.6627441048622,269,7,30,23,31,<a_30><b_23><c_31>
4bb1ca77f964a5202ca33ce3,35.730963,139.716429,256,29,51,57,13,<a_51><b_57><c_13>
4cba8bdb7148f04db278ddab,35.697394816311565,139.77364540100098,349,12,63,2,10,<a_63><b_2><c_10>
4b4adf0ef964a5205e8f26e3,35.653898578975515,139.64655227959156,295,12,9,61,3,<a_9><b_61><c_3>
4b655e5bf964a520a9ee2ae3,35.687707136133554,139.70214091667174,74,4,48,46,9,<a_48><b_46><c_9>
4b564bf1f964a520da0928e3,35.67377038692052,139.7560715675354,139,60,9,5,5,<a_9><b_5><c_5>
4b5d8837f964a520646029e3,35.5800927761141,139.64179873466492,150,5,48,38,57,<a_48><b_38><c_57>
4b594e15f964a520938428e3,35.697962248136776,139.7737580537796,7,19,31,4,2,<a_31><b_4><c_2>
4c387af118e72d7f215918f5,35.671727779724435,139.83696783068854,256,59,31,50,63,<a_31><b_50><c_63>
4b56a5e8f964a5208e1728e3,35.65856461606471,139.74547684192655,85,80,63,6,34,<a_63><b_6><c_34>
4b9e0736f964a52021c736e3,35.69801343660576,139.77373123168945,52,7,18,26,13,<a_18><b_26><c_13>
4bda1c4663c5c9b64dc82268,35.65623465412816,139.70302148814795,78,37,44,30,61,<a_44><b_30><c_61>
4b62be3ff964a520ff502ae3,35.674353184872835,139.76498584893253,298,10,8,38,59,<a_8><b_38><c_59>
4b67a095f964a5208d582be3,35.7012393329779,139.77203339338303,251,88,51,41,26,<a_51><b_41><c_26>
4b5bb4b1f964a520311129e3,35.67430421417918,139.76538687944412,302,33,31,18,38,<a_31><b_18><c_38>
4b5be2a0f964a5209b1b29e3,35.69870393316757,139.77099269628525,251,53,51,42,19,<a_51><b_42><c_19>
4b9dd2aaf964a52020bf36e3,35.70128071770129,139.77129310369492,65,9,51,29,42,<a_51><b_29><c_42>
4bcbd766cc8cd13aef2dc0cf,35.70205177651351,139.77222383022308,29,15,35,54,3,<a_35><b_54><c_3>
4be0feaac1732d7f67115b9a,35.65855936339402,139.74547867327624,141,10,63,29,62,<a_63><b_29><c_62>
4b0587baf964a5205aa122e3,35.65958452621023,139.6987098455429,17,39,20,39,45,<a_20><b_39><c_45>
4b90fd90f964a520e09d33e3,35.708568450309194,139.6658420562744,33,5,30,49,9,<a_30><b_49><c_9>
4b5d8085f964a520295f29e3,35.689354,139.698007,335,44,61,43,30,<a_61><b_43><c_30>
4e2f45886284021061ef1435,35.57970646062489,139.57355027015117,78,9,9,45,35,<a_9><b_45><c_35>
4b6131ebf964a520910c2ae3,35.67211441025849,139.76322770118713,65,33,35,10,60,<a_35><b_10><c_60>
4d3f83689ccacbff4db04ad0,35.69904656408795,139.7752227790985,236,25,31,48,18,<a_31><b_48><c_18>
4b63c1eaf964a52024902ae3,35.68598868936885,139.74495649337769,139,7,35,12,48,<a_35><b_12><c_48>
4b89ff71f964a520d05a32e3,35.6119407844945,139.62822193179653,349,10,9,1,29,<a_9><b_1><c_29>
4b774f6bf964a520fa902ee3,35.69336931070559,139.7919327020645,102,8,13,59,31,<a_13><b_59><c_31>
4b565cbff964a520380d28e3,35.69746615393185,139.78597551584244,78,244,63,51,43,<a_63><b_51><c_43>
4b558a32f964a520e0e627e3,35.686118964441164,139.7021688078056,39,60,18,1,1,<a_18><b_1><c_1>
4c09d81c6071a593e6bade32,35.68349933206775,139.8263653395852,284,11,13,20,2,<a_13><b_20><c_2>
4b617965f964a520cd142ae3,35.73158599024489,139.72934067249298,295,19,51,42,60,<a_51><b_42><c_60>
4b63f221f964a5203d982ae3,35.671212324305515,139.7047233581543,289,18,48,46,50,<a_48><b_46><c_50>
4b58a55cf964a5206e6328e3,35.69054236,139.703552,27,10,61,43,14,<a_61><b_43><c_14>
4d9da04cc97a236aeefcc099,35.65930775700983,139.7018077969551,67,52,44,10,43,<a_44><b_10><c_43>
4b9b09f8f964a520d9ed35e3,35.70156169762353,139.77036237716675,294,32,44,40,59,<a_44><b_40><c_59>
4d9c24af1da4a143ec830d02,35.550829,139.788051,25,14,9,59,41,<a_9><b_59><c_41>
4b848a2df964a520cc3a31e3,35.68335476631043,139.65678960084915,289,27,61,50,39,<a_61><b_50><c_39>
4b795d16f964a520e9f52ee3,35.83957277327426,139.79762971401215,290,20,44,0,1,<a_44><b_0><c_1>
4b51aff5f964a5209d5227e3,35.742362968107706,139.64863300323486,166,26,20,59,42,<a_20><b_59><c_42>
4b5d879df964a520416029e3,35.698894,139.776132,149,3,48,14,46,<a_48><b_14><c_46>
4dd64470d4c05d5096cb93d5,35.620317305175675,139.72895979881287,302,11,48,16,28,<a_48><b_16><c_28>
4b63f0d4f964a5200a982ae3,35.69802650599684,139.77375268936157,302,11,31,45,50,<a_31><b_45><c_50>
4f63c46ee4b014afea82370f,35.564496,139.653855,249,11,20,35,28,<a_20><b_35><c_28>
4b795e65f964a5201ef62ee3,35.83962930657544,139.79784965515137,65,18,31,46,14,<a_31><b_46><c_14>
4b796810f964a520dff72ee3,35.83962930657544,139.7977638244629,39,18,44,16,1,<a_44><b_16><c_1>
4b597bebf964a520c28928e3,35.72265546,139.752651,47,19,19,15,1,<a_19><b_15><c_1>
4b55a0abf964a520a5e927e3,35.659235840446435,139.699085354805,249,16,44,18,43,<a_44><b_18><c_43>
4b974820f964a5204efe34e3,35.68478611493887,139.76602792739868,297,43,31,46,18,<a_31><b_46><c_18>
4f24be57e4b0008742b8de92,35.701328740056084,139.7723240805121,294,11,24,10,27,<a_24><b_10><c_27>
4b6bdc30f964a520bf1a2ce3,35.68657254143188,139.7008502483368,288,9,11,46,52,<a_11><b_46><c_52>
4b64e8a7f964a52022d92ae3,35.663375110008054,139.8731840959908,167,7,61,2,61,<a_61><b_2><c_61>
4b795da7f964a520fef52ee3,35.83970323467779,139.79748487472534,302,19,31,33,63,<a_31><b_33><c_63>
4c9f03347c096dcbbaefdad1,35.70030054743006,139.7726583480835,237,27,31,46,12,<a_31><b_46><c_12>
4b98ebb9f964a520535635e3,35.750065267243464,139.74943379286432,236,8,21,33,13,<a_21><b_33><c_13>
4b8b904ef964a520e6a232e3,35.77811466475622,139.63045835494995,47,16,61,11,19,<a_61><b_11><c_19>
4b9a17c3f964a520759e35e3,35.703712,139.579995,45,9,51,6,12,<a_51><b_6><c_12>
4b0587b9f964a52045a122e3,35.687417812220446,139.70212697982788,298,37,63,8,60,<a_63><b_8><c_60>
4c7246608efc3704da78127d,35.69035865740192,139.69812996262587,282,4,30,14,21,<a_30><b_14><c_21>
4d299b97c406721e9db77cb6,35.77791295920278,139.63282875724423,299,9,51,59,35,<a_51><b_59><c_35>
4b7f9546f964a520643530e3,35.61215452674947,139.62749981343947,249,8,21,62,36,<a_21><b_62><c_36>
4f35f3bce4b0d26b9f73e176,35.701001914939255,139.77131187915802,278,15,21,22,11,<a_21><b_22><c_11>
4b712348f964a520dc3a2de3,35.672863961845884,139.75049257278442,297,39,31,13,18,<a_31><b_13><c_18>
4f69b1bae4b0196d3d877f77,35.77167722877622,139.73360642499838,299,15,20,26,43,<a_20><b_26><c_43>
4b0587b5f964a520cfa022e3,35.68979,139.70171,7,13,51,13,41,<a_51><b_13><c_41>
4c4ee35b9932e21e113b79ce,35.55265418094915,139.6466588973999,299,29,9,48,36,<a_9><b_48><c_36>
4b5413b6f964a5209eb127e3,35.60935047101518,139.7429046034813,78,101,13,45,15,<a_13><b_45><c_15>
4d08244e790fa0939f1cc273,35.546357,139.784993,333,5,30,20,34,<a_30><b_20><c_34>
4c9884d505a1b1f729e88d53,35.687417812220446,139.8656129837036,41,10,8,2,26,<a_8><b_2><c_26>
4b5c4796f964a520742929e3,35.69729679504986,139.77144330739975,54,5,11,12,46,<a_11><b_12><c_46>
4b68d33cf964a520db8e2be3,35.72399550997287,139.7225385904312,47,8,40,33,53,<a_40><b_33><c_53>
4b5acc60f964a52018d528e3,35.68911262062212,139.69934657338828,249,9,31,31,40,<a_31><b_31><c_40>
4b6646e1f964a520d61b2be3,35.6149054874566,139.71961230039597,47,26,24,16,21,<a_24><b_16><c_21>
4b7e88fdf964a52076f12fe3,35.67166554750792,139.76653218269348,249,7,45,24,33,<a_45><b_24><c_33>
4bf73c8a5efe2d7f6abc6834,35.65707613407795,139.7540920972824,269,1,30,49,49,<a_30><b_49><c_49>
4f12cb72e4b06c588beb737d,35.65746623672497,139.69509154558182,33,24,61,34,45,<a_61><b_34><c_45>
4b73c120f964a520b9ba2de3,35.6277563214705,139.73502159118652,369,38,51,39,37,<a_51><b_39><c_37>
4b8ce013f964a5208edf32e3,35.548198013545345,139.78504478931427,299,4,48,49,34,<a_48><b_49><c_34>
4b907624f964a5208a8b33e3,35.54107024957424,139.64927673339844,320,17,44,4,57,<a_44><b_4><c_57>
4bd8d97511dcc9286620f833,35.72394760447299,139.85883235931396,152,7,55,15,14,<a_55><b_15><c_14>
4b6e4ff7f964a520b0b72ce3,35.729813636461195,139.71428275108337,65,23,31,61,14,<a_31><b_61><c_14>
4b5baba8f964a520010f29e3,35.711293256545176,139.53701637742657,302,13,44,18,0,<a_44><b_18><c_0>
4bbc772ae436ef3b8e875664,35.66789587237085,139.8625499010086,157,8,30,6,59,<a_30><b_6><c_59>
4b7db7a5f964a5203dd02fe3,35.776687168499215,139.74489212036133,248,38,31,42,41,<a_31><b_42><c_41>
4d91cdfaf5388cfa17c4bc3d,35.61165302055317,139.58590581064155,290,11,31,42,21,<a_31><b_42><c_21>
4b80f9f5f964a520f19330e3,35.608828087855976,139.67552251037625,47,49,9,34,22,<a_9><b_34><c_22>
4b80b24af964a520c98630e3,35.79032615525024,139.57916293620792,256,69,31,42,19,<a_31><b_42><c_19>
4b53b764f964a520f9a827e3,35.72736406538938,139.5392471551895,78,49,31,8,5,<a_31><b_8><c_5>
4b593c7ef964a520828228e3,35.69926155378716,139.77390557527542,150,64,18,10,37,<a_18><b_10><c_37>
4cff0bf02685a35dcc8dc190,35.68956362695633,139.69693824648857,236,9,61,53,47,<a_61><b_53><c_47>
4bbef63d82a2ef3b1c0d2cd2,35.675997,139.765105,149,11,61,29,48,<a_61><b_29><c_48>
4b7d1821f964a52062ae2fe3,35.66967396097516,139.76703643798828,297,9,9,61,54,<a_9><b_61><c_54>
4b976913f964a520af0235e3,35.64920829407736,139.54083770513537,236,9,20,58,0,<a_20><b_58><c_0>
4b59d9e1f964a520de9b28e3,35.69901541704127,139.77463245391846,237,21,49,52,13,<a_49><b_52><c_13>
4b0587b4f964a520a6a022e3,35.73169485589919,139.71287727355957,65,108,43,54,38,<a_43><b_54><c_38>
4b600f20f964a52087d429e3,35.55355363294013,139.64698517037243,284,33,9,33,21,<a_9><b_33><c_21>
4b5be779f964a520981c29e3,35.82289027248513,139.57496333767835,284,9,61,9,54,<a_61><b_9><c_54>
4bb32da1eb3e952109caca0a,35.530157005118475,139.69869338990927,52,4,30,7,49,<a_30><b_7><c_49>
4b84bad3f964a5208c4231e3,35.624903,139.739363,237,10,49,6,26,<a_49><b_6><c_26>
4b693a48f964a5204b9c2be3,35.632440235546866,139.534203261137,249,24,31,55,22,<a_31><b_55><c_22>
4b5d969af964a520906229e3,35.726817,139.71182343,236,8,10,15,61,<a_10><b_15><c_61>
4cdfa7cec4f6a35df1d4d16c,35.72911087141744,139.71545315864773,308,8,31,61,36,<a_31><b_61><c_36>
4b5be872f964a520c11c29e3,35.812075,139.576382,72,4,52,2,62,<a_52><b_2><c_62>
4bb1b259f964a520539f3ce3,35.6617420955238,139.72982484834674,31,7,24,5,1,<a_24><b_5><c_1>
4b058799f964a5209d9b22e3,35.6926940165951,139.69108700752258,291,14,61,10,18,<a_61><b_10><c_18>
4b619ac0f964a520ba192ae3,35.65943633494666,139.6976825594902,109,3,48,34,52,<a_48><b_34><c_52>
4c72c7e757b6a143b26bc6cc,35.75519328935469,139.74263906478882,248,17,9,45,38,<a_9><b_45><c_38>
4b62a17bf964a5205e4d2ae3,35.655849150760424,139.70116138458252,294,30,61,18,12,<a_61><b_18><c_12>
4b6d0a90f964a52058642ce3,35.54821110744606,139.63362336158752,47,14,44,8,48,<a_44><b_8><c_48>
4bf289d79319a5937808cb51,35.69908047825554,139.7726785350557,236,14,31,46,16,<a_31><b_46><c_16>
4b669acef964a52051252be3,35.674890330607965,139.76385533809662,39,42,51,25,58,<a_51><b_25><c_58>
4b73d66af964a5202dbd2de3,35.602610884166204,139.61943984031677,256,38,51,51,42,<a_51><b_51><c_42>
4c9f2a8a2fb1a143f154f140,35.5890951,139.615365,260,16,30,47,18,<a_30><b_47><c_18>
4b54400bf964a52088b527e3,35.60693100175707,139.6853242814541,109,5,48,22,12,<a_48><b_22><c_12>
4b6d2557f964a520bd682ce3,35.66245240885516,139.70002681016922,33,11,30,58,32,<a_30><b_58><c_32>
4ce6024eb997548154f9ed44,35.665673205920875,139.8462688922882,248,40,31,59,6,<a_31><b_59><c_6>
4e6a3d1ab0fb8b8a841b4066,35.751814,139.545246,150,15,31,35,19,<a_31><b_35><c_19>
4b60d916f964a52071fd29e3,35.690310836202634,139.84593629837036,297,29,31,29,42,<a_31><b_29><c_42>
4c0076cf8c1076b0f43e2071,35.604660842845114,139.74230110645294,92,14,51,10,3,<a_51><b_10><c_3>
4d9efaed36818cfa8794ff00,35.627941,139.738602,236,6,18,8,55,<a_18><b_8><c_55>
4b565cb8f964a520360d28e3,35.640661764932425,139.80342864990234,78,112,9,12,58,<a_9><b_12><c_58>
4b59167df964a520ed7b28e3,35.62541865,139.72402158,78,70,44,25,8,<a_44><b_25><c_8>
4e3e200745dd68e32743b3d6,35.53701285911433,139.6339264512062,60,22,30,20,34,<a_30><b_20><c_34>
4b54e217f964a52040d127e3,35.67626736044854,139.78765189647677,248,53,31,46,36,<a_31><b_46><c_36>
4b554874f964a520bde027e3,35.646995361426754,139.51757739371118,288,10,14,18,14,<a_14><b_18><c_14>
4b654c3ef964a52055ec2ae3,35.70162196727638,139.67810435747018,47,3,30,21,16,<a_30><b_21><c_16>
4e972dc7e5e8c81815bc525e,35.699518580728515,139.77044820785522,274,81,31,53,63,<a_31><b_53><c_63>
4bb42f4ef187a593d5f913f8,35.67718899847684,139.76702570915222,289,14,61,2,30,<a_61><b_2><c_30>
4b582e2bf964a5201a4d28e3,35.68383188537317,139.74459171295166,139,12,61,16,7,<a_61><b_16><c_7>
4b4d9126f964a5202ed426e3,35.67020563664028,139.74981665611267,297,122,44,29,44,<a_44><b_29><c_44>
4def5b4ac65bf3f03e939fab,35.57227587896387,139.69935654571103,47,10,20,26,0,<a_20><b_26><c_0>
4b98780df964a520954335e3,35.55191223,139.740783,320,35,44,49,48,<a_44><b_49><c_48>
4b546885f964a52031ba27e3,35.653595636737414,139.54398930072784,47,147,44,11,14,<a_44><b_11><c_14>
4b64104ff964a520789d2ae3,35.74644695269855,139.7146314382553,47,26,61,3,14,<a_61><b_3><c_14>
4b60efaff964a5204c022ae3,35.60727758365833,139.68481369998435,47,12,8,58,45,<a_8><b_58><c_45>
4f051645c5128dfde959404c,35.553028647805604,139.7355422066682,320,79,31,29,10,<a_31><b_29><c_10>
4f49ef4ce4b092e0ca80a7fe,35.707899849104535,139.55939161924488,289,40,20,46,26,<a_20><b_46><c_26>
4b5881c7f964a520255b28e3,35.70818513130278,139.55787777900696,47,17,34,29,29,<a_34><b_29><c_29>
4b5bb849f964a5200d1229e3,35.72237935828431,139.65256996835132,236,7,48,10,9,<a_48><b_10><c_9>
4bfa69f75317a5931591027f,35.53107809215837,139.69699323177338,146,9,10,14,31,<a_10><b_14><c_31>
4bca6f39fb84c9b651441d3e,35.587017485149815,139.63061191141605,33,23,20,39,52,<a_20><b_39><c_52>
4c03945939d476b05b4330a7,35.5791598,139.71142254,92,41,31,50,63,<a_31><b_50><c_63>
4b62c2fcf964a5209e512ae3,35.69807007061826,139.7726583480835,320,20,44,50,37,<a_44><b_50><c_37>
4b5ba9e4f964a520860e29e3,35.68839378384561,139.80600357055664,297,7,20,18,46,<a_20><b_18><c_46>
4f2b905de4b0ebf42832d299,35.655517201117924,139.79432923110124,298,15,51,19,16,<a_51><b_19><c_16>
4b55944ff964a52001e827e3,35.5505068716494,139.57541942596436,298,12,51,29,42,<a_51><b_29><c_42>
4bc0a04df8219c7481d4b110,35.71914384308318,139.78679895401,320,17,21,29,57,<a_21><b_29><c_57>
4c760d5f604a3704db818449,35.587382845353424,139.63076680898666,320,57,20,8,48,<a_20><b_8><c_48>
4b601ccef964a52031d629e3,35.659078931355985,139.6988707780838,236,26,63,41,2,<a_63><b_41><c_2>
4b756707f964a520830a2ee3,35.702382,139.770578,52,12,20,18,26,<a_20><b_18><c_26>
4ec5ff467bebb084a39b6de4,35.66007268372168,139.69527930021286,42,12,61,62,62,<a_61><b_62><c_62>
4cf42ca27e0da1cdccb8a097,35.71447324603507,139.7773066074327,78,98,53,60,59,<a_53><b_60><c_59>
4b5824e4f964a520194c28e3,35.55192095984968,139.5792818069458,298,46,44,40,14,<a_44><b_40><c_14>
4bc17dfcb492d13ad434a660,35.55260180823584,139.57961440086365,251,35,31,46,47,<a_31><b_46><c_47>
4be8ba3e9a54a5930e630a11,35.66118846111334,139.75444078445437,320,10,11,2,51,<a_11><b_2><c_51>
4cb9cb797148f04dc660d8ab,35.769036063298834,139.70245801964404,82,64,44,2,44,<a_44><b_2><c_44>
4b58cc49f964a520b86b28e3,35.61501015138457,139.54221904277802,78,60,31,39,19,<a_31><b_39><c_19>
4f4ba59ee4b0eddb546b49d4,35.65073157043799,139.5514978886431,163,15,44,2,37,<a_44><b_2><c_37>
4c6549803f69c9b6d4c28ad9,35.62089291613358,139.56942200660706,47,11,18,49,62,<a_18><b_49><c_62>
4b781023f964a52016b42ee3,35.67895599,139.7102165,320,17,44,62,14,<a_44><b_62><c_14>
4cfceb9c7945224b99af8de7,35.68201489615155,139.7658348083496,78,24,31,46,21,<a_31><b_46><c_21>
4dd11b76d4c065592fbdc11e,35.64536825525797,139.7478818055304,78,129,20,57,42,<a_20><b_57><c_42>
4bb171e5f964a52007943ce3,35.6813177190391,139.76661264896393,360,62,31,46,21,<a_31><b_46><c_21>
4baf1780f964a520d2ea3be3,35.72963509249287,139.7131884098053,299,14,24,43,26,<a_24><b_43><c_26>
4b6d4d84f964a52022702ce3,35.65966733885541,139.79377269744873,320,34,21,8,16,<a_21><b_8><c_16>
4d8ecf3c6174a093bf9fd1e3,35.72251478120624,139.7739028930664,322,10,63,13,57,<a_63><b_13><c_57>
4f4e3d2be4b0393387c9b6af,35.744457233713675,139.79297876358032,80,9,51,47,36,<a_51><b_47><c_36>
4b701828f964a520d7062de3,35.601367798538696,139.7186440229416,290,71,61,42,42,<a_61><b_42><c_42>
4e864a85d5fb2ee2eed7e195,35.7460420467389,139.8192858695984,248,60,61,50,43,<a_61><b_50><c_43>
4b5acc7ef964a52020d528e3,35.64382240888921,139.6706485748291,150,14,51,42,24,<a_51><b_42><c_24>
4b8b2f1af964a520879632e3,35.66968748090032,139.7551230967951,140,21,51,45,41,<a_51><b_45><c_41>
4ba8c349f964a520ffec39e3,35.70327587151515,139.75542783737183,236,6,55,9,25,<a_55><b_9><c_25>
4b4ef315f964a5208ff726e3,35.695690512657166,139.69835038,236,18,61,8,14,<a_61><b_8><c_14>
4b5c5716f964a5209c2b29e3,35.62567861195804,139.71341103315353,78,82,31,53,13,<a_31><b_53><c_13>
4b5e11e3f964a520ec7b29e3,35.66750364161161,139.47896718978882,342,77,9,12,16,<a_9><b_12><c_16>
4b55bbd2f964a520a1ed27e3,35.706229304494286,139.6858298778534,78,77,53,60,61,<a_53><b_60><c_61>
4b19cf92f964a52097e423e3,35.70477438215786,139.63537216186523,78,108,31,25,19,<a_31><b_25><c_19>
4b62fc30f964a520415c2ae3,35.70134606195761,139.52419459819794,150,12,63,50,29,<a_63><b_50><c_29>
4bf9538f8d30d13a74fd0118,35.608429140514204,139.74944651126862,320,17,44,36,53,<a_44><b_36><c_53>
4b9c67e8f964a520546636e3,35.69957085729317,139.7746592760086,33,16,51,59,54,<a_51><b_59><c_54>
4b80e033f964a5201d9030e3,35.699064347178286,139.63833251816325,150,6,21,49,51,<a_21><b_49><c_51>
4f288d05e4b015f8e3d73ea3,35.629115962316305,139.71648649055766,78,8,61,6,61,<a_61><b_6><c_61>
4e64285d7d8b85408a69dbda,35.75943920921542,139.62476082427824,90,67,31,46,30,<a_31><b_46><c_30>
4b9b0b1df964a52039ee35e3,35.66827,139.535951,320,8,61,26,43,<a_61><b_26><c_43>
4b269779f964a520017e24e3,35.610444060193295,139.69440758228302,78,28,44,30,57,<a_44><b_30><c_57>
4b5dc174f964a520086a29e3,35.77023850387675,139.64558033565984,78,33,31,11,42,<a_31><b_11><c_42>
4b833510f964a5206dfd30e3,35.67131255658154,139.75330352783203,68,15,61,35,61,<a_61><b_35><c_61>
4c33fc41213c2d7fe4e7375d,35.64693933531062,139.7486686706543,69,20,61,42,38,<a_61><b_42><c_38>
4b66a0faf964a520e9252be3,35.624261,139.739184,248,10,61,5,48,<a_61><b_5><c_48>
4b63bfb3f964a520a68f2ae3,35.543191622152655,139.74124431610107,248,11,21,11,45,<a_21><b_11><c_45>
4ba4e14ef964a5204cbe38e3,35.69609874767091,139.70059543848038,291,8,61,20,47,<a_61><b_20><c_47>
4ca050222fb1a143804dfb40,35.83105752837122,139.73699569702148,320,9,61,17,1,<a_61><b_17><c_1>
4b6a9525f964a52044d92be3,35.830840068883944,139.7359710931778,297,108,44,30,13,<a_44><b_30><c_13>
4e78fe3a45dd3e75454c2add,35.69905898112243,139.75285291671753,73,22,30,33,20,<a_30><b_33><c_20>
4b64bfb4f964a52013cd2ae3,35.636806044617614,139.7466342567232,248,21,61,18,54,<a_61><b_18><c_54>
4df09bceb0fbfee72f3f4949,35.68943945447914,139.77554440498352,289,13,10,62,46,<a_10><b_62><c_46>
4bd2bba177b29c748c4c8f82,35.68124800099281,139.7674924135208,360,24,61,1,42,<a_61><b_1><c_42>
4c46ece1c047be9a7ad62e79,35.73714230320165,139.77652072906494,289,11,24,59,14,<a_24><b_59><c_14>
4bdea1dbffdec928211de9a1,35.52136412069083,139.6303939819336,320,10,48,59,47,<a_48><b_59><c_47>
4b5ff068f964a52021d129e3,35.69331049499426,139.70368802547455,112,6,14,10,46,<a_14><b_10><c_46>
4dc7c5d37d8b14fb46611c06,35.72840704752596,139.71104264259338,78,62,31,46,16,<a_31><b_46><c_16>
4b5595adf964a52028e827e3,35.587337039090954,139.62943106889725,78,151,24,41,3,<a_24><b_41><c_3>
4c7493ea1b30a093703ded09,35.66403231539648,139.73387360572815,289,48,48,29,19,<a_48><b_29><c_19>
4bb0370af964a520a83c3ce3,35.68085147844603,139.76643562316897,298,44,31,13,46,<a_31><b_13><c_46>
4c22f42e9a67a593fb5fdd87,35.66454877461668,139.73592281341553,138,47,38,34,25,<a_38><b_34><c_25>
4b87392af964a52038b731e3,35.669438627992776,139.76722955703735,297,17,24,30,3,<a_24><b_30><c_3>
4b567b47f964a520651228e3,35.725785413004125,139.72987174987793,297,32,9,15,59,<a_9><b_15><c_59>
4b283d6ff964a520679124e3,35.553086031768345,139.64841494786234,207,36,61,37,27,<a_61><b_37><c_27>
4be0fc6fd816c928ee16efd9,35.6535237150301,139.75254982709885,248,36,13,42,31,<a_13><b_42><c_31>
4e5eb911a8090ec2164be56a,35.67878252861144,139.77984296395226,149,17,30,62,59,<a_30><b_62><c_59>
4ba839dbf964a52031d239e3,35.599835957948294,139.61088855599735,78,19,61,56,37,<a_61><b_56><c_37>
4bbffa69f8219c746f0db110,35.65820382337689,139.47965268464347,28,42,51,6,63,<a_51><b_6><c_63>
4b94594df964a520b97534e3,35.531649979217406,139.69715416431427,78,180,31,39,19,<a_31><b_39><c_19>
4b44246df964a520f3f125e3,35.68848092358864,139.78815078735352,297,26,31,50,1,<a_31><b_50><c_1>
4e15863e18a8addae8ca4e6f,35.70374556109247,139.70842706925237,38,11,61,2,18,<a_61><b_2><c_18>
4b5adf25f964a52036d828e3,35.77522310419579,139.78598958388108,298,34,31,29,20,<a_31><b_29><c_20>
4ba42b7bf964a520958838e3,35.70090061054264,139.80865917517843,248,20,61,50,24,<a_61><b_50><c_24>
4d4695cb1911a0933a97ecd8,35.57290239894074,139.66265559196472,149,26,9,42,15,<a_9><b_42><c_15>
4e3a819c1838961aff0014e0,35.7577049422461,139.59071338031237,248,18,48,9,52,<a_48><b_9><c_52>
4dddddf3e4cd19127374b1e8,35.77894154841391,139.603913822921,104,52,53,33,10,<a_53><b_33><c_10>
4b824432f964a52094ce30e3,35.6994497953219,139.76280523493188,302,12,48,5,43,<a_48><b_5><c_43>
4eaa4b624fc6d0cb8bb5f0b3,35.667832679767656,139.8910215497017,289,28,51,47,35,<a_51><b_47><c_35>
4b92f4bef964a5203e2a34e3,35.76848292028224,139.87046241760254,78,19,44,38,7,<a_44><b_38><c_7>
4f25e175e4b063d40205d0d4,35.61903389778815,139.73486866721538,68,13,48,9,13,<a_48><b_9><c_13>
4b6ad5a7f964a5209ee22be3,35.681365650160586,139.68884468078613,299,23,51,56,2,<a_51><b_56><c_2>
4c95ea97f6c8ef3b3d1e7fcf,35.728359,139.77095,80,13,61,18,24,<a_61><b_18><c_24>
4ef41aff2c5b6efc36bc3444,35.63863888719116,139.72278535366058,320,14,48,2,33,<a_48><b_2><c_33>
4bf5fbf694b2a59343cfacee,35.67946799149171,139.74145084619522,249,18,30,48,9,<a_30><b_48><c_9>
4b5ed2a5f964a520ea9929e3,35.76850186687021,139.8708437862363,47,12,24,45,43,<a_24><b_45><c_43>
4b63ca22f964a520b3912ae3,35.6824949368018,139.791647432552,248,18,51,51,52,<a_51><b_51><c_52>
4b5e908bf964a520ac9229e3,35.639741885066506,139.72216844558716,68,40,51,42,57,<a_51><b_42><c_57>
4b599e28f964a5202c8f28e3,35.6827294963697,139.77884888648987,68,11,48,28,12,<a_48><b_28><c_12>
4daf823e5da3f2f3d2a82527,35.647793222954526,139.6800732163084,70,20,30,20,9,<a_30><b_20><c_9>
4bc6e1300050b7138bb2b73b,35.692331315946554,139.7712729871273,80,80,63,25,42,<a_63><b_25><c_42>
4b2adc4df964a5200eb124e3,35.654105625167865,139.56666469573975,78,124,9,20,21,<a_9><b_20><c_21>
4b541f79f964a520c1b227e3,35.62945682002942,139.65835332870483,207,53,31,50,51,<a_31><b_50><c_51>
4b5bd522f964a520d11829e3,35.738183984141884,139.76032878861233,150,31,61,37,25,<a_61><b_37><c_25>
4b8ce257f964a520cfdf32e3,35.646795479844734,139.74659532308578,320,23,61,50,57,<a_61><b_50><c_57>
4d141b3c495859416b052348,35.66486257099232,139.7624659538269,236,3,30,43,0,<a_30><b_43><c_0>
4b5e6b5ef964a520ea8d29e3,35.65689310853159,139.75425469408017,236,4,30,27,34,<a_30><b_27><c_34>
4cdbd07699026dcb91120f81,35.58096535078233,139.72764551639557,47,21,61,16,15,<a_61><b_16><c_15>
4f52f78fe4b03be3638e1747,35.670880031620605,139.76426169276235,349,13,63,2,16,<a_63><b_2><c_16>
4b1b77e2f964a5208efb23e3,35.65486406347791,139.70764696598053,47,36,63,50,21,<a_63><b_50><c_21>
4c8dcebad2aea0939711c969,35.669581550271104,139.81477741,299,28,44,59,56,<a_44><b_59><c_56>
4e75ccd2d1643f93b214d7eb,35.643333474707056,139.66976609545267,42,8,16,39,57,<a_16><b_39><c_57>
4b553e92f964a520aedf27e3,35.687060533907754,139.77291584014893,291,7,49,14,49,<a_49><b_14><c_49>
4b601c46f964a52024d629e3,35.65054435588459,139.7032991051674,320,21,31,13,35,<a_31><b_13><c_35>
4b57f8e0f964a5209e4728e3,35.552874582409274,139.74041551351547,109,8,10,4,46,<a_10><b_4><c_46>
4b56e3c7f964a520491e28e3,35.7006546457463,139.76925389373358,106,16,63,15,50,<a_63><b_15><c_50>
4bc52d576a3e9c7493a0f548,35.703615652560345,139.64787662029266,47,22,31,50,6,<a_31><b_50><c_6>
4b5d1761f964a5202f5229e3,35.56248850877601,139.71562364115928,39,10,61,22,43,<a_61><b_22><c_43>
4f6fec03e4b0541c63abaeff,35.5807114444608,139.64134610725597,249,7,51,47,18,<a_51><b_47><c_18>
4bc4068f920eb7139e4d1e2c,35.69805264477253,139.7737205028534,320,13,44,58,52,<a_44><b_58><c_52>
4b64fc69f964a520e8dd2ae3,35.76875278169609,139.70226645469666,297,24,44,51,14,<a_44><b_51><c_14>
4e1ff228fa761d67106cd3f1,35.66662329444642,139.71079051494598,249,9,63,13,37,<a_63><b_13><c_37>
4d3b93b944f5a093e102c5bb,35.604915678564026,139.70270235488502,78,24,44,56,32,<a_44><b_56><c_32>
4b66198cf964a5209d132be3,35.76867878752855,139.87104177474976,150,16,31,41,38,<a_31><b_41><c_38>
4b55b1dcf964a52026ec27e3,35.65859948500268,139.69825387001038,236,6,18,45,63,<a_18><b_45><c_63>
4ccd3013511b236a4325f6c9,35.74154209975717,139.7164565649345,320,23,51,5,41,<a_51><b_5><c_41>
4b5c4e01f964a520592a29e3,35.687592093743554,139.69720780849457,31,11,10,10,23,<a_10><b_10><c_23>
4e7b7a7463658cc4601dd0a8,35.65893509775224,139.54368352890015,193,37,9,48,32,<a_9><b_48><c_32>
4bcc0386b6c49c7415279391,35.65334717965574,139.5427179336548,33,14,61,11,37,<a_61><b_11><c_37>
4c0aff837e3fc92889aff482,35.681295932156175,139.76703107357025,78,87,63,22,44,<a_63><b_22><c_44>
4c6fc4f7d274b60cf676d70d,35.702073557727616,139.5244574546814,251,15,61,5,7,<a_61><b_5><c_7>
4f431dcde4b0c2ab9a8034c4,35.65609324130608,139.54400539398193,185,25,31,46,6,<a_31><b_46><c_6>
4b9b4a99f964a520a5fe35e3,35.76542950517394,139.84799087047577,251,12,31,29,19,<a_31><b_29><c_19>
4b760745f964a520ab372ee3,35.68137436490685,139.76778209209442,360,32,51,38,42,<a_51><b_38><c_42>
4b5c0b50f964a5203b2229e3,35.68143536810406,139.5490801334381,302,7,13,47,44,<a_13><b_47><c_44>
4b70a421f964a52006272de3,35.728601678810264,139.7095092421263,211,42,31,41,50,<a_31><b_41><c_50>
4bb090b1f964a5204a4c3ce3,35.726425587535545,139.65364068746567,150,9,51,47,58,<a_51><b_47><c_58>
4f154aabe4b0960d0292d0ee,35.70084712425002,139.54383895144127,110,4,10,50,35,<a_10><b_50><c_35>
4b72722ef964a520237b2de3,35.671983673795545,139.76395726203918,297,58,44,30,5,<a_44><b_30><c_5>
4e3412e9a809117a229116ae,35.642482732648325,139.66865474835856,54,8,35,56,2,<a_35><b_56><c_2>
4bb807a398c7ef3b39c03002,35.696164096173625,139.76132601499555,247,9,8,19,38,<a_8><b_19><c_38>
4b728debf964a520427e2de3,35.69111668661199,139.69599596812245,149,13,61,49,18,<a_61><b_49><c_18>
4b8da54ef964a5202e0633e3,35.66426984346965,139.7846531867981,297,95,44,30,8,<a_44><b_30><c_8>
4b6016d0f964a52082d529e3,35.66338311262258,139.73235917648222,60,6,55,3,13,<a_55><b_3><c_13>
4c19053a98f4a593046cfff5,35.63622432128126,139.5887027132706,320,13,18,39,60,<a_18><b_39><c_60>
4b5e96bbf964a520519329e3,35.61169136599171,139.62883293628693,299,8,10,35,54,<a_10><b_35><c_54>
4b6267cdf964a52036462ae3,35.607406475335026,139.73393071391146,78,151,63,59,16,<a_63><b_59><c_16>
4b5aa3a7f964a52001cf28e3,35.70996232206637,139.7731974720955,150,15,31,61,19,<a_31><b_61><c_19>
4dbfdeb84159b09a64c29b07,35.70885593835433,139.7480571269989,186,26,20,0,44,<a_20><b_0><c_44>
4b56e85cf964a520d91e28e3,35.687760928605954,139.69741567969322,236,9,61,34,35,<a_61><b_34><c_35>
4e5247f47d8b864c4517b260,35.67808354,139.64029543,69,16,61,16,37,<a_61><b_16><c_37>
4b58e911f964a5205b7228e3,35.729900730934645,139.72397089004517,320,33,31,59,22,<a_31><b_59><c_22>
4b6417a5f964a520a69e2ae3,35.70518471781019,139.64920208754566,236,10,18,29,2,<a_18><b_29><c_2>
4e2d60b3fa76bbf847ec9ed1,35.65700571042466,139.69581647676802,170,15,51,14,52,<a_51><b_14><c_52>
4b178e80f964a52059c623e3,35.65578812800746,139.73702788352966,297,102,53,60,16,<a_53><b_60><c_16>
4bc14519461576b07dcc7b32,35.75130859948943,139.54525130358286,302,19,20,39,36,<a_20><b_39><c_36>
4b80bafef964a520ee8830e3,35.55303824646783,139.64674472808838,78,84,9,39,15,<a_9><b_39><c_15>
4b89c667f964a5209a4d32e3,35.599924,139.610279,109,8,45,32,44,<a_45><b_32><c_44>
4b84bf55f964a5200c4331e3,35.70736349387014,139.75114703178406,297,17,51,42,42,<a_51><b_42><c_42>
4b74e6b4f964a52066f72de3,35.67576108723778,139.7148056914889,301,4,10,53,14,<a_10><b_53><c_14>
4d49e8814509721ed60c29b0,35.711108,139.81521398,33,25,55,30,42,<a_55><b_30><c_42>
4bbe70fcba9776b072befdc8,35.71120198704343,139.81557314578873,320,15,4,28,42,<a_4><b_28><c_42>
4b76801bf964a520484f2ee3,35.737271844274744,139.65303987264633,111,5,16,62,21,<a_16><b_62><c_21>
4b602195f964a520c1d629e3,35.73365717326636,139.7593405205442,47,12,8,30,2,<a_8><b_30><c_2>
4b612a6ef964a520b20b2ae3,35.640727,139.694432,320,32,20,3,36,<a_20><b_3><c_36>
4b977b90f964a5207b0535e3,35.707279,139.75165,297,33,18,1,32,<a_18><b_1><c_32>
4b62c1e5f964a52074512ae3,35.662014,139.730048,236,12,11,24,37,<a_11><b_24><c_37>
4b656ee1f964a52072f02ae3,35.705191,139.64721,42,3,30,31,46,<a_30><b_31><c_46>
4b5b0521f964a52039df28e3,35.731738688611735,139.7594852658491,56,10,9,10,17,<a_9><b_10><c_17>
4cb51c34e262b60c1c8865e0,35.5873283140856,139.63054418563843,33,22,48,46,42,<a_48><b_46><c_42>
4ba95af1f964a5209c213ae3,35.64430194394561,139.6991577744484,297,73,44,13,52,<a_44><b_13><c_52>
4b985fd8f964a520bb3e35e3,35.62925625028608,139.73875522613525,78,46,44,18,37,<a_44><b_18><c_37>
4b7ba23bf964a5205d692fe3,35.85887655303621,139.75368440151215,297,27,31,46,41,<a_31><b_46><c_41>
4e322dbe1838be8b94c7d50c,35.64966382173919,139.80135262012482,299,13,44,16,57,<a_44><b_16><c_57>
4b62a071f964a5204a4d2ae3,35.691145234794746,139.6984091825557,29,10,51,42,37,<a_51><b_42><c_37>
4ba7ffd8f964a5203ac539e3,35.70835894920213,139.61489155990134,289,37,31,42,19,<a_31><b_42><c_19>
4e5c9b3daeb7a6ca53e29939,35.69100575630412,139.7059866786003,42,11,18,7,57,<a_18><b_7><c_57>
4f6e955ae4b08d8da6f3e371,35.56267327553829,139.7253002445683,289,11,10,54,3,<a_10><b_54><c_3>
4b9b5623f964a520400136e3,35.78744383250282,139.6082349733837,47,16,51,5,37,<a_51><b_5><c_37>
4b77a899f964a520e0a52ee3,35.67918693373015,139.7815901041031,248,32,20,24,26,<a_20><b_24><c_26>
4c9439d1533aa0933ec8bd45,35.62046556900037,139.73918437957764,194,53,20,57,49,<a_20><b_57><c_49>
4f180181e4b0d1497136b033,35.74274612268975,139.81331191956997,248,12,9,7,48,<a_9><b_7><c_48>
4b6e8afef964a52056c12ce3,35.64440221000271,139.86158967018127,78,180,44,13,61,<a_44><b_13><c_61>
4b1a32aff964a52017e823e3,35.69070402187532,139.7784203457596,78,43,53,60,55,<a_53><b_60><c_55>
4be666ef2457a59355daac15,35.602312109208015,139.61778223514557,111,9,9,61,26,<a_9><b_61><c_26>
4b5a836ff964a52018c928e3,35.67164811589389,139.61475670337677,236,9,43,2,29,<a_43><b_2><c_29>
4d781a5210936dcb6a9d4089,35.672005463220906,139.61719751358032,320,47,31,46,41,<a_31><b_46><c_41>
4bb692ac6edc76b01f30311c,35.585951030733234,139.68135425589472,102,12,44,13,13,<a_44><b_13><c_13>
4cf285a2e9425481d1a270c5,35.702777,139.738852,265,5,30,53,34,<a_30><b_53><c_34>
4b8e6a08f964a5208a2133e3,35.731963,139.587626,320,3,30,29,39,<a_30><b_29><c_39>
4b72aa2af964a520cc822de3,35.703737,139.735236,54,5,30,6,34,<a_30><b_6><c_34>
4b8c8611f964a52009d532e3,35.69138779925628,139.69821472567952,90,15,53,37,14,<a_53><b_37><c_14>
4b72c558f964a520d2872de3,35.652505906956215,139.54460620880127,33,37,61,51,40,<a_61><b_51><c_40>
4f26965ce4b0dc27bb89c8d4,35.83218518276053,139.73594134476986,327,12,48,17,22,<a_48><b_17><c_22>
4b55563ff964a520e8e127e3,35.78669651052231,139.7061824798584,78,167,44,56,43,<a_44><b_56><c_43>
4cae9339aef16dcb5efaa154,35.65642886458824,139.54462230205536,194,68,61,51,56,<a_61><b_51><c_56>
4b9cc567f964a520cd7a36e3,35.646869587238285,139.8504638671875,289,9,14,42,28,<a_14><b_42><c_28>
4dd5e602b0fb8af3806126d8,35.69029340866144,139.69973981380463,360,33,44,49,52,<a_44><b_49><c_52>
4bd542cc7b1876b050888a86,35.7070395191946,139.78216409683228,78,63,53,48,48,<a_53><b_48><c_48>
4b9847b8f964a520383935e3,35.55206935037531,139.64733481407166,186,64,9,11,3,<a_9><b_11><c_3>
4b7277e6f964a520c57b2de3,35.672505743093744,139.76501579905548,157,9,8,0,49,<a_8><b_0><c_49>
4b5527cbf964a52019dd27e3,35.65858640915274,139.7009575366974,236,19,13,23,31,<a_13><b_23><c_31>
4b909923f964a520949133e3,35.59201568624752,139.75282609462738,135,12,9,42,18,<a_9><b_42><c_18>
4b7b4b3cf964a520f05c2fe3,35.61702054441969,139.74338471889496,342,27,61,10,57,<a_61><b_10><c_57>
4cce3275063a721e8a28999a,35.70762948474976,139.798184840485,283,15,31,46,36,<a_31><b_46><c_36>
4b853c75f964a5202f5231e3,35.6883461854585,139.76288937786126,320,13,30,22,42,<a_30><b_22><c_42>
4b68c23af964a520518b2be3,35.67511257437365,139.75961208343506,297,83,44,56,59,<a_44><b_56><c_59>
4b6bc607f964a5200d182ce3,35.711099180670175,139.78260397911072,150,8,8,11,7,<a_8><b_11><c_7>
4dccf75e183899ddfaac366b,35.562591284093216,139.71562922000885,146,10,30,23,40,<a_30><b_23><c_40>
4b5cea22f964a520a04a29e3,35.63995550740116,139.78889107704163,295,17,31,11,22,<a_31><b_11><c_22>
4b305b8af964a52022f924e3,35.674973127377314,139.77707862854004,297,81,44,56,61,<a_44><b_56><c_61>
4b90c7b6f964a520309733e3,35.672380240406035,139.79485630989075,289,8,63,6,46,<a_63><b_6><c_46>
4bd68776637ba593b560f870,35.75151342690671,139.54485842756395,47,19,31,34,12,<a_31><b_34><c_12>
4b5d54a2f964a5200e5a29e3,35.70108904090712,139.743213057518,297,119,31,46,17,<a_31><b_46><c_17>
4b8a125ff964a520a85e32e3,35.674226006768855,139.78231951097044,290,34,61,50,46,<a_61><b_50><c_46>
4d3f688badb6236a85cf7e40,35.673725797638426,139.7830535074279,320,12,61,56,7,<a_61><b_56><c_7>
4ba99aa8f964a520b3303ae3,35.67382133234147,139.78368764771864,68,19,61,50,60,<a_61><b_50><c_60>
4f06bf3ee4b0e8ed35be7e35,35.66844760775254,139.6503728527084,78,12,63,30,18,<a_63><b_30><c_18>
4b7962a2f964a520ecf62ee3,35.675082070364034,139.76904541254044,248,6,16,56,56,<a_16><b_56><c_56>
4f6ba862e4b0a6199850b241,35.572835296466074,139.76305908943274,90,5,48,50,9,<a_48><b_50><c_9>
4dd61765091ad1a8053e3c90,35.698475220457595,139.76119995117188,198,14,48,5,16,<a_48><b_5><c_16>
4b8b1de1f964a520a99332e3,35.55272837556773,139.6960061788559,104,63,44,40,45,<a_44><b_40><c_45>
4c6a89a28d22c9281efab945,35.640958216851025,139.74767088890076,299,15,30,53,35,<a_30><b_53><c_35>
4b7f789cf964a5206c3030e3,35.65593243672114,139.71117991651715,207,64,44,16,53,<a_44><b_16><c_53>
4ee6c29f93adf8e1a9d1ed75,35.655478795128815,139.71175842968455,207,12,48,5,13,<a_48><b_5><c_13>
4b64d0b6f964a52040d22ae3,35.561007190773935,139.714937210083,150,15,44,56,13,<a_44><b_56><c_13>
4b878e07f964a520c4c231e3,35.55334375181653,139.64683055877686,297,7,53,33,19,<a_53><b_33><c_19>
4c15d0a0a5eb76b026ecc3b7,35.59144859206346,139.70897734165192,69,12,21,7,53,<a_21><b_7><c_53>
4b5538e6f964a52011df27e3,35.70931542638444,139.77297807575522,68,12,51,62,1,<a_51><b_62><c_1>
4b752765f964a52068ff2de3,35.69795135696893,139.7074270248413,297,13,44,25,52,<a_44><b_25><c_52>
4c3d0cfdb36ac92863010586,35.64879,139.636236,155,14,31,9,2,<a_31><b_9><c_2>
4dfb5525149557de37acc607,35.682362114278604,139.76623378351957,67,11,24,55,57,<a_24><b_55><c_57>
4bcba2d8937ca593d90aaa92,35.79710924029055,139.6017050743103,68,86,44,13,8,<a_44><b_13><c_8>
4be643042457a593deb9ac15,35.62798305670157,139.77917611598969,248,28,31,50,50,<a_31><b_50><c_50>
4b4e4497f964a5207be726e3,35.660992329498136,139.70957279205322,207,32,9,3,3,<a_9><b_3><c_3>
4d06f54d7d9ba35df0ee7223,35.628723110021,139.7397732072695,360,27,44,11,42,<a_44><b_11><c_42>
4b96c2e6f964a520d9e234e3,35.6740160179656,139.74501120542186,297,30,44,30,39,<a_44><b_30><c_39>
4bd10f34b221c9b61c12d5d0,35.63177615935696,139.65897246124538,206,8,49,4,33,<a_49><b_4><c_33>
4c47d26c417b20a1b10bdfa9,35.64048084152989,139.7406166791916,90,35,20,22,45,<a_20><b_22><c_45>
4f6af62a7716846327201f07,35.62662264,139.7771215,320,18,44,53,35,<a_44><b_53><c_35>
4e78741fae60e5ae003f8ee1,35.62924075877266,139.77931371526967,90,19,49,4,45,<a_49><b_4><c_45>
4f5b11b0e4b01f8f4b94a510,35.68253777498818,139.68693494796753,149,26,30,6,58,<a_30><b_6><c_58>
4d36b1d5036c5481351b4689,35.561242843002255,139.6671187877655,248,20,10,54,26,<a_10><b_54><c_26>
4b5191baf964a520be4f27e3,35.62753830621885,139.6242892742157,289,11,49,41,53,<a_49><b_41><c_53>
4b78b19bf964a5202cde2ee3,35.64227479884827,139.71345126628876,68,15,35,0,18,<a_35><b_0><c_18>
4d78ae84b706224b58262c8d,35.6986277,139.7543228,320,28,22,2,17,<a_22><b_2><c_17>
4cb59f691b0af04d1d47ca25,35.66002473981256,139.69592571258545,274,21,35,51,36,<a_35><b_51><c_36>
4b6626c4f964a5207e162be3,35.653781,139.757632,78,42,44,18,8,<a_44><b_18><c_8>
4b6e3870f964a52082b22ce3,35.57476113839504,139.69833433628082,299,19,51,56,2,<a_51><b_56><c_2>
4b4eea84f964a52029f726e3,35.63216446231243,139.5774096250534,78,21,61,11,36,<a_61><b_11><c_36>
4b551788f964a520e4da27e3,35.66456620778104,139.7394847869873,68,18,61,30,11,<a_61><b_30><c_11>
4b1791d0f964a5206fc623e3,35.66291875693454,139.75995540618896,297,43,44,43,32,<a_44><b_43><c_32>
4c7a020c93ef236a43a2b10f,35.53860664801859,139.68867715136372,38,18,48,26,51,<a_48><b_26><c_51>
4b8f41b1f964a520694f33e3,35.67051941078094,139.77372586727142,297,24,31,42,18,<a_31><b_42><c_18>
4c3be068b36ac9280a740386,35.65395306486764,139.7625356912613,90,28,9,3,58,<a_9><b_3><c_58>
4bbd865a8ec3d13a98331c28,35.708154639939025,139.4884729385376,71,6,10,2,16,<a_10><b_2><c_16>
4e143c746284431b5354ce43,35.699529471682304,139.76506233215332,360,54,44,2,43,<a_44><b_2><c_43>
4c1f5921b4e62d7f4776df93,35.53960358881241,139.6889626979828,302,22,61,41,55,<a_61><b_41><c_55>
4b3aa897f964a5201d6c25e3,35.60708801324842,139.65335100889206,78,63,63,41,36,<a_63><b_41><c_36>
4b591079f964a520d07a28e3,35.549476841087575,139.6941339969635,39,21,51,25,3,<a_51><b_25><c_3>
4b5d7948f964a5202d5e29e3,35.657819288874535,139.70366656780243,87,13,18,45,30,<a_18><b_45><c_30>
4eacbc3261af352e5cd8e843,35.698345641094825,139.7543345466729,236,10,10,25,6,<a_10><b_25><c_6>
4c4e4856d667d13a4dd426a0,35.55214790995419,139.64718461036682,68,13,9,46,28,<a_9><b_46><c_28>
4b7e1fdcf964a5209de32fe3,35.67074602467102,139.71662163734436,320,17,61,31,2,<a_61><b_31><c_2>
4ba82e48f964a520d4cf39e3,35.60245822556781,139.71305966377258,299,30,48,50,18,<a_48><b_50><c_18>
4b7b9b60f964a52089682fe3,35.693431,139.69537173,249,9,49,42,62,<a_49><b_42><c_62>
4e07f56dfa767637fd2e66f8,35.65287337485506,139.60133522305966,68,19,48,19,39,<a_48><b_19><c_39>
4b5bc942f964a5202b1629e3,35.60332619486205,139.74628150463104,87,13,63,25,33,<a_63><b_25><c_33>
4ef22f628b81368cf8086987,35.5988379506092,139.65062856674194,185,11,63,62,4,<a_63><b_62><c_4>
4dad04a06a23fc68ff404b03,35.597873970270605,139.6502959728241,204,15,20,35,22,<a_20><b_35><c_22>
4baef7eef964a52089e43be3,35.65929141234204,139.69986990094185,4,39,9,7,45,<a_9><b_7><c_45>
4b67e9d2f964a520e3602be3,35.662062330565945,139.70264464616776,165,20,45,11,20,<a_45><b_11><c_20>
4dd068c245ddbe15f8b9e3b1,35.70990569650122,139.71804857254028,186,29,20,22,55,<a_20><b_22><c_55>
4df8690581304987d7fadc27,35.617692117818,139.72869157791138,249,68,44,49,10,<a_44><b_49><c_10>
4bf0ef236f8aa5936064c23c,35.71024109349279,139.71848845481873,186,42,20,22,13,<a_20><b_22><c_13>
4b6f7e20f964a520cbf22ce3,35.65739213916208,139.5412427186966,186,36,61,50,24,<a_61><b_50><c_24>
4b8098e5f964a520e37f30e3,35.69097307994596,139.73549365997314,297,122,20,11,63,<a_20><b_11><c_63>
4bb6e288941ad13ae02020e3,35.6508233349752,139.7605749964714,86,12,51,36,41,<a_51><b_36><c_41>
4e31358aaeb7d41efd92216d,35.53007400578132,139.6999329328537,33,10,24,56,37,<a_24><b_56><c_37>
4c0116be19d8c928443d8829,35.762032,139.704933,320,10,20,17,4,<a_20><b_17><c_4>
4b6f7d95f964a520b0f22ce3,35.65719381887608,139.54183548688889,193,49,51,30,45,<a_51><b_30><c_45>
4e6ff34bb9935ff0b517d453,35.627918000415704,139.7400127068982,70,7,24,30,24,<a_24><b_30><c_24>
4caabc049f4776b0bc109b13,35.65679935618394,139.54041123390198,193,53,9,42,32,<a_9><b_42><c_32>
4e2f8275149532963305bf58,35.695617,139.741207,186,18,44,19,53,<a_44><b_19><c_53>
4c318f3266e40f47273bc58b,35.70673024466245,139.6875357627869,157,15,9,42,19,<a_9><b_42><c_19>
4b5bca24f964a520651629e3,35.7082504699001,139.79743123054504,248,11,44,43,51,<a_44><b_43><c_51>
4cb1789b1168a093a5af3323,35.57077308572061,139.55405563116074,186,31,31,46,41,<a_31><b_46><c_41>
4b4d1531f964a52059ca26e3,35.697464520246605,139.66902315616608,297,12,9,10,15,<a_9><b_10><c_15>
4c52a09099ecc9b695b13c5b,35.60601442121516,139.6841806165479,203,7,21,34,9,<a_21><b_34><c_9>
4e07badb1850a5184ebbb0d9,35.78786273448013,139.67482209205627,47,6,20,13,2,<a_20><b_13><c_2>
4b68d714f964a520898f2be3,35.85970469758664,139.65351161439133,21,13,30,48,59,<a_30><b_48><c_59>
4b247460f964a520b56724e3,35.65881741552013,139.73216235637665,39,9,9,42,28,<a_9><b_42><c_28>
4b6fe241f964a520dcfe2ce3,35.660364705092164,139.72897052764893,90,132,31,6,41,<a_31><b_6><c_41>
4df7e2ee2271607ac916696e,35.79216194959911,139.67305183410645,139,27,10,41,36,<a_10><b_41><c_36>
4b543a62f964a5200db527e3,35.61279037456386,139.5486080646515,207,17,20,35,22,<a_20><b_35><c_22>
4ba4a6e0f964a520e5a938e3,35.660460592473456,139.7293782234192,253,10,20,24,52,<a_20><b_24><c_52>
4f62e32ae4b098610965225e,35.697615648184055,139.77167009246804,308,13,51,19,60,<a_51><b_19><c_60>
4dde4a2152b155583dfdeb79,35.698083684557574,139.77145805954933,90,37,61,54,12,<a_61><b_54><c_12>
4b5fd527f964a52036ce29e3,35.6286981405259,139.73965644836426,249,14,9,37,5,<a_9><b_37><c_5>
4b7f48c8f964a520dc2430e3,35.560821251887376,139.56899286152284,103,22,18,6,53,<a_18><b_6><c_53>
4b6f7eb0f964a520eaf22ce3,35.65693883492759,139.5418757200241,195,35,61,0,57,<a_61><b_0><c_57>
4db90a365da3b5fa68cccd80,35.656056611217124,139.71127467259709,207,15,44,40,28,<a_44><b_40><c_28>
4ba5404bf964a520bcf138e3,35.698167001815534,139.77036908268929,236,18,44,34,61,<a_44><b_34><c_61>
4df1b61188772e1f814c5c8e,35.65908601144653,139.54374943731136,202,49,31,50,46,<a_31><b_50><c_46>
4e48f40dc65bd6ffbeb1990b,35.70075360540855,139.77095246315002,31,17,21,51,54,<a_21><b_51><c_54>
4d4cc65b9ee1370478a07b8b,35.706152745024504,139.6182773975912,21,13,24,46,45,<a_24><b_46><c_45>
4b59a7f3f964a520219128e3,35.679207,139.780868,52,6,30,49,9,<a_30><b_49><c_9>
4bde7071ea279c74ae60e22b,35.65461561034196,139.54269111156464,110,11,61,2,45,<a_61><b_2><c_45>
4b58a618f964a520a46328e3,35.68853320738875,139.70287933945656,236,15,48,2,46,<a_48><b_2><c_46>
4e9bacb7cc215f3add484400,35.665614,139.634667,198,31,31,46,18,<a_31><b_46><c_18>
4b595583f964a520608528e3,35.700309260107765,139.75617349147797,207,13,61,9,31,<a_61><b_9><c_31>
4e6efcf4a809952e23accbdd,35.77174295898009,139.67004776000977,320,14,51,51,36,<a_51><b_51><c_36>
4b7c9923f964a520009d2fe3,35.686120154974326,139.76549001134862,90,10,55,56,31,<a_55><b_56><c_31>
4e65e2c2d164ddd5e7359db9,35.70528314022175,139.6656173391297,6,55,31,46,2,<a_31><b_46><c_2>
4b8fad21f964a520955c33e3,35.58802413027654,139.72856283187866,320,12,48,15,6,<a_48><b_15><c_6>
4b890710f964a520e21832e3,35.676472169819114,139.76306676864624,33,15,30,34,25,<a_30><b_34><c_25>
4bbc5d7fe436ef3bc16d5664,35.710682426656966,139.56320207974483,320,21,30,38,35,<a_30><b_38><c_35>
4e5c5b2eaeb7a6ca53e0403c,35.688864,139.786127,149,8,30,33,30,<a_30><b_33><c_30>
4f7eb235e4b043dab4726be5,35.68750843992279,139.6943406796173,110,31,9,2,15,<a_9><b_2><c_15>
4bcd1838b6c49c7413059591,35.58836876426977,139.72890615463257,299,55,31,42,18,<a_31><b_42><c_18>
4b63c585f964a520e0902ae3,35.68113470903764,139.7668594121933,298,65,61,43,16,<a_61><b_43><c_16>
4b5d2afbf964a520595529e3,35.61052979725922,139.72233225225247,139,3,30,6,31,<a_30><b_6><c_31>
4b51191df964a520454227e3,35.63829882943995,139.6327006816864,139,19,31,7,41,<a_31><b_7><c_41>
4dae510c6e81e2dffdc60640,35.67132072768544,139.7409714013338,54,5,30,0,62,<a_30><b_0><c_62>
4ea8cc3193adf5b1fbe2807d,35.65880965753232,139.7433408539318,109,11,16,47,52,<a_16><b_47><c_52>
4e13f6351f6e33e71806bf6f,35.56199779825308,139.57429826259613,195,21,51,11,37,<a_51><b_11><c_37>
4b5ab5b9f964a520abd128e3,35.70605941972244,139.71654653549194,204,82,20,39,13,<a_20><b_39><c_13>
4b5bb41df964a520111129e3,35.67143457831287,139.76576507091522,284,52,20,8,36,<a_20><b_8><c_36>
4b592c02f964a520088028e3,35.656419,139.73636476666664,150,5,30,18,25,<a_30><b_18><c_25>
4b4426d1f964a52018f225e3,35.695050986028015,139.76667165756226,297,96,31,1,13,<a_31><b_1><c_13>
4b4964d7f964a520fc6e26e3,35.678299,139.705695,225,7,31,43,35,<a_31><b_43><c_35>
4c3dc55ba97bbe9ae641fcdd,35.55604960551116,139.57975924015045,251,46,31,46,46,<a_31><b_46><c_46>
4b5bff70f964a520962029e3,35.6622660861657,139.69561870304108,249,13,13,29,59,<a_13><b_29><c_59>
4b56a760f964a520a91728e3,35.55407259558934,139.73964035511017,320,18,24,41,39,<a_24><b_41><c_39>
4b5669f7f964a5205e0f28e3,35.67810191075859,139.78471219539642,33,5,30,2,59,<a_30><b_2><c_59>
4b612efaf964a520440c2ae3,35.6405090807297,139.75485359114447,320,22,48,38,0,<a_48><b_38><c_0>
4e64627cb993678bb7673b54,35.688768484065186,139.787335395813,302,7,30,33,20,<a_30><b_33><c_20>
4ea9073ed5fbfbf82b9e1f14,35.705959231097545,139.71660017967224,204,40,31,46,41,<a_31><b_46><c_41>
4b0587b1f964a52032a022e3,35.67715631645931,139.7685357928276,29,5,30,6,10,<a_30><b_6><c_10>
4b5a6976f964a5207cc328e3,35.62130499870629,139.72858428955078,44,11,62,2,22,<a_62><b_2><c_22>
4c6e2e61f338236a37e1091b,35.69653875989049,139.69789445400238,33,7,61,42,51,<a_61><b_42><c_51>
4befb977d4f70f47b824390f,35.68523549864644,139.77991286507398,290,3,30,42,62,<a_30><b_42><c_62>
4b7b69f7f964a52092622fe3,35.715032324989835,139.70514714717865,39,17,51,19,63,<a_51><b_19><c_63>
4b61006cf964a5206f052ae3,35.69959917375137,139.74417328834534,39,5,8,22,4,<a_8><b_22><c_4>
4dd3951cd22dc96be80944d4,35.67369412559211,139.7630077600479,284,24,18,18,21,<a_18><b_18><c_21>
4b6926b2f964a5206d9a2be3,35.678781685912654,139.7768211364746,224,9,8,2,45,<a_8><b_2><c_45>
4b5f82eaf964a520b9be29e3,35.561242843002255,139.71601009368896,77,25,20,60,52,<a_20><b_60><c_52>
4d76fb0171126a31e2f74729,35.581157315933524,139.64288234710693,157,12,10,56,18,<a_10><b_56><c_18>
4b57a877f964a5201d3a28e3,35.65619785131156,139.75625932216644,39,22,61,26,16,<a_61><b_26><c_16>
4ba19ec8f964a52055c437e3,35.70756441195702,139.7751286625862,31,10,1,14,29,<a_1><b_14><c_29>
4b555139f964a5207ae127e3,35.6654890704835,139.76108863949776,274,32,63,15,61,<a_63><b_15><c_61>
4b7b9c01f964a520a6682fe3,35.68355302160991,139.7665348649025,298,81,44,56,30,<a_44><b_56><c_30>
4b593e3df964a520bf8228e3,35.69482879779827,139.76057767868042,249,17,30,37,13,<a_30><b_37><c_13>
4b5ef858f964a52075a029e3,35.68352252082667,139.76656436920166,39,71,63,10,42,<a_63><b_10><c_42>
4b5bfb86f964a5200d2029e3,35.60697243537499,139.68538999557495,150,25,63,51,44,<a_63><b_51><c_44>
4b62dc8cf964a5200a562ae3,35.67865422851236,139.77802075445652,149,36,8,30,24,<a_8><b_30><c_24>
4b5699c9f964a520601628e3,35.68837069253391,139.76382778909516,90,5,21,18,27,<a_21><b_18><c_27>
4b7a5921f964a5203d2a2fe3,35.54982600547244,139.7833013534546,333,28,61,6,1,<a_61><b_6><c_1>
4b6193f2f964a52088182ae3,35.74843662194827,139.7697937488556,78,30,20,63,28,<a_20><b_63><c_28>
4b552cd8f964a520c1dd27e3,35.68694289313753,139.76544320583344,90,10,52,13,59,<a_52><b_13><c_59>
4b64185af964a520c49e2ae3,35.74250674729108,139.76896435585124,78,29,31,41,50,<a_31><b_41><c_50>
4b580199f964a520644828e3,35.68902013279717,139.698887848359,29,13,20,2,12,<a_20><b_2><c_12>
4f4ae63ee4b096208a1a95c1,35.73811906829429,139.74732040532055,6,10,61,50,12,<a_61><b_50><c_12>
4b5a6863f964a52031c328e3,35.786957606924936,139.67395305633545,297,29,9,46,52,<a_9><b_46><c_52>
4b60dd24f964a52065fe29e3,35.73550941446224,139.65279042720795,153,4,55,10,33,<a_55><b_10><c_33>
4b554486f964a52053e027e3,35.70207355772759,139.77142453193665,67,16,51,57,11,<a_51><b_57><c_11>
4b57bb1ef964a5204b3e28e3,35.69638954809798,139.75647658109665,236,13,9,7,40,<a_9><b_7><c_40>
4e1dc02bb61c7cb34d94df5f,35.7128632395037,139.70497146248815,302,36,51,49,8,<a_51><b_49><c_8>
4be25b3721d5a593377e1611,35.67633292693395,139.78601954459216,139,34,31,46,41,<a_31><b_46><c_41>
4b6036e1f964a5204dda29e3,35.65838591251859,139.70199286937714,284,13,51,45,12,<a_51><b_45><c_12>
4b5d20daf964a520bc5329e3,35.69541694176286,139.7414857149124,207,42,51,1,35,<a_51><b_1><c_35>
4b7105a5f964a5208c372de3,35.765378,139.726925,236,17,48,9,25,<a_48><b_9><c_25>
4b5c1ee6f964a520ba2429e3,35.660737,139.698116,109,10,19,42,7,<a_19><b_42><c_7>
4f69acfce4b07dcd5609e54c,35.66773445836327,139.63205677758754,170,13,45,11,35,<a_45><b_11><c_35>
4b98bdfff964a520b04d35e3,35.696569255696915,139.69786494970322,236,15,49,50,17,<a_49><b_50><c_17>
4b0587b2f964a52045a022e3,35.66066980090567,139.69528198242188,164,8,48,35,12,<a_48><b_35><c_12>
4b74d5d4f964a52096f42de3,35.68234605314596,139.68706369400024,29,3,30,0,39,<a_30><b_0><c_39>
4e01b862c65b896d116e4a80,35.562530190165546,139.5723670721054,103,18,18,24,18,<a_18><b_24><c_18>
4e42597762843d3dc35c8e06,35.655953,139.696695,68,8,30,25,29,<a_30><b_25><c_29>
4c0b41ebffb8c9b603176d61,35.765980129675995,139.72809746861458,249,20,48,22,15,<a_48><b_22><c_15>
4f69aa47e4b0674564ff6117,35.70040074316624,139.74249958992004,149,8,9,14,9,<a_9><b_14><c_9>
4b728e95f964a520567e2de3,35.685361261493114,139.77428913116455,297,26,61,1,42,<a_61><b_1><c_42>
4b52b07df964a520098627e3,35.6918668320706,139.70197973895938,235,6,61,43,19,<a_61><b_43><c_19>
4b56d19df964a520091c28e3,35.74526710031872,139.7148954659007,78,16,61,51,61,<a_61><b_51><c_61>
4cfc61f4c51fa1cd21cbeb2b,35.62687553620303,139.7413408756256,236,9,48,6,0,<a_48><b_6><c_0>
4b56f672f964a520d62028e3,35.74843938484569,139.70271731421826,78,39,31,46,16,<a_31><b_46><c_16>
4b55a34ef964a520fde927e3,35.756260394177524,139.69458661973476,78,70,44,11,7,<a_44><b_11><c_7>
4b70f0c4f964a5201e352de3,35.69479394468646,139.7463458776474,85,11,61,5,14,<a_61><b_5><c_14>
4b56cd4cf964a520991b28e3,35.72365004355983,139.72066126318458,132,9,30,22,18,<a_30><b_22><c_18>
4b2b4b25f964a5209bb524e3,35.60493158515877,139.70279211094123,78,102,53,57,5,<a_53><b_57><c_5>
4e4900ea52b1bac0d996f10e,35.71500062616873,139.7016402518916,68,12,31,42,22,<a_31><b_42><c_22>
4b6bd0d3f964a52073192ce3,35.690855444945775,139.73592281341553,297,25,44,13,56,<a_44><b_13><c_56>
4b5db202f964a5203e6729e3,35.70385959703307,139.77214604616165,150,27,21,30,15,<a_21><b_30><c_15>
4b6295d5f964a520164c2ae3,35.65733111758806,139.69962179660797,170,21,31,61,14,<a_31><b_61><c_14>
4b6bf6ccf964a5208f1d2ce3,35.66264853688397,139.70918118953705,150,8,19,2,18,<a_19><b_2><c_18>
4e48562a45dd2955e5b18e87,35.645060475339754,139.8875105381012,90,52,31,42,19,<a_31><b_42><c_19>
4b6cddaff964a520235a2ce3,35.65869973311459,139.6994125843048,39,8,61,50,61,<a_61><b_50><c_61>
4b7caaeff964a52034a02fe3,35.69866690353521,139.76210117340088,186,19,51,25,29,<a_51><b_25><c_29>
4c4a53d7f7cc1b8db2b9383e,35.64337338709091,139.64528024196625,236,6,30,8,5,<a_30><b_8><c_5>
4b8afffdf964a520878d32e3,35.661660449696384,139.70215384861103,149,7,16,39,19,<a_16><b_39><c_19>
4b7a246ef964a52062242fe3,35.621432879786106,139.7233697856027,207,30,51,25,53,<a_51><b_25><c_53>
4b5ad273f964a52028d628e3,35.681117209695046,139.77251044710056,39,6,8,8,51,<a_8><b_8><c_51>
4b55a19ff964a520c7e927e3,35.79711116939544,139.60018721230313,78,24,61,5,36,<a_61><b_5><c_36>
4b9b71aef964a520b60736e3,35.75492120526433,139.74032163619995,109,11,49,37,3,<a_49><b_37><c_3>
4bef87f4c80dc928621a28e3,35.53352713709662,139.7177803516388,65,9,18,8,27,<a_18><b_8><c_27>
4c0b43b37e3fc9283622f582,35.696107712148006,139.7752696120718,299,13,35,26,43,<a_35><b_26><c_43>
4cc64c0782388cfa6d3d7b35,35.661877406868705,139.70888088127452,195,8,48,36,3,<a_48><b_36><c_3>
4b5d3f6bf964a520b25729e3,35.735726129642785,139.73519795221404,102,16,21,45,50,<a_21><b_45><c_50>
4b3aa8f3f964a520266c25e3,35.60542517552725,139.66150375509358,78,35,61,22,52,<a_61><b_22><c_52>
4b7575b8f964a520be0d2ee3,35.70391154093736,139.65109026922664,139,15,61,43,30,<a_61><b_43><c_30>
4f1c24c3e5e85dca1332bfdb,35.61327881797155,139.5496916770935,194,14,51,41,3,<a_51><b_41><c_3>
4b5bb41ef964a520121129e3,35.57592610099566,139.65963542461395,146,12,19,42,28,<a_19><b_42><c_28>
4b59ebdaf964a52002a128e3,35.632814108412646,139.88031148910522,168,92,44,10,61,<a_44><b_10><c_61>
4e4b487518a808fd10fc120e,35.54575970321733,139.72832824877045,306,10,30,9,39,<a_30><b_9><c_39>
4baad5a6f964a52064893ae3,35.733567321861216,139.73929703235626,249,6,63,22,28,<a_63><b_22><c_28>
4c524787f31a9c74ceb07bea,35.651657201827014,139.75770193464837,90,6,49,2,45,<a_49><b_2><c_45>
4b81d545f964a52063c030e3,35.65130042112818,139.75729915021128,249,9,61,1,55,<a_61><b_1><c_55>
4b5efa53f964a520c3a029e3,35.864149923863266,139.70452243485923,78,21,44,0,44,<a_44><b_0><c_44>
4b559bcdf964a520e8e827e3,35.71932241056621,139.7075343132019,207,10,44,37,41,<a_44><b_37><c_41>
4bd2b89db221c9b68c36d8d0,35.69859284421895,139.77036774158478,23,10,1,57,14,<a_1><b_57><c_14>
4b569a11f964a520691628e3,35.72686107747378,139.71225768327713,39,65,35,42,38,<a_35><b_42><c_38>
4c07a0b40e0a2d7f1591ed0c,35.53692337158927,139.63496178388596,299,29,44,49,48,<a_44><b_49><c_48>
4b8f5492f964a5209c5133e3,35.683384,139.70154385,249,16,10,23,33,<a_10><b_23><c_33>
4b579188f964a520b13828e3,35.72866506918325,139.56423126161098,78,157,31,41,25,<a_31><b_41><c_25>
4c04850973a8c9b61c4196e0,35.69973857770672,139.7725510597229,153,33,9,61,50,<a_9><b_61><c_50>
4b67a79df964a520ac592be3,35.678668390455776,139.78705644607544,68,52,61,16,8,<a_61><b_16><c_8>
4b6bd06ff964a52068192ce3,35.70030490376904,139.81541007757187,251,12,51,54,2,<a_51><b_54><c_2>
4f3de799e4b0bfb630835aa1,35.56989520256339,139.5544274479347,236,10,21,27,3,<a_21><b_27><c_3>
4cf4b8818333224b1f541c8e,35.5523537374584,139.61316884077056,82,27,44,56,30,<a_44><b_56><c_30>
4b584af5f964a5205a5128e3,35.66220999130264,139.7345393840458,302,11,61,58,31,<a_61><b_58><c_31>
4e5b5877e4cd875e8ec6320e,35.68118264026908,139.76854383945465,76,20,51,28,46,<a_51><b_28><c_46>
4e1efd2bae60cd553dec5dd9,35.68130028953327,139.7692358493805,76,92,44,43,34,<a_44><b_43><c_34>
4c0ae054a1b32d7f252a9af0,35.84058236018395,139.6325896914953,320,11,44,13,16,<a_44><b_13><c_16>
4da3b11b7ccc816e48d6827b,35.61604573687185,139.55331827669468,289,12,44,34,26,<a_44><b_34><c_26>
4e3785bed22d4cf95ee21bf0,35.69115171054041,139.75697815418243,320,21,44,31,5,<a_44><b_31><c_5>
4b792714f964a52018ed2ee3,35.68082969143581,139.76808786392212,78,104,63,54,35,<a_63><b_54><c_35>
4c6e400506ed6dcbb33da622,35.731531201288085,139.7117895008373,289,26,31,50,63,<a_31><b_50><c_63>
4b568e6bf964a520131528e3,35.670101044985955,139.76322904229164,7,7,18,1,9,<a_18><b_1><c_9>
4b6d3141f964a520cd6a2ce3,35.69777165248459,139.7574046254158,251,30,61,4,5,<a_61><b_4><c_5>
4b63c2d4f964a52056902ae3,35.66911177547739,139.64981317520142,150,6,35,7,29,<a_35><b_7><c_29>
4b5649b2f964a520640928e3,35.79450292237399,139.79078471660614,78,97,31,30,19,<a_31><b_30><c_19>
4c47edd61ddec92882fc9e32,35.6976736316861,139.7747504711151,65,23,51,54,45,<a_51><b_54><c_45>
4b692a8af964a520c89a2be3,35.73169921052228,139.71314817667007,251,27,31,50,22,<a_31><b_50><c_22>
4eae1eac5c5ce6e506521381,35.76796060526723,139.66136813163757,302,7,10,2,36,<a_10><b_2><c_36>
4d732075ff6ba35d57ee788a,35.631450535215706,139.65804069340632,251,24,31,42,41,<a_31><b_42><c_41>
4b924b93f964a520a6f033e3,35.611673921289494,139.68428492546082,47,39,51,24,42,<a_51><b_24><c_42>
4ef14e980e61654156bbd8bb,35.69620372964662,139.75971985381685,31,4,11,12,51,<a_11><b_12><c_51>
4bb17ceff964a52068963ce3,35.65657270270598,139.7006517648697,39,12,48,61,15,<a_48><b_61><c_15>
4bbf02b498f4952110f7d163,35.71418516911022,139.70355659723282,109,12,10,2,4,<a_10><b_2><c_4>
4ef03b5cf9ab3edffb8ee303,35.75296196402446,139.73788718149723,258,8,1,30,29,<a_1><b_30><c_29>
4d5743b6b4deb1f737e51b7a,35.695260103796414,139.7356653213501,138,10,10,47,46,<a_10><b_47><c_46>
4b569b1ef964a520841628e3,35.692750654385335,139.72841262817383,71,29,61,1,33,<a_61><b_1><c_33>
4d0ecc903a1d236ab4025030,35.76967552670894,139.65952813625336,302,6,8,17,28,<a_8><b_17><c_28>
4c68cd21897b1b8dacc1ad17,35.65585786829275,139.6946221590042,149,13,35,33,41,<a_35><b_33><c_41>
4baece52f964a52091d93be3,35.73357603090236,139.73931849002838,39,10,51,54,2,<a_51><b_54><c_2>
4b6d3ea0f964a520496d2ce3,35.68876630558062,139.69812512397766,23,9,8,9,33,<a_8><b_9><c_33>
4cd254c63e0c8cfae02c1712,35.63255202252162,139.66017331742995,65,18,51,36,18,<a_51><b_36><c_18>
4b8f1cdbf964a520ae4933e3,35.688768484065186,139.69995975494385,80,9,18,53,41,<a_18><b_53><c_41>
4bc416eeb492d13ac5a4a960,35.69796333725348,139.77378085255623,229,8,51,11,14,<a_51><b_11><c_14>
4bcfa496caff9521dba8cdf0,35.56270474412105,139.57024812698364,47,30,51,6,6,<a_51><b_6><c_6>
4b91a730f964a5202acd33e3,35.52929692161215,139.6966391801834,298,47,9,37,3,<a_9><b_37><c_3>
4ef741e5be7bb4784d7fc2ee,35.68018026630066,139.76835533249832,150,18,24,11,42,<a_24><b_11><c_42>
4b7e44b0f964a520c0e72fe3,35.66801118,139.715213,90,9,7,61,36,<a_7><b_61><c_36>
4b8a3591f964a5202b6432e3,35.69841205206973,139.77005124092102,224,21,13,28,16,<a_13><b_28><c_16>
4b738dc9f964a520c3b32de3,35.65611503506852,139.75657045841217,68,20,9,45,3,<a_9><b_45><c_3>
4b7a019cf964a520be1e2fe3,35.68116085334926,139.69807147979736,321,5,60,9,60,<a_60><b_9><c_60>
4e8a58fe9a524097dc184b6e,35.65630328963015,139.7546339948525,68,10,51,25,51,<a_51><b_25><c_51>
4bfddd314cf820a1462cedf4,35.70268342930605,139.7504711151123,248,19,51,26,41,<a_51><b_26><c_41>
4ba249a1f964a52004ea37e3,35.7035045704549,139.58020448684692,82,27,31,46,5,<a_31><b_46><c_5>
4b7667eff964a520434b2ee3,35.69792848551159,139.7752332687378,150,37,31,61,44,<a_31><b_61><c_44>
4b7769fcf964a520e2982ee3,35.67368541000707,139.7603926062584,85,13,14,2,56,<a_14><b_2><c_56>
4f65f367e4b04d4b16f22b9c,35.615747155999614,139.72011923789978,342,14,20,39,57,<a_20><b_39><c_57>
4d9423ab5241a1cd7a01594b,35.62114370871712,139.72360921895643,203,23,61,50,57,<a_61><b_50><c_57>
4c371bd71e06d13aa344753e,35.73648915172404,139.48875188827515,47,8,24,16,21,<a_24><b_16><c_21>
4b6d3c63f964a520db6c2ce3,35.68806918746519,139.69837725162506,294,61,53,59,15,<a_53><b_59><c_15>
4f4f4ff6e4b07dc4f00d1df9,35.617221144856586,139.72360610961914,158,16,44,56,14,<a_44><b_56><c_14>
4eb4fd12775b544c2717f677,35.69827482402015,139.77340936660767,360,15,51,35,29,<a_51><b_35><c_29>
4c2bf7fe8abca593441c0120,35.626404617326685,139.88771438598633,168,94,44,56,32,<a_44><b_56><c_32>
4e98b5b3d22d3f4f88af2333,35.669185862164845,139.64818239212036,287,15,44,18,6,<a_44><b_18><c_6>
4cbcdcc07148f04da90aeaab,35.68170116720479,139.76932168006897,78,33,53,60,58,<a_53><b_60><c_58>
4b598f57f964a5208d8c28e3,35.705884416235506,139.65400949120522,99,9,24,42,42,<a_24><b_42><c_42>
4ecdec9e02d5feaa197bb720,35.656196,139.711578,186,22,61,53,46,<a_61><b_53><c_46>
4b6ccfc3f964a52021562ce3,35.533090592672,139.69471335411072,302,6,49,7,54,<a_49><b_7><c_54>
4b94eb3af964a520c58734e3,35.63101193236982,139.6008872153051,320,19,61,58,30,<a_61><b_58><c_30>
4b4bd70ff964a52038a926e3,35.737489559889184,139.67291101813316,78,74,20,41,10,<a_20><b_41><c_10>
4b7eabd2f964a52052f82fe3,35.73732083033988,139.6725234389305,251,10,20,61,0,<a_20><b_61><c_0>
4da24d7022a5f04d227a0e55,35.67458964688105,139.77767944335938,78,95,20,11,21,<a_20><b_11><c_21>
4b5b47e1f964a52017f128e3,35.64922791015459,139.7428858280182,207,20,44,37,11,<a_44><b_37><c_11>
4eec29d5b8f76a24a3adf560,35.68855063531451,139.69866156578064,78,82,44,11,36,<a_44><b_11><c_36>
4b6ec266f964a5204bc92ce3,35.701154385320535,139.52428579330444,150,9,61,53,51,<a_61><b_53><c_51>
4b8116dcf964a5204d9630e3,35.64644237896655,139.74570751190186,39,19,49,22,36,<a_49><b_22><c_36>
4ca563b6931bb60c74d889e2,35.670118476937844,139.64861154556274,207,14,61,4,45,<a_61><b_4><c_45>
4df1a30545dd4e269338ec28,35.69151662246889,139.69839422431178,78,75,20,11,21,<a_20><b_11><c_21>
4b2b15a7f964a52052b424e3,35.650241400924855,139.55860197544098,78,42,44,51,46,<a_44><b_51><c_46>
4c9d76817d69b713226e28c2,35.73432065039872,139.88348722457886,251,5,30,31,40,<a_30><b_31><c_40>
4e283634d164bfc24f2005c0,35.70114413310172,139.70501611003812,33,13,61,8,3,<a_61><b_8><c_3>
4b5e3330f964a520508329e3,35.723449486957186,139.75055088699594,207,96,44,54,43,<a_44><b_54><c_43>
4b9e41d2f964a52078d536e3,35.66605672925536,139.75821733474731,78,42,44,53,7,<a_44><b_53><c_7>
4b28b233f964a520b39424e3,35.66490615372471,139.69607591629028,68,21,61,16,9,<a_61><b_16><c_9>
4b64fa87f964a52070dd2ae3,35.65236206151432,139.48797941207886,248,17,9,53,58,<a_9><b_53><c_58>
4b61869cf964a520d3162ae3,35.69376794938367,139.77120459079742,249,17,8,2,52,<a_8><b_2><c_52>
4b66a07cf964a520df252be3,35.575014202872325,139.6591740846634,150,10,19,30,45,<a_19><b_30><c_45>
4ba03c8cf964a520736337e3,35.6656660010061,139.76007922441622,251,79,31,29,61,<a_31><b_29><c_61>
4b63fa92f964a520a7992ae3,35.66303046649231,139.70110172808083,249,12,61,3,28,<a_61><b_3><c_28>
4bc15d444cdfc9b64aaa9421,35.53228734472428,139.69589352607727,276,73,61,47,24,<a_61><b_47><c_24>
4b5ffef4f964a520dcd229e3,35.577082320531986,139.6588146686554,249,9,20,59,13,<a_20><b_59><c_13>
4b582f3af964a5203f4d28e3,35.70042034666512,139.80984717607498,47,11,44,13,1,<a_44><b_13><c_1>
4e6b46bb18a83989ecd3287c,35.709687905491194,139.77555513381958,236,9,61,9,47,<a_61><b_9><c_47>
4be2b7c821d5a593fa161711,35.66603929641651,139.75942432880402,54,6,30,23,35,<a_30><b_23><c_35>
4b6a7e10f964a520c1d62be3,35.68776560488852,139.76397254533978,249,9,11,2,33,<a_11><b_2><c_33>
4c0f4f391281c9b65e641e1d,35.668043581851926,139.60063334575895,349,8,31,62,21,<a_31><b_62><c_21>
4b9a7742f964a520c0b735e3,35.655905814703594,139.88172233104706,269,55,63,51,14,<a_63><b_51><c_14>
4eeec4c0e30021559502f234,35.687892728476,139.69480723142624,67,7,61,61,35,<a_61><b_61><c_35>
4e0c6051b61c3274de79e014,35.71799403312011,139.85859364271164,236,8,19,13,62,<a_19><b_13><c_62>
4df3472818a88611c6bbc6a5,35.76354255356152,139.82320725917816,47,14,51,47,61,<a_51><b_47><c_61>
4b752646f964a5204cff2de3,35.672074,139.765128,165,6,61,47,11,<a_61><b_47><c_11>
4e071b9d52b165b7d7ac30a3,35.729405160880496,139.71330947133154,299,44,9,32,21,<a_9><b_32><c_21>
4b7f4da8f964a520242630e3,35.65039178878229,139.80077862739563,248,31,51,11,6,<a_51><b_11><c_6>
4bca6ba5937ca593cbf2a792,35.681021416921645,139.76800739765167,360,9,61,10,13,<a_61><b_10><c_13>
4b87c5eef964a5204dcb31e3,35.70921747487859,139.66550409793854,251,11,49,15,58,<a_49><b_15><c_58>
4ba887d4f964a520c5de39e3,35.728146431482536,139.71097544338778,196,15,48,61,21,<a_48><b_61><c_21>
4bf52802706e20a17314aa98,35.692890070313,139.69958424568176,33,2,30,15,44,<a_30><b_15><c_44>
4b60cb23f964a520e2f929e3,35.66614280384149,139.64043080806732,149,11,18,6,17,<a_18><b_6><c_17>
4b7df814f964a520bcdc2fe3,35.63388884691192,139.71908256411552,224,5,30,6,59,<a_30><b_6><c_59>
4bdfd2c2ffdec928cc3eeda1,35.712919862967645,139.79284465312958,298,14,9,3,44,<a_9><b_3><c_44>
4b88e842f964a520ec1232e3,35.71280661599952,139.79252815246582,47,6,52,14,59,<a_52><b_14><c_59>
4bf5d425004ed13aa27541a0,35.664845137892684,139.76078152656555,140,101,44,13,47,<a_44><b_13><c_47>
4e045799483b6f89f47d8504,35.7007316196639,139.75350109052803,42,12,55,22,12,<a_55><b_22><c_12>
4de74b34e4cdfedb8a9a1b0c,35.69964036798454,139.77054684736154,302,39,63,62,1,<a_63><b_62><c_1>
4c679402aebea5934bc576d0,35.85856569484078,139.65908288955688,27,7,21,7,20,<a_21><b_7><c_20>
4b0587b2f964a5204fa022e3,35.66099015025527,139.69756186008453,265,16,14,2,1,<a_14><b_2><c_1>
4c4e66bbfb742d7f967f402e,35.698867298987324,139.7647511959076,150,5,48,37,39,<a_48><b_37><c_39>
4bee481ce8c3c928088f9892,35.70199223358244,139.77172999947024,67,12,61,5,19,<a_61><b_5><c_19>
4c174d2b96040f470e1574a5,35.66461414896331,139.85940635204315,111,5,8,62,35,<a_8><b_62><c_35>
4ed853aee5fa78b16ba691fd,35.6491396377691,139.6993750333786,39,52,61,6,16,<a_61><b_6><c_16>
4c2de7441683b7138a7626ec,35.53017441498448,139.69783544540405,299,35,9,1,5,<a_9><b_1><c_5>
4b52cdf7f964a5205c8827e3,35.68210468270963,139.80768508921523,47,23,31,29,21,<a_31><b_29><c_21>
4bb94d9b3db7b713fb37229a,35.69580032216012,139.70061421394348,251,7,18,52,51,<a_18><b_52><c_51>
4b6e9f81f964a5205dc42ce3,35.670663,139.47912,298,29,9,61,1,<a_9><b_61><c_1>
4b553983f964a5202adf27e3,35.695652198134205,139.76068496704102,39,52,51,8,38,<a_51><b_8><c_38>
4b79fd00f964a520e91d2fe3,35.68370892993417,139.76929882215217,90,7,61,40,16,<a_61><b_40><c_16>
4b626fc8f964a52092472ae3,35.672585059751945,139.76752996444702,149,15,49,33,33,<a_49><b_33><c_33>
4e7eb53aa17c96ac9dc0d484,35.698993634991766,139.77293729782104,149,74,49,1,48,<a_49><b_1><c_48>
4ece06f20e61efa32e540b4b,35.661925039988425,139.70107555389404,258,14,61,51,59,<a_61><b_51><c_59>
4ec445fc0aaf9233ed4d69ae,35.684886330167075,139.74130868911743,111,6,19,5,18,<a_19><b_5><c_18>
4ba0c7bbf964a520297d37e3,35.66299720774568,139.7613286972046,75,47,51,57,36,<a_51><b_57><c_36>
4b6d64def964a5209c742ce3,35.69003959845011,139.69804519969367,65,13,61,8,19,<a_61><b_8><c_19>
4b7152c7f964a52020412de3,35.60908865483029,139.68551658008954,150,30,9,20,5,<a_9><b_20><c_5>
4c2316b999282d7fab2268b0,35.69818769497723,139.77394580841064,78,48,51,57,11,<a_51><b_57><c_11>
4d61df5aef378cfa849990a6,35.69790234669519,139.774372279644,236,37,29,63,46,<a_29><b_63><c_46>
4b625bf8f964a52028442ae3,35.698296606266005,139.757621884346,33,11,48,35,13,<a_48><b_35><c_13>
4bd6b4e6637ba593868af870,35.70182307340639,139.6352031826973,301,11,48,2,14,<a_48><b_2><c_14>
4f4201eee4b01e824f4e79cc,35.65955509853161,139.6105350699793,21,22,51,14,57,<a_51><b_14><c_57>
4b5c080cf964a520cc2129e3,35.70936775162607,139.77286487817764,72,13,51,1,40,<a_51><b_1><c_40>
4bb649801344b71392459d04,35.70300578811292,139.7732725739479,33,14,31,47,17,<a_31><b_47><c_17>
4b56894bf964a5205a1428e3,35.65569223501572,139.73631978034973,150,12,48,27,15,<a_48><b_27><c_15>
4ba21261f964a520bcd937e3,35.651649328917564,139.54399808800972,29,10,61,13,2,<a_61><b_13><c_2>
4bb7f45eb35776b04975c801,35.728596,139.713317,300,8,31,9,31,<a_31><b_9><c_31>
4de7647e2271b9ccf4db1d48,35.69099050733864,139.70673501491547,111,8,30,56,49,<a_30><b_56><c_49>
4bd42040caff95217839d6f0,35.672236430764,139.66038644313812,320,13,44,56,60,<a_44><b_56><c_60>
4b6d08f6f964a52011642ce3,35.71696180322454,139.74013924598694,88,2,30,14,8,<a_30><b_14><c_8>
4b85099af964a520774931e3,35.70463063090483,139.61998164653778,78,19,51,25,1,<a_51><b_25><c_1>
4e1024cb52b1655efa3ab351,35.73104286411301,139.71282570156987,249,7,8,19,31,<a_8><b_19><c_31>
4b56614af964a520ee0d28e3,35.69158303642411,139.6969449520111,39,53,53,10,58,<a_53><b_10><c_58>
4b7e46d8f964a52015e82fe3,35.8010207322761,139.72733974456787,298,22,31,42,63,<a_31><b_42><c_63>
4c55082e1b46c9b602cb83cf,35.80102508310544,139.72740948200226,302,6,10,15,12,<a_10><b_15><c_12>
4f8413b3e4b0f4019e2e8c47,35.578276,139.760414,320,21,51,42,4,<a_51><b_42><c_4>
4f30d677e4b09c40b33591b2,35.69953872899186,139.77477461099625,33,8,34,33,16,<a_34><b_33><c_16>
4b860ba9f964a520817e31e3,35.689404599012214,139.69676792621613,236,9,48,5,61,<a_48><b_5><c_61>
4ba71711f964a520438039e3,35.697932841980155,139.77493822574615,139,14,31,16,21,<a_31><b_16><c_21>
4b5c07eef964a520c72129e3,35.65930993629862,139.6994984149933,65,8,62,37,55,<a_62><b_37><c_55>
4c7b8b672dc19521c68ab477,35.67465328558224,139.76296924206977,78,10,51,45,61,<a_51><b_45><c_61>
4b56ea77f964a520201f28e3,35.694759091559426,139.69819486141205,236,19,18,13,59,<a_18><b_13><c_59>
4df47c74d4c01ff6b2eff9d8,35.69246746503203,139.70337688922882,294,119,63,26,38,<a_63><b_26><c_38>
4b52f6e9f964a520828b27e3,35.60392373609032,139.6725636720657,78,23,61,47,47,<a_61><b_47><c_47>
4b62d4abf964a5207b542ae3,35.659824246789654,139.69820022583008,65,58,53,41,25,<a_53><b_41><c_25>
4c4043fbce54e21ed332091a,35.553686,139.741877,33,8,30,21,55,<a_30><b_21><c_55>
4b58fdddf964a520467728e3,35.66303643312233,139.76129114627838,90,33,51,42,8,<a_51><b_42><c_8>
4b679a31f964a52030572be3,35.66274151,139.734148,236,4,48,0,0,<a_48><b_0><c_0>
4b682dc3f964a520966a2be3,35.737700388989865,139.76328869997792,156,33,53,46,52,<a_53><b_46><c_52>
4cc3dc6482388cfa284e6b35,35.62025625528561,139.72715735435486,47,6,30,23,16,<a_30><b_23><c_16>
4b5fcb2bf964a520f8cc29e3,35.70833214307144,139.66622963547707,236,12,48,14,7,<a_48><b_14><c_7>
4b2c905cf964a520d3c724e3,35.6204917331762,139.70440685749054,78,118,31,41,3,<a_31><b_41><c_3>
4d96be9d2bd6f04da2d93e50,35.6710377981148,139.6417994042332,139,77,44,30,7,<a_44><b_30><c_7>
4e0015c0b0fb2c93493ad4b6,35.698881457342615,139.78017657995224,236,11,18,42,51,<a_18><b_42><c_51>
4dd04fcd183899ddfb02624c,35.68980172095763,139.70120644066014,360,56,18,39,15,<a_18><b_39><c_15>
4b81328df964a520209a30e3,35.709505,139.664834,33,7,10,19,60,<a_10><b_19><c_60>
4b45f8a0f964a520311326e3,35.617038,139.7412887,78,36,20,63,8,<a_20><b_63><c_8>
4d11fb14ffa36ea8d6a3f5da,35.676279,139.736007,42,5,55,13,22,<a_55><b_13><c_22>
4b835fdff964a5204e0431e3,35.701003848345835,139.7502821632306,320,10,24,61,4,<a_24><b_61><c_4>
4c288f529fb5d13a1bae9957,35.56002093504092,139.71802711486816,157,6,51,30,35,<a_51><b_30><c_35>
4b6ebd04f964a52073c82ce3,35.666657,139.804453,165,10,10,36,6,<a_10><b_36><c_6>
4b5570e7f964a52065e427e3,35.65999314040214,139.70190167427063,150,19,13,20,12,<a_13><b_20><c_12>
4f180204e5e8621740639431,35.719095934665965,139.7981708496809,289,16,9,47,5,<a_9><b_47><c_5>
4bd83734e914a5933fa852fa,35.6992942267494,139.63492959737778,54,11,8,37,57,<a_8><b_37><c_57>
4dc1739b8877c00d6ad8ab9c,35.745693738889145,139.71845626831055,47,17,11,45,50,<a_11><b_45><c_50>
4b74d2b1f964a52004f42de3,35.6981098582053,139.6514439986382,320,16,51,2,51,<a_51><b_2><c_51>
4b5990e4f964a520c98c28e3,35.67206211569899,139.78424549102783,248,20,61,10,8,<a_61><b_10><c_8>
4b7b2b56f964a52092552fe3,35.74931171236897,139.80505406856537,78,69,31,41,41,<a_31><b_41><c_41>
4b381c92f964a520c04b25e3,35.687030034465465,139.70072150230408,112,10,20,50,47,<a_20><b_50><c_47>
4b4fb9eef964a520c91227e3,35.70794991190894,139.7090283036232,297,25,51,39,21,<a_51><b_39><c_21>
4f05a15b00393c9846213ecd,35.75839154522286,139.7064547728103,6,19,51,45,12,<a_51><b_45><c_12>
4c35f1be16adc928a688c79c,35.772074,139.698941,56,12,44,13,43,<a_44><b_13><c_43>
4b55ce5ef964a520e3f027e3,35.67664647525236,139.51701164245603,78,6,53,14,22,<a_53><b_14><c_22>
4bc6a9b8d35d9c74a81fe33a,35.70766936739272,139.77639294646613,289,15,9,13,3,<a_9><b_13><c_3>
4c10c4f281e976b03e980feb,35.64334995505887,139.67025831341743,236,16,51,11,11,<a_51><b_11><c_11>
4b778dd1f964a52045a12ee3,35.72399930980267,139.77013118133027,132,12,18,11,24,<a_18><b_11><c_24>
4b6e8230f964a52028c02ce3,35.67234319855332,139.81945753097534,47,18,51,5,24,<a_51><b_5><c_24>
4b55a9b1f964a520ecea27e3,35.636198122722824,139.5000729185049,78,15,53,63,61,<a_53><b_63><c_61>
4c9c60519c48236abf784dee,35.78171810836787,139.715656042099,139,27,20,11,26,<a_20><b_11><c_26>
4e04bbc1b0fb3e6ecac54725,35.78371176,139.720464,236,1,30,38,55,<a_30><b_38><c_55>
4b5a9dd4f964a520eacd28e3,35.73651527788601,139.81261253356934,262,6,15,19,19,<a_15><b_19><c_19>
4d4e97b523a76dcb623761dc,35.642824094857644,139.55108642578125,320,4,48,17,14,<a_48><b_17><c_14>
4ba15e59f964a520c4b037e3,35.79700046412388,139.72772598266602,248,27,31,42,2,<a_31><b_42><c_2>
4b55b43df964a52084ec27e3,35.624370477536594,139.72333788871765,236,9,48,42,61,<a_48><b_42><c_61>
4b7a11e8f964a520ac212fe3,35.65527174108438,139.796908,109,5,48,19,19,<a_48><b_19><c_19>
4caffd18ef1b3704f4583700,35.65761311307283,139.79844205647765,6,7,48,13,4,<a_48><b_13><c_4>
4b5eaabaf964a5205c9529e3,35.523110539333615,139.6914866566658,78,88,44,30,57,<a_44><b_30><c_57>
4dd8a11ed4c05d5097087893,35.70216068252442,139.67348098754883,289,22,9,7,12,<a_9><b_7><c_12>
4cef632662ef6dcb79f8fd59,35.55884265,139.5514137,320,30,30,29,11,<a_30><b_29><c_11>
4daa93934b22f071eabbce64,35.55822508361516,139.5516968354068,299,25,61,29,57,<a_61><b_29><c_57>
4b5ed417f964a5201f9a29e3,35.70574985618929,139.7870931467032,47,9,30,29,59,<a_30><b_29><c_59>
4b582fd9f964a520574d28e3,35.71364126415521,139.7031683474779,150,13,13,2,3,<a_13><b_2><c_3>
4b580f01f964a520ea4928e3,35.540886918445715,139.7077864408493,78,19,44,43,44,<a_44><b_43><c_44>
4e76c2371495be5171b59fd2,35.73151794913539,139.71335940063,299,18,48,2,57,<a_48><b_2><c_57>
4b5edb12f964a5201f9b29e3,35.68945151338546,139.69770116315698,236,18,30,44,59,<a_30><b_44><c_59>
4b5a9665f964a520b2cc28e3,35.67290318237468,139.7983056306839,102,13,13,31,15,<a_13><b_31><c_15>
4e830807f5b9279035a1c93d,35.73306655039328,139.88160967826843,35,13,30,62,3,<a_30><b_62><c_3>
4e20154ad164740631f7d836,35.819918296670046,139.7372387020655,248,10,44,19,53,<a_44><b_19><c_53>
4bcd010f68f976b025c06383,35.625777,139.714744,320,19,30,14,35,<a_30><b_14><c_35>
4b64ee5cf964a52093da2ae3,35.75069181054449,139.75780963897705,295,29,9,5,15,<a_9><b_5><c_15>
4dc4de9f887717c880155932,35.607575,139.733794,149,15,48,2,33,<a_48><b_2><c_33>
4b83815ff964a520320831e3,35.642682,139.627839,201,36,24,54,46,<a_24><b_54><c_46>
4b55942ef964a520f7e727e3,35.69336059726962,139.78237867355347,78,100,53,5,8,<a_53><b_5><c_8>
4c5cd17e85a1e21ea6f35711,35.56443876788968,139.71645240946793,206,31,9,33,12,<a_9><b_33><c_12>
4e40e96acc3f50bdb7c8e309,35.68957669773217,139.53126825392246,104,23,8,11,59,<a_8><b_11><c_59>
4f31ab1ee4b015f62b8c3780,35.73040602980911,139.71115498073186,80,71,31,50,41,<a_31><b_50><c_41>
4b75f81bf964a52008332ee3,35.70717019821377,139.75144743919373,150,8,48,10,34,<a_48><b_10><c_34>
4b5cd940f964a520314729e3,35.663193334436265,139.75963354110718,320,10,10,13,19,<a_10><b_13><c_19>
4d5bdc466f6d6ea896b55eec,35.679286841945704,139.78652388549526,320,23,31,15,41,<a_31><b_15><c_41>
4f6af54fe4b0d8154ba4aabb,35.562517098603564,139.71697568893433,283,49,31,41,41,<a_31><b_41><c_41>
4b5ce29af964a520474929e3,35.65559403143691,139.7967963927741,68,17,48,46,16,<a_48><b_46><c_16>
4bfb77cdab180f47a3e5b3ce,35.551126629424594,139.78787183761597,82,9,18,39,42,<a_18><b_39><c_42>
4b6260a5f964a5200f452ae3,35.6810284037626,139.7769521252807,225,4,48,56,35,<a_48><b_56><c_35>
4dfaab56d22d56d1ebacea9e,35.70148164855514,139.7046670463538,131,23,13,8,51,<a_13><b_8><c_51>
4bd0255141b9ef3b178af9e5,35.708350655645326,139.71975982189178,186,13,51,17,19,<a_51><b_17><c_19>
4f59b404e4b05b5a09e211b6,35.700912774024886,139.70690108951302,30,29,9,10,41,<a_9><b_10><c_41>
4bdbcd713904a593302a4c9e,35.702718278969634,139.56165969371796,360,46,31,50,51,<a_31><b_50><c_51>
4e4271a252b18686a81f2f2c,35.7015834789715,139.70689058303833,77,31,61,56,12,<a_61><b_56><c_12>
4db610c743a1369cb5de3fba,35.7211429049946,139.7057855129242,342,34,30,48,49,<a_30><b_48><c_49>
4bdd4481b0f5c9284c134ce3,35.70811979265189,139.74895298480988,207,15,31,46,36,<a_31><b_46><c_36>
4cd3fef104c2236ad95ad0c7,35.696845895694054,139.69767451286316,320,12,8,25,36,<a_8><b_25><c_36>
4eb8e6f26d86ba38ae3b0201,35.71979713680668,139.7041654586792,138,28,30,48,55,<a_30><b_48><c_55>
4bbafadf98c7ef3beaa13302,35.52634131364013,139.62612390518188,262,34,20,14,44,<a_20><b_14><c_44>
4b5016e9f964a520831c27e3,35.69256767061045,139.7353930771351,150,7,21,54,14,<a_21><b_54><c_14>
4c5aa8015c57c9b676b11d4a,35.7298961419865,139.71307506693276,140,22,51,40,37,<a_51><b_40><c_37>
4b52e668f964a520478a27e3,35.71084313,139.60919571,153,15,51,7,9,<a_51><b_7><c_9>
4b8b8a88f964a52053a232e3,35.70027005305057,139.47976112365723,78,55,44,30,7,<a_44><b_30><c_7>
4b555ac5f964a52051e227e3,35.69776511776844,139.8264902830124,298,25,31,53,45,<a_31><b_53><c_45>
4f7940dde4b0cd1b3403868c,35.628871413415524,139.6593411862711,185,11,9,46,58,<a_9><b_46><c_58>
4da7c6996a2364c7a3461ff6,35.708494400190254,139.74848628044128,190,21,51,8,31,<a_51><b_8><c_31>
4d2d1e07762fa1430e647664,35.751353552600584,139.545276761055,299,11,31,8,18,<a_31><b_8><c_18>
4be53050bcef2d7f108d03e5,35.70110811776176,139.74729794942266,149,3,16,3,53,<a_16><b_3><c_53>
4b73b509f964a5201ab92de3,35.69295977818544,139.73639488220215,297,11,20,53,29,<a_20><b_53><c_29>
4b66ccc7f964a520432b2be3,35.631112,139.65653645,150,14,9,39,12,<a_9><b_39><c_12>
4b8c5cb1f964a520d6cc32e3,35.698997991402145,139.72328960895538,104,11,20,40,18,<a_20><b_40><c_18>
4b5d18f8f964a520805229e3,35.69063760189473,139.69539999961853,201,39,44,11,57,<a_44><b_11><c_57>
4d5216eec5ff6ea834feaa07,35.701185,139.750235,236,18,48,6,13,<a_48><b_6><c_13>
4ba25f89f964a5206ef237e3,35.54409951754986,139.60385084152222,289,11,9,47,13,<a_9><b_47><c_13>
4f34fa5ee4b0cbcdf04b62b4,35.65761,139.698943,236,8,61,13,61,<a_61><b_13><c_61>
4b6f7d59f964a520a7f22ce3,35.65674411,139.5410002,207,52,61,0,30,<a_61><b_0><c_30>
4c85b2f947cc224bbbaea39f,35.65712625910575,139.543479681015,195,75,61,59,59,<a_61><b_59><c_59>
4b595777f964a5209c8528e3,35.65397485921408,139.76193487644196,295,52,9,44,21,<a_9><b_44><c_21>
4b6a9fc2f964a5203bda2be3,35.681586,139.770554,150,8,24,42,30,<a_24><b_42><c_30>
4d67270d9792b1f797943a1f,35.623341043168665,139.7498280340552,320,16,61,2,5,<a_61><b_2><c_5>
4b557506f964a520cfe427e3,35.671005596713094,139.7185214684088,68,47,61,50,37,<a_61><b_50><c_37>
4b78c595f964a520c5e12ee3,35.76608459555451,139.86916422843933,249,25,9,48,47,<a_9><b_48><c_47>
4b618faaf964a520b3172ae3,35.69302077252383,139.77167934179306,16,7,18,54,12,<a_18><b_54><c_12>
4b722c62f964a5208b722de3,35.66634437054716,139.74858552217484,33,11,30,38,2,<a_30><b_38><c_2>
4b713431f964a5206c3c2de3,35.66166353347342,139.70053106546402,150,6,48,22,45,<a_48><b_22><c_45>
4b70bb27f964a520f72b2de3,35.59837995234855,139.65107917785645,207,31,61,53,18,<a_61><b_53><c_18>
4c81b9b451ada1cdc2271610,35.697854,139.772448,150,21,49,63,22,<a_49><b_63><c_22>
4bbb1cffb35776b0458dcb01,35.676848015435,139.7840617597103,33,7,30,2,59,<a_30><b_2><c_59>
4b5ad57df964a520a4d628e3,35.691086357930295,139.73564386367798,249,15,61,41,24,<a_61><b_41><c_24>
4dd2056c1838a7519651d673,35.658442,139.745169,33,10,61,2,45,<a_61><b_2><c_45>
4d6486e43384a093042c9d3c,35.59763406385715,139.65052664279938,195,8,61,2,11,<a_61><b_2><c_11>
4b567ac6f964a5204e1228e3,35.696364497915646,139.761401116848,29,10,18,11,6,<a_18><b_11><c_6>
4c7dd4b1d598a093eb3cc462,35.69305627962647,139.67938116035702,207,16,31,46,11,<a_31><b_46><c_11>
4e0bf9b2fa7672934ed1c19d,35.68567437651691,139.76480614851195,320,17,10,22,33,<a_10><b_22><c_33>
4bd05fadb221c9b63682d3d0,35.68122185670974,139.7683346271515,360,13,51,42,56,<a_51><b_42><c_56>
4e2252551838712abe7c8144,35.68037003713914,139.7690641963409,150,10,51,33,12,<a_51><b_33><c_12>
4b79657bf964a52069f72ee3,35.68402796087309,139.77445006370544,248,46,31,56,6,<a_31><b_56><c_6>
4b90bfe9f964a5202c9633e3,35.68137000753384,139.76645708084106,360,85,61,51,18,<a_61><b_51><c_18>
4b59d6f1f964a520399b28e3,35.66038540805923,139.6989431977272,150,12,13,42,28,<a_13><b_42><c_28>
4b6380aff964a520f67e2ae3,35.679084661941744,139.77994781566565,320,8,30,6,9,<a_30><b_6><c_9>
4bb30fb2eb3e952164b6ca0a,35.67390765712806,139.76065814495087,320,8,44,2,63,<a_44><b_2><c_63>
4c4a6d00f7cc1b8d3f655f3e,35.60688556589455,139.73386086691875,224,5,30,0,39,<a_30><b_0><c_39>
4f84fc9be4b0f1893694d346,35.661234,139.723293,68,10,31,15,41,<a_31><b_15><c_41>
4d6a0dcafd7ea35dad9fad4a,35.702073557727616,139.7553151845932,248,23,31,59,43,<a_31><b_59><c_43>
4bc68aa704e8b7133245362d,35.552095536910166,139.74096536636353,33,23,48,13,5,<a_48><b_13><c_5>
4b7bb3a7f964a520526b2fe3,35.70090607626465,139.74188804626465,251,4,61,23,5,<a_61><b_23><c_5>
4b63f604f964a520d6982ae3,35.62032602658474,139.72899734973907,149,11,48,6,36,<a_48><b_6><c_36>
4c198bd9838020a14afee561,35.640302097525165,139.7562700510025,90,16,61,18,14,<a_61><b_18><c_14>
4d8873cb7139b1f7bfdba0d4,35.85733095,139.6517605,320,15,48,2,15,<a_48><b_2><c_15>
4bf08e94f45ec928a000943c,35.64591926368589,139.82624888420105,236,16,8,26,2,<a_8><b_26><c_2>
4b84c580f964a520a64331e3,35.76543113746565,139.72726933658123,109,9,48,41,57,<a_48><b_41><c_57>
4b5d2b58f964a520655529e3,35.671484694327084,139.72158908843994,320,15,61,16,49,<a_61><b_16><c_49>
4dc2ade818506ca691c983e2,35.598266542850624,139.65039253234863,200,13,24,1,19,<a_24><b_1><c_19>
4c53d30cfd2ea593b8931429,35.53037174633066,139.6972239018202,16,13,61,19,37,<a_61><b_19><c_37>
4c2c1f8df7acef3b807bed0c,35.670184,139.750218,236,8,8,41,12,<a_8><b_41><c_12>
4b612a56f964a520ae0b2ae3,35.716369462731585,139.77649927139282,180,24,13,59,16,<a_13><b_59><c_16>
4dc9ec741f6e2812676c4c4a,35.69926708019805,139.77249881136086,207,42,20,59,52,<a_20><b_59><c_52>
4c3c5f63933b0f4720ebe321,35.6488224641695,139.77392163882956,331,7,61,9,24,<a_61><b_9><c_24>
4b7ccb9ff964a520c4a52fe3,35.67092953486365,139.71965662334833,150,8,13,8,16,<a_13><b_8><c_16>
4b91ffb8f964a520cfe233e3,35.70002261251153,139.77028995752335,33,13,21,49,2,<a_21><b_49><c_2>
4e3235156284e2699944fe05,35.64727,139.743898,109,16,30,27,34,<a_30><b_27><c_34>
4b2cb992f964a520c9c824e3,35.67877297088322,139.63537216186523,78,32,44,56,48,<a_44><b_56><c_48>
4f20c624e4b0b238b7f0ca36,35.623561603711245,139.72217917442322,150,7,30,9,19,<a_30><b_9><c_19>
4b54f9aaf964a5202bd627e3,35.61852939623468,139.73212480545044,90,5,21,19,4,<a_21><b_19><c_4>
4f3fc1d7e4b020913c7eb073,35.65021981219892,139.55773021654863,111,15,44,11,2,<a_44><b_11><c_2>
4ddc66f61850ebc228e6ce10,35.598628580300975,139.65186774730682,186,25,63,41,56,<a_63><b_41><c_56>
4b603f49f964a520bfdb29e3,35.6589743251244,139.6994648873806,236,8,56,2,2,<a_56><b_2><c_2>
4c15a49082a3c9b6ed38fff8,35.69739100165168,139.7596536061517,29,5,30,6,6,<a_30><b_6><c_6>
4bbde3098a4fb713967b3d9d,35.7573873414594,139.85453009605408,289,22,31,46,61,<a_31><b_46><c_61>
4f4dcbcee4b05b49b532d8b1,35.66028655105958,139.69769119111328,111,14,9,58,24,<a_9><b_58><c_24>
4e7ffd87e5fa9ee502217d2b,35.661568983921704,139.7025224404755,236,9,18,31,16,<a_18><b_31><c_16>
4cc34db0d43ba143dc2a5ff8,35.6977433353774,139.77222248911858,273,23,31,46,30,<a_31><b_46><c_30>
4b8b5b42f964a520579d32e3,35.623085,139.722606,149,7,30,38,35,<a_30><b_38><c_35>
4b778610f964a520bf9f2ee3,35.71559854240756,139.897922873497,139,28,31,46,24,<a_31><b_46><c_24>
4b49cfeaf964a520ff7326e3,35.66108821612576,139.69735264778137,39,16,21,47,3,<a_21><b_47><c_3>
4de7542ab0fb2165e1a2b876,35.62781341541734,139.73859568149828,360,59,51,5,54,<a_51><b_5><c_54>
4b6ec3a2f964a52084c92ce3,35.66126691362452,139.69824850559235,251,32,53,3,16,<a_53><b_3><c_16>
4c5a37885c57c9b6d9ed1c4a,35.647184,139.744004,149,16,48,42,49,<a_48><b_42><c_49>
4b735f8df964a5204aab2de3,35.67701687303399,139.73704934120178,297,67,44,30,56,<a_44><b_30><c_56>
4b592b8cf964a520fc7f28e3,35.75296338297644,139.73453938404583,77,5,48,9,28,<a_48><b_9><c_28>
4b0587a1f964a5208c9d22e3,35.62289444016655,139.74725246429443,370,9,48,4,19,<a_48><b_4><c_19>
4b5a9814f964a520edcc28e3,35.618311911008234,139.83395602053278,139,4,8,31,12,<a_8><b_31><c_12>
4c2a8352d1a10f474993f664,35.55114408732072,139.7890841960907,272,12,53,63,4,<a_53><b_63><c_4>
4b56643df964a520700e28e3,35.705837,139.721117,297,137,63,4,57,<a_63><b_4><c_57>
4b5d9bc4f964a5204f6329e3,35.554213,139.646745,236,5,10,2,16,<a_10><b_2><c_16>
4b48460cf964a520ea4a26e3,35.653983576950985,139.5990228652954,139,19,31,46,4,<a_31><b_46><c_4>
4bbc9c90a0a0c9b667831a0f,35.64428886575498,139.69890832901,67,11,51,43,36,<a_51><b_43><c_36>
4d81f2c86282721e553ce84d,35.65794152,139.696585,16,10,61,50,51,<a_61><b_50><c_51>
4b83d44bf964a520731231e3,35.710672316122455,139.70343589782715,320,10,61,16,50,<a_61><b_16><c_50>
4b1ddfeef964a5200d1624e3,35.65573364336717,139.6944746375084,29,5,30,38,31,<a_30><b_38><c_31>
4f7a5708e4b0d7b57617177a,35.69874810502791,139.77334251897608,241,17,31,6,13,<a_31><b_6><c_13>
4b5b04c8f964a52022df28e3,35.72721382257842,139.8282766342163,78,10,9,20,61,<a_9><b_20><c_61>
4da3e1b77ccc816ed253867b,35.65714369389067,139.54346895217896,210,44,24,11,38,<a_24><b_11><c_38>
4b9a6494f964a52072b135e3,35.63998166519881,139.86217975616455,367,10,48,41,50,<a_48><b_41><c_50>
4f3b72b1e4b06a3b8f291658,35.6672090051095,139.76344343802003,90,23,51,42,51,<a_51><b_42><c_51>
4dfea8bb813091f1e9c90f5e,35.61084529355093,139.5537042617798,186,19,18,22,53,<a_18><b_22><c_53>
4b0dfb78f964a520815323e3,35.67514525722818,139.75975155830383,297,113,44,13,38,<a_44><b_13><c_38>
4d64514f897a224b1a5b1fcf,35.62272437798053,139.7503638267517,155,12,61,47,12,<a_61><b_47><c_12>
4b72754af964a520727b2de3,35.67121668223317,139.76499795913696,297,65,44,43,44,<a_44><b_43><c_44>
4b7a642ff964a520852b2fe3,35.72991814981789,139.71329033374786,335,8,21,2,54,<a_21><b_2><c_54>
4c4ac8ff712ac9284718f46b,35.661583344272124,139.70292674528085,149,14,61,32,18,<a_61><b_32><c_18>
4b5fcfd6f964a5209ecd29e3,35.64781727491014,139.746401533556,236,6,49,2,26,<a_49><b_2><c_26>
4b5a5d76f964a5204bc028e3,35.69581230276781,139.73869889974594,236,16,44,2,0,<a_44><b_2><c_0>
4b60f8adf964a52014042ae3,35.696427667925526,139.69845235347748,236,18,18,30,60,<a_18><b_30><c_60>
4b569ce3f964a520b61628e3,35.68891662087583,139.70189094543457,78,57,9,42,21,<a_9><b_42><c_21>
4b593483f964a5204d8128e3,35.52490931080678,139.68212842941284,288,8,51,13,58,<a_51><b_13><c_58>
4bc96cc2511f95210fc4adc7,35.654680992821085,139.7370171546936,297,13,20,15,52,<a_20><b_15><c_52>
4b6e4156f964a52082b42ce3,35.701437,139.77054963,149,11,51,8,19,<a_51><b_8><c_19>
4be39a38f07b0f47409cf843,35.65831511334642,139.6990823074479,298,17,44,53,14,<a_44><b_53><c_14>
4b54fe58f964a520fed627e3,35.65707068570345,139.53021481633186,78,19,20,57,32,<a_20><b_57><c_32>
4f2c8074e4b056f83a38d5cf,35.740870726640985,139.71430694723531,320,22,18,54,15,<a_18><b_54><c_15>
4b5d3037f964a520015629e3,35.662315499162524,139.69914712728627,149,8,61,61,19,<a_61><b_61><c_19>
4b5fba63f964a5203bca29e3,35.71445303685295,139.78889644145966,298,21,31,2,52,<a_31><b_2><c_52>
4bb801fd3db7b713adea209a,35.71739298949065,139.78938460350037,88,9,31,6,7,<a_31><b_6><c_7>
4b59964ef964a520b88d28e3,35.712636745245646,139.70429688692093,298,33,31,41,63,<a_31><b_41><c_63>
4b567f20f964a520f21228e3,35.66218218722635,139.76014852523804,90,24,44,58,48,<a_44><b_58><c_48>
4b5d4e67f964a5205b5929e3,35.690057064563035,139.69741197457262,39,35,61,26,48,<a_61><b_26><c_48>
4c74d2593adda14316a805af,35.65594504356377,139.75218772888184,68,11,9,48,52,<a_9><b_48><c_52>
4b5be4f4f964a520131c29e3,35.7051864848146,139.57906341618164,302,21,63,50,41,<a_63><b_50><c_41>
4c0466f63f03b7131d235241,35.69779996958173,139.77423012256622,320,20,51,18,1,<a_51><b_18><c_1>
4b7374adf964a5206baf2de3,35.60296284495956,139.50741799743145,47,28,9,52,13,<a_9><b_52><c_13>
4bb00caff964a52003343ce3,35.70372020028293,139.75352346897125,291,3,11,29,12,<a_11><b_29><c_12>
4b59997ff964a520468e28e3,35.688905728472655,139.69852477312088,39,70,61,9,63,<a_61><b_9><c_63>
4b9f4aa6f964a520351b37e3,35.55225265593958,139.6473240852356,211,24,9,39,5,<a_9><b_39><c_5>
4bb6fb732ea195217b76ac2f,35.7077604291147,139.70464289188385,139,27,31,8,22,<a_31><b_8><c_22>
4e982b070aafaa1ef90a5dbb,35.65856976837114,139.70294170467082,299,17,51,6,18,<a_51><b_6><c_18>
4bea84aa415e20a1b911e5bb,35.70188188283944,139.7445809841156,302,9,48,52,11,<a_48><b_52><c_11>
4dfc6b7bb61c84188eecb6c7,35.60389320489487,139.50794577598572,249,5,16,28,46,<a_16><b_28><c_46>
4ba1f58cf964a520a1d337e3,35.73011846670159,139.7172224521637,152,22,44,56,2,<a_44><b_56><c_2>
4c05fa7e8f8fa59382acf20d,35.69059839008235,139.69956278800964,360,24,31,51,29,<a_31><b_51><c_29>
4b9e2d26f964a5207ccf36e3,35.69044154264012,139.6999168395996,360,55,61,41,43,<a_61><b_41><c_43>
4c396ad12c8020a179c08c00,35.70225434157483,139.7522869706154,78,54,51,49,36,<a_51><b_49><c_36>
4c257ab0905a0f47e0b66160,35.7100254813031,139.7743347287178,251,45,31,29,16,<a_31><b_29><c_16>
4b56c8a7f964a520271b28e3,35.68888176518041,139.69715416431427,236,19,61,23,14,<a_61><b_23><c_14>
4b515c44f964a520b64b27e3,35.646686498258696,139.71132427453995,249,4,30,20,10,<a_30><b_20><c_10>
4cf066bfe9425481d60d64c5,35.56160439325515,139.71457128116646,294,19,44,40,13,<a_44><b_40><c_13>
4b5fdbd8f964a520face29e3,35.657331,139.782298,68,26,61,48,12,<a_61><b_48><c_12>
4e7aad4c7d8b199a90349d7a,35.695996368241936,139.6985810995102,155,7,27,42,14,<a_27><b_42><c_14>
4b3dd78cf964a5200b9725e3,35.63168267437874,139.7302982211113,297,10,44,11,61,<a_44><b_11><c_61>
4b232b7bf964a520175424e3,35.670741121372096,139.74764726435217,150,8,30,58,53,<a_30><b_58><c_53>
4b59bc5ef964a5204f9528e3,35.69247617856559,139.69959765672684,7,27,53,59,41,<a_53><b_59><c_41>
4b64f049f964a52019db2ae3,35.602349183533526,139.5076882839203,156,6,18,6,19,<a_18><b_6><c_19>
4b723f70f964a5207d752de3,35.60944588546884,139.74885491181234,249,14,1,15,46,<a_1><b_15><c_46>
4c3ae82bbe4620a111750b13,35.69258046011206,139.70119958781652,298,21,22,42,4,<a_22><b_42><c_4>
4bb8d3727421a5932126c240,35.70727966147421,139.785684984175,320,10,51,31,18,<a_51><b_31><c_18>
4b6a2427f964a520e5c92be3,35.77705492532113,139.83203172683716,297,5,31,61,14,<a_31><b_61><c_14>
4b56cdbef964a520a91b28e3,35.70750125077018,139.66468334197998,301,90,63,31,11,<a_63><b_31><c_11>
4c96f11094debfb7c7d0a976,35.669711004066606,139.4855761528015,157,11,14,59,24,<a_14><b_59><c_24>
4b6182f4f964a52041162ae3,35.662753138302364,139.76059913635254,320,23,61,5,0,<a_61><b_5><c_0>
4b0f587cf964a520a66123e3,35.70905630819684,139.71950232982635,207,33,31,7,20,<a_31><b_7><c_20>
4bb334e135f0c9b6e80fbc83,35.707026,139.666427,54,14,51,6,57,<a_51><b_6><c_57>
4bb28a342397b713402c37b3,35.657919537965846,139.70498085021973,149,2,30,23,59,<a_30><b_23><c_59>
4b55283ef964a52028dd27e3,35.69037401100749,139.73601132631302,39,18,18,7,60,<a_18><b_7><c_60>
4b5e6790f964a5204a8d29e3,35.66549887652342,139.7298502922058,47,24,14,33,1,<a_14><b_33><c_1>
4bc3d775b492d13a6065a960,35.70975324285668,139.71866011619568,186,28,20,44,16,<a_20><b_44><c_16>
4b913153f964a52002a933e3,35.57867584893939,139.55960551582467,72,12,9,10,58,<a_9><b_10><c_58>
4e48ad85887781a619c867dc,35.70477547118151,139.58086162805557,39,6,61,6,13,<a_61><b_6><c_13>
4be8e85ca117b7138e7681c8,35.70903017302856,139.71897661685944,186,8,55,25,57,<a_55><b_25><c_57>
4b59a361f964a5203c9028e3,35.7435341962034,139.7287130355835,297,26,44,49,43,<a_44><b_49><c_43>
4be3866b1dd22d7fee0a97bd,35.70413297389644,139.56264492125086,320,9,44,53,51,<a_44><b_53><c_51>
4c1b527463750f475aa2b467,35.709461402209485,139.7736293077469,284,11,18,46,20,<a_18><b_46><c_20>
4b0587b2f964a52041a022e3,35.649070981401835,139.71064031124115,265,23,24,8,34,<a_24><b_8><c_34>
4b74eaebf964a52009f82de3,35.64317123458197,139.64643219952362,47,13,48,16,59,<a_48><b_16><c_59>
4b80a277f964a520798230e3,35.729060265291,139.71898466348648,140,56,24,6,12,<a_24><b_6><c_12>
4b6827aaf964a52086692be3,35.576449674174114,139.65855717658997,290,14,51,42,42,<a_51><b_42><c_42>
4b765440f964a52074482ee3,35.56283,139.568453,158,8,48,2,18,<a_48><b_2><c_18>
4b5abd43f964a520c3d228e3,35.575463608507995,139.65788662433624,47,10,28,1,51,<a_28><b_1><c_51>
4b9d7badf964a520a5af36e3,35.65271949516474,139.75905418395996,289,10,61,19,2,<a_61><b_19><c_2>
4b566c58f964a520b70f28e3,35.6845900413022,139.78170812129974,88,36,31,42,5,<a_31><b_42><c_5>
4cadac1e628cb1f780362d15,35.7055933237456,139.75289583206177,264,22,49,6,2,<a_49><b_6><c_2>
4b77e673f964a5201cae2ee3,35.802911145187174,139.72069591283798,298,35,44,16,43,<a_44><b_16><c_43>
4de30ded2271bfb844ab481c,35.6830127202949,139.73939895629883,236,15,16,50,26,<a_16><b_50><c_26>
4b5c0ab6f964a520262229e3,35.682544602911776,139.70115159119072,236,9,21,7,29,<a_21><b_7><c_29>
4c478eb5eb489c745e95c847,35.59056377172603,139.7302606701851,47,18,48,42,2,<a_48><b_42><c_2>
4c67bd6b7abde21ef6446768,35.57798110607573,139.53535795211792,30,11,27,8,33,<a_27><b_8><c_33>
4ee12f41f5b9c102ea07dc89,35.7775400284464,139.72096054134337,78,32,44,13,36,<a_44><b_13><c_36>
4b98a3e7f964a520bd4935e3,35.79891490290229,139.56754446029663,298,5,48,46,20,<a_48><b_46><c_20>
4c943394f7cfa1cd2afbb115,35.71147812993468,139.71947818994522,236,17,44,36,28,<a_44><b_36><c_28>
4b75662df964a520580a2ee3,35.69813922940589,139.77580055594444,236,11,49,26,22,<a_49><b_26><c_22>
4e1e5275887799f23feebee1,35.70071875488621,139.74163055419922,31,4,48,23,35,<a_48><b_23><c_35>
4b59b705f964a520499428e3,35.692117242904224,139.7018197609178,253,5,10,42,29,<a_10><b_42><c_29>
4db3babaf7b121c29f3e132c,35.669273022885584,139.83761608600616,342,15,44,10,8,<a_44><b_10><c_8>
4b6b561ef964a520c0012ce3,35.736053,139.628934,247,7,48,42,12,<a_48><b_42><c_12>
4b497feef964a5209c7026e3,35.7492799827662,139.8050736061516,298,19,9,13,44,<a_9><b_13><c_44>
4e22bd4b18a88345f05995ef,35.69134885,139.76104981,248,8,48,54,61,<a_48><b_54><c_61>
4b4ebb68f964a520b8f426e3,35.66829681737731,139.71500158309937,150,8,10,13,3,<a_10><b_13><c_3>
4b725e07f964a520fe782de3,35.73193435981486,139.77348446846008,47,15,11,56,57,<a_11><b_56><c_57>
4b7234e3f964a520e8732de3,35.53285485769501,139.6955180168152,27,7,11,6,13,<a_11><b_6><c_13>
4b77a99ff964a52002a62ee3,35.82795649974182,139.80457663536072,284,1,30,46,34,<a_30><b_46><c_34>
4c1486fc7f7f2d7fd91ae168,35.6907378097721,139.703226685524,64,18,51,57,35,<a_51><b_57><c_35>
4b5bc11ff964a5204a1429e3,35.68182317,139.797914,320,9,61,29,61,<a_61><b_29><c_61>
4b6c8feef964a52053432ce3,35.82271970506961,139.64176654815674,289,9,61,29,12,<a_61><b_29><c_12>
4b90d27df964a520879833e3,35.69139621079193,139.7620707759175,90,19,9,20,58,<a_9><b_20><c_58>
4d1175db90d0a143dd1b9e09,35.69773026593994,139.77584213018417,236,3,30,48,39,<a_30><b_48><c_39>
4b6e9c35f964a520e5c32ce3,35.758945778229176,139.59850788116455,289,6,45,24,12,<a_45><b_24><c_12>
4d70cc57430137045e0ffab8,35.83325818485037,139.79112803936005,39,26,51,19,6,<a_51><b_19><c_6>
4b4e5461f964a5209ce926e3,35.60640928015268,139.69292973231842,78,8,18,35,6,<a_18><b_35><c_6>
4bc0022d2a89ef3b090ef088,35.77444142129461,139.5683491230011,289,11,61,13,1,<a_61><b_13><c_1>
4b5ea790f964a520169529e3,35.70343487179992,139.57705825567243,294,23,53,61,45,<a_53><b_61><c_45>
4b7491b8f964a520afe42de3,35.697645314544104,139.64767813682556,249,17,9,10,52,<a_9><b_10><c_52>
4baf2fb9f964a520d8ef3be3,35.70168,139.77164369,33,11,61,13,24,<a_61><b_13><c_24>
4bebdd3c62c0c928f691e2d4,35.682529060368985,139.7722613811493,236,14,44,56,2,<a_44><b_56><c_2>
4d67a7ca5b376dcb42436e67,35.61683956750687,139.56616580486298,33,7,55,17,47,<a_55><b_17><c_47>
4c033fd1f56c2d7f27b71c66,35.70705,139.781869,33,6,48,2,20,<a_48><b_2><c_20>
4b533e58f964a520d59327e3,35.66799937738871,139.60183784365654,47,14,20,15,51,<a_20><b_15><c_51>
4e843c9f0cd658af31bd7282,35.70281847166757,139.5792093873024,349,9,61,2,30,<a_61><b_2><c_30>
4d8aef36f6528eec82d1911b,35.66157636444477,139.70248103141785,149,7,14,3,24,<a_14><b_3><c_24>
4cac19f597c8a1cd481a9ea5,35.67519834326479,139.76244014368996,299,11,21,42,40,<a_21><b_42><c_40>
4db395246e8179a9136d07da,35.529774,139.72983,38,6,10,42,10,<a_10><b_42><c_10>
4bef6ebb5e4aa593d90f59bb,35.602966767487814,139.67191907847447,308,13,48,30,63,<a_48><b_30><c_63>
4bb5cb361344b713239b9c04,35.70304499382483,139.57986116409302,39,8,61,29,19,<a_61><b_29><c_19>
4c008a1834ccc9287ad2e1cd,35.70074053646446,139.77192878723145,294,12,18,54,26,<a_18><b_54><c_26>
4b7a7e55f964a5208d2e2fe3,35.836049,139.793406,320,30,31,15,63,<a_31><b_15><c_63>
4b5d7524f964a520995d29e3,35.60995232852421,139.71195325255394,78,8,18,2,37,<a_18><b_2><c_37>
4d7ed72943c2cbff305989c9,35.65713061780236,139.543479681015,195,19,30,23,11,<a_30><b_23><c_11>
4d4f5d48e02754812c2296b6,35.70102471,139.76926616666665,236,19,31,40,63,<a_31><b_40><c_63>
4b5d65ccf964a520cb5b29e3,35.62533062716246,139.72533017465986,157,35,9,48,21,<a_9><b_48><c_21>
4b75032af964a52002fb2de3,35.528537292734484,139.69825387001038,249,16,24,5,22,<a_24><b_5><c_22>
4b5bc447f964a520f31429e3,35.596953598117416,139.68523979187012,78,8,20,59,52,<a_20><b_59><c_52>
4b5a7486f964a52027c628e3,35.7040686917013,139.579496383667,27,4,16,8,31,<a_16><b_8><c_31>
4df36f287d8b18e1722ed1bd,35.701377,139.704605,54,14,44,13,46,<a_44><b_13><c_46>
4da2baef540ea1cd4a2382de,35.8359154179489,139.79458272457123,38,11,19,47,60,<a_19><b_47><c_60>
4b7a7e9af964a520972e2fe3,35.83639162298758,139.79447275400162,302,28,51,19,46,<a_51><b_19><c_46>
4ec0d5a84fc6a7630f57e1e4,35.77977714333488,139.7208856791258,236,17,21,1,36,<a_21><b_1><c_36>
4b543cf4f964a52044b527e3,35.58529754322752,139.68236446380615,78,19,31,8,42,<a_31><b_8><c_42>
4b543c80f964a5203ab527e3,35.57965377857226,139.685504,78,14,20,25,36,<a_20><b_25><c_36>
4b56bed4f964a520251a28e3,35.57292966949094,139.6914591640234,78,20,61,16,61,<a_61><b_16><c_61>
4b91ac2df964a520dfce33e3,35.69898927858116,139.77468609809875,249,7,48,34,52,<a_48><b_34><c_52>
4b8289fff964a52056d730e3,35.689341423439565,139.70783472061157,54,5,8,6,57,<a_8><b_6><c_57>
4d3f845a9ccacbff35b14ad0,35.531265811260745,139.69489574432373,237,19,61,56,60,<a_61><b_56><c_60>
4b5abaa5f964a52056d228e3,35.859215669677326,139.65615525841713,284,22,61,8,42,<a_61><b_8><c_42>
4b5d59eaf964a5208b5a29e3,35.69331594089527,139.70370814204216,42,11,49,26,33,<a_49><b_26><c_33>
4ca082fd2fb1a14307a6fc40,35.70412532141293,139.57979947328568,302,5,48,6,41,<a_48><b_6><c_41>
4d87295c40a7a35d82fc41be,35.586382006413324,139.7279541047821,284,33,31,61,41,<a_31><b_61><c_41>
4b3f1743f964a520eba325e3,35.65815054626231,139.6985220909119,68,44,20,13,34,<a_20><b_13><c_34>
4b7eb368f964a520f9f92fe3,35.61543752766903,139.71526443958282,33,11,48,34,26,<a_48><b_34><c_26>
4b6cbfbaf964a52067512ce3,35.6520307801174,139.5452418923378,149,6,49,15,37,<a_49><b_15><c_37>
4d96fbd2daec224bfa1b243e,35.586385573075084,139.72803392196803,88,32,31,10,41,<a_31><b_10><c_41>
4bf08fceb315c9b63d2e93ff,35.658595126386274,139.69954133033752,253,31,61,50,37,<a_61><b_50><c_37>
4b616f5af964a52070132ae3,35.69619241384184,139.75999295711517,236,4,30,37,29,<a_30><b_37><c_29>
4badd438f964a520f06b3be3,35.69834017073988,139.77461636066437,236,7,51,24,7,<a_51><b_24><c_7>
4b5c027ff964a5200d2129e3,35.689689977699615,139.7023120522499,27,7,48,42,18,<a_48><b_42><c_18>
4ea2d800f9f48bb22d609b39,35.69955343177542,139.77039456367493,294,19,61,51,43,<a_61><b_51><c_43>
4b778e3ef964a5205ea12ee3,35.68886651580891,139.70243006944656,249,13,18,7,55,<a_18><b_7><c_55>
4b5ad5b0f964a520acd628e3,35.6676866828724,139.60047125816345,298,13,31,3,19,<a_31><b_3><c_19>
4c8f70d7d2aea093a850d669,35.57259696814416,139.7131723165512,290,30,20,59,29,<a_20><b_59><c_29>
4deeaf5bb0fbe76bc3b26493,35.702300082001315,139.56091940402985,299,45,61,50,24,<a_61><b_50><c_24>
4b7aa892f964a520d5352fe3,35.662410434004364,139.69710782948346,31,9,49,6,1,<a_49><b_6><c_1>
4b602760f964a520a8d729e3,35.65246885588231,139.5452177524567,236,35,44,49,47,<a_44><b_49><c_47>
4eca4db32c5b532d09eba64d,35.699148287414395,139.77167129516602,33,12,19,45,56,<a_19><b_45><c_56>
4b56c4c5f964a520c41a28e3,35.7098447150784,139.79080080986023,297,79,20,61,48,<a_20><b_61><c_48>
4c71147634443704a8e5255f,35.5636582383922,139.71609324216843,236,13,11,8,36,<a_11><b_8><c_36>
4f73098cc2ee7d53879b46b1,35.72820672633805,139.71341371536255,16,14,51,45,0,<a_51><b_45><c_0>
4b93906af964a5206e4834e3,35.778689137724655,139.80312824249268,248,13,9,1,15,<a_9><b_1><c_15>
4b517e0bf964a520524e27e3,35.74249716997301,139.78118607846145,78,28,44,18,6,<a_44><b_18><c_6>
4b5a75e7f964a52085c628e3,35.531370584522264,139.70021724700928,166,37,20,22,30,<a_20><b_22><c_30>
4b69887ff964a5203ba62be3,35.67240202972315,139.72461462020874,225,14,48,13,30,<a_48><b_13><c_30>
4f8566c8e4b042f37ba0d376,35.66477203739955,139.85815870226676,227,5,48,42,46,<a_48><b_42><c_46>
4e3be153e4cdab9b932d0c21,35.67450467083989,139.5622819662094,299,33,31,47,17,<a_31><b_47><c_17>
4b586551f964a520de5528e3,35.74196293969431,139.64794032275677,78,40,31,41,21,<a_31><b_41><c_21>
4b57ec00f964a5204e4628e3,35.62890743214255,139.74068641662598,298,9,9,29,33,<a_9><b_29><c_33>
4d48883b6db7236ae21dd697,35.696885104434905,139.81479585170746,149,18,20,63,29,<a_20><b_63><c_29>
4b8513f2f964a520144b31e3,35.689975,139.698249,299,33,20,63,2,<a_20><b_63><c_2>
4b6d0ffdf964a52043652ce3,35.77884145940643,139.78148818016052,78,7,61,12,46,<a_61><b_12><c_46>
4b73bc08f964a52016ba2de3,35.66337394202373,139.66860491265598,245,4,48,53,46,<a_48><b_53><c_46>
4d2eb122bb73a0905e2f55dc,35.65350518973135,139.54443588852882,33,57,61,51,60,<a_61><b_51><c_60>
4b571e9ef964a520252728e3,35.708007564981166,139.77307323343462,289,17,61,59,16,<a_61><b_59><c_16>
4b55be4ff964a52001ee27e3,35.56704119689718,139.72834020853043,78,41,61,0,52,<a_61><b_0><c_52>
4dbd002d43a1d8504b9ba4d0,35.74568,139.7297,68,23,44,18,43,<a_44><b_18><c_43>
4bfb70948d30d13a721e0418,35.691735124749655,139.82620044414296,320,20,31,29,21,<a_31><b_29><c_21>
4c525380d797e21e8343857d,35.7186429809343,139.7734898328781,78,11,44,13,24,<a_44><b_13><c_24>
4e3b95fd8130b2d2c41305ad,35.553662349011454,139.57911550998688,298,55,31,39,19,<a_31><b_39><c_19>
4be60bbb2468c928fef80043,35.553876201212944,139.5781660079956,302,23,61,5,30,<a_61><b_5><c_30>
4c3e7c3383a3a5931d40ee33,35.750559,139.835341,302,6,61,43,38,<a_61><b_43><c_38>
4ed6f1419adf06cbf619d0de,35.688734,139.710131,297,11,40,54,43,<a_40><b_54><c_43>
4b67f754f964a52060622be3,35.84850594626532,139.66912818963073,47,47,31,46,37,<a_31><b_46><c_37>
4b5e3731f964a5203d8429e3,35.84652606702501,139.66933965682983,39,71,31,46,37,<a_31><b_46><c_37>
4b63ea8ef964a520f9962ae3,35.69327890876099,139.69953060150146,109,13,22,25,14,<a_22><b_25><c_14>
4e6f7c1488779c905dfa0f06,35.74617501618312,139.82665515692258,320,17,45,43,36,<a_45><b_43><c_36>
4b54ebe8f964a5203ed327e3,35.70090607626465,139.73570823669434,297,28,44,10,52,<a_44><b_10><c_52>
4bdaf7d0c79cc9289f6f80e9,35.708982258531094,139.66612100601196,42,5,30,58,61,<a_30><b_58><c_61>
4cd3580f607a6dcbb2060f54,35.655217,139.762425,289,27,44,49,56,<a_44><b_49><c_56>
4c398e21dfb0e21e9baeb0a8,35.65041658244714,139.7575412161298,6,16,44,18,37,<a_44><b_18><c_37>
4ec83a28e5fa232a7619f2e3,35.751238666851286,139.8677535176219,90,16,31,30,42,<a_31><b_30><c_42>
4bd3116da8b3a593faf6685f,35.82125603747087,139.73910927772522,139,12,35,46,21,<a_35><b_46><c_21>
4c28be11d26eb7133f4e14d1,35.70007401747545,139.48399901390076,251,31,31,30,41,<a_31><b_30><c_41>
4b508577f964a520f72527e3,35.762201854859505,139.82492923736572,78,75,31,30,19,<a_31><b_30><c_19>
4b5ea923f964a5203d9529e3,35.53564925483943,139.72616761922836,78,18,61,51,42,<a_61><b_51><c_42>
4df1ed61ae609e69dd92ec7e,35.70190366409996,139.6757474541664,289,28,44,25,51,<a_44><b_25><c_51>
4c4ff495f080a5938443b0e1,35.705693769737614,139.66569956390094,78,30,61,43,54,<a_61><b_43><c_54>
4b074565f964a5200dfb22e3,35.73736872779667,139.6758198738098,207,22,31,15,3,<a_31><b_15><c_3>
4b59955bf964a520858d28e3,35.68794065564747,139.72006559371948,297,70,44,1,14,<a_44><b_1><c_14>
4b625e3cf964a5209a442ae3,35.64137891511245,139.69810634851456,71,8,52,34,35,<a_52><b_34><c_35>
4b595950f964a520c48528e3,35.662609125203595,139.8729790651915,150,4,48,54,41,<a_48><b_54><c_41>
4b575f69f964a520463428e3,35.70925232168584,139.66568112373352,298,79,11,12,3,<a_11><b_12><c_3>
4f3aedb3e4b036beb81882ad,35.631061485476245,139.60148953763192,319,14,51,46,37,<a_51><b_46><c_37>
4d9fc6402305a35ddbcfbeaf,35.58441955193007,139.75465395811818,289,12,30,13,55,<a_30><b_13><c_55>
4b870e83f964a5200cae31e3,35.655466668092565,139.74707275629044,291,23,61,56,7,<a_61><b_56><c_7>
4b8cd34bf964a5203cde32e3,35.65461016179963,139.74518783397676,248,37,61,0,30,<a_61><b_0><c_30>
4b861c05f964a520188031e3,35.590571250105086,139.729764983638,139,51,31,50,6,<a_31><b_50><c_6>
4dde4065d4c01aeee8f82ca4,35.589621118694104,139.7292761409226,78,102,31,46,18,<a_31><b_46><c_18>
4b5886a3f964a5202d5c28e3,35.78634838065128,139.86921787261963,139,3,34,56,42,<a_34><b_56><c_42>
4b5e48ecf964a520c08729e3,35.66791330480432,139.79269981384277,78,7,63,56,19,<a_63><b_56><c_19>
4cd4ca6767c7236a227c0f77,35.655212,139.762435,68,20,31,46,35,<a_31><b_46><c_35>
4b7f91a1f964a520d73430e3,35.61161511506697,139.62645400254698,78,34,44,56,61,<a_44><b_56><c_61>
4efe83cd0e01089c546f3d4a,35.61054403803903,139.62587632449103,341,56,31,1,19,<a_31><b_1><c_19>
4b543f84f964a5207cb527e3,35.59379110129347,139.60565328598022,78,67,44,56,18,<a_44><b_56><c_18>
4c50cd08250dd13af8aa257c,35.60709523409708,139.68506294729215,78,7,61,15,8,<a_61><b_15><c_8>
4b592047f964a520f27d28e3,35.67282038345795,139.72402453422546,289,25,30,46,34,<a_30><b_46><c_34>
4edea747f5b93f54c3444e74,35.58217155114122,139.74872017306745,320,22,30,33,25,<a_30><b_33><c_25>
4e2f7404b0fbdc2b65021229,35.605401851823075,139.50659796655796,138,6,30,33,40,<a_30><b_33><c_40>
4ec9e7bfcc21b428e5e3e370,35.52745138447289,139.7009371801164,90,9,30,48,55,<a_30><b_48><c_55>
4bea5deb6295c9b6c05b8608,35.6555756377002,139.5443259179592,208,17,48,30,26,<a_48><b_30><c_26>
4b565633f964a5200b0c28e3,35.72989637621322,139.70302820205688,207,18,35,11,2,<a_35><b_11><c_2>
4b54ddbbf964a5206fd027e3,35.64355648366286,139.68133449554443,139,11,63,6,24,<a_63><b_6><c_24>
4b877a8af964a52066c031e3,35.69024983979184,139.70071077346802,80,14,20,11,21,<a_20><b_11><c_21>
4bb365f54019a593e6d937b8,35.70872661072627,139.73714376454225,320,28,44,2,6,<a_44><b_2><c_6>
4d49284448a06dcb58cd6ba2,35.665547,139.816651,248,38,9,46,52,<a_9><b_46><c_52>
4b1cae6df964a520020924e3,35.69781521724527,139.7737741470337,249,42,44,14,43,<a_44><b_14><c_43>
4db60e5f0437fa536a4f015d,35.72159584451468,139.7067832946777,248,30,48,37,26,<a_48><b_37><c_26>
4b6a5612f964a52088d22be3,35.66754286477426,139.75732147693634,150,27,31,8,22,<a_31><b_8><c_22>
4d15ef1d1356a0931e41d382,35.846108625688224,139.64796781539917,78,53,31,50,16,<a_31><b_50><c_16>
4bda580dc79cc92893a27ee9,35.69537337569199,139.7800076007843,289,10,31,13,4,<a_31><b_13><c_4>
4b55716cf964a52072e427e3,35.630095,139.55059119,78,45,31,46,45,<a_31><b_46><c_45>
4c1f351afcf8c9b6984cae0b,35.55509383859066,139.75332498550415,295,11,63,15,57,<a_63><b_15><c_57>
4b7c16dff964a5203f7c2fe3,35.68275999745611,139.75565314292908,322,18,35,34,3,<a_35><b_34><c_3>
4f387173e4b0ea2d7efc515f,35.6563722010162,139.6993374824524,68,19,48,22,42,<a_48><b_22><c_42>
4b05879ef964a520df9c22e3,35.67180064238771,139.76146817207336,24,24,20,1,10,<a_20><b_1><c_10>
4ba57f88f964a520ed0c39e3,35.6687762055026,139.74108338356018,249,7,45,15,36,<a_45><b_15><c_36>
4cca9fc1c4d06dcb78d56303,35.52972103611369,139.62764423640272,320,8,30,38,20,<a_30><b_38><c_20>
4b612952f964a520920b2ae3,35.711356169448464,139.76005733013153,208,12,48,2,14,<a_48><b_2><c_14>
4ca54967a6e08cfa31237094,35.68769666247465,139.76446151733398,90,16,31,7,45,<a_31><b_7><c_45>
4b696cacf964a520d0a12be3,35.65955183698454,139.5430639386177,320,12,61,58,57,<a_61><b_58><c_57>
4b56b8a6f964a520831928e3,35.71816131165792,139.70266246334816,139,4,30,6,53,<a_30><b_6><c_53>
4e917657e5e8e9a917d2f2d3,35.678415653856945,139.7661191225052,283,79,31,42,6,<a_31><b_42><c_6>
4c3a909d16cb2d7fd29901a9,35.685798,139.741004,90,8,30,31,12,<a_30><b_31><c_12>
4f7b9a7b7b0c50e8734b6476,35.661157951782606,139.63326930999756,189,10,61,6,2,<a_61><b_6><c_2>
4c6e77994d24b60c46aad8d8,35.71478740139581,139.70173499269865,33,11,61,58,30,<a_61><b_58><c_30>
4b5428bff964a52072b327e3,35.76507475298174,139.73570823669434,297,121,31,29,19,<a_31><b_29><c_19>
4b663769f964a52063192be3,35.807553234105065,139.7139796614647,298,55,9,47,32,<a_9><b_47><c_32>
4b62c83cf964a52071522ae3,35.80772663583743,139.71431193465705,166,8,35,42,15,<a_35><b_42><c_15>
4b5a7787f964a520e2c628e3,35.670881,139.716861,33,7,30,36,55,<a_30><b_36><c_55>
4b58ec71f964a520467328e3,35.68036780541906,139.75670456886292,130,9,19,28,61,<a_19><b_28><c_61>
4b566b84f964a5209e0f28e3,35.682746925563386,139.75569605827332,322,10,51,7,27,<a_51><b_7><c_27>
4b7bc160f964a520ee6c2fe3,35.72931524448575,139.71475082941535,149,39,63,23,37,<a_63><b_23><c_37>
4b5ef0aaf964a520be9e29e3,35.72965686616899,139.79180932044983,150,11,34,2,29,<a_34><b_2><c_29>
4bb95b1a3db7b7131044229a,35.68530085383928,139.73366130453587,320,6,30,38,19,<a_30><b_38><c_19>
4b6abeebf964a5208cde2be3,35.691330340734794,139.69921946525574,67,17,9,12,26,<a_9><b_12><c_26>
4b559504f964a52019e827e3,35.705951,139.717834,207,49,61,45,57,<a_61><b_45><c_57>
4bd1908ea8b3a59337e3655f,35.60266322419002,139.61695611476898,33,9,30,17,18,<a_30><b_17><c_18>
4bd57fcf5631c9b6721da430,35.73081086248451,139.7692197561264,283,12,51,22,37,<a_51><b_22><c_37>
4b766946f964a520764b2ee3,35.67483368013731,139.76440250873566,90,18,61,43,2,<a_61><b_43><c_2>
4c9606277605199cc9debfa3,35.70418195108431,139.6660673618317,251,23,44,53,36,<a_44><b_53><c_36>
4f4867b1e4b0a644ecbe3713,35.808109366299426,139.71379823242464,27,6,21,31,9,<a_21><b_31><c_9>
4b5595ecf964a52032e827e3,35.80686908565241,139.71407569639018,39,8,24,28,43,<a_24><b_28><c_43>
4c1f4dc6920076b0e680c4e9,35.69790888140009,139.77763652801514,33,7,30,21,12,<a_30><b_21><c_12>
4b8ce465f964a52006e032e3,35.69352469543801,139.77172492943032,247,7,30,42,35,<a_30><b_42><c_35>
4b91b368f964a520f3d033e3,35.68513717663002,139.76469134019462,236,36,30,22,19,<a_30><b_22><c_19>
4b792e35f964a52008ee2ee3,35.682093328195485,139.68199968338013,106,13,21,45,32,<a_21><b_45><c_32>
4bd1bc87462cb713fcb5da07,35.661221,139.702236,109,21,30,56,24,<a_30><b_56><c_24>
4e0a4a6e1838af6c4bc54188,35.661929398423084,139.73299384117126,33,9,30,43,59,<a_30><b_43><c_59>
4b593347f964a520188128e3,35.6264824726698,139.6313893968743,321,23,51,29,60,<a_51><b_29><c_60>
4b223e96f964a520b04424e3,35.68978365139734,139.6843063831329,297,30,44,56,59,<a_44><b_56><c_59>
4caeaf0aaef16dcbd8b9a254,35.687794164140634,139.67784517081378,206,34,51,25,54,<a_51><b_25><c_54>
4c366a3e2c8020a1f9548700,35.745293182977775,139.50478076934814,21,11,48,61,45,<a_48><b_61><c_45>
4b8882dff964a5204afd31e3,35.64639006759261,139.74746704101562,138,26,51,11,42,<a_51><b_11><c_42>
4b779039f964a520b8a12ee3,35.697811,139.709058,29,4,30,6,59,<a_30><b_6><c_59>
4b7e927cf964a5205cf32fe3,35.745293182977775,139.5038902759552,47,16,61,16,31,<a_61><b_16><c_31>
4f3b2582e4b0f7c8c68d6eae,35.744877,139.505234,47,10,19,1,17,<a_19><b_1><c_17>
4b5af497f964a52020dc28e3,35.71033723169536,139.77535448548443,54,10,53,46,29,<a_53><b_46><c_29>
4b567be8f964a5207b1228e3,35.681266978132605,139.73563201250678,139,20,13,31,51,<a_13><b_31><c_51>
4ce558a0b31737044e95a9f6,35.743068319433675,139.50957387685776,302,10,48,11,20,<a_48><b_11><c_20>
4b683b63f964a5202c6d2be3,35.708085470320455,139.77636299060674,47,15,51,7,1,<a_51><b_7><c_1>
4bc29b3a4cdfc9b6bd679621,35.65675576902658,139.54213857650757,186,14,51,29,51,<a_51><b_29><c_51>
4bbd3b20078095217b6dda91,35.73938039496452,139.79743123054504,248,26,31,11,13,<a_31><b_11><c_13>
4b5bf1bbf964a520511e29e3,35.706978535579,139.70543682575226,156,14,61,16,21,<a_61><b_16><c_21>
4b965fb5f964a520bec834e3,35.7070395191946,139.78192806243896,297,20,20,51,10,<a_20><b_51><c_10>
4df9ae7caeb785aedbef822e,35.714252680577395,139.77699279785156,78,93,20,63,16,<a_20><b_63><c_16>
4b55b0faf964a520feeb27e3,35.66780435203274,139.7810858488083,248,13,61,45,53,<a_61><b_45><c_53>
4f7d74334fc677cf994b9259,35.7014811065843,139.77594137191772,70,44,44,26,13,<a_44><b_26><c_13>
4e13b341d4c023f7053928bb,35.69945105678179,139.765185713768,78,23,31,50,31,<a_31><b_50><c_31>
4d16f37a816af04df11d4cc2,35.67112080776967,139.7237080335617,224,16,30,50,29,<a_30><b_50><c_29>
4b582cbef964a520ee4c28e3,35.68995792775157,139.71125721931458,31,6,30,23,41,<a_30><b_23><c_41>
4b584372f964a5201d5028e3,35.677735875584816,139.7957682609558,36,14,63,9,44,<a_63><b_9><c_44>
4e5e2e8752b1425a376d2fff,35.740991534211155,139.71523960240688,363,9,48,61,6,<a_48><b_61><c_6>
4cc58b141e596dcb849cd867,35.679501,139.710866,109,11,13,55,5,<a_13><b_55><c_5>
4db11c546a231f2e4a62f3c4,35.598238190451006,139.65163305401802,194,11,53,34,5,<a_53><b_34><c_5>
4b58e482f964a5205b7128e3,35.77804503138708,139.68623757362366,153,9,44,2,63,<a_44><b_2><c_63>
4f31a930e4b073114765c32f,35.73038231185927,139.71102032767277,80,12,51,22,12,<a_51><b_22><c_12>
4b6503adf964a52083df2ae3,35.731141,139.709885,225,10,63,36,51,<a_63><b_36><c_51>
4bea7a816295c9b6616e8608,35.536638538680336,139.7343698143959,78,52,31,41,41,<a_31><b_41><c_41>
4f4af782e4b01739bc7f2fae,35.70850565260688,139.77631805684587,149,5,48,41,46,<a_48><b_41><c_46>
4b5c1d01f964a520722429e3,35.704883284449714,139.64929819107056,113,5,30,6,13,<a_30><b_6><c_13>
4b5bb91cf964a520451229e3,35.798075166117705,139.7717497497797,139,18,20,40,41,<a_20><b_40><c_41>
4d9ec296ded9a093be33f606,35.69522960748934,139.70724999904633,90,1,30,6,59,<a_30><b_6><c_59>
4cf5064b7e93f04dc6666069,35.728372209094694,139.71112310886383,78,39,31,50,63,<a_31><b_50><c_63>
4b66b112f964a520a0272be3,35.69989470195845,139.7704575875664,224,19,61,40,30,<a_61><b_40><c_30>
4bdbbca12a3a0f47409fb0b6,35.70320181647976,139.57990407943726,78,27,18,26,63,<a_18><b_26><c_63>
4d725466bce5721e234bcc15,35.70280758116301,139.5798021554947,78,42,44,49,1,<a_44><b_49><c_1>
4b57171cf964a520052628e3,35.70231700576243,139.5793520247224,284,31,44,43,59,<a_44><b_43><c_59>
4b0a8174f964a520922423e3,35.67872285944549,139.69355195760727,78,28,61,50,42,<a_61><b_50><c_42>
4b30afd1f964a520e4fa24e3,35.65591998068309,139.6536131948233,78,57,44,53,31,<a_44><b_53><c_31>
4bad5186f964a520b4453be3,35.68240269828365,139.68821167945862,289,15,20,59,38,<a_20><b_59><c_38>
4b4fe7a7f964a520301927e3,35.69439313280583,139.69280898571014,297,118,20,11,62,<a_20><b_11><c_62>
4b8d1040f964a5206de632e3,35.702139,139.771766,150,23,31,53,13,<a_31><b_53><c_13>
4b871d7cf964a5206bb131e3,35.68971012844621,139.69690807163715,43,15,61,2,21,<a_61><b_2><c_21>
4ccf974e5b5ca35d49ef76f0,35.62914911942444,139.65804069340632,200,26,9,42,58,<a_9><b_42><c_58>
4b6e92eef964a52099c22ce3,35.632411,139.883274,168,27,61,16,60,<a_61><b_16><c_60>
4b89fd41f964a520685a32e3,35.55059416176674,139.78411674499512,268,62,61,5,61,<a_61><b_5><c_61>
4b470dd4f964a520e02a26e3,35.646590594340026,139.71108555793762,39,13,21,8,56,<a_21><b_8><c_56>
4b89c3e6f964a520804d32e3,35.630625346788776,139.88314390182495,168,14,9,59,21,<a_9><b_59><c_21>
4b582340f964a520ec4b28e3,35.6730992847296,139.7407615184784,90,16,61,9,35,<a_61><b_9><c_35>
4b511676f964a520b14127e3,35.639635073685035,139.63187992572784,249,17,31,13,13,<a_31><b_13><c_13>
4e01bb11ae609fa8ede341db,35.61806714985928,139.72850918769836,72,9,61,41,2,<a_61><b_41><c_2>
4e4c4504149563bcf2ff9df6,35.69849281238368,139.77382678260494,320,12,61,51,21,<a_61><b_51><c_21>
4b5ab2e4f964a5203bd128e3,35.65847744365316,139.700887799263,85,37,53,61,42,<a_53><b_61><c_42>
4bad8522f964a5205e583be3,35.69631004097044,139.7414267063141,186,14,44,18,62,<a_44><b_18><c_62>
4b66ac94f964a52013272be3,35.731646955029646,139.7123944759369,300,9,13,32,2,<a_13><b_32><c_2>
4ba0b2abf964a5202a7837e3,35.6286981405259,139.74126040935516,299,9,53,10,50,<a_53><b_10><c_50>
4b656e39f964a5205df02ae3,35.74566761573895,139.72051620483398,150,2,30,17,57,<a_30><b_17><c_57>
4e23c85818a88345f0648550,35.700378961495176,139.7711616754532,294,11,61,31,24,<a_61><b_31><c_24>
4d9c1fcb9f86a1cd22926aab,35.61180475646359,139.62813019752502,277,11,61,53,57,<a_61><b_53><c_57>
4d844ecdd5fab60cc251df9b,35.61183092347274,139.62811410427094,277,15,61,40,30,<a_61><b_40><c_30>
4b6d20c6f964a520ff672ce3,35.66728582055426,139.80466302650254,249,5,49,34,33,<a_49><b_34><c_33>
4e5b86ac1fc7864a236b0ed2,35.6567535896681,139.5403227210045,193,12,24,54,19,<a_24><b_54><c_19>
4e0da7c7d164fff335a2fd59,35.69290345845892,139.68024767531898,201,8,48,60,49,<a_48><b_60><c_49>
4b8dafb1f964a520960833e3,35.68808007998259,139.79819297790527,297,23,31,46,16,<a_31><b_46><c_16>
4be8fe38e1b39521894821c1,35.685335118557894,139.77078080177307,248,11,16,55,22,<a_16><b_55><c_22>
4b8659aef964a5200b8731e3,35.68446368248102,139.77130115032196,248,9,61,18,2,<a_61><b_18><c_2>
4d8f13955091a1cdc91d9e01,35.573687,139.698307,38,9,19,9,41,<a_19><b_9><c_41>
4b5e6014f964a520fe8b29e3,35.713703876025775,139.76428985595703,210,10,19,20,4,<a_19><b_20><c_4>
4b70ad76f964a52032292de3,35.67160235788891,139.70288336277008,78,52,63,25,49,<a_63><b_25><c_49>
4ed42f77469098aefebce616,35.65543136022943,139.71165369843342,194,17,63,41,33,<a_63><b_41><c_33>
4b626afcf964a520d2462ae3,35.704269073577095,139.7707164287567,253,13,13,33,48,<a_13><b_33><c_48>
4b5c3601f964a520682729e3,35.62368805891899,139.7229328751564,249,4,30,34,40,<a_30><b_34><c_40>
4b5cd17df964a5208a4529e3,35.703608302909004,139.48047233755634,320,33,61,51,7,<a_61><b_51><c_7>
4e7407d188775d593d55651e,35.803663,139.718254,72,9,9,29,55,<a_9><b_29><c_55>
4e804d1c9a52c3af7b197bce,35.6957,139.752045,297,10,44,19,27,<a_44><b_19><c_27>
4bdc144a63c5c9b6f5572a68,35.67068501330236,139.658921957016,236,16,31,29,47,<a_31><b_29><c_47>
4ea9073d6c253859bb353500,35.65712857262493,139.54371462629774,203,14,61,51,2,<a_61><b_51><c_2>
4b5c1019f964a520dd2229e3,35.607891601960056,139.66925248503685,249,6,61,19,28,<a_61><b_19><c_28>
4bb6ddd61344b71328309e04,35.550995695082506,139.73286509513855,284,49,31,42,36,<a_31><b_42><c_36>
4b654f7df964a520beec2ae3,35.65946194154495,139.70051229000092,289,36,44,0,16,<a_44><b_0><c_16>
4b5bc1f6f964a520841429e3,35.770193477944666,139.660906791687,165,25,44,51,9,<a_44><b_51><c_9>
4e83b45ed22db0f42c67a738,35.692347653849104,139.73489552736282,315,11,21,25,55,<a_21><b_25><c_55>
4c80bf182f1c236afd252943,35.673909836018346,139.7411048412323,68,22,44,18,31,<a_44><b_18><c_31>
4b7bbc26f964a5205b6c2fe3,35.70119359194288,139.77126628160477,65,9,61,0,1,<a_61><b_0><c_1>
4b610ddbf964a520fe072ae3,35.702466,139.578725,7,33,44,43,2,<a_44><b_43><c_2>
4b5970dbf964a520568828e3,35.608830383977406,139.67269778251648,65,10,61,47,22,<a_61><b_47><c_22>
4b73d5bcf964a52017bd2de3,35.69061716988411,139.70320100136473,249,3,10,41,2,<a_10><b_41><c_2>
4b939174f964a520944834e3,35.70291866423959,139.57935690879822,39,5,30,4,21,<a_30><b_4><c_21>
4f7bc57ee4b06a80ab476b0b,35.66779540000221,139.75871163124825,236,6,48,2,19,<a_48><b_2><c_19>
4b8f2d51f964a5206a4c33e3,35.7085074678633,139.75250959396362,297,30,44,16,8,<a_44><b_16><c_8>
4b5aa20ff964a520c6ce28e3,35.71074353126879,139.79849649016091,331,20,44,29,34,<a_44><b_29><c_34>
4d9f1d1a91af6ea8dc3792e8,35.713996,139.703919,349,10,61,40,39,<a_61><b_40><c_39>
4c7cc938247cb60cd2fa5e5e,35.71108550537292,139.77512482829474,57,58,61,51,14,<a_61><b_51><c_14>
4b58f685f964a520b57528e3,35.657932613925,139.69799101352692,249,5,10,38,40,<a_10><b_38><c_40>
4b5eb2aaf964a5203e9629e3,35.68289071626577,139.68716830015182,369,15,61,10,52,<a_61><b_10><c_52>
4b5a9de1f964a520edcd28e3,35.751478,139.544798,284,31,44,11,7,<a_44><b_11><c_7>
4bfb95acbc869521b2227b6b,35.706412,139.718585,113,4,30,9,35,<a_30><b_9><c_35>
4b7a3bbaf964a5200e272fe3,35.66470567295868,139.73950624465942,68,9,44,32,62,<a_44><b_32><c_62>
4bbab72cb35776b0c048cb01,35.70673581664063,139.68336310151267,78,13,44,31,6,<a_44><b_31><c_6>
4b6694f2f964a520ae242be3,35.67959109012204,139.76883754134178,302,11,61,54,35,<a_61><b_54><c_35>
4b55b785f964a520fbec27e3,35.66230858132785,139.7815203666687,234,8,24,9,17,<a_24><b_9><c_17>
4c7efe71171b224b3db80fb1,35.6607264614284,139.69644606113434,39,26,44,33,27,<a_44><b_33><c_27>
4bd25ed4462cb713c657dc07,35.689901287978216,139.70042645931244,360,8,48,6,41,<a_48><b_6><c_41>
4f7fb797e4b05766b0f4f39a,35.615567,139.541802,158,18,40,54,63,<a_40><b_54><c_63>
4cceb29d7c2ff04d931aa67e,35.60767462289984,139.73311185836792,236,22,40,34,13,<a_40><b_34><c_13>
4b947bfaf964a520167b34e3,35.71554845410591,139.70633536577225,236,16,51,30,2,<a_51><b_30><c_2>
4e6852858877a40daa9e2b9e,35.803418003141104,139.71791714429855,294,19,21,42,36,<a_21><b_42><c_36>
4e31810118380c94acab7bf0,35.60012033179566,139.6076112985611,111,10,48,3,9,<a_48><b_3><c_9>
4e3cc54018a83d5b283bd260,35.7307673157573,139.7103774547577,236,9,21,30,6,<a_21><b_30><c_6>
4b6a851bf964a52093d72be3,35.68559654752479,139.7733771800995,284,30,31,42,42,<a_31><b_42><c_42>
4b35bbcbf964a520bc2e25e3,35.735208601784215,139.80189085596467,298,22,9,61,1,<a_9><b_61><c_1>
4b5274e4f964a520207e27e3,35.660537200131984,139.69712777337585,302,23,44,40,30,<a_44><b_40><c_30>
4d78c5e3d7edb60c57ccf91a,35.735558,139.80180582,47,10,27,42,40,<a_27><b_42><c_40>
4c3d8f277d00d13aaf5e3a50,35.63777130109068,139.60385084152222,288,8,13,22,28,<a_13><b_22><c_28>
4b599f84f964a520728f28e3,35.69460660894949,139.7021645307541,152,30,49,25,1,<a_49><b_25><c_1>
4c54d4d04623be9a66b25ff3,35.73563569238605,139.80139017105105,302,18,51,45,13,<a_51><b_45><c_13>
4db3ac8e4df05e5aaad12be9,35.617673,139.628921,277,5,61,33,47,<a_61><b_33><c_47>
4e5466d845dd5c591f4a1f09,35.700566,139.770775,65,52,19,33,37,<a_19><b_33><c_37>
4f200de60cd6445b05383ec6,35.831892567264326,139.67179253697395,299,23,31,50,41,<a_31><b_50><c_41>
4b6e4620f964a5209bb52ce3,35.668414485638294,139.68725681304932,88,10,61,25,22,<a_61><b_25><c_22>
4b64f298f964a520aadb2ae3,35.703543,139.636866,152,30,51,57,41,<a_51><b_57><c_41>
4edd7cb493ad464d2c35afa3,35.62475637941646,139.7758448123932,85,73,35,33,27,<a_35><b_33><c_27>
4b7e431af964a520a7e72fe3,35.69924195000338,139.77093636989594,251,134,51,42,49,<a_51><b_42><c_49>
4d5faeabb6b9a1cd6ee07151,35.845399840052515,139.67454850673676,42,22,51,13,41,<a_51><b_13><c_41>
4b454bc2f964a520130a26e3,35.62869378027807,139.7370332479477,118,11,48,46,31,<a_48><b_46><c_31>
4bc1721d461576b09e0c7c32,35.845388,139.647165,298,10,48,13,41,<a_48><b_13><c_41>
4b6ebc3ef964a52049c82ce3,35.67528252507102,139.8142647743225,47,13,51,25,18,<a_51><b_25><c_18>
4d53cdf0bbbf370450c73878,35.71454768295186,139.77713186244566,360,24,51,1,57,<a_51><b_1><c_57>
4b567da9f964a520b51228e3,35.5524250500759,139.64736968278885,52,7,48,38,14,<a_48><b_38><c_14>
4c08d183bbc676b0741847d5,35.690900737063714,139.73106136976753,265,21,19,24,18,<a_19><b_24><c_18>
4b59c8cbf964a520dd9728e3,35.62485078608803,139.72076601036812,42,7,30,22,7,<a_30><b_22><c_7>
4b6d6078f964a520b4732ce3,35.69163313978463,139.70186412334442,65,32,61,51,47,<a_61><b_51><c_47>
4de3459e63655ed7e407ac80,35.846765225134206,139.66896951198578,299,12,51,10,53,<a_51><b_10><c_53>
4bef55375e4aa5939bec58bb,35.74030348063547,139.4995129108429,306,11,61,2,57,<a_61><b_2><c_57>
4b6be54bf964a520c41b2ce3,35.692349,139.701094,138,12,51,15,45,<a_51><b_15><c_45>
4ba1dac7f964a52038cf37e3,35.69670027827524,139.75413491539254,207,21,31,61,22,<a_31><b_61><c_22>
4b5ee28bf964a520549c29e3,35.664932303352735,139.76692914962769,297,24,61,47,61,<a_61><b_47><c_61>
4ee04f20e300d68c189b3f45,35.68510330966484,139.7647162985056,298,17,61,25,36,<a_61><b_25><c_36>
4cd64f4b7da9a35dac1aefb9,35.69269401659513,139.70074966549873,294,9,61,14,2,<a_61><b_14><c_2>
4b6aa721f964a520ddda2be3,35.696741338957544,139.7601056098938,42,10,30,37,42,<a_30><b_37><c_42>
4d09968a8ea0a143ed7fe173,35.66179428683798,139.73010778427124,236,8,35,13,22,<a_35><b_13><c_22>
4b1688f4f964a52019ba23e3,35.66559911597348,139.6732234954834,78,27,9,1,15,<a_9><b_1><c_15>
4b67d1a4f964a520785e2be3,35.69127370193599,139.70748335123062,149,8,48,4,31,<a_48><b_4><c_31>
4e3f5dec091a0fc67ea4a634,35.68016692771507,139.69452506300513,33,10,30,38,59,<a_30><b_38><c_59>
4c6fe930b5a5236a92754e52,35.70235235674232,139.75465536117554,150,10,10,50,26,<a_10><b_50><c_26>
4b62bbfbf964a520ab502ae3,35.63196188278204,139.71325959797747,68,6,48,11,21,<a_48><b_11><c_21>
4c8b5e95770fb60cf53cdbc3,35.550698909782106,139.57552671432495,156,7,48,4,1,<a_48><b_4><c_1>
4e06e4e16284d9ee92d24c5f,35.69214931071493,139.77109598676017,78,14,20,18,8,<a_20><b_18><c_8>
4b597ca7f964a520dd8928e3,35.72818000916457,139.71181328898527,249,8,60,23,27,<a_60><b_23><c_27>
4b6761a2f964a5207b4b2be3,35.72511910343599,139.60356652736664,78,6,21,1,61,<a_21><b_1><c_61>
4b80d2daf964a520ef8d30e3,35.72386429632607,139.60249508121055,156,5,49,26,1,<a_49><b_26><c_1>
4dfad50718a8fc7fb43e2895,35.70070199292415,139.74145096736493,90,4,16,33,52,<a_16><b_33><c_52>
4b78e156f964a5205de52ee3,35.664583640941565,139.73944187164307,249,4,48,34,1,<a_48><b_34><c_1>
4c463676dd35be9af23bddd8,35.529588310197354,139.69939643501883,320,5,48,4,51,<a_48><b_4><c_51>
4e6703d781dc1570ff405bf6,35.576554388399124,139.66185629367828,289,10,53,61,14,<a_53><b_61><c_14>
4f1a90d20cd67469c778b858,35.657967483138926,139.57006573677063,237,10,59,47,45,<a_59><b_47><c_45>
4eb60fd7e30006eb126bf6fa,35.650325,139.683697,274,7,49,6,12,<a_49><b_6><c_12>
4c1673b71b5cef3b5f80eec4,35.774424012153816,139.7317385673523,47,5,44,15,1,<a_44><b_15><c_1>
4b5e6e70f964a5206e8e29e3,35.70032596146959,139.76256493061885,206,11,48,55,59,<a_48><b_55><c_59>
4e51ea5352b1e893ad7d2546,35.53398987159328,139.63472843170166,248,13,9,39,34,<a_9><b_39><c_34>
4b559df3f964a52040e927e3,35.69556791344905,139.69853383473566,236,7,49,15,61,<a_49><b_15><c_61>
4c4a6754d2bf76b02d739684,35.55082984460889,139.78824734687805,298,13,21,31,46,<a_21><b_31><c_46>
4c109bdb753a9c74ac64a420,35.64798554908854,139.6358335018158,113,10,19,15,43,<a_19><b_15><c_43>
4e9bc40bf790b2a919d0e63d,35.71026287246944,139.5241141319275,198,12,61,5,31,<a_61><b_5><c_31>
4bd3e0b0046076b01d207771,35.53767419065559,139.73311185836792,36,21,9,54,63,<a_9><b_54><c_63>
4e86cd05e5fa41cedbdb0259,35.537639268994376,139.73311185836792,47,19,31,33,63,<a_31><b_33><c_63>
4ca072288afca093bb701216,35.695878740650684,139.81421649456024,299,53,9,46,21,<a_9><b_46><c_21>
4c61ed90ec94a5937e3628ca,35.559604172886495,139.59718018770218,289,11,9,29,21,<a_9><b_29><c_21>
4b78b307f964a52066de2ee3,35.6280353801251,139.741048514843,39,15,61,34,19,<a_61><b_34><c_19>
4e1664341850139c6d836423,35.84632060789164,139.66915994882584,21,11,61,0,63,<a_61><b_0><c_63>
4c365ee92c8020a1083c8700,35.84634343671054,139.66930747032166,320,56,31,46,18,<a_31><b_46><c_18>
4bf53753706e20a1f428aa98,35.67237152467754,139.79489386081696,299,43,51,57,18,<a_51><b_57><c_18>
4b7b36aef964a52059582fe3,35.7047830943467,139.7534966468811,168,45,9,11,50,<a_9><b_11><c_50>
4beac2d861aca593f61c8400,35.6938354781427,139.70464289188385,50,10,61,2,56,<a_61><b_2><c_56>
4cce930f7c2ff04d6268a57e,35.71385855894761,139.77584375810915,78,13,61,49,16,<a_61><b_49><c_16>
4b77c6ebf964a5201baa2ee3,35.74699988546719,139.80043530464172,157,10,35,50,13,<a_35><b_50><c_13>
4d4d21519aaab60c45c13429,35.729045,139.718867,25,10,48,40,40,<a_48><b_40><c_40>
4b6cedcef964a520825e2ce3,35.634137364507765,139.70714271068573,236,21,44,10,16,<a_44><b_10><c_16>
4b57f372f964a520174728e3,35.6948913,139.76744,236,4,10,9,42,<a_10><b_9><c_42>
4b62bf60f964a5201f512ae3,35.76269809012982,139.82545495033264,47,8,55,61,22,<a_55><b_61><c_22>
4b552f3df964a52006de27e3,35.59845246891448,139.738802164793,78,37,51,39,42,<a_51><b_39><c_42>
4e533d4cb3ad679224ebcc08,35.840029387247895,139.63227152824402,47,28,44,0,0,<a_44><b_0><c_0>
4b7f3b93f964a520092130e3,35.698292249817314,139.77285146713257,35,29,31,46,47,<a_31><b_46><c_47>
4e536d08aeb74b7458163046,35.67208862250463,139.4805071109646,80,46,51,19,51,<a_51><b_19><c_51>
4b5503b8f964a520e0d727e3,35.61922798840606,139.7297460031082,68,57,44,30,36,<a_44><b_30><c_36>
4b7a7afdf964a520202e2fe3,35.704022952289485,139.6652626991272,236,19,61,14,52,<a_61><b_14><c_52>
4b6929aaf964a520ad9a2be3,35.73078037977795,139.7124320268631,284,37,31,53,38,<a_31><b_53><c_38>
4bb9e2afb35776b0e33dca01,35.53737735605074,139.63135957717896,42,25,48,43,30,<a_48><b_43><c_30>
4b5ef33cf964a520519f29e3,35.70661916689679,139.760502576828,33,9,48,46,60,<a_48><b_46><c_60>
4c9803d4d799a1cd6209af52,35.619076640147895,139.73122669756387,113,2,30,55,6,<a_30><b_55><c_6>
4d6e34c330d5b1f7ce76c342,35.70272699138315,139.75158154964447,68,6,14,9,13,<a_14><b_9><c_13>
4b5f150cf964a52021a529e3,35.705171,139.664474,72,7,53,2,51,<a_53><b_2><c_51>
4b5d3cddf964a5206b5729e3,35.67453735394334,139.4786024093628,153,11,19,45,14,<a_19><b_45><c_14>
4c07d7f9da13c928fc146c02,35.666058036157175,139.47696032997322,80,14,51,5,41,<a_51><b_5><c_41>
4c138ab87f7f2d7f8f2ddf68,35.709772,139.773237,109,4,10,2,35,<a_10><b_2><c_35>
4b56e78af964a520c01e28e3,35.6635768696834,139.66031670570374,236,5,30,37,49,<a_30><b_37><c_49>
4b8efd6bf964a520104333e3,35.71367,139.796636,102,21,9,48,3,<a_9><b_48><c_3>
4b5a99e1f964a5203acd28e3,35.71206615108838,139.79645490646362,298,40,51,11,42,<a_51><b_11><c_42>
4b555ddcf964a52086e227e3,35.71715461737457,139.73689928717775,297,32,44,43,6,<a_44><b_43><c_6>
4b654ce6f964a5206fec2ae3,35.70066865723368,139.77124214172363,33,31,20,10,23,<a_20><b_10><c_23>
4cf5a47f2f0159419bd658a2,35.72433474491034,139.75031709638807,320,22,48,5,22,<a_48><b_5><c_22>
4c236bf4aa8e9c749facf4d4,35.67388695766745,139.60790164768696,85,18,53,16,8,<a_53><b_16><c_8>
4c7b25c7566db60ce2544a0e,35.58815539613891,139.72734550227446,236,8,48,52,51,<a_48><b_52><c_51>
4b56a7dff964a520b71728e3,35.55421225351984,139.73955988883972,148,10,8,58,46,<a_8><b_58><c_46>
4b76d7c0f964a5205e632ee3,35.690564,139.708573,59,6,30,63,30,<a_30><b_63><c_30>
4c4e99ddc1f5ef3b41093dab,35.733963582269325,139.739431142807,224,5,48,39,42,<a_48><b_39><c_42>
4f240a1000392be4e507711f,35.695273173638725,139.69742238521576,2,17,9,50,36,<a_9><b_50><c_36>
4ed749d99911b345bde6a20d,35.592033173320075,139.67963457878614,54,20,51,46,20,<a_51><b_46><c_20>
4b5869bcf964a520a35628e3,35.624520914084144,139.7216159105301,39,9,51,47,47,<a_51><b_47><c_47>
4b754831f964a5204e042ee3,35.616318438928424,139.56464231014252,39,8,51,49,48,<a_51><b_49><c_48>
4bacb84ff964a520a6063be3,35.59700157986555,139.5287275314331,320,9,27,46,46,<a_27><b_46><c_46>
4e1d09ccc65b6cd0da979803,35.689744457437804,139.83444577507237,320,7,20,2,12,<a_20><b_2><c_12>
4b9cce47f964a5207c7c36e3,35.776028901301544,139.7222039848566,16,15,48,13,34,<a_48><b_13><c_34>
4b5586eef964a52087e627e3,35.657786,139.703005,39,29,20,61,61,<a_20><b_61><c_61>
4b8a098df964a520db5c32e3,35.68417175,139.6608907,320,8,44,4,35,<a_44><b_4><c_35>
4b701fb6f964a520f2072de3,35.65594940232483,139.70550656318665,236,4,30,48,34,<a_30><b_48><c_34>
4b73a3f6f964a520f8b62de3,35.682864572520984,139.6615344285965,47,19,31,15,35,<a_31><b_15><c_35>
4b5bbdf0f964a5208a1329e3,35.671605,139.60799435,236,4,48,2,34,<a_48><b_2><c_34>
4b7794adf964a52096a22ee3,35.74205383068037,139.6491104364395,297,37,44,30,51,<a_44><b_30><c_51>
4dd3c8521f6e5374d6e13d20,35.68145715494892,139.76643562316897,360,6,20,6,28,<a_20><b_6><c_28>
4b81c5f1f964a52043bd30e3,35.6525189838017,139.54694509506226,320,7,44,34,43,<a_44><b_34><c_43>
4ec0996e61af06192b9f4dad,35.701082506462825,139.75020557641983,298,11,51,47,28,<a_51><b_47><c_28>
4caebde7aef16dcb751aa354,35.63806132207388,139.66690554036907,299,3,48,34,17,<a_48><b_34><c_17>
4b73baa3f964a520e2b92de3,35.6689462154181,139.6235905677454,47,10,31,23,63,<a_31><b_23><c_63>
4c4305b4e26920a1f3d560e7,35.669493103281894,139.61603343486786,54,15,30,17,14,<a_30><b_17><c_14>
4de4f4a0fa7651589f39c528,35.71119500709117,139.79261934757233,242,18,20,47,12,<a_20><b_47><c_12>
4b5a4752f964a520acb928e3,35.66081528056104,139.69929671179975,211,16,51,59,6,<a_51><b_59><c_6>
4ce3e6a01594236afccaf949,35.73369530453545,139.6389601289754,269,6,10,17,44,<a_10><b_17><c_44>
4b699fe4f964a52021aa2be3,35.678127325508086,139.79788184165955,248,12,7,2,1,<a_7><b_2><c_1>
4b71546ef964a52064412de3,35.69131291341636,139.7102004289627,33,5,48,62,61,<a_48><b_62><c_61>
4d3e86cb84d46ea86903105d,35.529446408243246,139.69913715499885,236,8,10,4,63,<a_10><b_4><c_63>
4dc642e5fa76d685cdf6822c,35.76902767448764,139.88381165515474,138,22,61,51,14,<a_61><b_51><c_14>
4d1924ba1356a0935eebe782,35.617384,139.632428,139,16,49,45,49,<a_49><b_45><c_49>
4b8bc0d4f964a520aca932e3,35.85864830063402,139.75330889225006,302,23,20,11,52,<a_20><b_11><c_52>
4e2f2bad6365695b3b77b772,35.77941592712333,139.72217112779617,150,14,48,61,18,<a_48><b_61><c_18>
4b8391bef964a5200a0a31e3,35.68243319949497,139.77392435073853,297,92,31,39,42,<a_31><b_39><c_42>
4ec8a1ce49010f98cdf3de10,35.613842880745885,139.72463679808786,320,10,49,4,35,<a_49><b_4><c_35>
4ec77d46722e14379655acca,35.712986,139.775665,360,30,9,1,21,<a_9><b_1><c_21>
4efb11557ee5bf7995b02f21,35.66525917298037,139.66075658798218,299,36,61,56,36,<a_61><b_56><c_36>
4b54efd5f964a52011d427e3,35.5804195675889,139.75525785007932,68,12,44,43,34,<a_44><b_43><c_34>
4b67c73bf964a5207b5d2be3,35.681984394780294,139.78777527809143,150,14,48,22,20,<a_48><b_22><c_20>
4b3166f9f964a520400625e3,35.683444090187656,139.65713024139404,297,26,51,45,42,<a_51><b_45><c_42>
4b67cfe8f964a520525e2be3,35.682282871983375,139.7661419212818,78,33,9,60,54,<a_9><b_60><c_54>
4b6f58d7f964a52087ec2ce3,35.682989,139.738289,249,21,58,34,19,<a_58><b_34><c_19>
4ce1c5f57e2e236a8c31921b,35.69427332451568,139.7708585858345,320,14,11,47,46,<a_11><b_47><c_46>
4b5857c2f964a520955328e3,35.57261660301611,139.73216772079468,78,247,61,0,42,<a_61><b_0><c_42>
4b677767f964a520bb502be3,35.637607515511526,139.70433294447025,87,16,20,59,44,<a_20><b_59><c_44>
4b5815b8f964a5207a4a28e3,35.73320698444874,139.73845213651657,149,4,48,3,35,<a_48><b_3><c_35>
4c0f0d792466a5933c297a21,35.632868712492424,139.6606367248979,111,13,51,36,12,<a_51><b_36><c_12>
4b60e351f964a520dbff29e3,35.67048019280473,139.74762231321756,249,9,20,9,19,<a_20><b_9><c_19>
4b859205f964a520156631e3,35.681356935413355,139.76652145385742,360,41,61,51,8,<a_61><b_51><c_8>
4bf4b14e6a31d13acd21962e,35.69024240271478,139.6990872935868,103,13,48,19,35,<a_48><b_19><c_35>
4b5c2a6af964a5203f2629e3,35.80382044170236,139.55624163150787,78,41,53,63,60,<a_53><b_63><c_60>
4d780a8b9ee9a35d671ebcf8,35.71033382331971,139.77664757188103,290,23,30,31,59,<a_30><b_31><c_59>
4d7850dadb7c548181732ff2,35.70032408005973,139.77364705543673,304,16,21,16,6,<a_21><b_16><c_6>
4b504919f964a520c31f27e3,35.657394849519015,139.70668167082513,342,7,30,10,26,<a_30><b_10><c_26>
4e5d87d2483b18585975de48,35.645137853855935,139.7005444765091,68,13,53,33,9,<a_53><b_33><c_9>
4eb9bf19e5faa1893603facd,35.689230321449045,139.70056056976318,78,80,31,29,42,<a_31><b_29><c_42>
4c7c76d672ccef3babe66632,35.70843232871402,139.61413845419884,236,26,53,14,10,<a_53><b_14><c_10>
4df5d25dfa76abc3d874653f,35.619959726585215,139.75123286247253,68,11,9,33,58,<a_9><b_33><c_58>
4f877adae4b07f1a33a2033f,35.70334471435701,139.56021238943532,157,13,48,42,22,<a_48><b_42><c_22>
4b6a9596f964a52050d92be3,35.70686128402404,139.66652186206534,335,32,61,43,45,<a_61><b_43><c_45>
4b7276abf964a520947b2de3,35.61973732933835,139.72858428955078,249,11,21,16,3,<a_21><b_16><c_3>
4dd1d79e7d8b4c6585df6cb0,35.59976375337514,139.71622332930565,158,13,30,14,23,<a_30><b_14><c_23>
4e8e6f12be7bad367c5e758e,35.69544230621888,139.74923417807045,111,17,61,16,22,<a_61><b_16><c_22>
4e71b4f4d22dbd62615929a2,35.693621999934926,139.69970226287842,248,15,31,11,22,<a_31><b_11><c_22>
4b7e4a27f964a5207be82fe3,35.731348,139.713095,150,11,61,2,13,<a_61><b_2><c_13>
4c84702cd34ca143e41c3f80,35.697120356475125,139.76113557815552,200,37,51,42,36,<a_51><b_42><c_36>
4c0de4d7b1b676b06b4ce186,35.6485368,139.720333,299,9,21,6,4,<a_21><b_6><c_4>
4d1bdfef09546dcbbe2acd38,35.63113112173132,139.79573607444763,140,16,51,41,17,<a_51><b_41><c_17>
4b5e7880f964a520089029e3,35.67513872065835,139.75255250930786,81,10,24,56,4,<a_24><b_56><c_4>
4bd8fed511dcc92839b4f833,35.63285334861203,139.79830026626587,301,9,21,56,30,<a_21><b_56><c_30>
4b6a77acf964a52002d62be3,35.64438477243659,139.73431885242462,249,6,30,33,55,<a_30><b_33><c_55>
4ca5b62876d3a093491bfa6a,35.55369071719347,139.64576706290245,236,6,10,19,29,<a_10><b_19><c_29>
4b5e95e4f964a5203a9329e3,35.66489235711298,139.7601840412508,90,45,44,58,49,<a_44><b_58><c_49>
4be043850fffef3b023ba790,35.56772300774494,139.69623148441315,299,14,30,20,6,<a_30><b_20><c_6>
4b6be74bf964a5200f1c2ce3,35.568054638444,139.6984201669693,47,13,19,29,12,<a_19><b_29><c_12>
4b583e10f964a520444f28e3,35.69627900049501,139.76918689906597,29,9,13,30,51,<a_13><b_30><c_51>
4cd277252436b60c960685ca,35.70733518016951,139.56071555614471,236,10,30,48,31,<a_30><b_48><c_31>
4b568855f964a520341428e3,35.6311921633183,139.7436261177063,68,3,10,35,62,<a_10><b_35><c_62>
4b970d7bf964a52089f534e3,35.670317,139.765829,236,1,30,41,33,<a_30><b_41><c_33>
4d0c0c715c46a093214206b4,35.71390864673305,139.77674243260864,298,15,31,13,61,<a_31><b_13><c_61>
4b97b7ebf964a5208e1135e3,35.80013315810586,139.73004341125488,297,30,44,13,63,<a_44><b_13><c_63>
4b58051ef964a520c54828e3,35.6072428437229,139.7339004278183,284,25,51,51,18,<a_51><b_51><c_18>
4b63b589f964a520768d2ae3,35.662165589336944,139.76149676299335,109,13,30,9,57,<a_30><b_9><c_57>
4cb6946764998cfa10a816a2,35.6703843137327,139.74932312965393,289,11,31,31,19,<a_31><b_31><c_19>
4b655ecdf964a520b4ee2ae3,35.6639821947036,139.67849135398865,236,9,61,2,19,<a_61><b_2><c_19>
4b567de8f964a520c41228e3,35.669582442675576,139.74035382270813,68,12,48,28,56,<a_48><b_28><c_56>
4b55b65bf964a520d7ec27e3,35.72454424364402,139.61465947329998,78,30,9,29,54,<a_9><b_29><c_54>
4bb484eff187a5939b3114f8,35.69747901607298,139.75445432576345,302,14,30,62,8,<a_30><b_62><c_8>
4bb470f6f187a593292114f8,35.78770607852553,139.6142578125,297,17,44,18,52,<a_44><b_18><c_52>
4ba9e5f5f964a520d63c3ae3,35.626714203196634,139.7226780653,236,4,48,41,33,<a_48><b_41><c_33>
4b91481ff964a520bcaf33e3,35.61518016,139.5423967,150,7,19,10,35,<a_19><b_10><c_35>
4b680ff2f964a520c6652be3,35.72074585132459,139.67236762648307,156,11,21,42,7,<a_21><b_42><c_7>
4ccfed972fd9b60c23fa7deb,35.70161887364924,139.75239291787148,236,5,30,6,4,<a_30><b_6><c_4>
4dcfb25eb0fb25f6e3632ebc,35.72129098165948,139.778151512146,78,40,31,46,22,<a_31><b_46><c_22>
4ef137338b8151e566c4f105,35.61988608262742,139.7250258861003,203,14,61,16,52,<a_61><b_16><c_52>
4bc3cedcb492d13aee58a960,35.637984928693,139.7132420539856,320,22,53,36,19,<a_53><b_36><c_19>
4b722255f964a52055702de3,35.64805570922735,139.74164226968196,236,19,44,53,9,<a_44><b_53><c_9>
4b91f4e0f964a5200be133e3,35.58034909590907,139.66217279434204,249,7,1,41,46,<a_1><b_41><c_46>
4e72c681b993272e51cdea33,35.69562006,139.74949384,194,12,9,52,21,<a_9><b_52><c_21>
4b63b01cf964a5202c8c2ae3,35.73001460964435,139.7156785040415,39,21,18,16,7,<a_18><b_16><c_7>
4dfad55352b145696e350e5f,35.689513093815386,139.69240125895726,125,9,30,9,21,<a_30><b_9><c_21>
4dd1ba8ee4cd7f7178ba0abb,35.60953691648845,139.5547503232956,186,12,51,54,1,<a_51><b_54><c_1>
4bd0eb4c77b29c7496d38b82,35.69099743850389,139.70012441961117,78,10,63,8,36,<a_63><b_8><c_36>
4b80b638f964a520b28730e3,35.660652366890595,139.7574770450592,149,7,48,34,31,<a_48><b_34><c_31>
4dedfedcb0fb43a756e8764f,35.69852314127019,139.7454822063446,68,12,44,45,14,<a_44><b_45><c_14>
4dbf33b4fa8cc78a860caa20,35.61896111449319,139.6108514070511,326,12,31,34,45,<a_31><b_34><c_45>
4c0e48e1b1b676b0d6c4e186,35.761696910529906,139.70646142959595,150,11,55,59,11,<a_55><b_59><c_11>
4b55674ff964a5207ae327e3,35.6600203812739,139.70414400100708,153,13,20,39,22,<a_20><b_39><c_22>
4b53b41af964a52080a827e3,35.66903442018625,139.49523746967316,78,38,61,16,44,<a_61><b_16><c_44>
4b5ef1b4f964a520039f29e3,35.62679704991626,139.77437496185303,68,33,61,20,11,<a_61><b_20><c_11>
4c36a6ea18e72d7f1e4b15f5,35.675304313595795,139.7616720199585,349,21,19,25,22,<a_19><b_25><c_22>
4b4eb1a2f964a5202ef426e3,35.64909713621538,139.48928028345108,78,20,61,50,47,<a_61><b_50><c_47>
4bb9badd1261d13a8ecae998,35.705223587177414,139.62020442451728,31,8,8,30,1,<a_8><b_30><c_1>
4dacdeffa86e7fc66e25f611,35.7104893734736,139.52407121658325,189,14,53,31,1,<a_53><b_31><c_1>
4b933252f964a520913a34e3,35.67060657004557,139.50105786323547,288,7,18,14,7,<a_18><b_14><c_7>
4b2af991f964a52029b324e3,35.68941753022031,139.69709287156863,236,14,18,30,34,<a_18><b_30><c_34>
4b7a3039f964a520de252fe3,35.66309196127728,139.6355033714312,207,13,44,6,53,<a_44><b_6><c_53>
4b74bca0f964a52068ef2de3,35.7425708732376,139.79703158140182,236,12,19,15,56,<a_19><b_15><c_56>
4b7a0d34f964a520d5202fe3,35.68367066737889,139.7384011745453,249,8,19,46,17,<a_19><b_46><c_17>
4b910faef964a520a2a133e3,35.618555561043976,139.77455735206604,87,7,51,49,12,<a_51><b_49><c_12>
4b938c48f964a520d64734e3,35.65945196139726,139.69924186410088,150,12,16,10,46,<a_16><b_10><c_46>
4e7fc011e5e84a8755b38424,35.69495296188531,139.76163178682327,236,6,30,38,31,<a_30><b_38><c_31>
4b6fe538f964a52049ff2ce3,35.695046629402,139.79271590709686,52,58,31,41,45,<a_31><b_41><c_45>
4bd0720a046076b0ebee6f71,35.699141752811066,139.77295875549316,149,19,31,15,27,<a_31><b_15><c_27>
4b7bc5d9f964a520996d2fe3,35.80304384221725,139.71859574317932,284,25,9,15,52,<a_9><b_15><c_52>
4b72877df964a5205c7d2de3,35.70612300861805,139.7721942807857,236,19,51,42,6,<a_51><b_42><c_6>
4c539f36a724e21e05620af5,35.80304819293581,139.71860647201538,7,5,55,13,6,<a_55><b_13><c_6>
4b6df5ebf964a520339f2ce3,35.69061146068863,139.74007219076157,139,3,30,3,46,<a_30><b_3><c_46>
4b651198f964a5208ee22ae3,35.599275501207934,139.6123722246953,284,31,9,11,38,<a_9><b_11><c_38>
4dabf9aaced7149bd6cf1d90,35.697515,139.765197,195,7,61,20,2,<a_61><b_20><c_2>
4bc4058b2a89ef3b6bdcf588,35.69361328652656,139.82598066329956,248,14,9,12,15,<a_9><b_12><c_15>
4b70ef73f964a520eb342de3,35.66088936020731,139.69680815935135,146,11,63,6,2,<a_63><b_6><c_2>
4f87b59be4b056350dd96b92,35.80327670194852,139.726884066015,6,20,9,61,52,<a_9><b_61><c_52>
4dc2af7318506ca691c98c7d,35.599295946248944,139.651540517807,192,8,48,1,21,<a_48><b_1><c_21>
4b5a5720f964a52078be28e3,35.74338081607696,139.81752658781687,78,9,9,51,16,<a_9><b_51><c_16>
4b54fe4ef964a520fbd627e3,35.72791059844179,139.74472045898438,297,21,63,22,13,<a_63><b_22><c_13>
4b5c39aff964a520d32729e3,35.67058913820027,139.4900768995285,302,7,31,13,31,<a_31><b_13><c_31>
4b72774bf964a520b27b2de3,35.69587002748887,139.75816369056702,297,20,51,51,60,<a_51><b_51><c_60>
4cdb90e2d4ecb1f7759d7a48,35.69759118871505,139.783697634234,78,3,18,14,9,<a_18><b_14><c_9>
4d4b807957b2a1cd3c2ce782,35.65152513744158,139.63614463806152,298,8,19,1,17,<a_19><b_1><c_17>
4b56d792f964a520b91c28e3,35.66724651151257,139.70892369747162,298,35,61,5,59,<a_61><b_5><c_59>
4b94b1baf964a520c58034e3,35.7490200166311,139.70030307769775,298,4,8,54,57,<a_8><b_54><c_57>
4bff601cca1920a1abc3ec81,35.65148320805554,139.63787924784364,201,2,30,23,57,<a_30><b_23><c_57>
4be3b0a721d5a59376de1911,35.56191488444021,139.57524240016937,207,25,51,27,54,<a_51><b_27><c_54>
4ba7475ff964a520528939e3,35.649986394780385,139.54354405403137,31,7,61,10,63,<a_61><b_10><c_63>
4b68e902f964a520bd922be3,35.652176805639336,139.54456463456154,249,14,8,22,37,<a_8><b_22><c_37>
4b56d344f964a5203e1c28e3,35.696745695490975,139.77349251508713,342,6,51,15,14,<a_51><b_15><c_14>
4bba9593935e9521105e2890,35.67534786174256,139.7657445900365,150,13,51,47,33,<a_51><b_47><c_33>
4b544446f964a52004b627e3,35.6168984395596,139.5647495985031,72,7,21,56,3,<a_21><b_56><c_3>
4b7a2a5df964a5202e252fe3,35.68137000753384,139.78652000427246,289,14,24,33,12,<a_24><b_33><c_12>
4b5732aef964a5209c2a28e3,35.661042,139.757359,140,16,61,58,32,<a_61><b_58><c_32>
4b9b0acbf964a5201dee35e3,35.65205921,139.543157,32,8,61,16,46,<a_61><b_16><c_46>
4ba775c5f964a5209d9539e3,35.69651044234547,139.77115094661713,232,16,51,15,56,<a_51><b_15><c_56>
4ee8a6e2e5e8a240c2a1b632,35.65261923954614,139.74960878491402,289,12,52,34,45,<a_52><b_34><c_45>
4d9c66bf83f36ea8fde49f94,35.61202717576847,139.62793171405792,150,14,61,54,47,<a_61><b_54><c_47>
4c92c8dd911b8cfaeb8ff0b5,35.70604750437385,139.66596368060758,78,30,61,5,30,<a_61><b_5><c_30>
4b7cd4aaf964a520d6a62fe3,35.67836822177451,139.7815256066374,47,24,61,16,2,<a_61><b_16><c_2>
4b9c39daf964a520d65636e3,35.70575885347,139.6664321422577,297,13,51,46,6,<a_51><b_46><c_6>
4bd947dbe914a593bf1b56fa,35.62029986235469,139.77877378463745,274,13,61,41,61,<a_61><b_41><c_61>
4b5d715bf964a5202e5d29e3,35.61488368245436,139.56666469573975,47,10,49,26,27,<a_49><b_26><c_27>
4ccaabcb4703ef3b3d31705c,35.65816362218363,139.70158517360687,236,5,22,56,11,<a_22><b_56><c_11>
4b268b62f964a520467d24e3,35.662389501819874,139.69872829266086,249,6,24,47,41,<a_24><b_47><c_41>
4b80fba7f964a520349430e3,35.5813296478932,139.64092433452606,298,7,10,50,29,<a_10><b_50><c_29>
4cef05b64cd4236a0982b063,35.70225651969096,139.7449028491974,297,19,44,51,43,<a_44><b_51><c_43>
4e6de0c2b61cf2b03c19c6f9,35.714099053545944,139.77688722032693,360,113,20,11,42,<a_20><b_11><c_42>
4b85178ef964a520a34b31e3,35.690629977377164,139.70236033201218,150,8,1,13,35,<a_1><b_13><c_35>
4b53cb54f964a5208dab27e3,35.60999921216182,139.74876523017883,68,5,11,24,16,<a_11><b_24><c_16>
4d0f66bec3dc3704c04b3274,35.66029169984966,139.66822251677513,251,8,27,5,12,<a_27><b_5><c_12>
4b5bfab8f964a520e91f29e3,35.69189610273363,139.69874325098928,284,21,51,29,63,<a_51><b_29><c_63>
4b543467f964a52082b427e3,35.72659923943381,139.6948340535164,78,38,31,50,8,<a_31><b_50><c_8>
4b5d9da4f964a520956329e3,35.653708967781135,139.54441845417023,150,26,63,9,30,<a_63><b_9><c_30>
4f178220e4b0333426fa776f,35.679307307127374,139.76461147367,138,17,61,41,63,<a_61><b_41><c_63>
4d05b30928926ea8221372c2,35.70537592919785,139.71849154175734,191,16,31,2,12,<a_31><b_2><c_12>
4b14cd19f964a520a7a623e3,35.68357916512913,139.68643605709076,258,16,9,3,30,<a_9><b_3><c_30>
4e1ba93be4cd1f7c5d79c370,35.619287507503074,139.5432745174086,6,50,31,46,18,<a_31><b_46><c_18>
4c2303099a67a593d26fdd87,35.699546897205295,139.770770072937,349,19,19,45,3,<a_19><b_45><c_3>
4b90ffe3f964a520729e33e3,35.530584781725935,139.69950377941132,284,12,9,53,58,<a_9><b_53><c_58>
4b4817fff964a520114826e3,35.63294490900233,139.79327917099,150,12,21,28,55,<a_21><b_28><c_55>
4b67c0bff964a520cc5c2be3,35.69431035618822,139.7602665424347,90,10,63,25,12,<a_63><b_25><c_12>
4c0dd124336220a18a5acb77,35.70080280628736,139.7717499684844,65,13,19,57,32,<a_19><b_57><c_32>
4b7402e2f964a520b5c32de3,35.713747432080645,139.7049915790558,150,7,19,56,9,<a_19><b_56><c_9>
4b790956f964a520a9e92ee3,35.73030136428586,139.71442759037018,149,5,30,34,21,<a_30><b_34><c_21>
4c70f734d274b60c8838db0d,35.58231365212515,139.70018425435964,47,2,30,22,16,<a_30><b_22><c_16>
4d070b389d33a143ded2c978,35.669378762047444,139.74389473161042,373,8,9,6,21,<a_9><b_6><c_21>
4ba9d96bf964a5208c3a3ae3,35.701804589655744,139.77178491427534,236,8,48,20,40,<a_48><b_20><c_40>
4e71d444d1647c08d3d94983,35.69953818444428,139.77043882012367,274,14,63,35,1,<a_63><b_35><c_1>
4b567ad7f964a520541228e3,35.698376111412905,139.77515682578087,29,17,44,51,14,<a_44><b_51><c_14>
4b666369f964a520d91f2be3,35.66287081473424,139.7603040933609,249,15,44,61,14,<a_44><b_61><c_14>
4b7f4229f964a520f92230e3,35.665629623607195,139.8933631181717,148,11,49,9,38,<a_49><b_9><c_38>
4b63c109f964a520f18f2ae3,35.67472909454745,139.7395384311676,342,16,9,39,3,<a_9><b_39><c_3>
4b73d152f964a520d3bc2de3,35.627126255769575,139.88744884729385,291,12,31,4,2,<a_31><b_4><c_2>
4b9b1ed9f964a52026f435e3,35.55001804523596,139.7864556312561,267,14,44,2,19,<a_44><b_2><c_19>
4cd36a3c9828b60ca59bd584,35.660213,139.699314,224,4,18,34,25,<a_18><b_34><c_25>
4f72ba8be4b076a57c0cd819,35.731637385088256,139.7084021346267,132,9,9,61,52,<a_9><b_61><c_52>
4c1735ba74fb20a1d4445112,35.54951051921849,139.7826091139324,333,15,51,30,55,<a_51><b_30><c_55>
4b56dfd9f964a520b91d28e3,35.699534,139.764529,33,28,13,8,16,<a_13><b_8><c_16>
4b525412f964a520807727e3,35.689605017739105,139.6916663646698,71,26,61,12,63,<a_61><b_12><c_63>
4b5fbba0f964a52076ca29e3,35.68958428615148,139.69692355187715,33,13,63,2,15,<a_63><b_2><c_15>
4b641949f964a520ef9e2ae3,35.65907021417525,139.69891101121902,166,40,44,53,24,<a_44><b_53><c_24>
4b5a1a4af964a5205aad28e3,35.697065629106774,139.74191875925777,139,26,44,40,20,<a_44><b_40><c_20>
4e216e5022717a5245ca78bb,35.70006748294797,139.77161765098572,349,30,51,40,37,<a_51><b_40><c_37>
4b1cdcaef964a520290a24e3,35.77801891885791,139.72088098526,249,4,48,28,12,<a_48><b_28><c_12>
4c3bd1425810a5932d3fbb3c,35.699472,139.7694100123342,232,12,24,45,1,<a_24><b_45><c_1>
4b6ae496f964a52094e52be3,35.68993614322811,139.70372557640076,33,7,48,1,49,<a_48><b_1><c_49>
4bd557cc6798ef3b4735638d,35.6589002289608,139.7032642364502,298,384,49,11,4,<a_49><b_11><c_4>
4ccccfa254f0b1f7820219ca,35.57278487605088,139.61686826795406,289,11,51,22,37,<a_51><b_22><c_37>
4b9ed57ff964a520280537e3,35.582535961227464,139.64223861694336,155,28,20,10,55,<a_20><b_10><c_55>
4b2cb295f964a52097c824e3,35.646294163318125,139.710431098938,298,20,61,10,4,<a_61><b_10><c_4>
4b7a0584f964a5206c1f2fe3,35.7046349870072,139.6199655532837,297,12,44,13,13,<a_44><b_13><c_13>
4bdee726ffdec9286d04eaa1,35.69783917785349,139.649019241333,39,24,51,49,61,<a_51><b_49><c_61>
4ec5dbd802d5888e99fc50dc,35.57235698598709,139.6658205986023,320,18,48,4,20,<a_48><b_4><c_20>
4baebc95f964a5208dd33be3,35.558577,139.708808,320,12,44,49,48,<a_44><b_49><c_48>
4bb83ac51261d13ac97de898,35.576807447211074,139.65948522090912,78,26,63,25,1,<a_63><b_25><c_1>
4b547298f964a5209dbb27e3,35.64674752796519,139.56408977508545,47,19,61,16,39,<a_61><b_16><c_39>
4b6b9badf964a52058122ce3,35.645265364768406,139.74419474601746,289,21,63,22,34,<a_63><b_22><c_34>
4cff7dec75d3236ae469e5f7,35.56056643196843,139.6714210510254,30,13,48,31,57,<a_48><b_31><c_57>
4c2d832de760c9b6ec164549,35.700657766435484,139.77286756038666,33,8,24,35,34,<a_24><b_35><c_34>
4b78c778f964a52012e22ee3,35.62559835947533,139.72387359440864,39,6,8,22,19,<a_8><b_22><c_19>
4b680c9bf964a5203b652be3,35.70175990767072,139.50660467147827,47,26,9,10,52,<a_9><b_10><c_52>
4b613a7ef964a520830d2ae3,35.72841289870793,139.7120427011573,249,19,24,0,57,<a_24><b_0><c_57>
4b8a1dbdf964a520986032e3,35.70074489277939,139.77120459079742,65,16,21,4,55,<a_21><b_4><c_55>
4b624c63f964a52003412ae3,35.62557614220096,139.72436785697937,284,7,51,54,14,<a_51><b_54><c_14>
4b74b113f964a520b9ec2de3,35.686237044873124,139.765727519989,249,10,53,33,9,<a_53><b_33><c_9>
4b555ffcf964a520b9e227e3,35.72766237273936,139.71147179603577,288,17,51,29,61,<a_51><b_29><c_61>
4f3df1e3e4b0bfb6308c80d5,35.70056266420478,139.770397082952,3,8,19,7,53,<a_19><b_7><c_53>
4b6014a6f964a5203ed529e3,35.687836087236214,139.7307515144348,157,19,51,56,41,<a_51><b_56><c_41>
4b8f6641f964a520755333e3,35.61656369685141,139.72735583782196,320,9,55,46,46,<a_55><b_46><c_46>
4b5e3485f964a5209d8329e3,35.67230871006533,139.75998967609212,249,7,61,47,1,<a_61><b_47><c_1>
4b55355af964a520a4de27e3,35.68993614322811,139.70631390810013,74,28,9,8,38,<a_9><b_8><c_38>
4b5fea5ff964a52091d029e3,35.63313674948003,139.71566677093506,297,9,61,13,9,<a_61><b_13><c_9>
4bbb149498c7ef3bc2b23302,35.68176403931386,139.768450179987,76,6,61,0,12,<a_61><b_0><c_12>
4bdbaf7d63c5c9b62b542968,35.701428831272075,139.85100030899048,88,16,61,5,27,<a_61><b_5><c_27>
4b5c0be8f964a520562229e3,35.70739670800615,139.7733449935913,284,25,19,8,42,<a_19><b_8><c_42>
4b89d21df964a520d54e32e3,35.71374307647622,139.7410887479782,301,12,30,9,19,<a_30><b_9><c_19>
4c26fccf5c5ca593ee2f47fe,35.531868255646,139.70019578933716,78,104,31,41,6,<a_31><b_41><c_6>
4c1b7f37b4e62d7fec6dd993,35.7338764922388,139.73865866661072,236,6,13,42,27,<a_13><b_42><c_27>
4b70b1def964a520162a2de3,35.69087363083458,139.8458511966305,88,33,31,50,47,<a_31><b_50><c_47>
4bde5abee75c0f4716bec703,35.70090913347933,139.769773068643,294,9,18,39,12,<a_18><b_39><c_12>
4bfc34ef7dc0a593acc54499,35.585533,139.72661,110,9,51,26,12,<a_51><b_26><c_12>
4bb5a119f562ef3b4f292f97,35.66489961631636,139.7842589020729,297,26,20,63,16,<a_20><b_63><c_16>
4b63a34df964a520e4882ae3,35.70152902559042,139.77115631103516,249,40,35,35,61,<a_35><b_35><c_61>
4b507f4cf964a520342527e3,35.68902990178068,139.8156702518463,297,42,44,51,43,<a_44><b_51><c_43>
4b56f1f5f964a520292028e3,35.5723831658937,139.6908563375473,47,11,18,39,51,<a_18><b_39><c_51>
4b52c790f964a520eb8727e3,35.689214809008895,139.81862573937107,139,10,20,31,0,<a_20><b_31><c_0>
4b5d36ccf964a520b85629e3,35.67019198807305,139.74705343019582,149,9,48,16,33,<a_48><b_16><c_33>
4b7f9273f964a520f23430e3,35.67092034261021,139.476478099823,33,4,10,19,42,<a_10><b_19><c_42>
4b9747d6f964a52041fe34e3,35.695604275596324,139.76922512054443,33,7,48,35,23,<a_48><b_35><c_23>
4ecc88cb8231bbaf479cdf3d,35.66039511220758,139.70744465294806,149,27,31,50,46,<a_31><b_50><c_46>
4b5d0852f964a520c24f29e3,35.67812805606391,139.72232937812805,152,11,27,42,40,<a_27><b_42><c_40>
4b0587bbf964a5209ea122e3,35.658509,139.695591,258,14,10,53,3,<a_10><b_53><c_3>
4c56bf3c6201e21e697a9a6d,35.62857182407999,139.73670969318096,320,14,21,22,43,<a_21><b_22><c_43>
4b5aee19f964a520c9da28e3,35.69955016449042,139.7749476134777,236,12,51,31,4,<a_51><b_31><c_4>
4bf3be5b6a31d13a91e9942e,35.698004723677194,139.82535034418106,299,8,40,19,22,<a_40><b_19><c_22>
4b77a2f9f964a52003a52ee3,35.64583207747274,139.74640488624573,320,34,31,29,41,<a_31><b_29><c_41>
4bbcaeb4a0a0c9b6509d1a0f,35.623863569694855,139.72306162118912,236,9,44,2,51,<a_44><b_2><c_51>
4d8d827ecb9b224b4ffd6e41,35.72901973333333,139.704554,47,23,31,13,12,<a_31><b_13><c_12>
4b724680f964a52067762de3,35.737958735014644,139.65396523475647,150,6,48,49,49,<a_48><b_49><c_49>
4f54ac57e4b0754d5a08c32f,35.72304380528464,139.6626897135719,33,6,10,39,46,<a_10><b_39><c_46>
4b1bc0baf964a5201afd23e3,35.664923586811014,139.72780108451843,33,24,61,53,1,<a_61><b_53><c_1>
4b5cce79f964a520ff4429e3,35.55041085241053,139.7467052936554,78,12,53,63,14,<a_53><b_63><c_14>
4b9a6049f964a52005b035e3,35.69337366742324,139.69953194260597,33,7,51,47,15,<a_51><b_47><c_15>
4b567dd7f964a520c21228e3,35.68950589767082,139.697378128767,251,51,44,11,7,<a_44><b_11><c_7>
4d90165c788c548157b45dfd,35.69703758268826,139.81340646743774,249,16,44,32,61,<a_44><b_32><c_61>
4b5ff172f964a5204dd129e3,35.689029091730326,139.6981050323391,65,16,7,6,7,<a_7><b_6><c_7>
4b55c5a3f964a52046ef27e3,35.62766911544117,139.73843336105347,39,12,53,23,9,<a_53><b_23><c_9>
4b699180f964a520c2a72be3,35.70754555072831,139.66552044907382,150,10,49,15,24,<a_49><b_15><c_24>
4e8eb17402d54f3f32ed650c,35.602370035608416,139.7064547728103,6,50,44,18,43,<a_44><b_18><c_43>
4f856d95e4b0f18936e5df99,35.64655572015924,139.71017360687256,236,5,30,16,18,<a_30><b_16><c_18>
4b77aaecf964a52030a62ee3,35.709477679356134,139.61254648354046,1,25,20,42,62,<a_20><b_42><c_62>
4b752d46f964a5203f002ee3,35.665306568965285,139.75786462426186,236,11,11,47,47,<a_11><b_47><c_47>
4b5a617ff964a52062c128e3,35.61548113736558,139.7775024175644,269,17,63,8,22,<a_63><b_8><c_22>
4b1ac4d4f964a52062f123e3,35.73307923595921,139.7990139290279,78,144,61,51,43,<a_61><b_51><c_43>
4b7f851cf964a520a83230e3,35.574032482762696,139.6626341342926,47,17,9,47,37,<a_9><b_47><c_37>
4bb0d2b6f964a5203e603ce3,35.74978625986715,139.80402141809464,52,10,9,16,52,<a_9><b_16><c_52>
4d6721cb9792b1f79b5c3a1f,35.70251353697796,139.77196633815765,294,14,61,50,60,<a_61><b_50><c_60>
4bf1d16552bda593a704b2b7,35.69035399999999,139.6998757888855,78,8,20,19,50,<a_20><b_19><c_50>
4bed22749868a5933ef15c46,35.562292,139.714997,236,5,48,10,61,<a_48><b_10><c_61>
4f4d625be4b0b0a2145fdab4,35.68043505349898,139.6866830804119,80,10,11,47,46,<a_11><b_47><c_46>
4b583e9cf964a5205a4f28e3,35.68973818730167,139.7022583926945,236,12,13,31,36,<a_13><b_31><c_36>
4e46431b18a8f9804cc5f214,35.56570817976108,139.72824973743445,47,15,24,18,13,<a_24><b_18><c_13>
4d4e7e289a2a6ea83710236f,35.73125068309459,139.71381604671478,42,5,19,3,2,<a_19><b_3><c_2>
4c79030193ef236ab3fdad0f,35.55334680686413,139.64687883853912,85,23,44,18,63,<a_44><b_18><c_63>
4f0bd44d754aa3fc509dca1c,35.722393926393586,139.4797933101654,251,17,51,8,36,<a_51><b_8><c_36>
4ca1cef8d3c2b60c0b55e8bc,35.77733029,139.71832298,201,8,35,50,51,<a_35><b_50><c_51>
4b6d3dc2f964a520206d2ce3,35.729565416689354,139.72121357917786,153,13,9,46,26,<a_9><b_46><c_26>
4b05879df964a520859c22e3,35.71094618483877,139.79748018085957,42,6,10,35,58,<a_10><b_35><c_58>
4c4bb11b42b4d13a33db027f,35.728944863875434,139.77155596017838,150,15,51,42,8,<a_51><b_42><c_8>
4ccd2609063a721e5134939a,35.7046349870072,139.57995772361755,251,40,20,11,16,<a_20><b_11><c_16>
4b8d0a76f964a5207de532e3,35.81539457213226,139.7049593925476,150,10,11,47,46,<a_11><b_47><c_46>
4f52dd93e4b036244ab62414,35.70188188283944,139.7542905807495,360,7,21,22,2,<a_21><b_22><c_2>
4b580411f964a520ab4828e3,35.720210886727784,139.78417038917542,297,117,31,41,21,<a_31><b_41><c_21>
4b5ff8baf964a5201ad229e3,35.72019459,139.78428863,47,24,51,47,21,<a_51><b_47><c_21>
4b5059e3f964a5200f2127e3,35.657784419595906,139.70377922058103,42,10,30,14,32,<a_30><b_14><c_32>
4e43e44e887703085fd913a2,35.718891,139.790329,319,24,51,1,14,<a_51><b_1><c_14>
4b6a64a3f964a5204ad42be3,35.706272864633874,139.6854543685913,297,10,35,46,21,<a_35><b_46><c_21>
4b87b9e7f964a520d7c831e3,35.62901207774544,139.7395920753479,360,8,51,26,18,<a_51><b_26><c_18>
4b68121af964a52012662be3,35.707037,139.760825,42,7,55,49,2,<a_55><b_49><c_2>
4b63c2fdf964a52064902ae3,35.71052031040198,139.77349728321184,164,5,35,12,11,<a_35><b_12><c_11>
4d8d7fe7ca75b60c2370eaa8,35.62554830039722,139.73055819593642,146,6,48,11,19,<a_48><b_11><c_19>
4e79730d1495dbb16bf78b30,35.65209479,139.89662996,138,19,51,59,36,<a_51><b_59><c_36>
4b61826ff964a52030162ae3,35.69805700123433,139.77229356765747,65,22,31,36,38,<a_31><b_36><c_38>
4b4aa7e0f964a5205c8c26e3,35.628951559066294,139.740782129148,47,10,61,13,59,<a_61><b_13><c_59>
4ec0c2710aaf6450bb1cedc0,35.60353011117601,139.50735835843483,78,40,31,39,41,<a_31><b_39><c_41>
4efb0149b8f72ebeab704e74,35.69810709875203,139.7749900299229,67,9,51,10,41,<a_51><b_10><c_41>
4b7f8c9af964a520023430e3,35.705079308200176,139.64852571487427,33,46,53,33,55,<a_53><b_33><c_55>
4cdbb8894006a143e229dab2,35.66269212082495,139.73302334547043,42,27,61,23,31,<a_61><b_23><c_31>
4b6ace60f964a52035e12be3,35.64272348630441,139.66196717300718,47,12,63,22,35,<a_63><b_22><c_35>
4ba1d6e2f964a5209bce37e3,35.70542907492762,139.61983096475976,21,13,61,51,14,<a_61><b_51><c_14>
4b57ead0f964a5202d4628e3,35.738794752516085,139.66161489486694,236,23,20,63,11,<a_20><b_63><c_11>
4b6aabd1f964a5208edb2be3,35.65173654877729,139.54628393054008,236,16,44,13,53,<a_44><b_13><c_53>
4c09fc25ffb8c9b6bee96a61,35.679932061442905,139.76818978786469,299,12,13,3,2,<a_13><b_3><c_2>
4b6d2020f964a520de672ce3,35.72164810660129,139.70626831054688,150,7,27,36,42,<a_27><b_36><c_42>
4b409ff1f964a52063b925e3,35.632922018914606,139.51734624803066,78,74,61,23,44,<a_61><b_23><c_44>
4c87955ed92ea09395277772,35.66110272937975,139.6985737234887,61,5,56,53,57,<a_56><b_53><c_57>
4b634284f964a520226e2ae3,35.6943996677983,139.70193654298782,236,19,18,11,42,<a_18><b_11><c_42>
4b14cc5df964a520a0a623e3,35.69854452748974,139.77159141006314,111,40,31,47,61,<a_31><b_47><c_61>
4b8e3fd6f964a520db1c33e3,35.69487672080215,139.70127135515213,52,8,44,2,47,<a_44><b_2><c_47>
4bdc5b31c712b7131fbe63b4,35.561930582855666,139.7148954659007,78,49,31,55,19,<a_31><b_55><c_19>
4f3259b6e4b0f573606fc397,35.57159368322986,139.53103981883018,31,3,30,15,34,<a_30><b_15><c_34>
4b258b30f964a5208a7324e3,35.69168062490981,139.6955121779099,90,9,45,29,44,<a_45><b_29><c_44>
4b6e9675f964a52009c32ce3,35.670754,139.658669,302,8,51,43,47,<a_51><b_43><c_47>
4be2968e21d5a59342d11611,35.6176397876259,139.56662714481354,236,11,13,14,15,<a_13><b_14><c_15>
4dfc3e5e227185f38b944c54,35.70502921328757,139.66449290513992,42,18,63,14,51,<a_63><b_14><c_51>
4e817b165503d664edda1671,35.61267698548909,139.5699007809162,85,74,31,50,41,<a_31><b_50><c_41>
4b5badfaf964a5209a0f29e3,35.77304757787532,139.52106201554852,88,13,9,45,15,<a_9><b_45><c_15>
4c18be3f834e2d7f033a2980,35.826919,139.804894,236,8,48,30,19,<a_48><b_30><c_19>
4cbd35c9985db713f71e4d19,35.715545,139.779451,242,9,49,47,50,<a_49><b_47><c_50>
4c629091de1b2d7f1378e270,35.663512810346745,139.7329279185504,42,20,61,2,38,<a_61><b_2><c_38>
4b7623a0f964a5205e3f2ee3,35.73565311001498,139.65351730585098,320,12,61,5,43,<a_61><b_5><c_43>
4ba37536f964a520b03e38e3,35.84078593537793,139.73446454721693,55,6,30,33,34,<a_30><b_33><c_34>
4e21c8aa22717a5245ce6385,35.696472,139.613046,139,14,22,15,13,<a_22><b_15><c_13>
4b564146f964a520ab0728e3,35.66030368578959,139.69842553138733,150,7,63,7,13,<a_63><b_7><c_13>
4b9b5e37f964a520f00236e3,35.626642741172354,139.6044962636354,41,6,48,41,2,<a_48><b_41><c_2>
4b774929f964a520e28e2ee3,35.779857280608795,139.56554518809236,260,7,48,17,28,<a_48><b_17><c_28>
4f71de6ee4b090ee3ee96d1d,35.73498327736858,139.71666853842416,6,10,10,54,57,<a_10><b_54><c_57>
4b5364baf964a520969a27e3,35.681709,139.62753743,78,20,61,45,44,<a_61><b_45><c_44>
4c3da400980320a130398ce4,35.73625183869357,139.7470861673355,320,14,61,51,10,<a_61><b_51><c_10>
4b683130f964a520306b2be3,35.65464832513755,139.53027414739782,23,7,9,8,36,<a_9><b_8><c_36>
4b9a20b0f964a52031a035e3,35.69218427467322,139.69711661338806,90,17,61,53,48,<a_61><b_53><c_48>
4cf9ce34dccef04d4aaeb19c,35.57218245316851,139.70537514911868,149,7,30,16,25,<a_30><b_16><c_25>
4b6535fff964a52015e92ae3,35.65981117114024,139.70035403966904,249,46,53,33,3,<a_53><b_33><c_3>
4f54534bc2eea398c94be009,35.63305826934026,139.60224151611328,104,11,13,9,31,<a_13><b_9><c_31>
4b9e436af964a520d9d536e3,35.674805885931875,139.7632837084349,78,16,20,50,52,<a_20><b_50><c_52>
4b558657f964a52077e627e3,35.7666243337412,139.84766364097595,78,84,61,18,48,<a_61><b_18><c_48>
4be52809cf200f47a6ef123c,35.69732511231562,139.82678532600403,78,12,20,24,26,<a_20><b_24><c_26>
4c63ce7d4b5176b010261717,35.63029397526375,139.79533910751343,320,9,21,30,59,<a_21><b_30><c_59>
4b56bdd6f964a520011a28e3,35.571433,139.686109,152,5,51,2,40,<a_51><b_2><c_40>
4bdefc6917fdef3be8b34e36,35.629561464913145,139.79339718818665,320,14,61,50,35,<a_61><b_50><c_35>
4b5a823df964a520dbc828e3,35.70263551099377,139.54475104808807,150,2,30,17,19,<a_30><b_17><c_19>
4b580d9df964a520cd4928e3,35.65694755234099,139.69551265239716,149,7,16,55,46,<a_16><b_55><c_46>
4b91b5c8f964a520c3d133e3,35.53858214851052,139.7358477115631,102,16,44,54,43,<a_44><b_54><c_43>
4b79dba4f964a52082162fe3,35.681797028958286,139.78696525096893,149,19,20,57,45,<a_20><b_57><c_45>
4b702c7ff964a520160a2de3,35.64012117330834,139.60005283355713,150,11,63,13,18,<a_63><b_13><c_18>
4dd86be245ddced820a0b2d1,35.61005154735275,139.5734667778015,178,11,61,14,1,<a_61><b_14><c_1>
4c0b17f8ffb8c9b697d56c61,35.7643412752727,139.82732973721707,157,12,61,51,14,<a_61><b_51><c_14>
4be548cf2457a593ae4bab15,35.58736975785255,139.72821414470673,149,12,48,4,1,<a_48><b_4><c_1>
4b55e659f964a52053f527e3,35.64343005988422,139.69918727874756,249,31,31,13,41,<a_31><b_13><c_41>
4bf3d9ad706e20a18b9aa898,35.66768668287242,139.71563458442688,68,9,1,24,19,<a_1><b_24><c_19>
4bd2107941b9ef3b1a3ffde5,35.70527968753577,139.63625729084015,299,18,31,50,2,<a_31><b_50><c_2>
4c57ede412f0d13a342308ad,35.70166442571131,139.54506729803103,39,9,20,42,1,<a_20><b_42><c_1>
4b90dd9df964a5202f9a33e3,35.65978719911075,139.70037013292313,90,50,20,42,60,<a_20><b_42><c_60>
4bc2c34e2a89ef3bd934f488,35.66750148191517,139.7757189432813,249,16,20,54,12,<a_20><b_54><c_12>
4b5ac819f964a52060d428e3,35.65849622110058,139.6954774390292,265,9,48,52,18,<a_48><b_52><c_18>
4b5fe093f964a52071cf29e3,35.65558461306404,139.70084244058688,157,15,31,15,12,<a_31><b_15><c_12>
4ba72bcaf964a5202d8439e3,35.65959760189675,139.69841480255127,258,16,10,37,27,<a_10><b_37><c_27>
4b6ce0c0f964a520175b2ce3,35.549076933325146,139.73187525112496,36,10,49,6,13,<a_49><b_6><c_13>
4bb06abef964a520af443ce3,35.68034335041089,139.76840026023723,236,45,51,6,15,<a_51><b_6><c_15>
4b698166f964a5200ca52be3,35.65925109548044,139.69790786504743,247,8,63,45,49,<a_63><b_45><c_49>
4b5bf228f964a520661e29e3,35.70037351607646,139.7702081501484,29,25,19,45,44,<a_19><b_45><c_44>
4b5d9846f964a520cd6229e3,35.57563377114887,139.66097116470337,47,11,31,7,18,<a_31><b_7><c_18>
4f0ece24e4b0c6e46760c15d,35.706586218533204,139.7606831715733,236,7,48,6,46,<a_48><b_6><c_46>
4b558ecaf964a52061e727e3,35.5247434063878,139.64560747146606,298,36,31,9,24,<a_31><b_9><c_24>
4bcee4da937ca593e222af92,35.658809787962056,139.6971219778061,236,9,10,38,24,<a_10><b_38><c_24>
4b5bfa1cf964a520d11f29e3,35.700810237474855,139.8158097267151,166,32,31,6,6,<a_31><b_6><c_6>
4c9d4db1d3c2b60cd831c0bc,35.665276605989575,139.52576369047165,61,13,1,9,15,<a_1><b_9><c_15>
4bb2c5e44019a593525137b8,35.62052661873064,139.5750868320465,140,13,61,16,6,<a_61><b_16><c_6>
4b62d94cf964a52064552ae3,35.531071543809674,139.70070004463196,236,14,19,15,46,<a_19><b_15><c_46>
4b5c625ff964a520732d29e3,35.66036851879704,139.52372319996357,150,24,61,50,59,<a_61><b_50><c_59>
4b5a6519f964a5204ec228e3,35.6277563214705,139.63094115257263,47,9,9,33,3,<a_9><b_33><c_3>
4b77d57cf964a520d6ab2ee3,35.68425819196409,139.69978535717965,152,9,48,5,6,<a_48><b_5><c_6>
4b5af555f964a52047dc28e3,35.681477868937,139.80653119261945,149,7,30,23,59,<a_30><b_23><c_59>
4b643c3df964a5209ca52ae3,35.646961131570755,139.74685817956924,72,18,20,38,43,<a_20><b_38><c_43>
4b7f6f3df964a520782e30e3,35.69879755,139.774162,33,6,27,13,13,<a_27><b_13><c_13>
4b617dacf964a5206d152ae3,35.82194843454485,139.67735172243795,47,13,44,19,59,<a_44><b_19><c_59>
4b55d467f964a520e3f127e3,35.68913882557596,139.699267745018,298,34,20,35,21,<a_20><b_35><c_21>
4b75d24df964a52027272ee3,35.85303960656474,139.73390579223633,289,10,52,34,18,<a_52><b_34><c_18>
4edb0b8ed3e346be352c7c5e,35.56561863692042,139.7064547728103,6,52,31,46,36,<a_31><b_46><c_36>
4b5e9e59f964a5201c9429e3,35.711188811459714,139.79782523940767,284,7,61,26,38,<a_61><b_26><c_38>
4b67cb9ff964a520ee5d2be3,35.697491,139.669153,236,4,30,16,31,<a_30><b_16><c_31>
4b64e966f964a5204ed92ae3,35.73371972994383,139.76812541484833,78,19,51,0,61,<a_51><b_0><c_61>
4c14aefda1010f4702d24c18,35.71735622626277,139.8569788314082,230,7,10,3,3,<a_10><b_3><c_3>
4b7f816cf964a5200b3230e3,35.7541049474113,139.82046604156494,289,7,45,15,14,<a_45><b_15><c_14>
4b7f8174f964a5200e3230e3,35.685417904490095,139.81715351343155,288,7,19,25,3,<a_19><b_25><c_3>
4b59d85af964a5207b9b28e3,35.53114357561604,139.70008850097656,150,10,52,4,59,<a_52><b_4><c_59>
4c4ce10b74e81b8d9bf5e806,35.69721402,139.7635737,320,5,30,20,16,<a_30><b_20><c_16>
4b86431bf964a520378431e3,35.7288316396826,139.7103425860405,360,76,20,42,17,<a_20><b_42><c_17>
4bfcd1feb68d0f472aeae757,35.70936666266516,139.813901335001,150,9,61,47,32,<a_61><b_47><c_32>
4ef4040e6c25074225e539e6,35.659967284638924,139.72912643050762,111,9,8,2,4,<a_8><b_2><c_4>
4efc041293ad9a27985e84eb,35.691789984883684,139.77039590477943,60,9,24,6,18,<a_24><b_6><c_18>
4f41a57de4b0f9f81abdc8c6,35.67094858730969,139.72675685989427,70,12,18,2,19,<a_18><b_2><c_19>
4b5bfe1ef964a520692029e3,35.5491975084849,139.57818746566772,65,28,44,59,0,<a_44><b_59><c_0>
4b5e6f1cf964a5208c8e29e3,35.68759645077676,139.6937531232834,236,7,48,22,31,<a_48><b_22><c_31>
4c1f90eaa34cd13af60a7d74,35.697674720806745,139.77241292595863,60,16,51,40,43,<a_51><b_40><c_43>
4d85de289324236acb9dd70e,35.679910274181616,139.76790815591812,298,11,44,43,61,<a_44><b_43><c_61>
4ba443d0f964a5203c9138e3,35.684097676490275,139.88193958997726,236,7,48,16,3,<a_48><b_16><c_3>
4b5c48def964a520a32929e3,35.673147435444335,139.76705996964083,63,28,61,50,52,<a_61><b_50><c_52>
4b5f1557f964a5202ca529e3,35.6635023331388,139.69909227972613,42,12,63,36,62,<a_63><b_36><c_62>
4bbc237ced7776b00f613f51,35.69766491872041,139.77448225021362,300,13,61,16,36,<a_61><b_16><c_36>
4f2f72c57bebf4788f85ee33,35.72845059554364,139.71148252487183,78,13,51,15,41,<a_51><b_15><c_41>
4b52b427f964a5205e8627e3,35.75956945505644,139.62860540514316,298,7,31,2,12,<a_31><b_2><c_12>
4e945fb8d5fb27b8eaecca02,35.68104320387953,139.76687014102936,78,90,31,46,36,<a_31><b_46><c_36>
4b7f8e34f964a5203f3430e3,35.675212801751776,139.76595282554626,290,14,52,10,35,<a_52><b_10><c_35>
4c64116e58810f47652b0b1e,35.675304313595795,139.76620495319366,302,6,51,33,41,<a_51><b_33><c_41>
4e57082dd22d19cb72b9cd6e,35.68359659413717,139.7013920545578,236,7,30,15,42,<a_30><b_15><c_42>
4b0587b1f964a5202fa022e3,35.66006723555166,139.69597533345222,147,5,16,12,12,<a_16><b_12><c_12>
4ca19f0e79d9b1f725f7c099,35.645752098622204,139.711037,68,13,48,50,3,<a_48><b_50><c_3>
4de7aaa26365894c5122cfd6,35.69613142192906,139.81562733650208,251,9,51,51,46,<a_51><b_51><c_46>
4b4e91abf964a520aef126e3,35.62754737035465,139.77277338944714,298,32,51,57,11,<a_51><b_57><c_11>
4b5c05e8f964a520842129e3,35.72067689722401,139.7802597284317,152,11,48,19,57,<a_48><b_19><c_57>
4bd3ede7462cb713748fdf07,35.7016836730955,139.77102756500244,3,21,51,8,17,<a_51><b_8><c_17>
4b6d34ccf964a5207d6b2ce3,35.70278797825109,139.77079153060913,65,32,61,40,39,<a_61><b_40><c_39>
4b6c19ecf964a520e8232ce3,35.69927897936867,139.77459490299225,249,29,21,11,44,<a_21><b_11><c_44>
4b5bc7c3f964a520d01529e3,35.68972102073954,139.70695830881596,249,17,21,47,37,<a_21><b_47><c_37>
4ba5cae4f964a520962239e3,35.76017335218074,139.62868809700012,284,18,53,61,14,<a_53><b_61><c_14>
4d0da12dbdbfa35deaf56a72,35.7004485813988,139.7605034841738,186,12,44,37,37,<a_44><b_37><c_37>
4b8746f3f964a520bab931e3,35.662612,139.752278,249,5,10,3,22,<a_10><b_3><c_22>
4b058799f964a520a09b22e3,35.68039394998196,139.73459243774414,291,8,13,3,49,<a_13><b_3><c_49>
4d9bdad0b8b2224ba7288a55,35.68926366648832,139.6975715267202,150,6,49,11,13,<a_49><b_11><c_13>
4b5cdbb1f964a520bb4729e3,35.69851660661565,139.77366149425507,353,43,9,39,21,<a_9><b_39><c_21>
4bfb5bd7565f76b09a8105db,35.69308612354893,139.6953570842743,90,15,61,43,51,<a_61><b_43><c_51>
4d0b679127f8a35dd3b42b13,35.54474551378549,139.76854920387268,267,4,48,50,4,<a_48><b_50><c_4>
4b6e7275f964a520ccbd2ce3,35.53073321173258,139.69759941101074,112,16,31,42,31,<a_31><b_42><c_31>
4b5980b9f964a5205e8a28e3,35.66620544,139.641343,39,10,18,33,31,<a_18><b_33><c_31>
4b714277f964a520633e2de3,35.55312116946332,139.64622974395752,33,5,48,41,55,<a_48><b_41><c_55>
4b6d2629f964a520ea682ce3,35.5321039935219,139.69558238983154,249,14,49,22,58,<a_49><b_22><c_58>
4b5d9e34f964a520a86329e3,35.5989033787182,139.61165070533752,16,15,61,57,47,<a_61><b_57><c_47>
4b5eaa66f964a520549529e3,35.536688193532285,139.74085807800293,78,5,31,6,49,<a_31><b_6><c_49>
4b59bc55f964a5204d9528e3,35.64159035329871,139.7132796049118,167,15,13,15,11,<a_13><b_15><c_11>
4b8a0946f964a520ca5c32e3,35.758422,139.62799642,302,23,53,34,53,<a_53><b_34><c_53>
4b0587a1f964a5208e9d22e3,35.64241866245378,139.71391797065735,140,41,9,20,21,<a_9><b_20><c_21>
4bdef7fc17fdef3b3bb34e36,35.6288420285712,139.795081615448,301,30,19,63,56,<a_19><b_63><c_56>
4b68c48bf964a520d78b2be3,35.68022262243583,139.76833037265803,236,7,13,31,62,<a_13><b_31><c_62>
4b5b0560f964a52043df28e3,35.718669112950344,139.82028365135193,78,7,53,10,49,<a_53><b_10><c_49>
4b67d35bf964a520a55e2be3,35.537864076922304,139.74183171987534,256,4,11,10,52,<a_11><b_10><c_52>
4bc04e402a89ef3bd45cf088,35.661198,139.700641,284,15,44,6,45,<a_44><b_6><c_45>
4b73c672f964a5207ebb2de3,35.70734443657273,139.7600519657135,297,8,9,29,21,<a_9><b_29><c_21>
4d754bddfe1b721ea5ebb81f,35.691248546547484,139.697850744014,299,8,13,17,25,<a_13><b_17><c_25>
4b997abaf964a520aa7d35e3,35.551796573462155,139.7455197572708,289,9,44,43,41,<a_44><b_43><c_41>
4b557b68f964a5206be527e3,35.65637220101617,139.69942331314087,90,20,44,26,20,<a_44><b_26><c_20>
4c0b51d1bbc676b0a1714bd5,35.68403667532857,139.86404657363892,299,8,51,51,46,<a_51><b_51><c_46>
4c7105779375a09307b10837,35.65036999345817,139.67477917671204,320,7,61,10,57,<a_61><b_10><c_57>
4b5b06f2f964a520a3df28e3,35.74202770633572,139.88400220870972,78,10,9,61,55,<a_9><b_61><c_55>
4e3e25b41838cb1b82fb3928,35.70478932,139.77205317,149,9,21,46,23,<a_21><b_46><c_23>
4cbe576228d176b0a949226e,35.578242886376366,139.55936908721924,150,14,51,24,36,<a_51><b_24><c_36>
4b556c7ef964a520f5e327e3,35.718886879417454,139.77645635604858,178,14,61,26,39,<a_61><b_26><c_39>
4b6e3f00f964a52008b42ce3,35.618932,139.72814398817718,52,11,61,29,2,<a_61><b_29><c_2>
4b7f448af964a520b42330e3,35.70061200156624,139.47979674401915,157,3,30,62,59,<a_30><b_62><c_59>
4b67a27bf964a520e6582be3,35.65189274,139.89184,148,6,34,29,9,<a_34><b_29><c_9>
4b56e69ff964a520981e28e3,35.54414316610811,139.57237243652344,298,9,61,47,33,<a_61><b_47><c_33>
4b058799f964a5209e9b22e3,35.668126851805255,139.74106192588806,291,15,61,0,49,<a_61><b_0><c_49>
4b5fb0c4f964a52059c829e3,35.66155893062763,139.70253467559814,33,5,10,33,57,<a_10><b_33><c_57>
4b6013a6f964a52010d529e3,35.66185966343996,139.69847917556763,164,6,61,31,37,<a_61><b_31><c_37>
4b5c2bf5f964a520652629e3,35.705139,139.650051,249,4,48,3,35,<a_48><b_3><c_35>
4be679d92468c928ac710143,35.85855265181291,139.65912580490112,156,24,61,23,21,<a_61><b_23><c_21>
4e007c251f6ef39c293ffeac,35.68963678954769,139.77102609600936,42,7,49,2,16,<a_49><b_2><c_16>
4c1e2b82b4e62d7ff4c7dd93,35.764705,139.725073,33,10,48,51,60,<a_48><b_51><c_60>
4b556acdf964a520cbe327e3,35.75292952139354,139.7388517856598,47,8,44,34,39,<a_44><b_34><c_39>
4d6b10836107f04d4cf82a7a,35.627998305373765,139.73856075524353,149,9,40,30,19,<a_40><b_30><c_19>
4b6e802bf964a520ddbf2ce3,35.631779,139.55020972468083,47,4,16,62,46,<a_16><b_62><c_46>
4b55bee5f964a52019ee27e3,35.70504829616243,139.6204285015088,39,6,8,7,6,<a_8><b_7><c_6>
4b7371f6f964a520ddae2de3,35.7305452270782,139.50170695781708,236,6,34,13,22,<a_34><b_13><c_22>
4b79286ff964a5204eed2ee3,35.65904624192336,139.6992114186287,109,9,35,53,3,<a_35><b_53><c_3>
4b60213ff964a520b8d629e3,35.729266794180724,139.70951422914388,165,27,31,22,40,<a_31><b_22><c_40>
4b96079cf964a5209fba34e3,35.6675995204196,139.8037987947464,109,9,48,56,0,<a_48><b_56><c_0>
4f6dc0c5e4b0541c61aa9c79,35.71123604682883,139.79329045679572,33,2,30,38,0,<a_30><b_38><c_0>
4b5ab19ef964a5200ed128e3,35.63459297809332,139.8855471611023,298,46,51,28,61,<a_51><b_28><c_61>
4b6acb5df964a520a0e02be3,35.74726981975424,139.82721984386444,284,22,51,13,11,<a_51><b_13><c_11>
4b678fcdf964a52056552be3,35.65728753072095,139.70363438129425,236,3,30,4,59,<a_30><b_4><c_59>
4b6563c2f964a5204bef2ae3,35.699141752811066,139.77238476276398,54,22,51,13,13,<a_51><b_13><c_13>
4f8756a2e4b056350d8a44ea,35.65956656583526,139.61067447266242,11,21,31,10,43,<a_31><b_10><c_43>
4be690ed78e8952152c464ce,35.64335812902431,139.60916697978973,142,163,31,46,18,<a_31><b_46><c_18>
4c7eabd4fb13a1cda5629ea4,35.64226607983355,139.60867881774902,142,180,31,46,41,<a_31><b_46><c_41>
4bc19241f8219c744d99b310,35.813774,139.801536,150,3,30,39,34,<a_30><b_39><c_34>
4b99fcb7f964a520f09935e3,35.69783917785349,139.7747504711151,149,6,61,34,33,<a_61><b_34><c_33>
4b715ed9f964a5203d432de3,35.70270956655517,139.60105061531067,236,5,11,39,29,<a_11><b_39><c_29>
4b5720a9f964a520712728e3,35.68481225805401,139.6071231365204,78,5,63,8,46,<a_63><b_8><c_46>
4b5af503f964a52036dc28e3,35.70071004225326,139.74114775657654,54,16,14,29,43,<a_14><b_29><c_43>
4b5e5006f964a520188929e3,35.71253656488773,139.7752869129181,236,19,1,60,4,<a_1><b_60><c_4>
4bffb3fef61ea593ff98ea13,35.686621092329915,139.70034381398472,33,13,48,41,37,<a_48><b_41><c_37>
4ba37855f964a520bf3f38e3,35.7032024,139.665561,33,7,22,7,62,<a_22><b_7><c_62>
4b75ed27f964a5206d2f2ee3,35.578701,139.734786,150,11,19,45,45,<a_19><b_45><c_45>
4ee6f6f377c8e8931a7d0650,35.59462906372111,139.79853445472702,289,6,63,33,19,<a_63><b_33><c_19>
4e560077d164a0684c592fe9,35.657067,139.695879,59,5,11,57,45,<a_11><b_57><c_45>
4be81c89e1b395210f2d21c1,35.730584419243044,139.71154689788818,151,13,31,28,18,<a_31><b_28><c_18>
4c50172c3a6f2d7f582df476,35.66294530778763,139.66860989622435,55,5,11,55,51,<a_11><b_55><c_51>
4c084305bbc676b0e15046d5,35.73045377861857,139.7102165222168,78,60,31,30,19,<a_31><b_30><c_19>
4c5b43af7735c9b661408972,35.69795175227444,139.76800090374937,136,23,61,19,30,<a_61><b_19><c_30>
4f1f4d1fe4b035766aafb3df,35.554705389429046,139.78738277291822,90,9,63,25,42,<a_63><b_25><c_42>
4c8f326af9c1199c8b6bbe49,35.70145496893249,139.7720843553543,150,17,18,19,55,<a_18><b_19><c_55>
4b5bb7f8f964a520f91129e3,35.785432356643575,139.73367244005203,341,26,51,11,42,<a_51><b_11><c_42>
4b88d40cf964a5205b0f32e3,35.69244350280983,139.6518275141716,102,16,61,50,7,<a_61><b_50><c_7>
4f3843bfe4b02a70e22bc3d9,35.74890989889114,139.56756501260747,80,8,61,2,30,<a_61><b_2><c_30>
4be4bb0cbcef2d7f370603e5,35.847749,139.669251,80,7,24,7,39,<a_24><b_7><c_39>
4c18ee00ed98ef3ba0acdd02,35.64962023068776,139.5575800538063,150,5,30,9,40,<a_30><b_9><c_40>
4c718a4f8efc3704b4b4107d,35.859198655867104,139.65715876627692,78,16,20,13,16,<a_20><b_13><c_16>
4ebf5dce9a52cce4f35ecd80,35.655639177562584,139.79248641798478,369,11,61,4,24,<a_61><b_4><c_24>
4b658f88f964a5207df42ae3,35.614736317695225,139.71859346378892,136,5,48,22,62,<a_48><b_22><c_62>
4b579ef1f964a520a63928e3,35.82136330885355,139.6284061978983,139,15,18,54,45,<a_18><b_54><c_45>
4b5d5e5ef964a520085b29e3,35.53632969572437,139.70827460289,248,18,61,0,52,<a_61><b_0><c_52>
4cdfafd8c4f6a35dd2f8d16c,35.70621188043178,139.61798071861267,320,14,51,47,20,<a_51><b_47><c_20>
4b627e59f964a52094492ae3,35.834505261127575,139.6037893705246,248,11,53,54,22,<a_53><b_54><c_22>
4dec72c61f6e3ddebdff96a0,35.701369,139.704765,53,19,61,50,61,<a_61><b_50><c_61>
4b660eacf964a52032112be3,35.56294039135789,139.55784022808075,82,24,31,31,63,<a_31><b_31><c_63>
4ed034a8775bbb5f32ade263,35.81769296495389,139.54944877625283,298,7,9,42,51,<a_9><b_42><c_51>
4da284f47ccc816ea4276a7b,35.72797476909567,139.7707215729832,187,19,31,57,63,<a_31><b_57><c_63>
4b6adc49f964a520e5e32be3,35.678847,139.63618,33,4,48,55,35,<a_48><b_55><c_35>
4b5baaa4f964a520bc0e29e3,35.62608194908785,139.78115558624268,167,32,44,1,59,<a_44><b_1><c_59>
4b2439e3f964a520256424e3,35.7332058958136,139.69869375228882,78,22,31,42,20,<a_31><b_42><c_20>
4c83346fd4e23704e3596f88,35.63214484204605,139.51748102903366,78,10,61,58,2,<a_61><b_58><c_2>
4da15330c6e96ea8bae4be5d,35.62412586,139.517861,78,10,51,49,1,<a_51><b_49><c_1>
4b7f28d6f964a5203e1b30e3,35.62534940014396,139.51889991760254,168,36,61,10,44,<a_61><b_10><c_44>
4b584f93f964a520235228e3,35.711841832419346,139.71892297267914,295,26,44,11,1,<a_44><b_11><c_1>
4b4db27bf964a520e0d526e3,35.6877819,139.5588647,149,13,51,38,13,<a_51><b_38><c_13>
4d58f624fe7c224bde7172b5,35.69574150824157,139.7013893723488,265,32,7,30,24,<a_7><b_30><c_24>
4b5be857f964a520bd1c29e3,35.62103245756,139.7360461950302,178,7,19,33,20,<a_19><b_33><c_20>
4b8a708ef964a520d86c32e3,35.74684314900944,139.8461750149727,302,11,35,12,41,<a_35><b_12><c_41>
4eeadd75b63406cbc10c12b2,35.70033484114511,139.74773668465434,109,4,48,41,13,<a_48><b_41><c_13>
4bc40294abf49521e195c493,35.65900483528946,139.79326844215393,148,7,61,13,63,<a_61><b_13><c_63>
4b7a31d2f964a52006262fe3,35.706640946863054,139.76000636816025,297,13,20,11,63,<a_20><b_11><c_63>
4b6183fbf964a52066162ae3,35.67377038692052,139.66390281915665,320,10,31,31,13,<a_31><b_31><c_13>
4df47ebc483bdb5e1377faf9,35.66662473930853,139.70021417175656,10,7,61,23,13,<a_61><b_23><c_13>
4b5aacc7f964a52058d028e3,35.6599898714969,139.6427509188652,47,7,61,9,1,<a_61><b_9><c_1>
4b56ac4ff964a5202e1828e3,35.69612270879486,139.57050561904907,178,27,61,5,30,<a_61><b_5><c_30>
4b6673cdf964a520bf212be3,35.653911,139.797034,224,6,38,41,9,<a_38><b_41><c_9>
4b52a87bf964a5203f8527e3,35.6842719652667,139.86495852470398,301,8,19,54,9,<a_19><b_54><c_9>
4c2193be13c00f475e3f86de,35.70152466931831,139.7708773612976,65,8,51,31,47,<a_51><b_31><c_47>
4b7cfb41f964a52003ab2fe3,35.606928821039745,139.64049518108368,289,12,13,29,0,<a_13><b_29><c_0>
4bb08b10f964a520f34a3ce3,35.552363948399126,139.5785602927208,236,8,27,7,14,<a_27><b_7><c_14>
4b665345f964a520fe1d2be3,35.650596664538284,139.54080283641815,77,18,44,16,9,<a_44><b_16><c_9>
4c01e832f99620a1c7622504,35.650919233812566,139.5417845249176,369,41,44,43,36,<a_44><b_43><c_36>
4b5aa3f9f964a5200ccf28e3,35.83331410241864,139.70686119514562,298,39,20,51,15,<a_20><b_51><c_15>
4b5566f8f964a5206ee327e3,35.69589616697144,139.82937097549438,298,25,51,40,37,<a_51><b_40><c_37>
4b2cf3c4f964a5203bcb24e3,35.65723958513964,139.69364047050476,78,34,44,56,37,<a_44><b_56><c_37>
4f5b2760e4b07fef003b4a86,35.563733892357135,139.7155837409132,39,50,31,61,6,<a_31><b_61><c_6>
4b617172f964a520c2132ae3,35.73813042160056,139.7608977989021,249,21,20,50,38,<a_20><b_50><c_38>
4bd3f57cb221c9b685e7dad0,35.70065885551537,139.77126225829124,65,11,61,59,59,<a_61><b_59><c_59>
4b89ff0ef964a520be5a32e3,35.60797864195355,139.6240686271793,135,16,63,53,20,<a_63><b_53><c_20>
4b5599d8f964a5209de827e3,35.829008986588626,139.6894598425935,236,7,21,7,11,<a_21><b_7><c_11>
4b6e434af964a520f7b42ce3,35.558825897950825,139.7240770519661,152,54,31,42,50,<a_31><b_42><c_50>
4e06d21a8877394591e2b73e,35.659425878108564,139.70052331907738,356,7,61,20,59,<a_61><b_20><c_59>
4c039bc80d0e0f47b8c4029a,35.71312893387062,139.70455169677734,67,17,31,15,19,<a_31><b_15><c_19>
4b556f55f964a52038e427e3,35.619311611314714,139.7764617204666,180,28,61,43,53,<a_61><b_43><c_53>
4cf4be101c158cfaf73de5b5,35.70707218896947,139.6647034585476,369,30,61,42,44,<a_61><b_42><c_44>
4b5e8f0bf964a520849229e3,35.6784200113913,139.7632598876953,178,10,16,55,37,<a_16><b_55><c_37>
4b5844f2f964a5204c5028e3,35.6888469094698,139.76671993732452,248,7,13,61,13,<a_13><b_61><c_13>
4b79f7a8f964a520f11c2fe3,35.6586212780812,139.69555020332336,265,19,21,6,27,<a_21><b_6><c_27>
4b5e637ef964a5209d8c29e3,35.53189444877752,139.69542145729065,39,30,20,7,30,<a_20><b_7><c_30>
4cc3da8e38aaa093ecc40f62,35.698204781842165,139.76225046806033,300,10,30,6,39,<a_30><b_6><c_39>
4d01616ce0c5a1cd55c176ae,35.69715303031472,139.77591454982758,300,4,62,2,19,<a_62><b_2><c_19>
4bacb0c7f964a5202c043be3,35.68915244103991,139.6974552422762,251,15,31,31,63,<a_31><b_31><c_63>
4ebe198fbe7b04923ba7f576,35.64931417460563,139.75911092526718,254,9,61,19,7,<a_61><b_19><c_7>
4b5f8a0df964a52059c029e3,35.7105547101821,139.7602880001068,201,35,53,12,53,<a_53><b_12><c_53>
4b87e677f964a520e0d131e3,35.7691488669517,139.7078561782837,172,11,61,13,38,<a_61><b_13><c_38>
4b58e045f964a5205d7028e3,35.59140060698661,139.74284291267395,279,20,31,63,41,<a_31><b_63><c_41>
4b52d868f964a520268927e3,35.67170041072459,139.7652554512024,146,9,27,7,12,<a_27><b_7><c_12>
4b777be5f964a5205d9d2ee3,35.754927735293386,139.73653972148895,77,14,45,8,4,<a_45><b_8><c_4>
4cd6122baeb1224b839726ff,35.58930621,139.57752647,236,6,9,2,12,<a_9><b_2><c_12>
4b57e511f964a520744528e3,35.68381009917676,139.86432552337646,297,25,61,5,32,<a_61><b_5><c_32>
4ba512b2f964a52037d938e3,35.54598074885545,139.72106337547302,47,10,24,13,34,<a_24><b_13><c_34>
4b6a03aff964a520d4c12be3,35.68542226164205,139.7632384300232,297,25,51,57,6,<a_51><b_57><c_6>
4b558a35f964a520eae627e3,35.673587359609904,139.76270735263824,165,11,22,9,23,<a_22><b_9><c_23>
4b7c9f4bf964a520409e2fe3,35.763738432973604,139.67653334140778,251,12,13,10,15,<a_13><b_10><c_15>
4b74c614f964a5204bf12de3,35.70143754382651,139.7681200504303,138,6,13,26,33,<a_13><b_26><c_33>
4b5ab856f964a52000d228e3,35.70368099490302,139.7134780883789,139,4,10,54,28,<a_10><b_54><c_28>
4caea07a75ebb60cd91eb6ad,35.62370768126087,139.72063958644867,149,8,30,6,36,<a_30><b_6><c_36>
4ba71567f964a520eb7f39e3,35.75463606013925,139.77039456367493,78,5,61,53,61,<a_61><b_53><c_61>
4b59e50ef964a520099f28e3,35.68389724392667,139.47259426116943,90,18,44,18,6,<a_44><b_18><c_6>
4b655cdef964a52071ee2ae3,35.697564719546456,139.7830881178379,16,10,18,46,46,<a_18><b_46><c_46>
4b762ac8f964a5202f412ee3,35.66751235787164,139.69682693481445,152,44,20,42,17,<a_20><b_42><c_17>
4c2591d0f7ced13a1bf0246d,35.595692976429,139.7116756439209,289,32,31,15,19,<a_31><b_15><c_19>
4bb6e6c32f70c9b607248630,35.75496691545654,139.76823806762695,288,10,10,41,62,<a_10><b_41><c_62>
4b99bb6df964a520e68e35e3,35.60999921216182,139.74875450134277,150,5,11,31,19,<a_11><b_31><c_19>
4bf77d2d4a67c92867d123cf,35.67221899927465,139.69136595726013,139,7,16,49,50,<a_16><b_49><c_50>
4b63f1c5f964a52033982ae3,35.72972000979601,139.71373289823532,290,9,21,7,4,<a_21><b_7><c_4>
4b5b0594f964a52054df28e3,35.66166034183115,139.6684595349776,39,19,9,48,30,<a_9><b_48><c_30>
4b05879af964a520b69b22e3,35.68557476181027,139.6906390786171,291,6,61,14,3,<a_61><b_14><c_3>
4be97ab69a54a593961b0b11,35.711104,139.71139,236,3,30,37,29,<a_30><b_37><c_29>
4ba7283cf964a520858339e3,35.696102,139.75684,39,10,30,9,0,<a_30><b_9><c_0>
4b60445af964a520bfdc29e3,35.70380078905883,139.66564893722534,33,6,35,61,45,<a_35><b_61><c_45>
4b64e2eaf964a52084d72ae3,35.7220422487337,139.71363365650177,102,9,21,38,18,<a_21><b_38><c_18>
4b8e5e7cf964a5204c1f33e3,35.74777,139.567397,72,13,31,42,14,<a_31><b_42><c_14>
4c00ddd28c1076b078c92071,35.533658099960824,139.66631412506104,248,10,24,30,30,<a_24><b_30><c_30>
4b88c6a1f964a520fc0c32e3,35.70256254441745,139.77378487586975,56,21,31,4,21,<a_31><b_4><c_21>
4b57050df964a5201f2328e3,35.772569916839736,139.79764580726624,78,11,31,5,14,<a_31><b_5><c_14>
4ef321ee9a52fadb34423e20,35.70346972113502,139.75224137306213,143,1,30,58,17,<a_30><b_58><c_17>
4dad102193a0faeb8dbbc387,35.663526748704626,139.69956815242767,111,6,9,13,13,<a_9><b_13><c_13>
4dc75f481520cca629d1b784,35.70952456184312,139.66514736413956,33,11,30,27,34,<a_30><b_27><c_34>
4e9a570d4690c213350b2e15,35.534592295523595,139.7305154800415,298,2,48,13,13,<a_48><b_13><c_13>
4d2752a9d86aa09077e21dc0,35.79031697078945,139.7217607498169,341,5,16,20,53,<a_16><b_20><c_53>
4f57fe97e4b0ff1158c98821,35.69598889492512,139.70861158580863,290,2,48,13,33,<a_48><b_13><c_33>
4f79678ce4b0488e30b4a639,35.68962177079478,139.7025178567526,54,11,13,58,63,<a_13><b_58><c_63>
4b63a4bff964a5204f892ae3,35.69541694176286,139.7093904018402,369,7,48,30,58,<a_48><b_30><c_58>
4b23afb1f964a520135824e3,35.61344815013038,139.62703666632507,298,37,44,40,37,<a_44><b_40><c_37>
4b9b0a55f964a520f8ed35e3,35.70078845591565,139.81578290462494,298,43,51,51,49,<a_51><b_51><c_49>
4bbaf388cf2fc9b6670fa202,35.74474459226337,139.7597622871399,47,12,51,9,42,<a_51><b_9><c_42>
4b700580f964a520c0032de3,35.85872768725078,139.65821010464646,39,11,20,61,36,<a_20><b_61><c_36>
4b5fcc53f964a52021cd29e3,35.65576415477031,139.70042377710342,111,11,48,39,16,<a_48><b_39><c_16>
4ca8484097c8a1cd8f6383a5,35.55327176391032,139.72972507386578,152,85,31,50,43,<a_31><b_50><c_43>
4da977b94df01c19b1712cc5,35.5535998884339,139.7298448032631,247,74,31,29,10,<a_31><b_29><c_10>
4e95102029c21304714bbb61,35.7017122538187,139.6964162269149,82,11,61,2,30,<a_61><b_2><c_30>
4b5c179ff964a520da2329e3,35.689372,139.697008,302,20,61,30,14,<a_61><b_30><c_14>
4eafc89f49010398c8b2c4d1,35.83358321719387,139.70680135364495,27,6,12,34,36,<a_12><b_34><c_36>
4da94fb64b22f071ea9be4db,35.702055043696014,139.77189391851425,294,4,8,30,57,<a_8><b_30><c_57>
4b0587baf964a52080a122e3,35.647502766724706,139.71008509397507,277,5,30,4,12,<a_30><b_4><c_12>
4c2571b6f7ced13af0b6246d,35.833123363777666,139.7069549560547,39,8,8,47,54,<a_8><b_47><c_54>
4bc714fc6501c9b6e4b53d29,35.657336842271995,139.7796886944427,248,28,51,5,56,<a_51><b_5><c_56>
4b811a12f964a520d99630e3,35.75680808996317,139.5504235877813,47,18,31,39,43,<a_31><b_39><c_43>
4c0dbc74d64c0f470f3e275d,35.55099221440031,139.78870608305408,141,12,9,62,7,<a_9><b_62><c_7>
4b7772c6f964a520189b2ee3,35.648683017328835,139.7900551557541,295,37,31,30,19,<a_31><b_30><c_19>
4cf464047bf3b60c6322707f,35.54944628913155,139.6206146478653,82,21,44,56,30,<a_44><b_56><c_30>
4b697a2ef964a520d6a32be3,35.67179192659591,139.8356795310974,284,19,51,51,8,<a_51><b_51><c_8>
4c4a8dac9e6dbe9af73db90a,35.59207354498961,139.71808753344243,47,9,51,13,1,<a_51><b_13><c_1>
4defc358091a6eb8df554e6c,35.68870748647497,139.69737946987152,237,5,48,1,35,<a_48><b_1><c_35>
4f725e28e4b019c940c304fb,35.7320101759778,139.48219861389168,6,36,51,57,41,<a_51><b_57><c_41>
4b8f40bdf964a520494f33e3,35.614975,139.621897,103,8,21,1,27,<a_21><b_1><c_27>
4b68f452f964a520bd942be3,35.74941620013441,139.71818268299103,47,13,55,10,18,<a_55><b_10><c_18>
4b57db8cf964a5200f4428e3,35.60950638743487,139.72951233386993,139,3,30,6,8,<a_30><b_6><c_8>
4f57969de4b084fcb21169be,35.746895394529666,139.8263669013977,289,16,20,51,43,<a_20><b_51><c_43>
4ceb3733e1eeb60c0b79b2ae,35.69897838755359,139.77162837982178,60,35,51,30,13,<a_51><b_30><c_13>
4b68186bf964a52000672be3,35.73071261894441,139.7147707792544,112,19,19,60,26,<a_19><b_60><c_26>
4b5a5454f964a520b2bd28e3,35.73727293285429,139.83858704566956,47,7,31,7,12,<a_31><b_7><c_12>
4d8c4d7bd1c7721e01e927da,35.69832601228848,139.77177992463112,294,20,9,48,52,<a_9><b_48><c_52>
4c96eeeb94a0236abb38a312,35.58774493202978,139.6277841925621,251,43,31,46,47,<a_31><b_46><c_47>
4b7134abf964a5207d3c2de3,35.774049714704574,139.6851807832718,321,7,61,41,19,<a_61><b_41><c_19>
4cf7243c71538cfa78fab92e,35.61282099165037,139.6268972248963,298,10,31,17,35,<a_31><b_17><c_35>
4c5cf29a94fd0f47f34dca45,35.768378,139.874504,289,39,31,29,52,<a_31><b_29><c_52>
4c8f1f1ef9c1199c0e0fbe49,35.65368063503529,139.54273402690887,224,5,48,47,46,<a_48><b_47><c_46>
4b5bd148f964a520e81729e3,35.61507774676525,139.62775468826294,288,7,55,38,37,<a_55><b_38><c_37>
4b8b67d4f964a520a89e32e3,35.5360153949583,139.6759808063507,47,15,48,42,24,<a_48><b_42><c_24>
4b2a0462f964a520b8a424e3,35.61192077881614,139.63880571617167,78,20,61,51,1,<a_61><b_51><c_1>
4d8abbea7139b1f7b5b4d1d4,35.53583205227609,139.66726899147034,298,29,9,39,3,<a_9><b_39><c_3>
4c494e926594be9ad8a3e724,35.6417099,139.519227,47,3,30,31,14,<a_30><b_31><c_14>
4b584d5bf964a520be5128e3,35.69962966838744,139.76890593767166,224,24,44,56,22,<a_44><b_56><c_22>
4bacceebf964a520f60d3be3,35.697463,139.666007,68,12,51,29,51,<a_51><b_29><c_51>
4b5c0e54f964a520a52229e3,35.78415512740117,139.6790599822998,297,9,9,46,52,<a_9><b_46><c_52>
4b6569d5f964a520d7ef2ae3,35.64131513,139.521468,33,4,30,55,29,<a_30><b_55><c_29>
4b5a7ca3f964a520e5c728e3,35.625727,139.725536,29,12,55,42,62,<a_55><b_42><c_62>
4dbf3ce64b2221ec2d568eaa,35.62116763808467,139.63552236557007,139,18,61,56,39,<a_61><b_56><c_39>
4e15a97cd4c0e3d78b2ea50d,35.81187966032451,139.74650144577026,248,34,31,50,12,<a_31><b_50><c_12>
4e70bf79fa76e1a41fa0d25b,35.82494826,139.76158144,248,11,44,43,53,<a_44><b_43><c_53>
4bb5e1a42f70c9b6ad968430,35.7304973255172,139.7156372666359,224,6,21,2,45,<a_21><b_2><c_45>
4be5f157bcef2d7f189304e5,35.772151,139.70874896,138,8,49,25,36,<a_49><b_25><c_36>
4b5c6af6f964a520e22e29e3,35.677151958855944,139.6587610244751,302,11,61,31,53,<a_61><b_31><c_53>
4ef308cb8b81368cf8facfdf,35.61741810001971,139.72128476105513,269,8,24,5,35,<a_24><b_5><c_35>
4b84814cf964a5203a3931e3,35.622055,139.567685,320,6,13,33,13,<a_13><b_33><c_13>
4b776e0af964a520dd992ee3,35.672992932104734,139.49293247800276,167,10,27,39,14,<a_27><b_39><c_14>
4f501003e4b0c5fb015db178,35.53304231975648,139.7502023160908,90,7,61,46,42,<a_61><b_46><c_42>
4b5ae635f964a5206bd928e3,35.662203,139.670676,106,33,51,10,48,<a_51><b_10><c_48>
4b6b1035f964a5203cf02be3,35.554111,139.645924,33,6,48,1,14,<a_48><b_1><c_14>
4b629a25f964a5209f4c2ae3,35.678968,139.789108,248,12,61,16,53,<a_61><b_16><c_53>
4b7eb605f964a52083fa2fe3,35.722936,139.753793,320,10,10,22,21,<a_10><b_22><c_21>
4b5ab40df964a5206bd128e3,35.58742210784328,139.56969022750854,289,1,30,21,46,<a_30><b_21><c_46>
4b825687f964a5202ad030e3,35.520634979662866,139.63023573160172,47,15,51,30,35,<a_51><b_30><c_35>
4e40eeb3fa7697d3df8150b9,35.714747396087674,139.77773099025484,360,46,9,3,21,<a_9><b_3><c_21>
4c553a8f479fc928a3757694,35.66554617125348,139.6708176583728,269,8,49,58,46,<a_49><b_58><c_46>
4b681daaf964a520d7672be3,35.70213672321479,139.77188050746918,236,27,45,55,42,<a_45><b_55><c_42>
4b62321df964a520753b2ae3,35.72764930820728,139.76714372634888,138,9,61,10,43,<a_61><b_10><c_43>
4b853410f964a520a05031e3,35.727710276005325,139.70808148384094,150,7,61,32,2,<a_61><b_32><c_2>
4b8ab5eff964a5206d7b32e3,35.60137901734308,139.726884066015,6,58,48,17,57,<a_48><b_17><c_57>
4bdb95a03904a593414c4b9e,35.761381,139.740405,153,7,10,42,46,<a_10><b_42><c_46>
4b584952f964a5200c5128e3,35.726675937016594,139.59138029991723,33,17,48,27,51,<a_48><b_27><c_51>
4ba34486f964a520863238e3,35.69220170180127,139.76450443267822,320,6,48,17,41,<a_48><b_17><c_41>
4c0e3188b1b676b01b9be186,35.726573654381674,139.51321095228195,299,58,31,50,6,<a_31><b_50><c_6>
4b5aa58bf964a52048cf28e3,35.730366684749875,139.71076369285583,284,45,31,42,61,<a_31><b_42><c_61>
4b88ff77f964a5206b1732e3,35.729572,139.709651,39,8,21,30,53,<a_21><b_30><c_53>
4dbfdbb4432d4078bf71394b,35.6601746,139.6989122,232,8,33,3,22,<a_33><b_3><c_22>
4cadcfa72e75ef3bdfa4931d,35.650188,139.5510519,320,54,44,51,34,<a_44><b_51><c_34>
4b67dbd9f964a520735f2be3,35.63224730338403,139.78800058364868,320,18,61,10,57,<a_61><b_10><c_57>
4e5b5bc1ae6099fc00e00d80,35.664435210308746,139.85899862454067,299,22,31,50,28,<a_31><b_50><c_28>
4b568aa1f964a5208c1428e3,35.691129926342995,139.69265341758728,90,10,53,37,14,<a_53><b_37><c_14>
4c08d763340720a1b2b38393,35.661388950710936,139.6975564956665,39,17,61,33,40,<a_61><b_33><c_40>
4d0d9cec7d28721e6b22fa20,35.827942080465654,139.68920060613408,299,10,51,30,14,<a_51><b_30><c_14>
4cd88169a99d370488c305ce,35.62896847542755,139.74097073078156,78,49,31,8,21,<a_31><b_8><c_21>
4e257f0b45dd3b8cf8f94078,35.716548036432066,139.85873579978943,299,15,31,2,2,<a_31><b_2><c_2>
4b6228cbf964a52034392ae3,35.642972316943386,139.7492802143097,320,14,29,8,38,<a_29><b_8><c_38>
4b552c37f964a520acdd27e3,35.64348349403652,139.74917429376325,320,17,20,13,48,<a_20><b_13><c_48>
4b5c1085f964a520f32229e3,35.672848709412804,139.75939884781835,165,12,31,38,14,<a_31><b_38><c_14>
4e7a817281dc02c6370264e9,35.77747055376463,139.72110629081726,236,12,61,43,6,<a_61><b_43><c_6>
4e79fa21fa7600c1002066e6,35.83343869263978,139.61532473709522,248,22,48,0,36,<a_48><b_0><c_36>
4b714d2af964a5202e402de3,35.66467952325641,139.75470900535583,294,7,11,28,51,<a_11><b_28><c_51>
4b8b7d42f964a520dea032e3,35.7782909239493,139.72351491451263,47,12,20,42,3,<a_20><b_42><c_3>
4c1addb2624b9c7443801204,35.57729829176526,139.73531126976013,38,11,61,2,38,<a_61><b_2><c_38>
4b07b55ef964a52090ff22e3,35.64326004138373,139.6986722946167,42,15,61,25,3,<a_61><b_25><c_3>
4d4ccd27b1fa236af9828729,35.62095832620753,139.56896603107452,251,5,8,53,57,<a_8><b_53><c_57>
4b8fc190f964a520926033e3,35.659550140454414,139.69823673610688,7,13,13,7,38,<a_13><b_7><c_38>
4b0587b2f964a5203fa022e3,35.6666581598653,139.74133014678955,369,21,18,39,5,<a_18><b_39><c_5>
4df28ceb88772e1f8150abbb,35.714159,139.776921,320,57,18,39,6,<a_18><b_39><c_6>
4b56d571f964a520761c28e3,35.684672828007585,139.7865803539753,236,7,16,2,29,<a_16><b_2><c_29>
4b6f59bcf964a520b4ec2ce3,35.67383139593082,139.75101828575134,297,30,20,59,62,<a_20><b_59><c_62>
4f1375ffe4b0960d00dd2e12,35.626546329317335,139.73804980516434,236,13,9,33,46,<a_9><b_33><c_46>
4b5a6a4df964a520b4c328e3,35.68539829730338,139.7840215265751,235,15,13,14,27,<a_13><b_14><c_27>
4c37fdd13849c9286cd7beb1,35.69562327915261,139.75731550678063,29,10,44,10,49,<a_44><b_10><c_49>
4b627ed1f964a520a1492ae3,35.695838442269306,139.75973412394524,39,18,44,20,1,<a_44><b_20><c_1>
4b9e1aebf964a52001cb36e3,35.60811403214461,139.66939330101013,54,5,48,58,19,<a_48><b_58><c_19>
4b5dd1aff964a5208a6d29e3,35.658647429767555,139.69565749168396,265,22,45,2,11,<a_45><b_2><c_11>
4cb46248ef1b3704d1515800,35.56147413062663,139.67060029506683,320,13,61,62,57,<a_61><b_62><c_57>
4ec4c0070e617a27f9d0cd10,35.68875977012658,139.78629738092422,47,9,16,18,46,<a_16><b_18><c_46>
4efbcd082c5b0c24c9ae4a15,35.71393976624502,139.77669250589102,360,70,44,16,44,<a_44><b_16><c_44>
4bede38aa40fc928f2b0820c,35.731149,139.703867,187,11,20,34,40,<a_20><b_34><c_40>
4badd434f964a520ed6b3be3,35.713225,139.704871,27,5,21,62,46,<a_21><b_62><c_46>
4b690331f964a520e6962be3,35.6585144919397,139.69915241003036,7,6,30,38,17,<a_30><b_38><c_17>
4b5ee011f964a520fc9b29e3,35.59800482801123,139.612997174263,39,12,61,57,36,<a_61><b_57><c_36>
4b71163bf964a52063392de3,35.62236681015332,139.72331643104553,236,3,60,23,31,<a_60><b_23><c_31>
4b56c342f964a520981a28e3,35.528174938495134,139.6979856491089,298,33,61,51,4,<a_61><b_51><c_4>
4bea97ff9fa3ef3b5d2680c9,35.66622234103479,139.75849628448486,78,16,44,13,59,<a_44><b_13><c_59>
4b5907def964a5203b7928e3,35.695364,139.759973,39,7,48,8,61,<a_48><b_8><c_61>
4dde610db0fbc2c4ef0147a2,35.81456588478927,139.70277070999146,110,12,34,47,57,<a_34><b_47><c_57>
4c3435263896e21e6039eb90,35.69625340570795,139.81946289539337,248,11,51,42,36,<a_51><b_42><c_36>
4b5d867af964a520156029e3,35.6684275598788,139.60117936134338,292,5,35,54,57,<a_35><b_54><c_57>
4e1e792b62840ee80741b6c9,35.66365096150746,139.73261028528214,29,11,51,13,41,<a_51><b_13><c_41>
4b5bcdd9f964a520211729e3,35.65999640930724,139.69946086406708,251,19,51,28,46,<a_51><b_28><c_46>
4b5920eff964a5200e7e28e3,35.55396785198181,139.6447652578354,236,11,44,47,34,<a_44><b_47><c_34>
4b64322cf964a5208da32ae3,35.52926690767657,139.69990208745003,42,8,55,8,46,<a_55><b_8><c_46>
4be7fb02a117b7139d5a81c8,35.66324781398703,139.73228842020035,289,56,51,30,18,<a_51><b_30><c_18>
4b51cf65f964a520665627e3,35.76386901898035,139.66370165348053,302,13,49,55,30,<a_49><b_55><c_30>
4b5d7aeaf964a520615e29e3,35.68869332631343,139.69842553138733,150,13,9,31,33,<a_9><b_31><c_33>
4b56d167f964a520041c28e3,35.666924576763805,139.7311219318852,258,11,63,28,51,<a_63><b_28><c_51>
4b5e7065f964a520be8e29e3,35.66457056607151,139.7297242283821,42,10,49,35,52,<a_49><b_35><c_52>
4b9df324f964a520eec336e3,35.808164473021534,139.67801928520203,47,27,44,14,57,<a_44><b_14><c_57>
4b5841cff964a520db4f28e3,35.66915317687004,139.6010921895504,47,8,48,59,52,<a_48><b_59><c_52>
4c161ef87f7f2d7f9764e368,35.70026597234989,139.8144861760054,236,7,61,47,36,<a_61><b_47><c_36>
4b4ef153f964a52077f726e3,35.65243180479121,139.5439463853836,299,27,9,12,52,<a_9><b_12><c_52>
4b6e193df964a52062aa2ce3,35.636397967155155,139.88204956054688,76,11,44,50,2,<a_44><b_50><c_2>
4bf61dc85efe2d7fe5b56634,35.685905904028964,139.70076441764832,52,7,24,59,1,<a_24><b_59><c_1>
4f082b0be4b00a2751a9f872,35.627576185682656,139.73798198030255,80,2,48,13,46,<a_48><b_13><c_46>
4d8485945091370477c9805b,35.5688369,139.547928,111,2,30,21,55,<a_30><b_21><c_55>
4c35b8b2213c2d7f4f7c3a5d,35.63583112338552,139.88352656185248,299,7,8,51,51,<a_8><b_51><c_51>
4b8fb76df964a5208b5e33e3,35.77877374,139.7322321,320,7,21,22,12,<a_21><b_22><c_12>
4ebc84c2d5fb1fb0d8e9dfd4,35.66073953692795,139.69740897417068,39,6,13,7,35,<a_13><b_7><c_35>
4be11114c1732d7fcb385b9a,35.650810257852086,139.5442333817482,224,7,53,29,60,<a_53><b_29><c_60>
4b5db97ff964a5209a6829e3,35.60837695970801,139.67065319469037,320,14,51,57,41,<a_51><b_57><c_41>
4ba73dbcf964a520768739e3,35.689838112798945,139.6983477473259,237,6,49,3,17,<a_49><b_3><c_17>
4b5a86faf964a520d3c928e3,35.677224516496295,139.6824708266676,153,24,44,16,47,<a_44><b_16><c_47>
4cbbe1364352a1cd39509bf5,35.63718273229371,139.5875322818756,320,10,9,29,44,<a_9><b_29><c_44>
4b4eea3ff964a52027f726e3,35.68347894825895,139.6985113620758,78,27,44,0,48,<a_44><b_0><c_48>
4cf388b88333224ba0fc158e,35.664042,139.731975,42,2,30,21,31,<a_30><b_21><c_31>
4dd8c40d52b1a5c6446e2a8e,35.67068937125882,139.8341888934374,33,18,9,29,34,<a_9><b_29><c_34>
4b5f1f18f964a52048a729e3,35.6984512600405,139.77585285902023,29,9,24,13,52,<a_24><b_13><c_52>
4b716748f964a520dc442de3,35.68198003744061,139.785897731781,320,8,11,19,46,<a_11><b_19><c_46>
4c84dc37d8086dcbda748c52,35.77630417733809,139.78978157043457,33,5,35,33,25,<a_35><b_33><c_25>
4c0de2822466a59359467821,35.675283,139.481794,320,10,44,47,43,<a_44><b_47><c_43>
4bb73057ef159c74b2e176f7,35.6113250264457,139.67020869255066,42,5,48,55,57,<a_48><b_55><c_57>
4b62d4f5f964a52084542ae3,35.60853867615653,139.66850025781747,64,3,10,33,46,<a_10><b_33><c_46>
4c09ccbb35ac9c74168285f7,35.760905,139.706027,320,11,44,47,0,<a_44><b_47><c_0>
4b6e7474f964a52012be2ce3,35.76328534580632,139.73150108474283,157,23,44,49,7,<a_44><b_49><c_7>
4b23d399f964a5208d5a24e3,35.648329924793245,139.7109031677246,236,14,49,60,61,<a_49><b_60><c_61>
4b5d3706f964a520be5629e3,35.65323384809865,139.54100131988525,320,8,40,33,14,<a_40><b_33><c_14>
4f82560fe4b0a458bbd40341,35.70754481,139.6628809,320,10,61,45,48,<a_61><b_45><c_48>
4d8dffb462f1dcb3d43f7512,35.592773637379075,139.5744209943602,139,28,53,3,39,<a_53><b_3><c_39>
4b5e6a53f964a520b68d29e3,35.728903493515936,139.7248935699463,295,13,31,61,4,<a_31><b_61><c_4>
4b5d46c3f964a520765829e3,35.57733538,139.6542174,320,12,20,41,38,<a_20><b_41><c_38>
4c00a456147bd13a319a2a4d,35.670101044985955,139.75506842136383,306,8,20,13,58,<a_20><b_13><c_58>
4b8b45bbf964a5205a9a32e3,35.66577562426439,139.7582682967186,78,13,61,56,47,<a_61><b_56><c_47>
4def43e945dd29e2689a3195,35.57986649173088,139.57376919388014,78,10,9,12,21,<a_9><b_12><c_21>
4bf5005098ac0f47639864a8,35.61894349163771,139.72860262252996,78,39,18,39,54,<a_18><b_39><c_54>
4d96bcc0af3d236a325912c7,35.8081531263629,139.7154091776528,156,18,61,16,18,<a_61><b_16><c_18>
4bc285c474a9a593d880d3f6,35.700568461834145,139.77074056863785,65,17,24,42,44,<a_24><b_42><c_44>
4b98ae25f964a520404b35e3,35.58831189724429,139.72823346540332,47,17,31,61,35,<a_31><b_61><c_35>
4b52730af964a520da7d27e3,35.660608781836224,139.69607591629028,284,15,61,22,14,<a_61><b_22><c_14>
4bdd645cf219c9b6fe7d1210,35.603227,139.50796617,150,16,9,59,55,<a_9><b_59><c_55>
4c6e5e40e6b7b1f7ea4fac8e,35.6889721721089,139.69751492142677,54,7,27,47,1,<a_27><b_47><c_1>
4e8070c629c28527be6e12f8,35.70212998046448,139.63500778664218,6,3,48,41,35,<a_48><b_41><c_35>
4b5a7319f964a520d6c528e3,35.60620481960152,139.7359013557434,0,6,48,54,14,<a_48><b_54><c_14>
4b584b60f964a520725128e3,35.73042703064187,139.7074535423278,236,8,48,37,4,<a_48><b_37><c_4>
4b55af0ef964a520beeb27e3,35.71385196651518,139.7773575782776,39,6,31,33,14,<a_31><b_33><c_14>
4b5d718ef964a5202f5d29e3,35.63486983292698,139.71692472696304,236,13,24,20,22,<a_24><b_20><c_22>
4b5b0e59f964a52030e128e3,35.662112452464,139.6687737107277,42,7,4,37,46,<a_4><b_37><c_46>
4cad496a76d3a093af44396b,35.62667495998369,139.73796129226685,236,4,2,2,41,<a_2><b_2><c_41>
4b6242b9f964a520153f2ae3,35.62667495998369,139.73804108798504,236,5,14,47,9,<a_14><b_47><c_9>
4b59cad4f964a520529828e3,35.67362222198714,139.66866374015808,39,10,20,33,63,<a_20><b_33><c_63>
4cbd83e143ec6dcbc131b731,35.67156640515229,139.7613850235939,236,6,48,50,29,<a_48><b_50><c_29>
4c48444d0f5aa59337948076,35.56663428941884,139.6705064177513,47,20,31,33,21,<a_31><b_33><c_21>
4b9778e6f964a520180535e3,35.555779024251706,139.73968863487244,33,12,7,13,61,<a_7><b_13><c_61>
4dd744daae60680f1503a3d9,35.723315608594035,139.7487650859484,320,23,48,13,11,<a_48><b_13><c_11>
4b73f6fdf964a520dec12de3,35.646908708773665,139.7467360432884,33,31,31,46,57,<a_31><b_46><c_57>
4b943bd3f964a5203c7034e3,35.71324218038072,139.77712154388428,360,11,51,1,19,<a_51><b_1><c_19>
4cd6469ddfb4a1cd73755e5c,35.736225,139.7096949,236,5,21,56,51,<a_21><b_56><c_51>
4e8c2c86775bb280521d3acd,35.651631932928524,139.54625576734543,236,11,61,0,47,<a_61><b_0><c_47>
4b737e0ff964a52021b12de3,35.66879,139.704775,157,6,19,58,3,<a_19><b_58><c_3>
4b616215f964a520a9112ae3,35.682169863105024,139.68781969261138,320,19,51,15,63,<a_51><b_15><c_63>
4b8cd1acf964a52008de32e3,35.64629007648578,139.74742814905645,39,6,61,13,6,<a_61><b_13><c_6>
4f8d5245e4b0af04c411ee25,35.60660000835889,139.73421509180292,78,88,20,57,20,<a_20><b_57><c_20>
4bb2e2b835f0c9b634dabb83,35.56427059134913,139.6557736192015,299,16,61,47,57,<a_61><b_47><c_57>
4c09ab59bbc676b0f9ae48d5,35.65505258,139.5417497,320,12,9,12,55,<a_9><b_12><c_55>
4b63ddcaf964a520ef942ae3,35.702927376631195,139.64835405349731,298,10,13,50,60,<a_13><b_50><c_60>
4bc9ab9d3740b713b5085f65,35.70204559,139.64777006,68,6,30,55,49,<a_30><b_55><c_49>
4bee265e4daaa593e1dd8f61,35.662680135243555,139.73108276724815,299,7,61,29,32,<a_61><b_29><c_32>
4c1c0a678b3aa5936d42985f,35.64725973973557,139.70858573913574,249,11,63,58,18,<a_63><b_58><c_18>
4b52edd6f964a520c98a27e3,35.650393513643856,139.55738202434213,47,13,51,31,14,<a_51><b_31><c_14>
4ba35989f964a520a43638e3,35.69313622596523,139.7018399834633,251,21,31,53,1,<a_31><b_53><c_1>
4bf28c9720960f47035a6e2f,35.66604365462657,139.75916147232056,29,3,30,10,9,<a_30><b_10><c_9>
4b5c1f12f964a520c02429e3,35.700960763487366,139.77095121315327,258,28,35,39,27,<a_35><b_39><c_27>
4b6555ccf964a520a5ed2ae3,35.69466967890268,139.79865432294005,47,33,20,39,26,<a_20><b_39><c_26>
4f8d5b7ee4b0af04c41b7f8e,35.81516008366606,139.58607999108222,197,11,18,45,43,<a_18><b_45><c_43>
4b62d274f964a5201c542ae3,35.69884987331584,139.77473974227905,236,16,31,50,2,<a_31><b_50><c_2>
4f752317e4b0a6fdc60cbc9a,35.696148848194625,139.75948333740234,29,7,8,30,57,<a_8><b_30><c_57>
4b62f48bf964a5209c5a2ae3,35.644114,139.757498,321,7,10,27,9,<a_10><b_27><c_9>
4b592f1ef964a520898028e3,35.62786959699341,139.73629116333768,291,31,9,10,32,<a_9><b_10><c_32>
4b98bfb9f964a520084e35e3,35.698871655404595,139.7704991698265,236,23,51,40,13,<a_51><b_40><c_13>
4b90bde5f964a520fa9533e3,35.69065067249457,139.700345993042,360,17,51,29,22,<a_51><b_29><c_22>
4e8e38ad7ee6c063657e06d7,35.8586163371166,139.6565060490358,299,12,18,54,51,<a_18><b_54><c_51>
4d6148cc039188bf1f7a8423,35.561553527888144,139.72202331576025,236,4,16,2,5,<a_16><b_2><c_5>
4ba17b54f964a520c8ba37e3,35.67449377646909,139.77622032165527,150,6,8,29,57,<a_8><b_29><c_57>
4bf20460189f0f4708fab762,35.71216532402217,139.7773066074327,236,13,49,17,46,<a_49><b_17><c_46>
4bff840e369476b0aeec8d1f,35.7495685778798,139.80677604675293,33,8,31,50,39,<a_31><b_50><c_39>
4ba195c9f964a5202bc237e3,35.709933357497995,139.73167070654338,33,10,31,19,46,<a_31><b_19><c_46>
4b5d9e7bf964a520b76329e3,35.66763094500121,139.6320468166258,39,11,31,7,0,<a_31><b_7><c_0>
4c49b44220ab1b8dfd122317,35.73360651253888,139.69769060611725,66,11,61,2,51,<a_61><b_2><c_51>
4b624e60f964a52061412ae3,35.66138459224678,139.73011314868927,33,7,17,14,63,<a_17><b_14><c_63>
4bee453ae24d20a10cc87214,35.65678345144342,139.60942981753703,47,9,27,47,3,<a_27><b_47><c_3>
4bb275e44019a5931edd36b8,35.72653010533787,139.71220672130585,320,11,31,31,21,<a_31><b_31><c_21>
4dcde71422718eed7a2b945c,35.65783236485013,139.7014456987381,78,13,44,30,61,<a_44><b_30><c_61>
4b5822c5f964a520e14b28e3,35.7779362291257,139.732583463192,297,18,44,11,24,<a_44><b_11><c_24>
4e4f9e5d1fc7e04d29e2def4,35.70313647374439,139.7563585639,129,6,21,46,11,<a_21><b_46><c_11>
4b5ce87cf964a520574a29e3,35.65518879492013,139.79786306619644,236,4,16,19,16,<a_16><b_19><c_16>
4bd6dff04e32d13adc38c380,35.71987988696281,139.78386998176575,289,22,51,42,43,<a_51><b_42><c_43>
4c924443ae45224b15baee97,35.7289470412622,139.79080080986023,289,19,20,22,38,<a_20><b_22><c_38>
4b559ed1f964a52064e927e3,35.66919022020316,139.6135899424553,150,5,48,42,24,<a_48><b_42><c_24>
4c9594f3533aa093e1ceca45,35.74508419648473,139.81714010238647,248,13,61,13,30,<a_61><b_13><c_30>
4f8d99afe4b00c10ec6384f9,35.70747911907771,139.75951521319763,212,26,44,51,24,<a_44><b_51><c_24>
4b627183f964a520d9472ae3,35.73037103944558,139.72229182720184,320,16,51,45,17,<a_51><b_45><c_17>
4d270da7ebacb1f71491e34f,35.69397162466048,139.7049580514431,42,37,9,10,52,<a_9><b_10><c_52>
4e548e63d4c0fe03427bd0fe,35.68377340414853,139.76772135580546,68,9,48,55,57,<a_48><b_55><c_57>
4de4be7a7d8b2547eb392f26,35.68271219534015,139.7650507408847,156,7,30,42,62,<a_30><b_42><c_62>
4c4aa25946240f47ba9d2bf2,35.58655832861937,139.6666842699051,138,14,61,53,13,<a_61><b_53><c_13>
4b698ef4f964a52047a72be3,35.6201304358578,139.72828738256908,320,11,30,38,28,<a_30><b_38><c_28>
4ebc9bbf4690027019e37c88,35.697478704770965,139.75435450983784,149,9,48,19,42,<a_48><b_19><c_42>
4e2ac44c45dd3272c80ac471,35.59328785154438,139.73058812868388,316,78,61,0,60,<a_61><b_0><c_60>
4b6ad929f964a52052e32be3,35.73212596242882,139.76677894592285,297,54,44,53,44,<a_44><b_53><c_44>
4cba90ff035d236a045bdb4e,35.604869652178245,139.73476141691208,138,56,31,50,21,<a_31><b_50><c_21>
4b95f73ff964a520d9b834e3,35.669469134159264,139.81882452964783,249,8,21,14,4,<a_21><b_14><c_4>
4b5d4873f964a520a85829e3,35.608333190692264,139.5609998703003,139,6,61,43,18,<a_61><b_43><c_18>
4b5d0200f964a520a74e29e3,35.70718762206679,139.66376066207886,71,6,49,54,1,<a_49><b_54><c_1>
4b61b7aaf964a520891e2ae3,35.68677296727429,139.76659655570984,167,10,61,5,56,<a_61><b_5><c_56>
4c7b294f81bca0930ad00215,35.564592,139.61174459,47,8,48,2,1,<a_48><b_2><c_1>
4b70da31f964a520a3312de3,35.71294164121228,139.75964695215225,207,13,9,27,15,<a_9><b_27><c_15>
4e4b89cae4cde30b7284a2fc,35.67478970818162,139.60542718512718,139,38,20,2,11,<a_20><b_2><c_11>
4b7dd1f7f964a520ced62fe3,35.678076324132995,139.56776898889763,184,10,48,9,54,<a_48><b_9><c_54>
4b78d498f964a520f4e32ee3,35.65739213916208,139.69696506857872,320,10,10,46,52,<a_10><b_46><c_52>
4bb30ea82397b71359b137b3,35.67414045752492,139.7766276012208,320,11,16,8,33,<a_16><b_8><c_33>
4b5eccb5f964a520199929e3,35.65679935618394,139.75714445114136,68,12,61,19,2,<a_61><b_19><c_2>
4b4fbac7f964a520ea1227e3,35.6461684487605,139.70789649388314,249,18,9,14,5,<a_9><b_14><c_5>
4bac3004f964a520f7e93ae3,35.687269672626435,139.70015823841095,68,5,48,15,6,<a_48><b_15><c_6>
4f518a21e4b0195da2dcdbea,35.66863496858619,139.70562448309514,298,57,44,56,18,<a_44><b_56><c_18>
4bfd3be1bf6576b0afecacb8,35.73362828512926,139.79915857315063,78,18,24,54,56,<a_24><b_54><c_56>
4b7919c5f964a52091eb2ee3,35.737447105391084,139.79610085487366,342,11,24,22,0,<a_24><b_22><c_0>
4c3fde56ce54e21e88ca081a,35.695252163824684,139.80913373565176,248,7,51,30,42,<a_51><b_30><c_42>
4b5e8018f964a520039129e3,35.58979252679307,139.7284230322892,148,4,13,34,41,<a_13><b_34><c_41>
4b5a9d41f964a520cacd28e3,35.69183573131282,139.70312476158142,27,9,49,41,62,<a_49><b_41><c_62>
4b65127bf964a520c1e22ae3,35.68365812301636,139.658364,30,7,44,8,2,<a_44><b_8><c_2>
4e8663596c250a5f626421f7,35.65593632604093,139.7563934326172,232,12,48,41,19,<a_48><b_41><c_19>
4b5685f9f964a520e31328e3,35.67058042227619,139.71698373556137,29,9,30,50,19,<a_30><b_50><c_19>
4b8c6708f964a520fcce32e3,35.68036597,139.785857,110,13,30,9,11,<a_30><b_9><c_11>
4cc12f07668db60c435312b4,35.65579871414443,139.7004584977311,301,11,21,46,3,<a_21><b_46><c_3>
4f868a3ce4b02b69f361c835,35.61003522476811,139.54562926274411,105,21,31,61,6,<a_31><b_61><c_6>
4dfedc621f6e4f313a7589d1,35.67639395748821,139.763882,146,13,27,59,40,<a_27><b_59><c_40>
4b0587a1f964a5207b9d22e3,35.6422363910011,139.67163998365507,258,5,10,18,14,<a_10><b_18><c_14>
4b6947dff964a520a19d2be3,35.68475561462704,139.78387132287023,236,5,34,10,59,<a_34><b_10><c_59>
4b73cef3f964a52091bc2de3,35.732073,139.710265,33,6,48,35,7,<a_48><b_35><c_7>
4b07ead6f964a5201f0123e3,35.59688925890996,139.66731928288937,78,64,44,11,42,<a_44><b_11><c_42>
4d5dfef2b19fa143c60ed4c8,35.63461833484332,139.6039799772551,85,78,31,46,22,<a_31><b_46><c_22>
4e6b71456365c2609eb17323,35.69226923188644,139.77176785469055,33,5,52,56,38,<a_52><b_56><c_38>
4bb18caff964a5202e993ce3,35.72993121397784,139.71094608306885,297,21,44,49,43,<a_44><b_49><c_43>
4dc51a761f6ef43b8a0c667b,35.663248,139.858942,294,13,31,61,41,<a_31><b_61><c_41>
4ba21cc7f964a52090dc37e3,35.628914,139.686763,42,6,55,54,46,<a_55><b_54><c_46>
4b9cf70ff964a5203e8536e3,35.69734144919512,139.78612169623375,297,26,31,46,18,<a_31><b_46><c_18>
4b5ef6eaf964a5202aa029e3,35.62754702684034,139.7506856918335,47,30,31,46,47,<a_31><b_46><c_47>
4e81d17de5fa553f167a6bb1,35.74357555896239,139.77809518575668,320,17,61,56,53,<a_61><b_56><c_53>
4e0c7f9ee4cdc8c1cde933b8,35.74274442235457,139.78058691582305,109,9,48,36,45,<a_48><b_36><c_45>
4b5991f0f964a520f18c28e3,35.665490160043554,139.85882699489594,150,7,28,49,51,<a_28><b_49><c_51>
4b64dcd2f964a520c6d52ae3,35.70251789319603,139.57678198814392,54,7,61,4,1,<a_61><b_4><c_1>
4b80f4f2f964a5203e9330e3,35.778985076724794,139.72400307655334,150,9,10,54,57,<a_10><b_54><c_57>
4b41e5f8f964a520f2c925e3,35.72387563259421,139.62472098537563,78,41,44,11,61,<a_44><b_11><c_61>
4f8f3fb4e4b063d0a00ab568,35.72552306071741,139.62480813301005,6,10,51,19,41,<a_51><b_19><c_41>
4b6937f2f964a520ff9b2be3,35.70682607633592,139.76021960377693,249,15,22,32,57,<a_22><b_32><c_57>
4b5919ecf964a520997c28e3,35.69265,139.694808,225,9,61,2,36,<a_61><b_2><c_36>
4b5e5df2f964a5208e8b29e3,35.70663,139.719079,33,8,61,35,39,<a_61><b_35><c_39>
4b30b041f964a520ebfa24e3,35.65815054626231,139.66125011444092,78,32,44,8,13,<a_44><b_8><c_13>
4b6e3423f964a52072b12ce3,35.67894420267055,139.5260084469293,179,12,10,2,35,<a_10><b_2><c_35>
4b5aaca6f964a52053d028e3,35.62784352740471,139.7409224510193,149,28,53,20,33,<a_53><b_20><c_33>
4b61b9fbf964a520011f2ae3,35.845243297585704,139.6747174859047,320,11,53,31,22,<a_53><b_31><c_22>
4f86137a4fc6c2316700dc8a,35.66318025933854,139.63562965393066,194,13,30,6,59,<a_30><b_6><c_59>
4b9c8a9af964a520346f36e3,35.67716285286387,139.7209882736206,289,26,48,13,34,<a_48><b_13><c_34>
4b489a80f964a520405026e3,35.62885510928976,139.6852719783783,78,59,9,45,21,<a_9><b_45><c_21>
4ce4efa4ae20224b1f56d5ec,35.70885708285052,139.79600728945056,289,13,20,46,38,<a_20><b_46><c_38>
4b580e03f964a520d44928e3,35.71425268057739,139.76184368133545,207,21,49,15,49,<a_49><b_15><c_49>
4bbf1a65f353d13a2c077e10,35.627105516886765,139.77945351635043,320,15,10,49,5,<a_10><b_49><c_5>
4e3ba97e45dd68e32720d5d1,35.62465669743544,139.73187525112496,299,15,30,58,46,<a_30><b_58><c_46>
4b5d21a0f964a520db5329e3,35.67852023461562,139.74428057670593,88,13,21,45,49,<a_21><b_45><c_49>
4b55aa95f964a52007eb27e3,35.68006278488559,139.71410036087036,297,34,20,8,26,<a_20><b_8><c_26>
4d6310b349758cfa4a9f61f0,35.54610078,139.6837109,320,16,48,38,48,<a_48><b_38><c_48>
4b553af0f964a52059df27e3,35.69071166859883,139.75682258605957,297,84,9,20,41,<a_9><b_20><c_41>
4b666078f964a520811f2be3,35.73090231053411,139.7211652994156,320,9,24,15,12,<a_24><b_15><c_12>
4b63bd52f964a5202f8f2ae3,35.63063406707353,139.8799467086792,168,13,51,5,41,<a_51><b_5><c_41>
4d48e4864509721e598b1eb0,35.689115238861085,139.68238110145097,187,11,48,35,42,<a_48><b_35><c_42>
4e792918ae60f8128c7fd2bd,35.61062287095995,139.55454647541046,186,16,44,56,25,<a_44><b_56><c_25>
4c0742b88a81c9b6f2082790,35.70918698390974,139.71951507031918,186,14,48,46,16,<a_48><b_46><c_16>
4ccf68b33e63721eba3098cc,35.67797554166218,139.5678609609604,299,17,31,15,43,<a_31><b_15><c_43>
4beb7b0661aca593a12e8500,35.62924098952414,139.7761183977127,298,15,61,16,5,<a_61><b_16><c_5>
4f069ee5e4b09a8a3d112894,35.65948183847801,139.5433665172987,185,34,31,50,63,<a_31><b_50><c_63>
4b5a80c5f964a5207bc828e3,35.68086244238846,139.5399700765564,286,6,19,42,60,<a_19><b_42><c_60>
4b9a4b9af964a5204aaa35e3,35.7098397047818,139.72945568360626,320,15,35,31,62,<a_35><b_31><c_62>
4b60d467f964a52013fc29e3,35.62815746798019,139.77527618408203,148,17,13,42,34,<a_13><b_42><c_34>
4b667b90f964a52050222be3,35.629099609737594,139.77737151284452,31,11,63,43,57,<a_63><b_43><c_57>
4bb85ffd3db7b713b242219a,35.641097488178666,139.64294511542644,69,6,10,53,51,<a_10><b_53><c_51>
4bc4323f74a9a5935c84d5f6,35.67709530999071,139.7807639837265,236,8,30,2,59,<a_30><b_2><c_59>
4b5be976f964a520e61c29e3,35.68200846080797,139.54411246768515,36,7,51,30,46,<a_51><b_30><c_46>
4b63bb57f964a520ba8e2ae3,35.633860507136994,139.8787236213684,168,8,8,22,19,<a_8><b_22><c_19>
4b5fd430f964a5201fce29e3,35.69580903532954,139.7520536184311,150,12,9,10,58,<a_9><b_10><c_58>
4c7b6f4dbd346dcb8434fbef,35.61718625786023,139.77981448173523,68,8,48,16,60,<a_48><b_16><c_60>
4b5bcf47f964a5206f1729e3,35.62590099268126,139.7714138031006,295,69,13,29,15,<a_13><b_29><c_15>
4f83e82b6d862d31a69ffcda,35.625393,139.775641,256,69,31,50,16,<a_31><b_50><c_16>
4b792c0df964a520c5ed2ee3,35.69526,139.692684,54,5,30,22,29,<a_30><b_22><c_29>
4b6b9fbef964a52011132ce3,35.6564680931915,139.79201316833496,39,14,61,15,49,<a_61><b_15><c_49>
4b5bd2aef964a520421829e3,35.64912329102034,139.75928485393524,295,20,9,39,21,<a_9><b_39><c_21>
4b601624f964a52063d529e3,35.610029015260075,139.74861038616825,249,5,30,38,33,<a_30><b_38><c_33>
4b83175ef964a5200cf730e3,35.579582315525656,139.70117144286633,150,14,9,32,12,<a_9><b_32><c_12>
4f7fe128754a2727a0b57343,35.679862342185885,139.7707486152649,150,9,35,47,46,<a_35><b_47><c_46>
4cce3abdc9b8468882c0c7c3,35.656825508466945,139.54473495483398,189,14,48,8,19,<a_48><b_8><c_19>
4c1adfbeb9f876b0c2787946,35.699374819998994,139.7650247812271,236,11,51,42,0,<a_51><b_42><c_0>
4f86320be4b0ba0458971a7f,35.80434469644564,139.8043727874756,184,59,9,45,3,<a_9><b_45><c_3>
4b600a69f964a52000d429e3,35.62343078776866,139.7512274980545,99,11,35,31,17,<a_35><b_31><c_17>
4e1a53a9183880768f549674,35.6620590981917,139.63532406389072,207,11,13,20,12,<a_13><b_20><c_12>
4b57d239f964a520b04228e3,35.618869538087644,139.73159909248352,37,5,48,42,33,<a_48><b_42><c_33>
4b7d5276f964a52033b82fe3,35.734623019937345,139.88037061978238,236,6,49,2,26,<a_49><b_2><c_26>
4b75256ef964a52024ff2de3,35.70572078084663,139.77249881136086,41,8,13,61,1,<a_13><b_61><c_1>
4b81082bf964a520829530e3,35.61474577811484,139.54212826061485,150,5,19,35,57,<a_19><b_35><c_57>
4cc8d012d338236ab6339f7c,35.684352573697055,139.73719954490662,320,8,8,49,61,<a_8><b_49><c_61>
4ca1863779d9b1f7e654c099,35.64296359800477,139.71303820610046,140,11,49,3,4,<a_49><b_3><c_4>
4ccb7e31b5cdbfb788fd85c1,35.69847957689632,139.77222383022308,237,6,12,3,28,<a_12><b_3><c_28>
4c109755b93cc9b60c0357e0,35.6420350255968,139.80347156524658,69,11,61,56,38,<a_61><b_56><c_38>
4f6320d7e4b0dc771eb97354,35.680550817179466,139.7684097290039,45,43,31,31,5,<a_31><b_31><c_5>
4e265c1c62e14d5da14e5a5b,35.68260366915673,139.68744580460742,33,9,30,23,7,<a_30><b_23><c_7>
4e24fdc262e12f2b95e44b78,35.70664203586118,139.72060605883598,236,5,30,10,43,<a_30><b_10><c_43>
4bf22cfd99d02d7fe6fac948,35.64555603757806,139.82620044414296,299,9,7,10,30,<a_7><b_10><c_30>
4ed71ec2b8f7e740d0c6281d,35.70474,139.718091,186,13,30,7,27,<a_30><b_7><c_27>
4bb9dbf53db7b7136f94229a,35.824181170899095,139.57671761512756,47,7,11,7,17,<a_11><b_7><c_17>
4b7c5563f964a520ed8c2fe3,35.67120796637763,139.80448007583618,71,7,21,1,18,<a_21><b_1><c_18>
4d96be69af3d236a7d7c12c7,35.68433296624852,139.70251858234406,299,16,21,46,42,<a_21><b_46><c_42>
4d75a1d7d94ea35dd768aaaf,35.61795812909835,139.5650714635849,299,14,61,43,44,<a_61><b_43><c_44>
4be658132468c928dc590143,35.704465098837815,139.56095695495603,156,5,30,6,59,<a_30><b_6><c_59>
4b755cb5f964a52042082ee3,35.649764081067175,139.5430290699005,47,17,48,49,60,<a_48><b_49><c_60>
4d6610f2485ab1f775536649,35.65152732,139.5446169,320,4,48,15,18,<a_48><b_15><c_18>
4b5ba7aaf964a520fa0d29e3,35.62474765849058,139.7813057899475,295,33,43,5,33,<a_43><b_5><c_33>
4c9c50e49c48236a37174dee,35.64662546850558,139.7475528717041,68,8,53,37,63,<a_53><b_37><c_63>
4cea3cb68ef78cfaa283a59b,35.59943989,139.6097946,320,20,31,63,41,<a_31><b_63><c_41>
4b9b5843f964a520ab0136e3,35.69544743799829,139.81683164834976,251,9,61,50,24,<a_61><b_50><c_24>
4b70b6cff964a520262b2de3,35.6896224454307,139.7002387046814,177,16,63,8,46,<a_63><b_8><c_46>
4e71eaacb99345fbe83a38f1,35.72257248659266,139.7987374663353,47,8,20,4,52,<a_20><b_4><c_52>
4ba48621f964a52041a238e3,35.57183114615997,139.68633910997497,21,5,27,7,29,<a_27><b_7><c_29>
4b742e4df964a52094cb2de3,35.7206289897286,139.7917342185974,47,11,51,5,23,<a_51><b_5><c_23>
4b5c2783f964a520ef2529e3,35.674476345472726,139.6932864189148,204,16,61,47,30,<a_61><b_47><c_30>
4d72b43ab752594186ade99d,35.67525202112636,139.69282507896423,211,7,10,34,46,<a_10><b_34><c_46>
4b6a0d31f964a5205bc42be3,35.66303643312233,139.76129114627838,68,15,61,58,44,<a_61><b_58><c_44>
4b6fd48ef964a520a9fd2ce3,35.56324367705959,139.71566945314407,302,17,61,10,43,<a_61><b_10><c_43>
4b9b5316f964a520860036e3,35.69531891806999,139.79397922754288,139,10,22,16,22,<a_22><b_16><c_22>
4d771ad3926a6dcb0fce4300,35.68984698328043,139.76434691657434,248,27,9,48,12,<a_9><b_48><c_12>
4b5870eaf964a520db5728e3,35.75476666108672,139.60670471191406,289,8,45,24,18,<a_45><b_24><c_18>
4b7e4290f964a52096e72fe3,35.699013238836585,139.77013438940048,65,28,61,50,61,<a_61><b_50><c_61>
4bbc5e16e4529521efc855a4,35.60325621291652,139.68447971023977,320,6,61,61,0,<a_61><b_61><c_0>
4b9c4a47f964a5206b5c36e3,35.66772590594513,139.70022797584534,169,39,24,1,39,<a_24><b_1><c_39>
4b5bf03cf964a520131e29e3,35.699298583143346,139.76960331201553,65,18,8,31,29,<a_8><b_31><c_29>
4c4680d249fa952156aa5562,35.73054087239202,139.7181934118271,289,43,31,46,42,<a_31><b_46><c_42>
4b5a7236f964a5209ec528e3,35.701634665115805,139.77675274014473,236,6,21,26,47,<a_21><b_26><c_47>
4b8747c6f964a520e2b931e3,35.64653828306315,139.74748849868774,21,8,48,10,9,<a_48><b_10><c_9>
4b5a843ff964a5203cc928e3,35.6239867540466,139.74307090044022,236,13,27,23,1,<a_27><b_23><c_1>
4b99c26df964a5207d9035e3,35.68247677263379,139.76450443267822,249,13,61,50,46,<a_61><b_50><c_46>
4b8610eef964a5201f7f31e3,35.694746,139.700121,300,7,61,7,2,<a_61><b_7><c_2>
4b46f6bbf964a520042a26e3,35.667516685520724,139.70610819400528,16,3,16,2,46,<a_16><b_2><c_46>
4e2e5bde81dca4453d6068f5,35.67162523689467,139.7032991051674,294,10,22,3,29,<a_22><b_3><c_29>
4ce5e71be888f04dcc33336b,35.71213730114865,139.70741473189523,236,3,30,38,61,<a_30><b_38><c_61>
4bde3f8ae75c0f47be78c703,35.71069845075231,139.81321334838867,297,13,20,5,52,<a_20><b_5><c_52>
4bcab1ab3740b713365b6165,35.66901154043787,139.6796178817749,78,42,31,30,16,<a_31><b_30><c_16>
4f61c59fe4b0deb11b8a3fd1,35.69360457311722,139.69817876815796,150,6,48,55,52,<a_48><b_55><c_52>
4f7ec88de4b08f16e07ca953,35.702085,139.770372,65,20,61,50,13,<a_61><b_50><c_13>
4e8aaac58231cd8254158029,35.834382409714486,139.79124069213867,65,8,48,55,19,<a_48><b_55><c_19>
4c99dc9fa004a1cd1fef426e,35.658468479434994,139.70238820976047,54,6,48,29,13,<a_48><b_29><c_13>
4d58f5fe24466ea85007729f,35.6747334522831,139.75932776927948,320,8,14,7,63,<a_14><b_7><c_63>
4b5bef5cf964a520ef1d29e3,35.68247895129011,139.68693763017654,52,12,21,15,40,<a_21><b_15><c_40>
4b5d1829f964a520555229e3,35.6676226206978,139.75872783380748,65,5,61,34,21,<a_61><b_34><c_21>
4c0f31ee15c2ef3b7d631b08,35.67068501330236,139.47816252708435,251,4,8,7,57,<a_8><b_7><c_57>
4bc98f510687ef3b1e21dacc,35.72992250453812,139.70730364322662,269,12,30,6,34,<a_30><b_6><c_34>
4b7623b9f964a520673f2ee3,35.65945812779676,139.79394435882568,150,6,48,61,41,<a_48><b_61><c_41>
4ddb271a1f6ec500df632e8f,35.66355943630304,139.7290188074112,236,8,45,24,11,<a_45><b_24><c_11>
4b56ca5af964a520491b28e3,35.65686909558621,139.7593653202057,68,12,52,63,28,<a_52><b_63><c_28>
4c23729734faef3beada586d,35.78682000852472,139.67450076807577,236,10,18,29,53,<a_18><b_29><c_53>
4b9073e6f964a520038b33e3,35.70054015,139.7746861,320,13,51,47,27,<a_51><b_47><c_27>
4c4f66f4eaa1be9a5abbd845,35.706037639597305,139.66563820838928,80,14,51,31,60,<a_51><b_31><c_60>
4bf0bdb03a15d13a0eed3e9f,35.626363193774296,139.63094919919968,289,21,20,39,30,<a_20><b_39><c_30>
4ea0aa21b8f7b6d745db4d94,35.63270510775776,139.60515037178993,47,18,31,23,19,<a_31><b_23><c_19>
4f8d968ce4b0a791f61f452d,35.66868,139.705861,302,20,53,31,1,<a_53><b_31><c_1>
4c230ac499282d7ffb1768b0,35.66920765235394,139.7631794214249,52,8,35,18,2,<a_35><b_18><c_2>
4c37fe3f2c8020a11d2d8a00,35.69876369419242,139.7705318709036,65,26,51,54,4,<a_51><b_54><c_4>
4c07820db4aa0f4751ac6562,35.65772775698564,139.7001475095749,298,12,9,52,14,<a_9><b_52><c_14>
4b592dedf964a5204f8028e3,35.67438047492463,139.7614359855652,90,19,51,14,1,<a_51><b_14><c_1>
4b98f468f964a520545835e3,35.736079,139.747211,297,145,44,18,53,<a_44><b_18><c_53>
4f3747cce4b039c3c25d129a,35.66717,139.602071,33,14,20,42,32,<a_20><b_42><c_32>
4d4bf0897aa6a35d3c72d170,35.66969355851591,139.76190605859762,33,1,30,53,46,<a_30><b_53><c_46>
4e9f6febd22d6eead7ccfc9a,35.7476304504591,139.5667192648202,299,30,49,25,15,<a_49><b_25><c_15>
4b58176ff964a520aa4a28e3,35.70001738488623,139.76969987154007,207,46,31,46,17,<a_31><b_46><c_17>
4b8649d5f964a520d08431e3,35.612501,139.638909,236,15,28,29,37,<a_28><b_29><c_37>
4b9b569af964a520550136e3,35.69874402290695,139.77188475950558,278,11,30,62,55,<a_30><b_62><c_55>
4c6fb4d7d7fab1f710255cc9,35.62003972440801,139.7288620316164,298,6,48,61,18,<a_48><b_61><c_18>
4bd0416e9854d13a5252f74d,35.7294217101521,139.70935821533203,284,20,44,10,24,<a_44><b_10><c_24>
4b57f9b5f964a520c24728e3,35.68862688244493,139.71275120973587,236,3,30,9,56,<a_30><b_9><c_56>
4c87044bf554236a43dcc955,35.58941466,139.6687227487564,78,47,20,57,44,<a_20><b_57><c_44>
4ddbbd3b1f6e9b46a12a7082,35.81480731,139.7034413,320,21,29,42,29,<a_29><b_42><c_29>
4f7b16a1121da06d3fa5bc09,35.715663874927664,139.77409601211548,249,15,18,22,16,<a_18><b_22><c_16>
4cb86053a33bb1f7427980fd,35.67423379722605,139.77667253521574,68,7,21,45,35,<a_21><b_45><c_35>
4b59ad3bf964a520339228e3,35.743978300492365,139.64789271354675,136,4,55,13,46,<a_55><b_13><c_46>
4d69caa4de28224bad1f48be,35.53675953591017,139.6334015228799,236,9,10,8,46,<a_10><b_8><c_46>
4e1236af7d8b4d5613e1b7be,35.69467413699842,139.81542885303497,320,7,12,34,18,<a_12><b_34><c_18>
4b55c31af964a520d9ee27e3,35.79999392988527,139.6844244003296,248,10,20,11,17,<a_20><b_11><c_17>
4b765310f964a5204a482ee3,35.69642331137472,139.8141574859619,298,7,45,15,28,<a_45><b_15><c_28>
4b73da7af964a520b9bd2de3,35.608864,139.685455,16,6,8,6,47,<a_8><b_6><c_47>
4b568760f964a520151428e3,35.670022601155274,139.7174021601677,249,13,24,15,20,<a_24><b_15><c_20>
4ce60a9f678aa0933330daea,35.7042712516382,139.5809742808342,33,6,34,54,3,<a_34><b_54><c_3>
4b83d84df964a5203f1331e3,35.674790102824865,139.76259469985962,236,5,30,3,58,<a_30><b_3><c_58>
4c0f6c2598102d7f8b28e506,35.70918698390974,139.770048558712,33,8,10,13,42,<a_10><b_13><c_42>
4b613310f964a520bc0c2ae3,35.67983595299248,139.77033717729387,249,17,44,45,39,<a_44><b_45><c_39>
4e510fcc52b1e893ad713127,35.81014389772532,139.76281464099884,320,6,10,19,42,<a_10><b_19><c_42>
4bdc26d23904a59378fd4c9e,35.53137931562121,139.7002226114273,298,45,9,7,53,<a_9><b_7><c_53>
4d39872ebeb7b1f70d1de071,35.56287711577901,139.71222013235092,236,17,11,34,14,<a_11><b_34><c_14>
4bf556a8706e20a1ba50aa98,35.830792227716785,139.67422127723694,256,9,18,54,7,<a_18><b_54><c_7>
4ba3642ff964a520693938e3,35.531412057233815,139.70086097717285,33,10,20,54,14,<a_20><b_54><c_14>
4b77bae1f964a52082a82ee3,35.770750346784006,139.6923563887951,136,2,48,34,62,<a_48><b_34><c_62>
4b5874e4f964a520aa5828e3,35.84551,139.6474689245224,39,8,34,23,33,<a_34><b_23><c_33>
4b6bfeb6f964a520d11e2ce3,35.69293908366715,139.69963923096657,54,6,14,38,9,<a_14><b_38><c_9>
4b62d071f964a520c9532ae3,35.65674705159227,139.7012847661972,42,6,48,43,44,<a_48><b_43><c_44>
4e7d5974e5fabacde0cfc6f2,35.70196900784573,139.54596608877182,294,27,9,7,52,<a_9><b_7><c_52>
4f608b22e4b0f492ad6f0ef3,35.62212010770677,139.60690075941918,139,5,29,47,46,<a_29><b_47><c_46>
4cceb1e6a92595219c8c6f29,35.69216808957136,139.69753662465112,31,8,11,29,51,<a_11><b_29><c_51>
4b7d36bef964a5200bb32fe3,35.69140100373336,139.70143082538274,27,16,61,1,5,<a_61><b_1><c_5>
4ca5941b44a8224b2d26fb3f,35.84575205947307,139.62573766708374,251,4,48,46,37,<a_48><b_46><c_37>
4baec12cf964a52018d53be3,35.663475,139.877843,156,8,31,7,2,<a_31><b_7><c_2>
4b57c86af964a520e34028e3,35.65517353911012,139.79681968688965,29,14,21,45,40,<a_21><b_45><c_40>
4b23d440f964a520a05a24e3,35.64831248808437,139.7111177444458,236,14,18,53,2,<a_18><b_53><c_2>
4b5ffea1f964a520d0d229e3,35.69586567090761,139.75223869085312,249,10,21,42,53,<a_21><b_42><c_53>
4b55a543f964a52048ea27e3,35.853787455366195,139.63743209838867,78,15,61,29,61,<a_61><b_29><c_61>
4bc33f16461576b04d547e32,35.72899831313688,139.77136556614076,78,87,31,42,16,<a_31><b_42><c_16>
4b6ebb5cf964a5202bc82ce3,35.6697,139.817348,150,6,48,25,0,<a_48><b_25><c_0>
4b619ed7f964a520641a2ae3,35.67215145221737,139.70376312732697,33,7,48,13,50,<a_48><b_13><c_50>
4dcb4064d4c0dfa030cd59c0,35.65913065448921,139.57383636382426,6,29,51,49,20,<a_51><b_49><c_20>
4f1540eae4b0044a26fc8890,35.53119619324119,139.6991221965708,251,9,51,46,42,<a_51><b_46><c_42>
4b87c674f964a52065cb31e3,35.66709728982742,139.61364183666666,38,8,49,61,46,<a_49><b_61><c_46>
4c95e222f6c8ef3be4067fcf,35.72794191687524,139.7710810101638,78,9,61,22,14,<a_61><b_22><c_14>
4edc820b9a5286d921d5aca5,35.649063918881986,139.69986513640046,249,16,44,2,12,<a_44><b_2><c_12>
4d80a7eb360b224bbc91dd56,35.66645629178971,139.4926045455265,321,5,10,50,48,<a_10><b_50><c_48>
4b6f9d31f964a520ecf72ce3,35.730773847767885,139.715476334095,42,31,61,5,48,<a_61><b_5><c_48>
4b2ef5adf964a520bce824e3,35.72013249217087,139.71474409103394,297,14,31,10,1,<a_31><b_10><c_1>
4bd06558a8b3a593a0be635f,35.68459439849937,139.6564543247223,236,10,10,13,27,<a_10><b_13><c_27>
4b64cee0f964a520afd12ae3,35.63154671,139.643945,150,7,31,7,57,<a_31><b_7><c_57>
4b589946f964a520796028e3,35.69421668780678,139.70206528902054,33,3,30,8,33,<a_30><b_8><c_33>
4baae473f964a5207b8c3ae3,35.65933172918322,139.77765396237373,289,18,20,11,19,<a_20><b_11><c_19>
4c0773468b4520a196ea8697,35.56142612758967,139.72259759902954,302,10,49,7,6,<a_49><b_7><c_6>
4b9b549df964a520e40036e3,35.65049640625525,139.54314708709717,60,19,51,30,12,<a_51><b_30><c_12>
4e82e5aa61af29e4de3f9ca6,35.67888,139.583794,90,2,42,2,15,<a_42><b_2><c_15>
4d7883d871a68cfa41a70686,35.71055797701612,139.7738217562437,289,15,44,19,2,<a_44><b_19><c_2>
4b237e72f964a520455624e3,35.67341304749528,139.60586786270142,237,3,30,21,25,<a_30><b_21><c_25>
4c9c10299c48236a430d4bee,35.54483717499195,139.7680503129959,78,37,53,50,15,<a_53><b_50><c_15>
4f131500e4b0865b0942540a,35.72832866103417,139.55312490463257,130,17,13,50,26,<a_13><b_50><c_26>
4cc2833bbe40a35d1149724c,35.544955024960615,139.76987957954407,333,3,16,34,33,<a_16><b_34><c_33>
4cbd6a5543ec6dcb7e9fb631,35.55195587529218,139.78720664978027,333,11,43,47,20,<a_43><b_47><c_20>
4d12f83c058fa35d64f62a9f,35.61912682391284,139.7312557697296,152,19,18,54,63,<a_18><b_54><c_63>
4cbcf7f0dd41a35dabc1f6a0,35.6822894112214,139.7662637342719,320,11,20,7,17,<a_20><b_7><c_17>
4b6004f2f964a52068d329e3,35.73220869977872,139.71109092235565,320,26,19,55,6,<a_19><b_55><c_6>
4b05879af964a520ca9b22e3,35.68235476778513,139.7867774963379,291,7,24,56,45,<a_24><b_56><c_45>
4db49fafcda1c57c825f825f,35.55223726479842,139.74051166756485,299,8,44,2,30,<a_44><b_2><c_30>
4b80c879f964a520d98b30e3,35.73122020055639,139.70901489257812,249,10,49,2,33,<a_49><b_2><c_33>
4ce7bd93fe90a35d9c273e0e,35.59777800779151,139.65054273605347,195,10,53,32,22,<a_53><b_32><c_22>
4b56c586f964a520d91a28e3,35.699810582935015,139.77361710096156,207,23,48,46,24,<a_48><b_46><c_24>
4eaf3619be7b409f8bc6a673,35.55257562186638,139.6638786792755,320,8,30,21,6,<a_30><b_21><c_6>
4b08c71cf964a520221223e3,35.6864141363817,139.6985039181885,249,16,61,50,1,<a_61><b_50><c_1>
4b559d80f964a5202be927e3,35.738235231357706,139.76083517074585,298,11,24,50,19,<a_24><b_50><c_19>
4b5fc5daf964a52045cc29e3,35.661829154365705,139.74437713623047,320,13,61,0,31,<a_61><b_0><c_31>
4de9dfbf52b11677f02cd73e,35.699473718287685,139.772667,274,44,31,50,43,<a_31><b_50><c_43>
4f6d5c5be4b04cb293be0d42,35.63379646661188,139.79151759062583,320,19,51,47,61,<a_51><b_47><c_61>
4f0c5161e4b06b1f3e791f2e,35.71595812147335,139.79866930648365,320,10,31,61,35,<a_31><b_61><c_35>
4b07ced1f964a5202a0023e3,35.604373,139.683963,207,72,31,50,28,<a_31><b_50><c_28>
4b5e3ff9f964a520188629e3,35.60928396112132,139.55499172210693,207,30,31,46,13,<a_31><b_46><c_13>
4c805ce347cc224b5dcd729f,35.70881312190118,139.73814663121937,68,1,30,33,21,<a_30><b_33><c_21>
4b868ed7f964a520708f31e3,35.614762,139.542034,236,8,27,3,57,<a_27><b_3><c_57>
4ce49f0ce860a14381388ea1,35.63745303850166,139.73849773406982,109,3,10,2,19,<a_10><b_2><c_19>
4b99b6c2f964a520bd8d35e3,35.67920373324357,139.78418198224318,247,3,30,58,27,<a_30><b_58><c_27>
4b6b53eaf964a5202c012ce3,35.5707447235847,139.74991455674171,295,36,9,26,15,<a_9><b_26><c_15>
4d27a6ff6e27a143748a1124,35.69270551326971,139.69494894290062,249,5,48,61,20,<a_48><b_61><c_20>
4b606ff1f964a520dae529e3,35.70436055209208,139.67151761054993,274,5,27,53,2,<a_27><b_53><c_2>
4b58348ff964a520fb4d28e3,35.604617227249804,139.68319058418274,195,9,10,33,46,<a_10><b_33><c_46>
4d3bfe5baf8ca143b67bfdf6,35.62860360841314,139.74191376951194,247,12,30,31,9,<a_30><b_31><c_9>
4b61234ff964a520de0a2ae3,35.65129465485814,139.68988806009293,236,4,30,9,27,<a_30><b_9><c_27>
4b651d29f964a520cbe42ae3,35.669188674644445,139.75132517636348,150,7,16,60,28,<a_16><b_60><c_28>
4b53bd14f964a520d0a927e3,35.706006,139.70866,249,18,61,16,18,<a_61><b_16><c_18>
4c6b646923971b8dce739a8a,35.66266974441434,139.6352941793537,201,21,9,20,38,<a_9><b_20><c_38>
4bfcae67f61dc9b65c059ede,35.705715293049536,139.70824241638184,207,30,44,16,41,<a_44><b_16><c_41>
4b61127df964a520a4082ae3,35.62130935935709,139.72834557294846,109,8,30,9,62,<a_30><b_9><c_62>
4b8b898df964a5203aa232e3,35.70132032376186,139.74628193617627,236,17,15,62,59,<a_15><b_62><c_59>
4b5bea95f964a520201d29e3,35.66241485976268,139.73419513541515,150,4,30,38,39,<a_30><b_38><c_39>
4b6cdb02f964a5206a592ce3,35.7099357,139.774543,302,21,61,4,37,<a_61><b_4><c_37>
4b60d1b0f964a52072fb29e3,35.69055479310131,139.699855163992,236,7,7,29,0,<a_7><b_29><c_0>
4b8b91cef964a5200da332e3,35.68206718418941,139.79872941970825,297,16,51,22,54,<a_51><b_22><c_54>
4b591084f964a520d47a28e3,35.72495361392108,139.8194843530655,78,14,61,22,16,<a_61><b_22><c_16>
4b5ece32f964a5204e9929e3,35.66155021371762,139.76958990097046,28,4,48,2,12,<a_48><b_2><c_12>
4b668632f964a52044232be3,35.62615171530387,139.72470045089722,236,7,48,10,57,<a_48><b_10><c_57>
4c4d8e03ea24c9b687074214,35.693279558968726,139.76720282572558,54,6,44,28,35,<a_44><b_28><c_35>
4db285f443a17e74378b7050,35.624079642084894,139.732538778651,90,16,51,42,31,<a_51><b_42><c_31>
4eaca0f99adf5c72ddfeaebe,35.848047277068055,139.66867468265136,78,37,44,0,34,<a_44><b_0><c_34>
4b9c6037f964a520fa6336e3,35.548778507756225,139.7839879989624,333,6,48,7,52,<a_48><b_7><c_52>
4b59d5f4f964a520f99a28e3,35.691911975303064,139.77050185203552,150,5,48,41,27,<a_48><b_41><c_27>
4b7f7aecf964a520ee3030e3,35.65009973094511,139.87245798110962,112,14,8,8,57,<a_8><b_8><c_57>
4b4bfbe4f964a52098ac26e3,35.66434175549922,139.76223796606064,68,10,13,11,21,<a_13><b_11><c_21>
4c35138366e40f4796aaca8b,35.85819179385793,139.65365409851074,21,16,48,28,59,<a_48><b_28><c_59>
4b9efc80f964a520860e37e3,35.54428720618168,139.76827293634415,295,18,61,26,48,<a_61><b_26><c_48>
4be23a2ff07b0f474a25f543,35.68193868917269,139.73984413318726,222,1,30,58,31,<a_30><b_58><c_31>
4cee80d60acea35d6bf2e9ae,35.85714833992657,139.65345561504364,320,12,30,21,22,<a_30><b_21><c_22>
4d5bc7291e43236aa1671283,35.69861230487591,139.77460078659965,29,12,21,10,8,<a_21><b_10><c_8>
4c393b7c1e06d13a2f5c793e,35.777609821448195,139.6297985315323,298,12,18,22,41,<a_18><b_22><c_41>
4ca987abb0b8236ac230bee6,35.68950596993053,139.69707292768803,236,6,35,14,13,<a_35><b_14><c_13>
4bcf8b6cb221c9b6c748d2d0,35.752166295718006,139.85807371079014,8,7,48,58,18,<a_48><b_58><c_18>
4b5be7e2f964a520b11c29e3,35.822790032388234,139.5754011964884,39,11,31,22,14,<a_31><b_22><c_14>
4b644337f964a52017a72ae3,35.82261482659583,139.57529173147984,39,5,19,13,12,<a_19><b_13><c_12>
4d6a03571b63a1cd458a472d,35.70042905932972,139.77261006832123,149,10,21,10,3,<a_21><b_10><c_3>
4eda49a577c8274efcfa3a7a,35.66053990878407,139.6967039671101,236,9,45,25,12,<a_45><b_25><c_12>
4b57c360f964a520d53f28e3,35.69856234918636,139.7706761956215,308,10,61,59,33,<a_61><b_59><c_33>
4b7633e3f964a5200a432ee3,35.69745362901077,139.7788381576538,236,10,9,8,11,<a_9><b_8><c_11>
4b72d102f964a5200b8a2de3,35.66029278948064,139.69659090042114,249,21,44,30,1,<a_44><b_30><c_1>
4e1a82da88777e9647844a56,35.673791577318966,139.7837925062137,312,7,10,41,18,<a_10><b_41><c_18>
4b9779f5f964a5203e0535e3,35.69137390901421,139.6993589401245,78,12,20,16,52,<a_20><b_16><c_52>
4b5c28c9f964a520102629e3,35.695832,139.698202,33,13,61,50,36,<a_61><b_50><c_36>
4b7559b6f964a520b6072ee3,35.54291226765494,139.7874641418457,295,11,31,42,14,<a_31><b_42><c_14>
4b6d46f2f964a520e26e2ce3,35.73784334649302,139.65389549732208,47,12,51,41,17,<a_51><b_41><c_17>
4b32a841f964a5201b1125e3,35.68647478566803,139.70180480181148,99,14,61,23,19,<a_61><b_23><c_19>
4b88a538f964a520840632e3,35.77838449348561,139.62496519088745,288,5,10,33,19,<a_10><b_33><c_19>
4cc7b4f67722bfb73d0ea2fa,35.70429526318014,139.72080092613717,320,20,44,11,8,<a_44><b_11><c_8>
4b57bc0ef964a520793e28e3,35.70468428931915,139.7211800129542,198,20,44,30,13,<a_44><b_30><c_13>
4e62f510d164ddd5e6036c3e,35.79146573621251,139.66425955295563,134,3,30,37,29,<a_30><b_37><c_29>
4b558f98f964a52081e727e3,35.71055035440321,139.70440953969955,236,8,27,1,12,<a_27><b_1><c_12>
4b9deda4f964a52024c336e3,35.69924848459849,139.7707137465477,36,5,30,7,27,<a_30><b_7><c_27>
4c5ccc15d25320a1176fc47a,35.632779,139.703886,104,5,30,53,61,<a_30><b_53><c_61>
4b558477f964a52042e627e3,35.66086811255934,139.69805873930454,27,11,61,58,19,<a_61><b_58><c_19>
4b5935bdf964a5207e8128e3,35.619044,139.70509102654142,298,20,51,38,16,<a_51><b_38><c_16>
4bad8715f964a520fb583be3,35.55247305850359,139.6135738492012,47,11,44,18,35,<a_44><b_18><c_35>
4b7d14a9f964a52019ae2fe3,35.656040936251955,139.79231357574463,27,15,48,63,4,<a_48><b_63><c_4>
4b5b9491f964a5209f0829e3,35.691156003915324,139.70210632489056,166,15,9,48,47,<a_9><b_48><c_47>
4f3f20cce4b0a10c4437f18a,35.553286634387135,139.57770498468147,278,12,44,49,48,<a_44><b_49><c_48>
4b6f8101f964a5205af32ce3,35.65854718159,139.54449892044067,186,17,61,2,35,<a_61><b_2><c_35>
4bbbd0392d9ea593dff39fce,35.56237527321161,139.58804994821548,289,8,44,47,57,<a_44><b_47><c_57>
4d0499d537036dcb1efe11fb,35.67075692287768,139.7028369890204,78,27,44,56,37,<a_44><b_56><c_37>
4b611b07f964a520e6092ae3,35.68654639889356,139.7004532814026,291,8,9,19,9,<a_9><b_19><c_9>
4e4a3625ae6014a2fdceeeaf,35.67500335511854,139.71713488277229,264,11,21,40,39,<a_21><b_40><c_39>
4de4ad79cc3fa786ac872a02,35.68760952187493,139.6786630153656,47,9,40,38,43,<a_40><b_38><c_43>
4b599899f964a5201f8e28e3,35.64873532720138,139.6931254863739,302,7,49,3,18,<a_49><b_3><c_18>
4b6269fef964a5209c462ae3,35.6865905400292,139.69893298874658,90,6,61,6,44,<a_61><b_6><c_44>
4b56f600f964a520c12028e3,35.61947177930198,139.67947009055476,47,6,51,13,63,<a_51><b_13><c_63>
4f4d0c964fc61d08035cc201,35.62519242449707,139.7754263877869,274,26,44,19,24,<a_44><b_19><c_24>
4d69b90ade28224b2c2547be,35.60326779575711,139.5078951115934,299,20,9,3,52,<a_9><b_3><c_52>
4dd3453f45dd45f7192c3ece,35.67076781443423,139.7551864385605,320,13,61,50,61,<a_61><b_50><c_61>
4f4089b9e4b062d5cbc8a2d7,35.696019,139.775227,297,11,51,13,3,<a_51><b_13><c_3>
4b74da1ef964a5203ff52de3,35.679722903489115,139.73493576049805,291,7,63,7,0,<a_63><b_7><c_0>
4badde43f964a520a16e3be3,35.71327702542838,139.70442295074463,299,45,31,50,17,<a_31><b_50><c_17>
4d17e3ebcc216ea8ee7c72d3,35.692285650258654,139.73453439492096,186,17,18,10,53,<a_18><b_10><c_53>
4ca817ba14c3370410f4d03b,35.7021455,139.7716988,65,8,18,7,43,<a_18><b_7><c_43>
4b058799f964a5208b9b22e3,35.69071166859883,139.69111919403076,291,8,24,35,18,<a_24><b_35><c_18>
4b596ca1f964a520e68728e3,35.704269073577095,139.75194096565247,274,5,48,17,15,<a_48><b_17><c_15>
4b59631cf964a520c58628e3,35.644524272858895,139.67015504837036,47,15,9,10,24,<a_9><b_10><c_24>
4b0587bbf964a5208fa122e3,35.7006638332724,139.771705038212,65,18,18,53,16,<a_18><b_53><c_16>
4d89b676cea64eb937f43c66,35.73042057409236,139.71273109316826,298,15,9,29,2,<a_9><b_29><c_2>
4b580d0df964a520bf4928e3,35.534854217560564,139.69948768615723,90,5,61,18,13,<a_61><b_18><c_13>
4b6fffe5f964a520d9022de3,35.676454739254844,139.73669528961182,225,5,30,38,23,<a_30><b_38><c_23>
4b559108f964a520a5e727e3,35.57711252274332,139.55862557742591,39,10,51,2,39,<a_51><b_2><c_39>
4b66a7b3f964a520a8262be3,35.53323901804289,139.69515323638916,7,16,61,16,30,<a_61><b_16><c_30>
4b550baff964a5201dd927e3,35.67783,139.705934,249,14,61,7,48,<a_61><b_7><c_48>
4be25ed3f07b0f47a76af543,35.69544308139395,139.7973883152008,320,11,44,10,48,<a_44><b_10><c_48>
4b78c906f964a52049e22ee3,35.69229972932551,139.70294773578644,33,6,8,2,36,<a_8><b_2><c_36>
4b5a67cdf964a52010c328e3,35.599889,139.61015939712524,113,14,9,53,17,<a_9><b_53><c_17>
4be6b2832468c9287c970143,35.658979,139.695539,265,9,35,34,4,<a_35><b_34><c_4>
4c1e07ae8b3aa5933f6e9b5f,35.55413806027457,139.64648991823196,251,27,9,48,41,<a_9><b_48><c_41>
4c0c80efb1b676b03b40df86,35.70181218276588,139.7712528705597,294,15,44,15,14,<a_44><b_15><c_14>
4e7afdedb8f7c102860c3762,35.7049951807218,139.63360074701464,54,5,48,59,45,<a_48><b_59><c_45>
4b6cf44bf964a520fe5f2ce3,35.72939558166291,139.71291482448578,150,12,31,61,36,<a_31><b_61><c_36>
4b7520b8f964a520b6fe2de3,35.67428460426141,139.76369574666023,284,21,20,20,62,<a_20><b_20><c_62>
4b4992c8f964a520607126e3,35.654807398795626,139.7973132133484,148,15,51,28,43,<a_51><b_28><c_43>
4b8b3e30f964a5202d9932e3,35.81542148,139.58738894,150,19,48,29,15,<a_48><b_29><c_15>
4b65f020f964a520ae092be3,35.7792222623341,139.72337007522583,33,7,55,9,16,<a_55><b_9><c_16>
4f83f9357716785a16462679,35.625227308000795,139.77555513381958,7,11,21,3,33,<a_21><b_3><c_33>
4ba2ce54f964a520b31a38e3,35.69811799167433,139.7750186920166,235,8,51,14,43,<a_51><b_14><c_43>
4b9f55e2f964a520311d37e3,35.69185751531747,139.70661967992783,41,13,21,11,36,<a_21><b_11><c_36>
4c902f2a352da1cd94d10fb2,35.709182628056084,139.66546654701233,251,10,44,49,31,<a_44><b_49><c_31>
4c611975de6920a1337f9764,35.756194550796,139.81038093566897,248,24,31,50,41,<a_31><b_50><c_41>
4e523a09ae6054e9361e9ea2,35.68856007295877,139.6987033621219,315,22,51,57,46,<a_51><b_57><c_46>
4be11ba80f03a5930a8e18b4,35.673527656479635,139.76132068584434,148,6,49,8,42,<a_49><b_8><c_42>
4b93392bf964a520f73b34e3,35.71145852915484,139.7600492835045,189,13,44,56,56,<a_44><b_56><c_56>
4b977a51f964a5204d0535e3,35.690466994483884,139.69782655395915,78,47,44,56,47,<a_44><b_56><c_47>
4f8b065b0cd6dbbc4ca1243a,35.700197084309465,139.74364288151264,78,27,53,4,55,<a_53><b_4><c_55>
4dde13bffa769803ef89340f,35.729500095568184,139.7706252336502,54,5,10,49,46,<a_10><b_49><c_46>
4bff036468c7a593790e4044,35.73013780156566,139.71615232195785,251,48,31,50,13,<a_31><b_50><c_13>
4f896a1fe4b05ae888c72faa,35.63251331858805,139.69971056425786,319,6,61,43,39,<a_61><b_43><c_39>
4b0587b5f964a520b6a022e3,35.6781683633928,139.76818710565567,39,18,44,7,43,<a_44><b_7><c_43>
4b6b89adf964a520a00e2ce3,35.66525822186423,139.7310271440498,152,4,48,3,61,<a_48><b_3><c_61>
4cef87e10acea35d04e0eeae,35.69621201837531,139.77356493473053,278,18,48,61,18,<a_48><b_61><c_18>
4b989afef964a520944835e3,35.53091656606755,139.6976637840271,249,9,11,22,51,<a_11><b_22><c_51>
4daeb47ff7b17488f49620f2,35.75207188478844,139.78679895401,302,12,24,1,51,<a_24><b_1><c_51>
4bcc28b2fb84c9b65eea1f3e,35.695949797463776,139.7581176863639,289,21,45,13,42,<a_45><b_13><c_42>
4b5d6b86f964a5207e5c29e3,35.63056866491478,139.71433639526367,152,4,48,62,59,<a_48><b_62><c_59>
4bad8e0af964a5202e5b3be3,35.628184,139.737987,298,18,18,42,30,<a_18><b_42><c_30>
4b715346f964a5202f412de3,35.60916953648312,139.68557640005892,29,4,8,36,19,<a_8><b_36><c_19>
4b625e0ff964a52093442ae3,35.74994154,139.54345155,236,10,9,61,1,<a_9><b_61><c_1>
4b9103e8f964a520259f33e3,35.73224436215356,139.7183967741274,149,12,51,28,49,<a_51><b_28><c_49>
4c56d0c56418a593d9dd7d0e,35.69290314054372,139.70525443553925,42,6,30,16,20,<a_30><b_16><c_20>
4c441f5574ffc928941775cc,35.66536708525988,139.73106206586624,278,16,27,10,27,<a_27><b_10><c_27>
4b73a5ecf964a52034b72de3,35.69901977345045,139.77462708950043,33,11,51,14,7,<a_51><b_14><c_7>
4b63aa0ff964a520b28a2ae3,35.68227197867443,139.69822704792023,236,6,27,42,46,<a_27><b_42><c_46>
4b6fe96cf964a520cdff2ce3,35.69034133439054,139.69939649105072,298,11,18,42,37,<a_18><b_42><c_37>
4b54335ff964a5206bb427e3,35.65869973311459,139.70078587532043,47,17,44,2,47,<a_44><b_2><c_47>
4b87b3daf964a520dcc731e3,35.705515500000004,139.731228,111,19,48,55,53,<a_48><b_55><c_53>
4b5af1c1f964a52080db28e3,35.56848477033585,139.55351722963346,47,11,51,3,35,<a_51><b_3><c_35>
4d00494af160548153949dea,35.708825447247186,139.7756141424179,236,5,21,58,19,<a_21><b_58><c_19>
4b654d54f964a52079ec2ae3,35.69522089425661,139.70130622386932,60,10,9,30,1,<a_9><b_30><c_1>
4c5b7ee57f661b8dba45461c,35.598694008581134,139.60952639579773,236,8,53,62,62,<a_53><b_62><c_62>
4b59190af964a5206b7c28e3,35.55255598208366,139.73538100719452,150,79,31,29,10,<a_31><b_29><c_10>
4b90fef2f964a520319e33e3,35.667414,139.753066,277,4,30,23,27,<a_30><b_23><c_27>
4d96d53db188721ec1c40037,35.559721,139.714377,256,21,44,16,32,<a_44><b_16><c_32>
4bd68a105631c9b6d812a630,35.70804138620013,139.7172975540161,236,7,48,3,34,<a_48><b_3><c_34>
4b90e2eff964a5200b9b33e3,35.69612270879486,139.77500528097153,54,5,51,47,12,<a_51><b_47><c_12>
4c7cd485247cb60c7b0e5f5e,35.69375705764299,139.76137161254883,42,10,49,37,1,<a_49><b_37><c_1>
4f6ea221e4b08d8da6fee6d0,35.63167533964949,139.64446944396255,142,20,19,54,8,<a_19><b_54><c_8>
4e4cfe4718388d49816f02a9,35.64717462,139.70894855597876,284,7,48,60,41,<a_48><b_60><c_41>
4b541229f964a5207db127e3,35.647484208615325,139.70935963179463,142,6,21,2,47,<a_21><b_2><c_47>
4b5d19f8f964a520b05229e3,35.663769726199625,139.7322817146778,236,9,18,24,16,<a_18><b_24><c_16>
4d5c6961ff226a31e30b7769,35.73176670714952,139.7101280093193,236,4,34,16,14,<a_34><b_16><c_14>
4b6a7d54f964a520add62be3,35.692610385390346,139.70090726235384,74,7,9,42,33,<a_9><b_42><c_33>
4edc98456da1642c5f47099f,35.7309254210221,139.7160725207801,33,19,49,35,22,<a_49><b_35><c_22>
4b5e8cdbf964a520569229e3,35.62139439199999,139.77315723896027,295,15,53,10,30,<a_53><b_10><c_30>
4db15a454b22ba776d8023fd,35.69053085858252,139.76933509111404,54,6,44,47,0,<a_44><b_47><c_0>
4b612424f964a520f90a2ae3,35.69539298042684,139.76654291152954,236,8,44,2,18,<a_44><b_2><c_18>
4b5abaebf964a5205dd228e3,35.658342326227185,139.70189094543457,249,30,44,18,60,<a_44><b_18><c_60>
4c327f177cc0c9b63e74f09a,35.72933371613153,139.71046177010552,39,11,51,13,52,<a_51><b_13><c_52>
4c00c0948c1076b05eae2071,35.70240463144904,139.55533504486084,248,27,53,22,13,<a_53><b_22><c_13>
4b5d8961f964a5208b6029e3,35.67885140611384,139.76278245449066,236,5,51,13,22,<a_51><b_13><c_22>
4b50663ff964a5203f2227e3,35.67648960037957,139.71246421337128,236,9,14,63,47,<a_14><b_63><c_47>
4f0972e54fc62d44947fdd37,35.69844908182042,139.77624848484993,247,17,12,10,18,<a_12><b_10><c_18>
4df609fe18386ecb4e38dfd2,35.694226490316964,139.704534932971,42,8,11,43,9,<a_11><b_43><c_9>
4b6e7201f964a520b7bd2ce3,35.69901977345045,139.77462708950043,236,10,8,20,57,<a_8><b_20><c_57>
4b86f5e9f964a5204ea831e3,35.777854,139.719782,273,6,14,29,12,<a_14><b_29><c_12>
4bf11ddd17880f4756ee2937,35.60718469216807,139.73655003554865,236,3,30,55,34,<a_30><b_55><c_34>
4c6e348bf338236a72eb091b,35.70386068606922,139.66565027832985,150,3,34,47,46,<a_34><b_47><c_46>
4b98dcf2f964a5200b5335e3,35.53246196452744,139.6128523349762,47,9,52,13,32,<a_52><b_13><c_32>
4b62ff45f964a520de5c2ae3,35.69671519975202,139.77463245391846,224,14,31,15,42,<a_31><b_15><c_42>
4b7e5595f964a520d7e92fe3,35.536836066590574,139.6339774131775,54,15,14,4,13,<a_14><b_4><c_13>
4b664e83f964a520531d2be3,35.679756,139.686835,302,9,24,59,4,<a_24><b_59><c_4>
4e6ef14c81dc7eb5f1e54a05,35.68195389339741,139.70120698213577,298,4,49,31,19,<a_49><b_31><c_19>
4b5ead69f964a520a29529e3,35.594332006159696,139.6207594871521,155,4,61,13,2,<a_61><b_13><c_2>
4b63e97bf964a520c9962ae3,35.73221762353215,139.715543840694,77,24,9,42,49,<a_9><b_42><c_49>
4b868018f964a520d48c31e3,35.68006278488559,139.76969718933103,299,10,61,50,39,<a_61><b_50><c_39>
4bd8794af645c9b60806a8e0,35.702807667280496,139.74488274247372,248,7,48,46,16,<a_48><b_46><c_16>
4c1dc69463750f47dad9b867,35.682468602672095,139.7020297497511,52,25,49,28,30,<a_49><b_28><c_30>
4f9164e7e4b0c9a2a9b45a71,35.68695785986853,139.74155949863035,47,9,20,50,52,<a_20><b_50><c_52>
4b7956f2f964a520cef42ee3,35.686162974014145,139.72678184509277,42,9,30,46,23,<a_30><b_46><c_23>
4be565b9910020a120e2d214,35.753954755054295,139.73704129457474,149,3,30,14,41,<a_30><b_14><c_41>
4b514d4ff964a520514a27e3,35.6289292333211,139.7409224510193,47,6,51,28,49,<a_51><b_28><c_49>
4b592377f964a520857e28e3,35.691418566475896,139.70990002155304,149,9,20,1,50,<a_20><b_1><c_50>
4b5978cff964a5205a8928e3,35.69307523171513,139.69835847616196,54,9,63,31,61,<a_63><b_31><c_61>
4d67b9f25b376dcb315d6f67,35.69209278218854,139.81311947107315,320,14,40,35,43,<a_40><b_35><c_43>
4b5d8827f964a520606029e3,35.691374119485424,139.69714771727493,90,17,61,29,39,<a_61><b_29><c_39>
4f8421c7e4b07f6eb92efa20,35.64842146745232,139.54326510429382,236,3,30,6,9,<a_30><b_6><c_9>
4f1f5dcee4b0a6210fdc69f8,35.610014,139.711729,54,16,18,45,60,<a_18><b_45><c_60>
4b5a88f1f964a52036ca28e3,35.652418727931426,139.54597413539886,72,31,20,11,38,<a_20><b_11><c_38>
4b936d87f964a520984334e3,35.57725684278584,139.73624467849731,47,15,51,47,54,<a_51><b_47><c_54>
4ba0cf27f964a520157f37e3,35.66249163449946,139.69561994075775,66,5,13,42,0,<a_13><b_42><c_0>
4b6f9089f964a52008f62ce3,35.70066212275492,139.74181830883026,236,7,49,15,0,<a_49><b_15><c_0>
4b642924f964a520e2a12ae3,35.72414,139.765624,149,5,48,46,56,<a_48><b_46><c_56>
4bfd2922bf6576b044d0acb8,35.66245616131434,139.69731218184813,42,6,11,53,12,<a_11><b_53><c_12>
4cde044094c3b60ce9d962ea,35.70513491578708,139.6682660309939,320,14,20,35,15,<a_20><b_35><c_15>
4b59bc46f964a520499528e3,35.69144797503457,139.68772619962692,31,7,61,35,0,<a_61><b_35><c_0>
4b8cf797f964a5208fe232e3,35.70951367225469,139.69358146190643,47,7,61,6,43,<a_61><b_6><c_43>
4b584ce3f964a520b35128e3,35.70172941384936,139.77201730012894,224,24,51,42,47,<a_51><b_42><c_47>
4bfbb9f8d0382d7fb3f7c90a,35.67262863826835,139.60924744606018,320,5,30,54,34,<a_30><b_54><c_34>
4c38c6e80a71c9b6c64c41c9,35.67278116288847,139.60855811834335,320,4,30,6,8,<a_30><b_6><c_8>
4b55916ff964a520aee727e3,35.70443565836325,139.6994612552014,184,4,48,8,31,<a_48><b_8><c_31>
4d11a112f6f3721ec2aa95e9,35.705336316387175,139.66522783041,111,6,53,8,19,<a_53><b_8><c_19>
4ee4c548775b86c4047e4196,35.701231395168804,139.70454736785032,299,9,61,41,22,<a_61><b_41><c_22>
4b5be121f964a520591b29e3,35.67971418856247,139.8313021659851,298,4,30,10,27,<a_30><b_10><c_27>
4b5b3932f964a52066ec28e3,35.53112033379696,139.69507508332822,150,7,22,53,1,<a_22><b_53><c_1>
4bb48bc3f187a593a63714f8,35.753992,139.582665,320,4,48,25,46,<a_48><b_25><c_46>
4b6e2512f964a52093ad2ce3,35.64385510455264,139.52531576156616,248,14,61,18,36,<a_61><b_18><c_36>
4b05879cf964a520579c22e3,35.66637237230279,139.73126161949793,291,17,63,15,5,<a_63><b_15><c_5>
4b89c96af964a520b44d32e3,35.63100903841748,139.88207906484604,168,13,44,50,13,<a_44><b_50><c_13>
4b75fb3ff964a52008342ee3,35.634863293060086,139.60299789905548,320,12,20,34,16,<a_20><b_34><c_16>
4bb5623c6edc76b039b82f1c,35.69244436336738,139.75851198524592,71,18,61,18,42,<a_61><b_18><c_42>
4f7c2432e4b0726c390d2d39,35.68531250396029,139.7303636334466,360,14,31,39,2,<a_31><b_39><c_2>
4b666439f964a520f31f2be3,35.627935093533246,139.87641960382462,78,6,13,58,15,<a_13><b_58><c_15>
4c66123e9cb82d7fe7f58fd2,35.641400712889485,139.74797129631042,248,39,31,41,43,<a_31><b_41><c_43>
4c090575a1b32d7f0ee396f0,35.72284535896127,139.6897539776451,299,6,51,56,17,<a_51><b_56><c_17>
4baef371f964a520a1e33be3,35.6274118571005,139.88949537277222,78,20,51,51,37,<a_51><b_51><c_37>
4b35c2a7f964a520d62e25e3,35.661991,139.66948449611664,77,11,51,47,4,<a_51><b_47><c_4>
4d9aee03b4fa37047e1e900d,35.66791294542905,139.81963497820243,155,17,31,46,46,<a_31><b_46><c_46>
4c835011d8086dcbe2387f52,35.62572657648008,139.51980113983154,258,13,49,6,46,<a_49><b_6><c_46>
4b5acc1ff964a52009d528e3,35.65283685765522,139.88161597163906,47,18,51,8,7,<a_51><b_8><c_7>
4b5c0ab8f964a520272229e3,35.681374,139.544077,69,7,48,41,45,<a_48><b_41><c_45>
4b8e333ff964a5203a1b33e3,35.55389802283409,139.57812309265137,150,6,52,49,0,<a_52><b_49><c_0>
4f8df9f66b7455bc7b16a33a,35.70133299311063,139.77130651474,362,12,61,51,52,<a_61><b_51><c_52>
4dad2d664b22ee6dec14bb6d,35.65929250198666,139.69527125358582,165,12,20,46,36,<a_20><b_46><c_36>
4b8b481df964a520ba9a32e3,35.67720172,139.778393,111,8,48,23,33,<a_48><b_23><c_33>
4b6528f4f964a520f6e62ae3,35.65369740802,139.8819410677583,47,13,44,2,59,<a_44><b_2><c_59>
4b582c4bf964a520e34c28e3,35.66114217477184,139.69893309019562,149,11,61,5,39,<a_61><b_5><c_39>
4ee16068f9ab478e587beba9,35.53072884614806,139.69911217689514,236,7,21,22,35,<a_21><b_22><c_35>
4bada0d5f964a520f05f3be3,35.59203794981292,139.7525378893242,262,5,40,22,15,<a_40><b_22><c_15>
4f2887eee4b0d4bbe5de6790,35.657886828505866,139.47981661430578,298,25,13,61,31,<a_13><b_61><c_31>
4f83fa9b7716785a1646564c,35.625593583871016,139.77611303329468,249,7,20,47,38,<a_20><b_47><c_38>
4b597c53f964a520ce8928e3,35.70025262768564,139.77230429649353,47,16,21,7,61,<a_21><b_7><c_61>
4b6f839ef964a520d7f32ce3,35.70032668546033,139.77066680788994,33,6,48,54,45,<a_48><b_54><c_45>
4cc29f401e596dcb9c5cc467,35.79647833645081,139.64550018310547,248,11,31,7,36,<a_31><b_7><c_36>
4bcf93aa41b9ef3b44c3f8e5,35.680568246849035,139.7654914855957,78,8,35,42,16,<a_35><b_42><c_16>
4b5bde53f964a520a61a29e3,35.67302738058874,139.76431131362915,36,6,9,2,51,<a_9><b_2><c_51>
4b5ee4b3f964a520bd9c29e3,35.82681696087999,139.65267777442932,298,21,20,59,15,<a_20><b_59><c_15>
4b4d99a9f964a520a5d426e3,35.66679762138858,139.732586145401,139,27,24,41,46,<a_24><b_41><c_46>
4b05879cf964a520549c22e3,35.66686735205888,139.7439479827881,291,6,10,13,11,<a_10><b_13><c_11>
4b8cf2f8f964a520efe132e3,35.69357631,139.77202101,109,3,30,13,19,<a_30><b_13><c_19>
4b826265f964a5202fd130e3,35.65366864810132,139.54450227320194,109,4,30,9,23,<a_30><b_9><c_23>
4b905003f964a520698333e3,35.52707476861001,139.70970153808594,173,17,51,25,31,<a_51><b_25><c_31>
4b63f798f964a52028992ae3,35.7113579,139.775757,284,18,61,50,26,<a_61><b_50><c_26>
4ba05db0f964a5208c6a37e3,35.66421754377109,139.69774961471558,369,23,20,24,61,<a_20><b_24><c_61>
4ca410cef832a1cdf847a3e5,35.662498,139.7339428,236,6,49,9,60,<a_49><b_9><c_60>
4b623e69f964a520433e2ae3,35.533029476263,139.69488501548767,166,21,9,11,58,<a_9><b_11><c_58>
4b709d34f964a52054252de3,35.73061634502976,139.70852182092565,150,8,24,56,44,<a_24><b_56><c_44>
4bd3f5679854d13ac5f0fe4d,35.66430035161131,139.78245377540588,298,6,8,11,30,<a_8><b_11><c_30>
4c16d336a81db71331bc85e7,35.58872829487225,139.73181039544951,90,14,61,2,32,<a_61><b_2><c_32>
4ba5971df964a520ba1439e3,35.6954976183888,139.75111557416625,289,5,35,2,41,<a_35><b_2><c_41>
4bfdf0c28992a59334f0acb0,35.62810514463655,139.8828649520874,168,7,51,23,1,<a_51><b_23><c_1>
4b63f137f964a52018982ae3,35.52977932587265,139.69965398311615,150,14,63,13,13,<a_63><b_13><c_13>
4ced24334cd4236a4c4ca663,35.60586169316705,139.71297033335242,78,6,51,51,39,<a_51><b_51><c_39>
4b76624df964a520594a2ee3,35.69982134868988,139.4807642698288,284,5,48,30,8,<a_48><b_30><c_8>
4f617997e4b063e59bb81df1,35.670326023776376,139.76324377610575,7,8,21,10,3,<a_21><b_10><c_3>
4b597868f964a520538928e3,35.699513536557745,139.48045743467344,39,3,30,44,23,<a_30><b_44><c_23>
4ca568ff14c337042130b63b,35.70068390434864,139.75289583206177,236,8,30,33,16,<a_30><b_33><c_16>
4b5aa5cdf964a52053cf28e3,35.66835074868513,139.48606096208096,78,27,53,31,28,<a_53><b_31><c_28>
4b0587b6f964a520dfa022e3,35.66775641276613,139.70648288726807,76,7,9,6,50,<a_9><b_6><c_50>
4dc63eeed4c0ad9c0f9d5007,35.69829010875345,139.7724289189597,253,22,51,6,51,<a_51><b_6><c_51>
4b5732daf964a520a22a28e3,35.66249163449946,139.48564052581787,279,56,9,1,16,<a_9><b_1><c_16>
4ba6bc0df964a520366c39e3,35.65750764415663,139.68693763017654,274,3,48,14,41,<a_48><b_14><c_41>
4b2c9031f964a520d0c724e3,35.615524747038364,139.69873666763306,78,17,63,27,22,<a_63><b_27><c_22>
4d5a3c5c23e0a0934e0d4d49,35.68808879399544,139.6934513747692,31,9,30,23,42,<a_30><b_23><c_42>
4b5ac976f964a5209ed428e3,35.65683422589268,139.79827880859375,288,44,51,28,61,<a_51><b_28><c_61>
4e835a5dd5fbe8dbcc12fbdf,35.600455260474085,139.6115138169071,33,10,53,48,53,<a_53><b_48><c_53>
4c0b4c21009a0f471bf9eabf,35.705745785346366,139.58176016807556,59,17,61,6,12,<a_61><b_6><c_12>
4b605f94f964a5205ce229e3,35.69949897700794,139.77099135518074,294,27,51,20,11,<a_51><b_20><c_11>
4d4e91b58af6721eecb21188,35.70083597312403,139.70789845743772,65,6,8,49,0,<a_8><b_49><c_0>
4f35c275e4b0d408a2a7ec0c,35.56221538412002,139.71097045624714,236,9,9,42,9,<a_9><b_42><c_9>
4ecf26c34690a03b5be18c46,35.613429959032025,139.54830488543064,202,15,51,24,4,<a_51><b_24><c_4>
4cf322f0e3b9a0938a6a4853,35.70134606195761,139.77127969264984,294,12,51,9,33,<a_51><b_9><c_33>
4ba82c8cf964a52073cf39e3,35.69924195000338,139.76268589496613,150,10,61,2,52,<a_61><b_2><c_52>
4b778900f964a52058a02ee3,35.62642205881601,139.88460302352905,168,9,21,6,0,<a_21><b_6><c_0>
4b526e7df964a5200a7d27e3,35.56478532438156,139.65434366334665,150,8,48,10,9,<a_48><b_10><c_9>
4f924305e4b001a25777cb3b,35.648909611421125,139.71075600959566,253,4,30,39,19,<a_30><b_39><c_19>
4bdf90310d69b713852166d3,35.69730768630709,139.77375268936157,291,8,51,30,42,<a_51><b_30><c_42>
4bc9ac65b6c49c74f8bf8e91,35.6811957124181,139.55389201641083,237,6,49,3,45,<a_49><b_3><c_45>
4be7ad389a54a59395220911,35.698867298987295,139.76306676864624,300,11,61,26,2,<a_61><b_26><c_2>
4c22cca89085d13ae40387cc,35.68096912819847,139.76866722106934,33,5,10,17,50,<a_10><b_17><c_50>
4cd8cef07bb06dcb0cc5a4b2,35.72326414157079,139.86156346031223,88,13,31,2,49,<a_31><b_2><c_49>
4b5bccfaf964a520f11629e3,35.67346534116963,139.76051330566406,165,17,53,31,14,<a_53><b_31><c_14>
4dbcdaa5f7b1ab37dd6a38e5,35.62403114786669,139.77871457150508,298,5,48,38,11,<a_48><b_38><c_11>
4dee1ac763657045c0301ed9,35.69802432776513,139.771488904953,278,13,21,42,33,<a_21><b_42><c_33>
4b59d5bbf964a520eb9a28e3,35.606328846096595,139.73511812537973,150,5,13,34,12,<a_13><b_34><c_12>
4b89056af964a5208f1832e3,35.689975355366045,139.70377385616302,236,7,49,32,22,<a_49><b_32><c_22>
4c03c60c187ec928340fb67b,35.73706758532115,139.63841221440393,251,14,51,51,51,<a_51><b_51><c_51>
4b61177af964a5205d092ae3,35.66727682299743,139.7419786362406,93,14,10,25,56,<a_10><b_25><c_56>
4c74fb356f789c740237484c,35.858570042516256,139.6569049358368,142,36,51,42,36,<a_51><b_42><c_36>
4b6edaa7f964a52080cd2ce3,35.70860547534288,139.84024196863174,290,10,61,29,1,<a_61><b_29><c_1>
4b6a890af964a52002d82be3,35.58122712132894,139.64144468307495,39,6,30,48,29,<a_30><b_48><c_29>
4c0b7c306071a5933c52e132,35.622709,139.69508,363,13,9,10,51,<a_9><b_10><c_51>
4b5e855bf964a520949129e3,35.65669910568649,139.75382387638092,150,15,24,54,12,<a_24><b_54><c_12>
4cfb106bc6cca35df06a8a32,35.710672316122455,139.8350089788437,88,11,9,20,35,<a_9><b_20><c_35>
4b19d5b1f964a5200de523e3,35.67180064238771,139.83500361442566,156,8,22,40,13,<a_22><b_40><c_13>
4b9a50cbf964a520d0ab35e3,35.55127560056354,139.57540617217546,39,12,31,47,63,<a_31><b_47><c_63>
4b7005f7f964a520d8032de3,35.67275931171618,139.7649109736912,225,8,48,41,33,<a_48><b_41><c_33>
4b73b25af964a520c2b82de3,35.70046826630875,139.77125018835068,112,38,27,26,1,<a_27><b_26><c_1>
4b77b888f964a52023a82ee3,35.62360520897789,139.88719940185547,168,9,44,16,14,<a_44><b_16><c_14>
4b5442c4f964a520dfb527e3,35.689674728482615,139.70078587532043,298,19,61,18,36,<a_61><b_18><c_36>
4b73fb73f964a52087c22de3,35.84811701442299,139.6705784386225,320,41,20,11,36,<a_20><b_11><c_36>
4c415399a5c5ef3bc736b06f,35.710432748282884,139.77533787488937,54,9,18,4,14,<a_18><b_4><c_14>
4e29241a62e17c3301a5608c,35.82484119804069,139.76056837122755,184,12,10,3,14,<a_10><b_3><c_14>
4d85a3a750913704a67e9b5b,35.64133297328551,139.53620090423013,135,8,61,2,31,<a_61><b_2><c_31>
4dcf2fc5e4cd130e167b5a9b,35.67031894411112,139.90180134773254,41,9,19,20,46,<a_19><b_20><c_46>
4b63ea4df964a520f0962ae3,35.66752979038885,139.70687985420227,76,6,49,8,11,<a_49><b_8><c_11>
4b597328f964a5209c8828e3,35.5522701135905,139.64723825454712,249,13,61,16,2,<a_61><b_16><c_2>
4d1fefa68629224bc2040f87,35.632095189269705,139.69293471793864,320,27,31,8,41,<a_31><b_8><c_41>
4be29e6c1dd22d7fd26294bd,35.705877,139.77334431,41,8,48,20,19,<a_48><b_20><c_19>
4b63ed0af964a52059972ae3,35.70298836334585,139.82061624526978,342,12,9,6,0,<a_9><b_6><c_0>
4b74f9e4f964a520e6f92de3,35.68898633222093,139.82680678367615,88,8,51,49,11,<a_51><b_49><c_11>
4d8b43be6daeb60c7b3775e0,35.69560280033297,139.7014657297494,251,24,61,60,37,<a_61><b_60><c_37>
4d32df0d2e56236a52f020b4,35.63171537500909,139.88093107938766,168,10,27,46,58,<a_27><b_46><c_58>
4cd38695ecc3a0934e109b93,35.70473165831008,139.79187215963256,342,3,8,53,57,<a_8><b_53><c_57>
4caca7c3a6e08cfafa36ad94,35.56537973592967,139.65203404426575,298,17,24,59,46,<a_24><b_59><c_46>
4b87dfb6f964a5207ad031e3,35.70115874161285,139.81717228889465,236,7,29,8,35,<a_29><b_8><c_35>
4b875489f964a520bfbb31e3,35.72007151857328,139.815431535244,149,2,30,31,12,<a_30><b_31><c_12>
4c1c8676624b9c746ecb1204,35.82065454586999,139.6989227512253,157,3,30,10,56,<a_30><b_10><c_56>
4c98588ad799a1cdd8a3b152,35.609247,139.684922,231,20,48,53,17,<a_48><b_53><c_17>
4b767a80f964a520184e2ee3,35.667100513545314,139.73143815994263,152,11,19,8,60,<a_19><b_8><c_60>
4f90cb5fe4b079c23af51d66,35.73668777725189,139.7955578048944,179,10,15,2,63,<a_15><b_2><c_63>
4f4c0b81e4b0774b54da1614,35.54888762274017,139.6935600042343,320,6,22,6,0,<a_22><b_6><c_0>
4b6d01b5f964a520ac622ce3,35.54656125911815,139.57622408866882,36,8,9,60,32,<a_9><b_60><c_32>
4b5c0b4ef964a5203a2229e3,35.65293744172758,139.89976286888125,47,17,19,39,18,<a_19><b_39><c_18>
4bbe62db98f49521862ad163,35.71700535749876,139.691703915596,139,43,20,63,2,<a_20><b_63><c_2>
4b0587b2f964a52042a022e3,35.66120236169291,139.71594783165523,261,4,30,18,34,<a_30><b_18><c_34>
4b6e4c11f964a520e0b62ce3,35.52998486570196,139.6995539067459,60,9,35,4,2,<a_35><b_4><c_2>
4b5bad9cf964a520820f29e3,35.672262577990914,139.76661801338196,284,23,20,62,27,<a_20><b_62><c_27>
4ca9c0dbd971b1f7102c21e1,35.70385524088831,139.58616971969604,156,16,44,59,48,<a_44><b_59><c_48>
4dd0e881ae603b786d69e58e,35.71624315426283,139.69457387924194,248,26,10,34,46,<a_10><b_34><c_46>
4cf1c6a3c9af6dcb19259c7f,35.82522070908438,139.7602128982544,302,12,10,15,50,<a_10><b_15><c_50>
4bb21a2ef964a520feb83ce3,35.61491311920598,139.57701936364174,320,15,20,10,60,<a_20><b_10><c_60>
4b0587a1f964a520929d22e3,35.7150366805238,139.79742050170898,342,14,27,42,24,<a_27><b_42><c_24>
4e48b57918a8f9804ce74599,35.77645215141448,139.67722535133362,248,4,30,38,19,<a_30><b_38><c_19>
4e09ca0962e100e5817ee995,35.70351511500491,139.59919119014353,236,8,21,14,56,<a_21><b_14><c_56>
4e3fedcfae6045423684c1b3,35.67211,139.480621,78,16,31,34,38,<a_31><b_34><c_38>
4bc9717a0687ef3b5204dacc,35.67231051455135,139.75408136844635,369,30,44,10,11,<a_44><b_10><c_11>
4b7fb898f964a520983a30e3,35.696902530535766,139.8393326997757,88,15,51,45,15,<a_51><b_45><c_15>
4c9b20c778ffa093d8287275,35.70332505468429,139.57768010527664,298,6,24,22,14,<a_24><b_22><c_14>
4eabae952c5b5d71e7534094,35.71180306344131,139.70343038015656,78,23,51,15,42,<a_51><b_15><c_42>
4bcd061bcc8cd13a5417c2cf,35.72971783243039,139.71421837806702,150,6,60,35,6,<a_60><b_35><c_6>
4e5e4004636585be5b4e47ea,35.57648021583722,139.6631544828415,78,13,9,1,59,<a_9><b_1><c_59>
4b7d4a58f964a520a0b62fe3,35.712140197889056,139.70326155424118,54,15,30,17,19,<a_30><b_17><c_19>
4b5be809f964a520b31c29e3,35.670785,139.713522,178,5,30,53,49,<a_30><b_53><c_49>
4d5b18e1222da35da774bf4c,35.77881806716713,139.61290396749973,249,10,61,50,43,<a_61><b_50><c_43>
4ebe0e218231b62f4191a3d9,35.82101462759214,139.7435563802719,342,12,21,38,9,<a_21><b_38><c_9>
4b7b01f4f964a520bd4b2fe3,35.6938354781427,139.81871590018272,320,14,40,61,51,<a_40><b_61><c_51>
4d08b05d00e6b1f742bd0ed7,35.563154218806496,139.71566945314407,54,13,44,13,1,<a_44><b_13><c_1>
4b57c8a4f964a520ed4028e3,35.672558912630656,139.7632384300232,289,23,61,9,40,<a_61><b_9><c_40>
4ce0ccf378ddf04df959a898,35.69462406529135,139.8162925645568,262,9,51,40,51,<a_51><b_40><c_51>
4b6d42e6f964a520096e2ce3,35.703685351057295,139.5792281627655,61,6,20,3,62,<a_20><b_3><c_62>
4b903f77f964a520c57e33e3,35.671004516711115,139.74128007520258,41,4,57,2,18,<a_57><b_2><c_18>
4b6cc499f964a52007532ce3,35.63853861,139.790597,320,8,48,53,61,<a_48><b_53><c_61>
4b7a69aaf964a5202c2c2fe3,35.52958942046918,139.69783544540405,148,6,21,0,51,<a_21><b_0><c_51>
4be8171c4485d13a470294ee,35.70750125077018,139.66566503047943,298,22,35,47,21,<a_35><b_47><c_21>
4de2f99f814df7ebdc1838ce,35.518785464088865,139.6321052312851,38,12,61,50,44,<a_61><b_50><c_44>
4b0587b8f964a5202ea122e3,35.65571818069579,139.7391574091406,290,13,48,20,13,<a_48><b_20><c_13>
4b5ec222f964a520c69729e3,35.69771,139.774351,54,15,44,15,13,<a_44><b_15><c_13>
4b8371cff964a5207a0631e3,35.701086862759084,139.77201998233795,33,16,48,52,14,<a_48><b_52><c_14>
4b7fc151f964a5205b3c30e3,35.66090768791464,139.70072775609626,9,8,53,53,51,<a_53><b_53><c_51>
4b91de1ff964a52098dc33e3,35.709518028090244,139.6656596660614,39,14,12,42,24,<a_12><b_42><c_24>
4b05879ff964a520349d22e3,35.646347,139.66987,42,7,10,40,4,<a_10><b_40><c_4>
4b51320cf964a520d74627e3,35.641407252221434,139.64765667915344,85,13,51,55,60,<a_51><b_55><c_60>
4b0587b4f964a52091a022e3,35.662472021679726,139.69788640737534,369,7,10,13,19,<a_10><b_13><c_19>
4c5f6ff11e5cd13aa5b29fed,35.73139003169213,139.7199583053589,47,9,51,33,13,<a_51><b_33><c_13>
4dc0fc271f6e7441cf438c08,35.625331958420645,139.7802221775055,298,11,61,51,0,<a_61><b_51><c_0>
4b6684adf964a5201e232be3,35.63030269558466,139.88143801689148,168,11,44,50,43,<a_44><b_50><c_43>
4b5bfa67f964a520de1f29e3,35.65898740091086,139.69886541366577,112,7,48,26,37,<a_48><b_26><c_37>
4b5d672cf964a520f45b29e3,35.675957966572845,139.48387026786804,88,20,31,41,41,<a_31><b_41><c_41>
4b7d3743f964a52026b32fe3,35.649397,139.682089,33,8,13,34,45,<a_13><b_34><c_45>
4c8743aef554236af371cb55,35.7120269498131,139.7751072049141,78,23,53,63,50,<a_53><b_63><c_50>
4b584363f964a520195028e3,35.698048288310524,139.7825275361538,33,9,48,18,59,<a_48><b_18><c_59>
4ba072c0f964a520206e37e3,35.671940094926995,139.76378560066223,9,8,61,9,59,<a_61><b_9><c_59>
4e81789d9a52f342863acb20,35.61224087216514,139.57176625728607,85,30,31,46,19,<a_31><b_46><c_19>
4f673386e4b0777dfed41206,35.73206809540774,139.77798811779195,6,18,31,46,18,<a_31><b_46><c_18>
4b588051f964a520cb5a28e3,35.845605363391165,139.6467709558248,47,17,20,47,13,<a_20><b_47><c_13>
4b8de188f964a520de1133e3,35.858400482996046,139.6589058637619,288,12,20,13,62,<a_20><b_13><c_62>
4bceb34968f976b071766683,35.858648734882586,139.65908288955688,294,9,61,47,0,<a_61><b_47><c_0>
4b5fe0bcf964a52075cf29e3,35.660284072432425,139.70548778772354,42,3,30,23,59,<a_30><b_23><c_59>
4b68025ef964a520c5632be3,35.73021696,139.762009,33,5,30,17,20,<a_30><b_17><c_20>
4f5f566be4b0b97ed984f9ec,35.65983624310125,139.7923216163408,320,8,21,1,14,<a_21><b_1><c_14>
4b752c91f964a5201a002ee3,35.66906,139.613603,302,11,53,34,43,<a_53><b_34><c_43>
4ce76a4d9f776ea8fc085822,35.77219561066328,139.51987624168396,236,7,48,60,28,<a_48><b_60><c_28>
4bb477a3643cd13a99af395c,35.66478194287464,139.72959078848362,247,8,30,45,55,<a_30><b_45><c_55>
4f927cd3e4b05b20efe5a596,35.623292380633494,139.63585202654383,339,8,30,44,9,<a_30><b_44><c_9>
4b64e29df964a5206dd72ae3,35.60788271740214,139.74584233530425,157,17,24,51,4,<a_24><b_51><c_4>
4b581c59f964a520374b28e3,35.63543007953844,139.6645975112915,289,21,30,62,3,<a_30><b_62><c_3>
4b7e6545f964a5206eeb2fe3,35.737936,139.749055,52,5,48,15,5,<a_48><b_15><c_5>
4cc6540701fb236a37d7b6ba,35.70145496893249,139.7724491357803,225,19,61,40,2,<a_61><b_40><c_2>
4c05b2abc00ab713a9afb26b,35.71679629676537,139.69459533691406,289,27,61,53,2,<a_61><b_53><c_2>
4b57e939f964a520f94528e3,35.69540169364076,139.75895762443542,33,10,61,13,31,<a_61><b_13><c_31>
4f26a71ae4b006e5c44e55a1,35.68206626554799,139.76776378710514,6,43,44,18,8,<a_44><b_18><c_8>
4c4062abd7fad13ae8d805da,35.65827476742847,139.53084245324135,54,7,34,24,1,<a_34><b_24><c_1>
4b7efa54f964a520d40d30e3,35.605855900906306,139.54075455665588,47,4,48,30,39,<a_48><b_30><c_39>
4bd566346798ef3b6941638d,35.67906056635195,139.76271271705627,157,7,8,19,12,<a_8><b_19><c_12>
4f0b6897e4b0a2229ddc1216,35.70146240436096,139.48375106423993,289,8,30,9,23,<a_30><b_9><c_23>
4b9476c5f964a5207f7a34e3,35.6602125294157,139.69578656159524,167,7,21,41,41,<a_21><b_41><c_41>
4b5be302f964a520ab1b29e3,35.687753303813416,139.7126841545105,253,19,20,59,6,<a_20><b_59><c_6>
4df2094eae609e69dd936f7e,35.657180742795966,139.70375642180443,29,5,30,58,36,<a_30><b_58><c_36>
4e5df09bfa768fe5f2c07ec4,35.706637922580406,139.67233273929358,315,5,30,56,59,<a_30><b_56><c_59>
4e0f37528877936cb40cfc9f,35.705776277631514,139.75671529769895,291,11,55,57,34,<a_55><b_57><c_34>
4b5fbbfaf964a52084ca29e3,35.711347457978015,139.7753083705902,278,11,18,2,1,<a_18><b_2><c_1>
4bdad0bd2a3a0f47ca15acb6,35.7149294739575,139.70224360383517,234,2,30,9,39,<a_30><b_9><c_39>
4ef114109a52b8254dc4e2a6,35.69852314127019,139.77103024721146,30,9,61,13,13,<a_61><b_13><c_13>
4b7139d5f964a520413d2de3,35.732272,139.706619,265,4,17,40,19,<a_17><b_40><c_19>
4b57e888f964a520e44528e3,35.703643,139.6263,236,16,51,10,4,<a_51><b_10><c_4>
4b613caaf964a520bb0d2ae3,35.65359999562667,139.54433530569077,39,17,61,16,57,<a_61><b_16><c_57>
4b58d3dff964a5204d6d28e3,35.697603927933855,139.7547948360443,224,8,30,25,23,<a_30><b_25><c_23>
4cd124637b685481e660c5f8,35.67263408558125,139.79611560702324,54,4,30,58,14,<a_30><b_58><c_14>
4b63b051f964a520388c2ae3,35.73708569695229,139.6540778875351,150,4,35,34,13,<a_35><b_34><c_13>
4bc95d32511f952118b3adc7,35.63413954448328,139.87951755523682,298,7,21,46,34,<a_21><b_46><c_34>
4b66a255f964a52010262be3,35.69880413091005,139.77043211460114,65,24,21,7,23,<a_21><b_7><c_23>
4b6f61e5f964a52024ee2ce3,35.69984095233119,139.77018803358078,320,17,18,34,53,<a_18><b_34><c_53>
4b5aca29f964a520bfd428e3,35.661136159396385,139.69779387116432,236,6,28,7,3,<a_28><b_7><c_3>
4db809ee4b22f2ddb6329c36,35.623882101866094,139.7226458787918,42,6,8,2,51,<a_8><b_2><c_51>
4b640d40f964a520fa9c2ae3,35.707893,139.666503,236,6,22,2,20,<a_22><b_2><c_20>
4b977dcff964a520cd0535e3,35.697053410285456,139.75742891738506,66,10,48,34,57,<a_48><b_34><c_57>
4b55295df964a5204add27e3,35.70035282348203,139.7699023783207,149,21,31,61,49,<a_31><b_61><c_49>
4b5ecfbaf964a5207f9929e3,35.62765821468082,139.73668456077576,165,9,5,30,35,<a_5><b_30><c_35>
4b05879ff964a520099d22e3,35.67818034664883,139.76476728916168,42,14,61,16,1,<a_61><b_16><c_1>
4b752575f964a52025ff2de3,35.70897245783489,139.77587431669235,236,6,30,10,18,<a_30><b_10><c_18>
4b821c55f964a520c9ca30e3,35.629919000565664,139.73339080810547,291,10,51,6,15,<a_51><b_6><c_15>
4c3936413849c9289a02c1b1,35.7430922664369,139.6069461107254,320,12,24,43,52,<a_24><b_43><c_52>
4b56fbccf964a520be2128e3,35.64835572174329,139.69301448791956,157,5,8,49,51,<a_8><b_49><c_51>
4b05879ff964a520189d22e3,35.64196963276697,139.82507944107056,59,9,8,60,2,<a_8><b_60><c_2>
4b765c06f964a5206d492ee3,35.64223992278366,139.82553005218506,369,14,13,42,36,<a_13><b_42><c_36>
4b762a40f964a5200f412ee3,35.73110697959805,139.7143042087555,150,6,55,25,39,<a_55><b_25><c_39>
4b67efc5f964a5207f612be3,35.73261803066623,139.71379458904266,165,16,44,13,56,<a_44><b_13><c_56>
4b542b2af964a5209fb327e3,35.6786673010756,139.767344892025,68,5,14,53,12,<a_14><b_53><c_12>
4ed7a7e5f7905836c050d0cb,35.74544631806885,139.7823544629772,50,11,35,24,0,<a_35><b_24><c_0>
4b654fe4f964a520ccec2ae3,35.5437939769771,139.6025875210762,321,22,61,38,30,<a_61><b_38><c_30>
4f87aed0e4b005979ca353f6,35.689995,139.687774,151,37,20,61,38,<a_20><b_61><c_38>
4cd63d62a42b236a660bf508,35.70050965143233,139.75342959165573,155,27,44,56,24,<a_44><b_56><c_24>
4daa6de81e72c1ab9bf53d84,35.701379,139.770592,249,14,31,35,12,<a_31><b_35><c_12>
4b9b186bf964a52049f235e3,35.615655575914,139.77611303329468,139,3,30,55,55,<a_30><b_55><c_55>
4dbccd214df044e524ee8792,35.72916477963626,139.71340835094452,7,14,63,12,42,<a_63><b_12><c_42>
4b45e7fdf964a5200b1226e3,35.661347,139.704652,149,9,18,24,57,<a_18><b_24><c_57>
4b8115f0f964a520289630e3,35.75595947315457,139.55061435699463,72,11,31,7,14,<a_31><b_7><c_14>
4f178d4ce5e8621740599c93,35.72465965143507,139.78755734860897,289,11,51,42,61,<a_51><b_42><c_61>
4c2176a299282d7ff5b965b0,35.673426120917085,139.76081371307373,236,3,30,17,34,<a_30><b_17><c_34>
4ec9caf6b8f758db76fac296,35.69946114379679,139.76571463954596,78,27,44,56,35,<a_44><b_56><c_35>
4e589ab91495a89112734abf,35.5901529848933,139.7285038232803,31,10,52,34,3,<a_52><b_34><c_3>
4b7692dbf964a5209b522ee3,35.66096617857972,139.72408890724182,59,9,48,63,59,<a_48><b_63><c_59>
4b5a98a5f964a5200acd28e3,35.76498755079002,139.8517996741371,165,16,31,46,61,<a_31><b_46><c_61>
4bc33c45461576b02a507e32,35.59202004849491,139.60140466690063,289,7,10,24,40,<a_10><b_24><c_40>
4b5dd77af964a5200f6f29e3,35.61846834497975,139.72796201705933,149,18,44,6,17,<a_44><b_6><c_17>
4b55a20ef964a520d7e927e3,35.668217282250815,139.601469039917,149,4,55,10,55,<a_55><b_10><c_55>
4e24d1dc814dcc2663cb222a,35.6608822776586,139.72832277417183,150,24,61,10,32,<a_61><b_10><c_32>
4b63b93df964a520478e2ae3,35.65906149699357,139.7005793452263,67,18,61,50,43,<a_61><b_50><c_43>
4bbab58c1261d13a07feea98,35.65649424558297,139.73615884780884,297,7,31,61,43,<a_31><b_61><c_43>
4d736ae15838a0933c0519db,35.77219561066328,139.52035903930664,320,26,31,5,6,<a_31><b_5><c_6>
4be7a4a8d837c9b64077a406,35.582064781328235,139.7427463531494,139,7,21,49,42,<a_21><b_49><c_42>
4b60358bf964a5200eda29e3,35.66997205171708,139.70787352303475,253,5,48,40,53,<a_48><b_40><c_53>
4ce11acbdf986ea8d1b4ea16,35.71130532594693,139.71003288126496,299,12,18,32,57,<a_18><b_32><c_57>
4b5822ddf964a520e54b28e3,35.69943459545312,139.77483526179896,149,22,31,10,38,<a_31><b_10><c_38>
4b6e9b17f964a520bcc32ce3,35.669464776136195,139.85840320587158,47,9,19,3,49,<a_19><b_3><c_49>
4b568c34f964a520c71428e3,35.57894458017303,139.78408710964197,139,12,61,17,12,<a_61><b_17><c_12>
4c9eb6a0ca44236a53d62d99,35.62248018549118,139.7375589609146,93,5,30,59,34,<a_30><b_59><c_34>
4b5a83c7f964a52028c928e3,35.659602519981114,139.47832139412597,370,5,30,21,58,<a_30><b_21><c_58>
4c6a45212c29d13a06660d41,35.66403044877391,139.76008920696393,274,25,10,63,43,<a_10><b_63><c_43>
4b5931d4f964a520e48028e3,35.70416017044621,139.77156937122345,149,9,21,29,19,<a_21><b_29><c_19>
4b6250d8f964a520d2412ae3,35.65989248578072,139.7501770649776,88,6,21,49,35,<a_21><b_49><c_35>
4b72ba65f964a520c7852de3,35.5803720010423,139.6224546432495,269,10,22,40,18,<a_22><b_40><c_18>
4b639942f964a520f4852ae3,35.65883535448139,139.74932899501377,291,10,51,11,7,<a_51><b_11><c_7>
4b5ad910f964a52044d728e3,35.62604270556458,139.78214263916016,59,10,19,30,15,<a_19><b_30><c_15>
4b584e7af964a520eb5128e3,35.68416521343634,139.73846286535263,33,8,48,51,42,<a_48><b_51><c_42>
4bf2221552bda5934f5eb2b7,35.66351149448744,139.5835579186678,299,3,48,2,14,<a_48><b_2><c_14>
4d0d85a31f6bf04de20a7e31,35.70585468631122,139.6302330493927,93,5,63,51,19,<a_63><b_51><c_19>
4c943e7c94a0236ae9298b12,35.70375940564354,139.6656422317028,150,7,10,19,46,<a_10><b_19><c_46>
4d688ed36297721efd9abdb5,35.7036008539255,139.77403147254202,149,5,48,61,42,<a_48><b_61><c_42>
4bb6d2a7ef159c74f69776f7,35.6112770532857,139.749156832695,298,15,44,43,34,<a_44><b_43><c_34>
4b5cd5d3f964a5206f4629e3,35.53234846169863,139.71073150634766,279,12,31,46,2,<a_31><b_46><c_2>
4f8f79fbe4b01d8f6d548774,35.624348273198216,139.7756640248401,152,18,51,8,11,<a_51><b_8><c_11>
4b948570f964a5203b7c34e3,35.66126364477144,139.667836278677,33,16,44,40,48,<a_44><b_40><c_48>
4b5aad45f964a5206dd028e3,35.56437553352718,139.70852069556713,78,20,9,12,58,<a_9><b_12><c_58>
4e910f436d8615aa713956d3,35.67352199261152,139.7627341747284,284,24,20,4,21,<a_20><b_4><c_21>
4ce2270278ddf04d6f5daf98,35.68578826155605,139.73403453826904,68,9,61,47,62,<a_61><b_47><c_62>
4b7e29e5f964a520ebe42fe3,35.69143693639995,139.69955757362334,284,42,61,51,61,<a_61><b_51><c_61>
4b6d2f16f964a520726a2ce3,35.66879147677053,139.76247508400365,300,13,18,13,13,<a_18><b_13><c_13>
4d353dfb6c7c721e724dc956,35.56122102338058,139.71375167369845,294,26,9,20,32,<a_9><b_20><c_32>
4b5a4adef964a520d0ba28e3,35.76655370379505,139.6300997301637,139,17,53,15,18,<a_53><b_15><c_18>
4bf4fa3ccad2c92870829c99,35.80094241730704,139.71669673919678,152,15,20,63,44,<a_20><b_63><c_44>
4ec20d1c8b81127c0c2be90c,35.649861035357674,139.5418298894213,141,27,20,11,6,<a_20><b_11><c_6>
4b57f3ddf964a520224728e3,35.682938646442324,139.73222136497498,207,4,49,50,15,<a_49><b_50><c_15>
4b5fd886f964a520a0ce29e3,35.73810999597467,139.76076802414545,72,32,31,41,2,<a_31><b_41><c_2>
4c81f200e602b1f7c7ff977a,35.76471346998201,139.629744887352,146,3,30,23,11,<a_30><b_23><c_11>
4d96d123af3d236a13fe13c7,35.69809703947646,139.76263669084108,300,9,30,6,39,<a_30><b_6><c_39>
4b5ad76cf964a520ffd628e3,35.713629754201534,139.70329805637925,249,12,10,41,49,<a_10><b_41><c_49>
4b6d4376f964a520276e2ce3,35.729357,139.71689998,41,23,31,50,22,<a_31><b_50><c_22>
4b5c192df964a520032429e3,35.665124067029886,139.8352074623108,298,20,51,8,1,<a_51><b_8><c_1>
4b6d1c15f964a52037672ce3,35.863891418527736,139.64974880218506,290,11,61,42,43,<a_61><b_42><c_43>
4b610041f964a52069052ae3,35.70186010157302,139.75233793258667,150,14,51,54,57,<a_51><b_54><c_57>
4f07f939e4b0ef60ed125d18,35.580939173680626,139.7276508808136,296,21,31,42,41,<a_31><b_42><c_41>
4b669b03f964a5205a252be3,35.64937612036025,139.55843567848206,150,8,55,49,60,<a_55><b_49><c_60>
4ba36b8ff964a520a13b38e3,35.681844959791846,139.66192603111267,320,12,51,21,57,<a_51><b_21><c_57>
4b642998f964a520f5a12ae3,35.76439571369829,139.85263109207153,298,50,19,26,44,<a_19><b_26><c_44>
4b6a7f01f964a520dfd62be3,35.698158,139.77236406,29,9,51,57,9,<a_51><b_57><c_9>
4cada49a8c48a09324506d2c,35.65874767781926,139.58672761917114,288,18,21,3,1,<a_21><b_3><c_1>
4b59d6b9f964a520299b28e3,35.72900332098821,139.71941002664653,150,3,30,38,28,<a_30><b_38><c_28>
4b5d293ff964a520115529e3,35.703151720387424,139.77020412683487,244,10,56,42,8,<a_56><b_42><c_8>
4bf135213a15d13a46453f9f,35.70035717981816,139.77248668670654,224,9,48,3,7,<a_48><b_3><c_7>
4b5b239ff964a520ece528e3,35.80795782693913,139.7179600596428,320,14,44,43,43,<a_44><b_43><c_43>
4b2f1e7cf964a52099e924e3,35.69732511231562,139.7725510597229,8,11,61,0,48,<a_61><b_0><c_48>
4f5ca96ee4b02628c2264c21,35.58740465785017,139.72858428955078,236,5,30,55,14,<a_30><b_55><c_14>
4b7bbf40f964a520a66c2fe3,35.6560235012263,139.79411602020264,47,10,18,15,15,<a_18><b_15><c_15>
4b57c469f964a520034028e3,35.67063707576572,139.7465980052948,109,7,30,9,57,<a_30><b_9><c_57>
4b662800f964a520ba162be3,35.801072942212585,139.71855282783508,210,36,51,5,36,<a_51><b_5><c_36>
4d96933d2bd6f04d9feb3a50,35.60494652440651,139.7344073653221,236,11,8,23,1,<a_8><b_23><c_1>
4b76ce5df964a52081602ee3,35.72838091870393,139.70800638198853,291,8,18,26,21,<a_18><b_26><c_21>
4b66a8bff964a520bf262be3,35.65515174509077,139.79302167892456,74,9,21,42,24,<a_21><b_42><c_24>
4f5ad55ee4b09a78bee0b931,35.68994485703822,139.69830751419067,65,9,31,56,12,<a_31><b_56><c_12>
4decb2bd45dd3993a8c3a4be,35.71673314289428,139.6903896331787,47,15,48,0,60,<a_48><b_0><c_60>
4d37ec91b8d5a0908308ff1f,35.663834,139.886915,248,12,51,30,7,<a_51><b_30><c_7>
4b63934df964a52069842ae3,35.51721622411518,139.6324110031128,148,4,48,51,19,<a_48><b_51><c_19>
4b6d2d4ff964a5202b6a2ce3,35.62257190550189,139.7219392333052,369,13,48,28,58,<a_48><b_28><c_58>
4b54f9d9f964a52039d627e3,35.66536812922553,139.7263741493225,178,19,18,3,20,<a_18><b_3><c_20>
4b7d2b58f964a52030b12fe3,35.69958174823983,139.76423621177673,33,6,49,2,12,<a_49><b_2><c_12>
4b64040df964a5205a9b2ae3,35.70303312458384,139.76963828241307,224,15,18,57,15,<a_18><b_57><c_15>
4ee21a480e61689f539a5484,35.610354607320886,139.62604653853214,341,39,31,41,46,<a_31><b_41><c_46>
4baee071f964a520f7de3be3,35.75575051466807,139.73759651184082,99,1,30,53,35,<a_30><b_53><c_35>
4b626ac4f964a520c4462ae3,35.700517108631374,139.770851369492,65,15,18,18,22,<a_18><b_18><c_22>
4b9b3c68f964a5207ffb35e3,35.720297991700555,139.68992829322815,288,13,61,11,24,<a_61><b_11><c_24>
4b88d390f964a520460f32e3,35.73505,139.638609,30,12,61,56,57,<a_61><b_56><c_57>
4c34ef0709a99c74264b0c2a,35.70492248923838,139.6498990058899,139,11,44,6,57,<a_44><b_6><c_57>
4b65817ef964a520bdf22ae3,35.56208833193059,139.71520695144943,284,7,61,10,22,<a_61><b_10><c_22>
4c05fb9fc00ab7138dbfb26b,35.72219043502389,139.69529296342893,47,11,61,16,24,<a_61><b_16><c_24>
4b6aa4c6f964a52070da2be3,35.69363071334236,139.77241158485413,236,7,16,2,19,<a_16><b_2><c_19>
4b8a4f65f964a520ef6732e3,35.699559966345035,139.7748899459839,54,7,55,10,9,<a_55><b_10><c_9>
4bf1baeb189f0f473a9bb762,35.550487008170194,139.78946399566806,333,12,9,47,52,<a_9><b_47><c_52>
4f6552f1e4b075c7140cb1db,35.73285753180566,139.70922946929932,236,6,48,16,3,<a_48><b_16><c_3>
4b644a84f964a520bda82ae3,35.66916625098956,139.6501725912094,236,5,10,18,9,<a_10><b_18><c_9>
4b61719ff964a520c4132ae3,35.661313,139.698071,109,4,16,37,46,<a_16><b_37><c_46>
4b5bd134f964a520e31729e3,35.633576,139.53457587,236,4,10,2,14,<a_10><b_2><c_14>
4dbf78c14b2221ec2d5bebbf,35.644506,139.861156,150,4,48,13,13,<a_48><b_13><c_13>
4b5d65b2f964a520c65b29e3,35.666081238362594,139.7576377213917,31,10,48,52,41,<a_48><b_52><c_41>
4b584505f964a520505028e3,35.69616409617386,139.77509111166,150,17,51,10,61,<a_51><b_10><c_61>
4b582c18f964a520dd4c28e3,35.55421225351984,139.64688956737518,236,5,13,2,11,<a_13><b_2><c_11>
4b5e5c80f964a520508b29e3,35.53056513655742,139.69960033893585,249,14,9,46,32,<a_9><b_46><c_32>
4b6285c5f964a5204e4a2ae3,35.53137931562121,139.7002226114273,294,19,19,45,42,<a_19><b_45><c_42>
4bd3f4c3462cb7131197df07,35.66209937718928,139.6988010406494,99,4,45,9,46,<a_45><b_9><c_46>
4e4bc0d18877da6396684ac3,35.65691632806317,139.753231592243,30,7,57,38,28,<a_57><b_38><c_28>
4f00dfb6b8f787cad20d3125,35.56015172699693,139.72382870038078,78,17,61,53,44,<a_61><b_53><c_44>
4b6800adf964a5208e632be3,35.68245062875336,139.76417183876038,47,5,21,28,35,<a_21><b_28><c_35>
4b59bf5ff964a520f09528e3,35.69874967563084,139.70301747322085,302,9,48,10,36,<a_48><b_10><c_36>
4b5ae9daf964a5200dda28e3,35.75283374517528,139.59448993206024,165,22,20,46,32,<a_20><b_46><c_32>
4b8f8dc0f964a520ea5733e3,35.530589147318295,139.69950377941132,251,19,24,56,45,<a_24><b_56><c_45>
4b7f8aaef964a520a93330e3,35.69037183256676,139.7023630142212,251,14,51,54,61,<a_51><b_54><c_61>
4bcaae810687ef3ba792dccc,35.67253276550082,139.73536491394043,369,13,24,33,63,<a_24><b_33><c_63>
4e102bc0d4c07597ff75ce0b,35.736158219597115,139.4881296157837,308,6,24,13,11,<a_24><b_13><c_11>
4c3aabda1a1cd13a9e3bb50d,35.74907008388599,139.58640575408936,320,7,10,28,35,<a_10><b_28><c_35>
4bd1681b41b9ef3bcae2fbe5,35.68787965742424,139.7022020816803,7,9,51,45,1,<a_51><b_45><c_1>
4b594ee1f964a520a78428e3,35.720210886727784,139.76069033145905,342,9,13,36,26,<a_13><b_36><c_26>
4bfe9568f7c82d7fd0c98f04,35.82271100578769,139.7390878200531,47,17,44,16,47,<a_44><b_16><c_47>
4b087d98f964a520f20c23e3,35.66824452031676,139.64344292879105,289,7,44,13,1,<a_44><b_13><c_1>
4b5c5ce0f964a5208f2c29e3,35.69890868494186,139.7715613245964,54,21,19,54,59,<a_19><b_54><c_59>
4b55499bf964a520dae027e3,35.62246764880306,139.72248561680317,78,13,20,24,46,<a_20><b_24><c_46>
4b6bc5d4f964a52007182ce3,35.67361269579385,139.76637355382627,253,8,48,30,46,<a_48><b_30><c_46>
4b597bacf964a520bd8928e3,35.60391414,139.707701,78,9,61,29,61,<a_61><b_29><c_61>
4be81b324485d13ad40294ee,35.70471775290731,139.66510713100433,284,8,61,58,4,<a_61><b_58><c_4>
4b9a09bcf964a5200e9c35e3,35.70818881933982,139.75212865831176,77,38,61,22,30,<a_61><b_22><c_30>
4cd63907aeb1224b7e8527ff,35.699520758919384,139.77111607789993,3,9,18,54,12,<a_18><b_54><c_12>
4b5be569f964a520291c29e3,35.68975315299622,139.69905853271484,29,7,20,57,35,<a_20><b_57><c_35>
4b7cbfb1f964a52001a42fe3,35.73291570006204,139.71326957264492,41,8,8,16,49,<a_8><b_16><c_49>
4bca96f1937ca593df4aa892,35.66923380057303,139.7670578956604,358,8,52,54,53,<a_52><b_54><c_53>
4bd93f3ae914a593a40b56fa,35.6318679777738,139.5774471759796,236,6,10,53,51,<a_10><b_53><c_51>
4e7ef4b69adf979a3f19c8ab,35.84387788630242,139.80134457349777,149,4,27,24,57,<a_27><b_24><c_57>
4c5103bd0f39b7136bb50e00,35.65614554632596,139.69545364379883,236,9,48,28,20,<a_48><b_28><c_20>
4b6e399cf964a520c5b22ce3,35.57699215207025,139.55849127242325,236,8,8,2,56,<a_8><b_2><c_56>
4b5be5a9f964a520351c29e3,35.68931310333902,139.69912827014923,39,7,8,2,35,<a_8><b_2><c_35>
4cea5b1a678aa093c1e6f2ea,35.638547,139.683091,33,5,48,49,23,<a_48><b_49><c_23>
4b56ee34f964a520a51f28e3,35.63610632990267,139.88338651651762,89,29,19,54,55,<a_19><b_54><c_55>
4c54d5f8f5f3d13a4adcc0fa,35.735381,139.801908,7,9,33,32,22,<a_33><b_32><c_22>
4b59a26cf964a520139028e3,35.69901541704127,139.7746217250824,33,11,51,41,54,<a_51><b_41><c_54>
4b8cbed7f964a52004dc32e3,35.6957720043529,139.77692306041718,249,9,55,28,12,<a_55><b_28><c_12>
4d42723948cea35dcb5231f7,35.656825508466945,139.56802189350128,111,5,21,58,57,<a_21><b_58><c_57>
4baf1563f964a5206cea3be3,35.66142253777484,139.70101197458897,54,7,15,47,47,<a_15><b_47><c_47>
4b55889df964a520bae627e3,35.6441232084883,139.69839334487915,236,6,10,6,61,<a_10><b_6><c_61>
4b795aa5f964a52071f52ee3,35.84392571957908,139.8029887676239,30,5,35,31,0,<a_35><b_31><c_0>
4c407440e26920a12fe15ce7,35.711598,139.81561958,302,10,63,47,60,<a_63><b_47><c_60>
4b72a967f964a520a9822de3,35.683731668820435,139.76645708084106,146,10,18,52,14,<a_18><b_52><c_14>
4b5a81baf964a520b1c828e3,35.69103096265377,139.70249983928682,125,5,30,0,32,<a_30><b_0><c_32>
4b769c80f964a5205f542ee3,35.68904732959792,139.6980232000351,31,9,8,57,24,<a_8><b_57><c_24>
4dd79251b0fb8af38088fd3d,35.69061534898183,139.70297162346213,54,9,48,46,21,<a_48><b_46><c_21>
4bea2525415e20a1e8c7e4bb,35.71214455358108,139.8107135295868,290,11,20,47,23,<a_20><b_47><c_23>
4b5d893cf964a520876029e3,35.55273273995492,139.64508175849917,320,13,61,47,48,<a_61><b_47><c_48>
4f8e4886e4b084124a654852,35.62543660870353,139.77587699890137,282,9,22,19,0,<a_22><b_19><c_0>
4f93eda8e4b02d470384ad8d,35.74968225376837,139.83479060466135,302,9,35,1,43,<a_35><b_1><c_43>
4c384131ae2da593166000c6,35.66043313939776,139.70280707029718,54,5,34,6,61,<a_34><b_6><c_61>
4d686274342b8cfa1693b92c,35.573327609079165,139.6627993411889,299,15,31,41,2,<a_31><b_41><c_2>
4b91bfc2f964a52098d433e3,35.73270947664084,139.89870071411133,248,10,20,51,49,<a_20><b_51><c_49>
4b55dc56f964a5205bf327e3,35.689334888032626,139.68974590301514,139,19,53,44,28,<a_53><b_44><c_28>
4ccc010f7c2ff04d86ff957e,35.69855363631777,139.77070033550262,33,20,21,54,52,<a_21><b_54><c_52>
4b8b67a9f964a520a19e32e3,35.71613426749111,139.85735714435577,47,11,31,14,14,<a_31><b_14><c_14>
4b7ba19ff964a52045692fe3,35.620704088630106,139.74657936517826,90,12,13,7,15,<a_13><b_7><c_15>
4b970f47f964a520f4f534e3,35.68133079116599,139.76789742708206,360,21,44,8,34,<a_44><b_8><c_34>
4b936663f964a520ad4234e3,35.69285521635391,139.6988868713379,150,15,31,6,15,<a_31><b_6><c_15>
4d159aaa85fc6dcbb35da14e,35.62927805136951,139.687018096447,236,3,48,18,9,<a_48><b_18><c_9>
4c8313d3d92ea0930f695172,35.763279,139.676381,320,16,61,43,18,<a_61><b_43><c_18>
4b655c27f964a52065ee2ae3,35.784584200009704,139.810793,236,9,14,2,31,<a_14><b_2><c_31>
4b84a037f964a520d43e31e3,35.646076198629714,139.8270857334137,149,10,51,49,13,<a_51><b_49><c_13>
4b5bce84f964a520431729e3,35.57542435324993,139.68068133280516,78,11,20,10,41,<a_20><b_10><c_41>
4bd61e245631c9b67f61a530,35.70065171876446,139.8049441631947,289,9,24,29,19,<a_24><b_29><c_19>
4b639763f964a5207c852ae3,35.66301444391078,139.75742891738506,236,4,30,18,49,<a_30><b_18><c_49>
4b9600dff964a520ddb934e3,35.64301155215533,139.82010126113892,236,6,30,50,59,<a_30><b_50><c_59>
4d450ed91b62b1f711dff9e2,35.74637293778451,139.58598732948303,103,9,30,53,58,<a_30><b_53><c_58>
4ed0ab2de5faa5ec031c6959,35.69527753025235,139.69034671783447,90,64,61,16,31,<a_61><b_16><c_31>
4b59a098f964a520ad8f28e3,35.706011503439285,139.9037003517151,297,35,44,13,53,<a_44><b_13><c_53>
4b9a6e0ff964a52087b435e3,35.73750371138351,139.49957728385925,320,7,30,22,14,<a_30><b_22><c_14>
4dbefddc6a23a3c473b18eb1,35.741528,139.501491,320,8,13,10,62,<a_13><b_10><c_62>
4b555a67f964a52045e227e3,35.65506293,139.6966687,320,10,44,43,0,<a_44><b_43><c_0>
4b622d69f964a520633a2ae3,35.667019887687786,139.778693318367,68,7,61,11,19,<a_61><b_11><c_19>
4d7944a11623a093c63d716e,35.58107544504264,139.75495839875205,68,13,44,42,57,<a_44><b_42><c_57>
4f49e5310039a744a308d2c0,35.72286536800381,139.49731953442097,184,6,48,55,22,<a_48><b_55><c_22>
4b59f628f964a520fda328e3,35.689618088508155,139.7616559267044,71,14,48,25,62,<a_48><b_25><c_62>
4e0d48381520c4d8cef92a87,35.73044942392739,139.74782913923264,320,14,21,6,29,<a_21><b_6><c_29>
4b761470f964a520443b2ee3,35.64250149289706,139.74597573280334,248,10,31,7,57,<a_31><b_7><c_57>
4c255518f7ced13a8478246d,35.7005728181585,139.7420047223568,4,11,10,42,18,<a_10><b_42><c_18>
4ba6c4ebf964a520936e39e3,35.54917132100349,139.78479266166687,295,22,31,42,19,<a_31><b_42><c_19>
4bd63c407b1876b00a4f8c86,35.60606230286728,139.68323848131155,195,22,30,9,62,<a_30><b_9><c_62>
4b600385f964a52042d329e3,35.67381,139.613724,65,7,53,13,9,<a_53><b_13><c_9>
4bff8900daf9c9b68c58faef,35.71332197551736,139.76351737976074,189,4,16,2,56,<a_16><b_2><c_56>
4b7629e2f964a520fb402ee3,35.69844370377281,139.82562081529963,294,12,9,3,12,<a_9><b_3><c_12>
4cf45203a41a60fc74592ec0,35.667768,139.754873,236,13,4,49,6,<a_4><b_49><c_6>
4e3cdb23b61cb577be6fffde,35.85747388124034,139.6533322520821,72,13,9,10,22,<a_9><b_10><c_22>
4b5c5da9f964a520af2c29e3,35.705891,139.775774,236,4,30,56,61,<a_30><b_56><c_61>
4b8f23e5f964a520dc4a33e3,35.857676590195865,139.65422004461288,320,18,48,28,15,<a_48><b_28><c_15>
4b53da3cf964a52038ad27e3,35.65801106963493,139.69896465539932,33,2,30,21,61,<a_30><b_21><c_61>
4ba73e05f964a520878739e3,35.71107740192207,139.7096599638462,236,4,30,6,29,<a_30><b_6><c_29>
4e55f0217d8b60849c490aac,35.619026526147245,139.72904160618782,248,33,31,61,41,<a_31><b_61><c_41>
4b9ddf3bf964a520e8c036e3,35.70138526848571,139.7708934545517,40,11,44,7,7,<a_44><b_7><c_7>
4b7be08ff964a520bc712fe3,35.74905854666176,139.58720625936166,236,11,48,2,59,<a_48><b_2><c_59>
4b7b67e4f964a52047622fe3,35.66045623395862,139.72927629947662,109,7,30,4,32,<a_30><b_4><c_32>
4edd978777c8274e00f25101,35.69600193715966,139.69052172687768,225,20,48,10,18,<a_48><b_10><c_18>
4b95c6d1f964a520f4b234e3,35.76407498,139.72868497,320,24,31,46,36,<a_31><b_46><c_36>
4b88a915f964a5204b0732e3,35.58911473909843,139.67735677957535,87,5,20,33,36,<a_20><b_33><c_36>
4c78774abd346dcbeb72f2ef,35.707943,139.666581,106,1,30,8,42,<a_30><b_8><c_42>
4b651361f964a520f5e22ae3,35.583535815468274,139.72373392421142,284,6,48,51,12,<a_48><b_51><c_12>
4c6a4d78d0bdc9b6ef2ba80b,35.660992329498136,139.826238155365,153,12,31,7,13,<a_31><b_7><c_13>
4db653344159ca03c9215480,35.715983417579835,139.71266112100574,295,8,21,49,54,<a_21><b_49><c_54>
4b7bc9c1f964a5203c6e2fe3,35.693504,139.721035,150,2,30,23,61,<a_30><b_23><c_61>
4c3ad1065810a5937aabb93c,35.70078845591565,139.48153674602509,251,25,53,63,28,<a_53><b_63><c_28>
4b890c1cf964a520d31932e3,35.690709,139.699404,149,12,16,33,14,<a_16><b_33><c_14>
4ddcb2a8fa766a6d79425815,35.56234924943763,139.71451143187116,298,26,61,50,60,<a_61><b_50><c_60>
4cca4775177c370483661534,35.65769724633269,139.5435118675232,200,29,61,10,47,<a_61><b_10><c_47>
4d3a584097e0a1cdb5456d3e,35.531405,139.701412,224,9,31,53,4,<a_31><b_53><c_4>
4bb6ff28ef159c7442be76f7,35.7016836730955,139.77184027433395,236,10,11,34,12,<a_11><b_34><c_12>
4c033003310fc9b626a7c561,35.54874179076697,139.7838973648937,141,8,61,49,48,<a_61><b_49><c_48>
4f261c2ce4b00087440a1c21,35.692021015567626,139.89602692865677,103,5,48,6,39,<a_48><b_6><c_39>
4df31e071f6e818dadffb8cf,35.85931131769841,139.6508887410164,296,9,61,2,55,<a_61><b_2><c_55>
4b58e8f8f964a520547228e3,35.66916843000927,139.74622249603271,184,9,61,10,19,<a_61><b_10><c_19>
4be2576ff07b0f47055ef543,35.698314032058406,139.7622138261795,207,13,61,2,19,<a_61><b_2><c_19>
4be4bfc88a8cb7130e51c4a0,35.709313303561885,139.72068786621094,186,16,55,17,35,<a_55><b_17><c_35>
4b5a6a13f964a520a8c328e3,35.55427596341608,139.750327077294,306,4,30,58,29,<a_30><b_58><c_29>
4d78a50ad7edb60c97c4f71a,35.70105201238241,139.4793963432312,78,23,31,50,19,<a_31><b_50><c_19>
4e02bdf0b0fb88a1209b637b,35.70960439313689,139.7971872078581,153,8,48,28,51,<a_48><b_28><c_51>
4f8e97a0e4b0e77df39ee50d,35.69196758623644,139.7448478125161,77,16,31,15,18,<a_31><b_15><c_18>
4e6d690b2271a8cabfcd70e0,35.561159588014355,139.67392261928632,110,19,30,31,6,<a_30><b_31><c_6>
4f62fb09e4b0e30d1f3c40ea,35.569024188883304,139.67001527928596,277,10,30,9,23,<a_30><b_9><c_23>
4bc037562a89ef3b8849f088,35.66654484719824,139.6969985961914,369,37,20,63,16,<a_20><b_63><c_16>
4ce12c8669136dcb06bbe7e6,35.66245676726104,139.69536781311035,42,12,30,19,31,<a_30><b_19><c_31>
4f1e1debe4b03f8d84acf71f,35.658663,139.540268,320,12,61,56,33,<a_61><b_56><c_33>
4b852e07f964a520a04f31e3,35.68914318252467,139.82776701450348,320,7,40,13,5,<a_40><b_13><c_5>
4e5fbece62e16ff820efa008,35.68904370252932,139.82644494149054,299,30,51,49,41,<a_51><b_49><c_41>
4b5f9257f964a52050c229e3,35.62253020093181,139.75067641005853,156,3,48,4,21,<a_48><b_4><c_21>
4cd520ff2944b1f7fb2f5bec,35.71420912479865,139.7752547264099,369,7,27,6,28,<a_27><b_6><c_28>
4b5560e8f964a520d4e227e3,35.71418299132,139.7752332687378,274,4,49,62,3,<a_49><b_62><c_3>
4f7007bee4b0221c2e6d8506,35.69892001844411,139.773816797748,302,5,30,3,50,<a_30><b_3><c_50>
4b8ddc4af964a520111133e3,35.67095314816234,139.74312629009495,236,8,48,57,43,<a_48><b_57><c_43>
4b5d29a1f964a520205529e3,35.66419277911113,139.7313663854235,109,10,48,43,9,<a_48><b_43><c_9>
4b79e40ff964a520ae182fe3,35.64589092817705,139.82649832963943,249,11,30,45,32,<a_30><b_45><c_32>
4b570c1bf964a520472428e3,35.659301219143124,139.6952323615551,164,10,53,10,18,<a_53><b_10><c_18>
4cbf01d47dc9a093fa3736f5,35.58062722922661,139.6619153022766,78,9,9,39,45,<a_9><b_39><c_45>
4ce4c34bc1532d431c03c8b9,35.78661818143426,139.61236953735352,224,8,61,13,13,<a_61><b_13><c_13>
4b7f9466f964a5203b3530e3,35.68122,139.767026,152,6,49,0,12,<a_49><b_0><c_12>
4b5fa1dbf964a5208fc529e3,35.63729390673185,139.6915966272354,150,8,24,55,28,<a_24><b_55><c_28>
4dce2144ae603b786d2851c2,35.55153688897846,139.72959280014038,298,71,31,50,6,<a_31><b_50><c_6>
4f093db4e4b0aa2dc73debb7,35.55135139954657,139.73112434148788,320,68,31,50,6,<a_31><b_50><c_6>
4b7cd8f5f964a5204ea72fe3,35.727858340463435,139.5116901397705,47,9,21,49,8,<a_21><b_49><c_8>
4eae8cadb634339688302ffa,35.682521,139.768695,39,6,48,28,47,<a_48><b_28><c_47>
4b5982c0f964a520a28a28e3,35.68800165382408,139.69898343086243,150,12,61,11,61,<a_61><b_11><c_61>
4b851ea5f964a520c94c31e3,35.6659964996602,139.7314861181367,68,5,61,2,12,<a_61><b_2><c_12>
4bcab7a0b6c49c74e3179191,35.699115614392355,139.77160692214966,13,9,31,53,19,<a_31><b_53><c_19>
4b5fbcbcf964a520abca29e3,35.700696973302016,139.77373123168945,33,9,9,4,50,<a_9><b_4><c_50>
4b64dcd9f964a520cdd52ae3,35.56238846306248,139.71550394050175,298,32,51,25,41,<a_51><b_25><c_41>
4c14496aa9c220a15268579d,35.66596084859448,139.75683867931366,150,8,29,42,2,<a_29><b_42><c_2>
4b6bfa2bf964a5201a1e2ce3,35.68093426903065,139.7684097290039,294,6,21,28,39,<a_21><b_28><c_39>
4bec18ff61aca59313c98500,35.66396029999999,139.731454,251,19,8,30,61,<a_8><b_30><c_61>
4b7531caf964a520c7002ee3,35.589075,139.73021,33,6,30,21,55,<a_30><b_21><c_55>
4b1e0649f964a520dc1624e3,35.65558762434797,139.73538100719452,222,5,61,13,12,<a_61><b_13><c_12>
4b7603eef964a520ba362ee3,35.6813177190391,139.76901054382324,76,10,44,16,2,<a_44><b_16><c_2>
4d9c504081716ea86d1edaea,35.566902,139.696454,38,13,27,1,2,<a_27><b_1><c_2>
4c9c2b870e9bb1f735acd15f,35.68089940984761,139.76853847503662,27,6,29,38,28,<a_29><b_38><c_28>
4d383b4899fe8eec1b012555,35.745402124284,139.7812758351692,54,7,30,38,34,<a_30><b_38><c_34>
4e5f36a3ae60c16e993ee5df,35.68030680140564,139.76784110069275,78,7,9,20,40,<a_9><b_20><c_40>
4be0f1097f060f479b5840bf,35.86258283663569,139.6683756689659,224,29,51,13,24,<a_51><b_13><c_24>
4bbb1d963db7b713b9ec239a,35.5619045817475,139.7146660426744,78,39,44,56,44,<a_44><b_56><c_44>
4b56a25af964a520401728e3,35.70330200857004,139.578957259655,249,15,45,1,14,<a_45><b_1><c_14>
4b5d77def964a520fe5d29e3,35.6189109655222,139.70507808029652,150,6,21,10,1,<a_21><b_10><c_1>
4b67b397f964a520545b2be3,35.78484270140055,139.82186079025269,78,16,20,57,23,<a_20><b_57><c_23>
4b6e3a93f964a520feb22ce3,35.66195010098449,139.6954469382763,149,6,49,8,46,<a_49><b_8><c_46>
4b9a3ca6f964a5206ca635e3,35.62934999490266,139.68518614768982,150,4,30,38,39,<a_30><b_38><c_39>
4f6896e2e4b0f8b5d47affa4,35.56216007450266,139.71249654089908,54,14,44,16,47,<a_44><b_16><c_47>
4ed8013a6c25acaabb6866ae,35.66795187145325,139.75905504733905,42,14,11,1,52,<a_11><b_1><c_52>
4e01b793d4c0836163dc66bb,35.629073264174785,139.7396684264861,78,58,31,8,42,<a_31><b_8><c_42>
4c80fbe8d92ea093f64c3c72,35.73474738825818,139.7271305322647,291,7,30,31,58,<a_30><b_31><c_58>
4ea0ef160aaf71117ffacbd7,35.57890501290416,139.71666853842416,6,30,44,49,56,<a_44><b_49><c_56>
4c304b1fa0ced13a2102126e,35.572867492622926,139.66886222362518,320,12,61,29,4,<a_61><b_29><c_4>
4c06e5aab4aa0f475bd76462,35.62263189232162,139.74937889872905,320,27,63,6,57,<a_63><b_6><c_57>
4df2eac3d1649c8a28e1777a,35.65619388456294,139.48156025828,135,20,61,56,2,<a_61><b_56><c_2>
4b8374acf964a520cb0631e3,35.64561820363427,139.82626040606917,225,9,63,34,19,<a_63><b_34><c_19>
4dc5cc2545dd2645527ae55a,35.63490195996776,139.87664472193964,304,10,61,16,22,<a_61><b_16><c_22>
4b651139f964a52076e22ae3,35.69649301615894,139.7960740327835,179,15,20,31,13,<a_20><b_31><c_13>
4b70d7d4f964a52032312de3,35.65760135563324,139.7530460357666,342,5,48,9,40,<a_48><b_9><c_40>
4ba5afcbf964a520ee1b39e3,35.700607394662,139.7426422768484,289,13,61,19,19,<a_61><b_19><c_19>
4b7496d6f964a52033e62de3,35.67535660603098,139.77184295654297,297,20,20,57,41,<a_20><b_57><c_41>
4be646ffcf200f475377143c,35.6574618780467,139.6961510181427,289,12,10,49,31,<a_10><b_49><c_31>
4ba4d5b4f964a5206ab938e3,35.73175219856266,139.71139923942565,138,18,51,32,13,<a_51><b_32><c_13>
4b5a5772f964a52096be28e3,35.65941016546794,139.69551233988315,164,15,19,49,12,<a_19><b_49><c_12>
4b666a5af964a520bf202be3,35.65948427920908,139.68669891357422,200,9,24,11,14,<a_24><b_11><c_14>
4b9f2ff9f964a520001737e3,35.54776591362239,139.7838807106018,333,9,61,22,1,<a_61><b_22><c_1>
4ef0166902d50bd856e5804e,35.65890894616011,139.698004424572,33,9,63,19,28,<a_63><b_19><c_28>
4df3db6ba809141629a41f09,35.61819797457622,139.59584712982178,248,8,61,18,43,<a_61><b_18><c_43>
4b6cb856f964a520ef4e2ce3,35.80096852230529,139.71850991249084,88,19,44,43,2,<a_44><b_43><c_2>
4b4aa694f964a520458c26e3,35.68724788736883,139.78503942489624,148,7,61,11,51,<a_61><b_11><c_51>
4b5d0d14f964a520755029e3,35.66141074302818,139.70253467559814,149,6,30,46,19,<a_30><b_46><c_19>
4b56ec67f964a5206b1f28e3,35.70531889212948,139.64945375919342,150,5,10,25,46,<a_10><b_25><c_46>
4b6e7556f964a52031be2ce3,35.569128065242275,139.69536244869232,288,17,13,34,16,<a_13><b_34><c_16>
4ebba0e0775be9ee029edd1d,35.63080733684137,139.64019544596658,111,10,21,25,43,<a_21><b_25><c_43>
4bed3c2a6c5c9521ddd8068a,35.70795644579036,139.75108534097672,139,32,61,43,11,<a_61><b_43><c_11>
4c21f3d111de20a1240384ce,35.63231052414406,139.87916082143784,164,6,17,34,13,<a_17><b_34><c_13>
4b61306df964a520740c2ae3,35.675435044619505,139.76555585861206,31,7,48,18,3,<a_48><b_18><c_3>
4efbba04754a1a2b08e39ecb,35.70062073771047,139.77054208517075,149,11,52,2,28,<a_52><b_2><c_28>
4b517cc3f964a520374e27e3,35.67004000792837,139.76286442031815,7,8,48,26,3,<a_48><b_26><c_3>
4b6534cff964a520e2e82ae3,35.64984254480132,139.55740571022034,39,8,61,2,43,<a_61><b_2><c_43>
4b87ca4ff964a5202acc31e3,35.689016144689205,139.698887848359,308,5,48,46,33,<a_48><b_46><c_33>
4b05879af964a520ce9b22e3,35.6415685555734,139.71532881259918,291,6,16,15,33,<a_16><b_15><c_33>
4b4edeb5f964a52099f626e3,35.68698097774196,139.729714,225,6,48,2,42,<a_48><b_2><c_42>
4dbbb0594b222080d37efbd4,35.69179240573894,139.70321821599305,149,10,48,20,37,<a_48><b_20><c_37>
4dfb464b149557de37ac8aff,35.656818970396984,139.75296959280968,236,3,10,19,46,<a_10><b_19><c_46>
4c0735982e80a593c46075f9,35.73277697241187,139.7147896885872,149,6,13,34,22,<a_13><b_34><c_22>
4f6d67d4e4b0d638a100dd6b,35.6158800953693,139.55873998563368,341,32,44,2,53,<a_44><b_2><c_53>
4b7b8896f964a52084662fe3,35.61668911650859,139.555903673172,33,6,48,1,42,<a_48><b_1><c_42>
4d57818bd1a08cfa211404ba,35.70767337280751,139.77577386177327,21,7,8,6,2,<a_8><b_6><c_2>
4c973c86533aa0934203d845,35.65978501983499,139.70113456249237,16,16,44,53,37,<a_44><b_53><c_37>
4e632b2bfa76cd64ce8ee999,35.76867813080449,139.66149378915694,39,18,44,10,24,<a_44><b_10><c_24>
4b653baff964a520ebe92ae3,35.73169050127588,139.7123622894287,27,18,40,4,55,<a_40><b_4><c_55>
4b6007c8f964a520aed329e3,35.70719633399188,139.75364685058594,269,7,13,29,11,<a_13><b_29><c_11>
4b85dac7f964a5207b7631e3,35.656789,139.734396,33,10,30,33,42,<a_30><b_33><c_42>
4cec98c4b80da093b0821d00,35.69836195296789,139.7722828388214,318,13,61,32,24,<a_61><b_32><c_24>
4b6e832ef964a5204bc02ce3,35.62069232490647,139.56941932439804,249,7,19,35,41,<a_19><b_35><c_41>
4b9e33c8f964a5207bd136e3,35.62208337110548,139.71872448921204,90,12,61,50,19,<a_61><b_50><c_19>
4db67b85f7b121c29f7373ba,35.530932831114434,139.6984440851396,299,8,35,1,5,<a_35><b_1><c_5>
4b62d057f964a520c6532ae3,35.65328942417078,139.54271525144577,33,11,48,1,57,<a_48><b_1><c_57>
4d1c25f81cb9a143966bac2b,35.75324297002921,139.73665237426758,251,7,21,42,35,<a_21><b_42><c_35>
4bc43a9d920eb7130d751e2c,35.77897202061566,139.72229182720184,72,11,22,33,36,<a_22><b_33><c_36>
4c302fd53896e21ef548e590,35.73066195579174,139.7103670153268,7,9,51,36,15,<a_51><b_36><c_15>
4b5530abf964a52021de27e3,35.65775608829579,139.700348675251,39,16,51,61,18,<a_51><b_61><c_18>
4c3bc652be4620a108e20c13,35.80138185030132,139.71807539463043,249,7,44,19,58,<a_44><b_19><c_58>
4b59dfbaf964a520819d28e3,35.662242,139.73416283047,236,6,60,38,2,<a_60><b_38><c_2>
4b9b4910f964a52052fe35e3,35.661184102638224,139.6958613395691,99,7,34,48,18,<a_34><b_48><c_18>
4b8ce877f964a52077e032e3,35.620365272913745,139.56166237592697,236,3,30,38,34,<a_30><b_38><c_34>
4b690d8ef964a520ff972be3,35.53002899718272,139.69711780142882,284,4,48,6,15,<a_48><b_6><c_15>
4f2bbd9ce4b0e0a346fb586e,35.71037612305197,139.81338500976562,78,11,18,49,17,<a_18><b_49><c_17>
4f672d5ee4b0e30d230d06d8,35.729378,139.715281,111,10,61,25,0,<a_61><b_25><c_0>
4f196946e4b0aed171c01b69,35.70195852958327,139.7703771143926,149,4,27,49,24,<a_27><b_49><c_24>
4c130267a1010f47cd064a18,35.693582789589755,139.70073759555817,39,48,14,11,38,<a_14><b_11><c_38>
4b7bcae5f964a5205b6e2fe3,35.58923688636136,139.72832679748535,39,15,8,25,30,<a_8><b_25><c_30>
4bbeccb9006dc9b60bbcfb3f,35.67210569450093,139.7123220562935,41,17,61,0,2,<a_61><b_0><c_2>
4b56c8d2f964a5202c1b28e3,35.69540822855059,139.761763215065,27,10,11,6,22,<a_11><b_6><c_22>
4b55466cf964a5208ae027e3,35.65757411393627,139.7032655775547,33,12,61,1,39,<a_61><b_1><c_39>
4b77f0d3f964a52088af2ee3,35.701505066090974,139.75214213132858,236,7,10,10,50,<a_10><b_10><c_50>
4c3c4c4c4bc9a593d069d271,35.74899,139.715446,110,9,48,6,50,<a_48><b_6><c_50>
4b7f4312f964a520452330e3,35.76284,139.863439,150,11,9,10,38,<a_9><b_10><c_38>
4dba7268a86ede8c0f9a9c28,35.719577,139.812578,68,2,30,17,5,<a_30><b_17><c_5>
4f7ef5b5e4b0f6748559e4a8,35.713416,139.672432,47,5,11,8,45,<a_11><b_8><c_45>
4bc53e7e6a3e9c7435b8f548,35.711665,139.77563,33,3,48,10,35,<a_48><b_10><c_35>
4b59701ff964a520418828e3,35.640382750357304,139.7480034828186,320,15,20,38,38,<a_20><b_38><c_38>
4b36ee11f964a520543e25e3,35.65999958742011,139.7024330875333,39,16,61,50,32,<a_61><b_50><c_32>
4b739b04f964a520b7b52de3,35.61786364073694,139.62885441514652,284,7,61,10,11,<a_61><b_10><c_11>
4b812925f964a520c69830e3,35.64602606666728,139.70725268125534,42,10,27,2,57,<a_27><b_2><c_57>
4e3fda5b1f6e84423203ac99,35.57221603393555,139.7102813720703,47,10,21,5,41,<a_21><b_5><c_41>
4c9079a66fbf224b72f4538f,35.70038331782986,139.76969718933103,274,18,49,20,11,<a_49><b_20><c_11>
4b5ebd34f964a520419729e3,35.729804927008594,139.71451878547668,33,6,48,35,4,<a_48><b_35><c_4>
4cb32b0fc5e6a1cde0b6eaf6,35.71237104923789,139.8141574859619,320,8,19,55,13,<a_19><b_55><c_13>
4b554557f964a5206ee027e3,35.63026345413315,139.60038542747498,150,15,53,4,21,<a_53><b_4><c_21>
4f165f67754a4f43c4b13141,35.71035,139.812242,298,187,61,13,21,<a_61><b_13><c_21>
4c95993182b56dcbeebddaaa,35.72142164,139.7999632,320,9,24,33,52,<a_24><b_33><c_52>
4b5bfc7ff964a520342029e3,35.70470468461301,139.66566234827042,150,9,48,55,15,<a_48><b_55><c_15>
4c26bb42b012b7130af00893,35.665268979048534,139.7576554119587,236,6,15,34,46,<a_15><b_34><c_46>
4b7be7a9f964a52009732fe3,35.84311635003689,139.6461382801919,47,12,48,46,55,<a_48><b_46><c_55>
4bc6c60c04e8b7132781362d,35.55611943278466,139.70660626888275,170,10,31,53,28,<a_31><b_53><c_28>
4b57260df964a520522828e3,35.67382346284556,139.6670849439319,47,24,51,45,4,<a_51><b_45><c_4>
4bcefdd2c564ef3b710beff0,35.5627220693572,139.72583400013704,320,11,61,43,7,<a_61><b_43><c_7>
4be408b7d4f7c9b6988f2320,35.64271568806069,139.66753345522378,31,6,17,27,57,<a_17><b_27><c_57>
4b5a6122f964a52049c128e3,35.684119462608166,139.7804729640484,342,6,38,13,4,<a_38><b_13><c_4>
4f900cffe4b0051a3c707c9f,35.70830023339063,139.77150534852342,251,35,20,13,26,<a_20><b_13><c_26>
4cd425f308f48cfa65b7a485,35.733634,139.696637,33,3,30,33,12,<a_30><b_33><c_12>
4f8a7853e4b01f95a3debc01,35.707134528552686,139.7854053530318,319,27,61,51,46,<a_61><b_51><c_46>
4e3de36ce4cdab9b934a47d5,35.68573934047545,139.8020756633169,179,38,9,46,15,<a_9><b_46><c_15>
4b5d89a5f964a5209a6029e3,35.629099282309845,139.74288180470467,149,3,30,36,53,<a_30><b_36><c_53>
4c61497312e5c9287727214c,35.64610740356696,139.82541095107396,150,4,30,23,59,<a_30><b_23><c_59>
4bde61446198c9b6e9db13ff,35.53428671873297,139.63584423065186,341,42,51,1,57,<a_51><b_1><c_57>
4b5679e3f964a520221228e3,35.643182770724664,139.7469536267194,320,17,48,16,51,<a_48><b_16><c_51>
4d9c4c67b75a721e987d67c1,35.6280353801251,139.73931312561035,236,13,44,50,41,<a_44><b_50><c_41>
4b058799f964a5208d9b22e3,35.67227129373131,139.75871086120603,291,14,31,61,1,<a_31><b_61><c_1>
4e2ebff1fa7614797ddbdcaf,35.68784480127573,139.69374775886536,320,15,48,9,33,<a_48><b_9><c_33>
4d7335e7d145a1cdbb76c0f3,35.733977236537164,139.71152901861416,298,15,49,6,53,<a_49><b_6><c_53>
4b6f7b57f964a52050f22ce3,35.750643921103254,139.80435132980347,74,15,44,6,14,<a_44><b_6><c_14>
4b76897df964a520fa502ee3,35.697855,139.77392,291,28,9,48,37,<a_9><b_48><c_37>
4f9665f8e4b03fde923f3030,35.70416452657431,139.62124228477478,344,11,51,30,35,<a_51><b_30><c_35>
4cf0b1ff6c29236af44f61a2,35.67744827534187,139.76574897766113,360,26,44,16,44,<a_44><b_16><c_44>
4b679dcff964a520ef572be3,35.77933759086092,139.721058011055,150,10,61,42,1,<a_61><b_42><c_1>
4b5ae15ef964a52088d828e3,35.80972191461863,139.84278202056885,289,2,10,28,14,<a_10><b_28><c_14>
4bfbbc98d2b720a19f50336a,35.655809921853155,139.70389254391193,149,11,13,23,31,<a_13><b_23><c_31>
4b926631f964a520cff633e3,35.69316890143718,139.77068424224854,42,5,10,16,42,<a_10><b_16><c_42>
4b958378f964a520d9a634e3,35.73090231053411,139.72229719161987,30,12,27,28,45,<a_27><b_28><c_45>
4bb19ebcf964a520509c3ce3,35.827869512619294,139.80329990386963,110,8,51,28,14,<a_51><b_28><c_14>
4b7a6959f964a520212c2fe3,35.69069263499859,139.69823965601256,150,17,9,14,15,<a_9><b_14><c_15>
4b749fdff964a52082e82de3,35.662055792924754,139.7488296031952,90,10,21,29,21,<a_21><b_29><c_21>
4b78c1cef964a52009e12ee3,35.70129378655684,139.74521934986117,236,5,10,55,39,<a_10><b_55><c_39>
4d60d91d9f67f04dfafd7dfb,35.844194,139.628188,320,37,44,0,48,<a_44><b_0><c_48>
4e78051ad4c0b42f2c38bda7,35.84244695478879,139.62774881876956,319,30,44,11,14,<a_44><b_11><c_14>
4b5a79adf964a5205bc728e3,35.705354871764,139.66911822240695,157,26,31,7,14,<a_31><b_7><c_14>
4b6ad173f964a520c5e12be3,35.70970532879388,139.75323915481567,297,14,44,23,43,<a_44><b_23><c_43>
4beac147a9900f470bde1640,35.711416181171856,139.80953336845778,320,17,51,19,44,<a_51><b_19><c_44>
4b49c505f964a520647326e3,35.6606523668906,139.6984362602234,236,8,14,61,12,<a_14><b_61><c_12>
4b757c6af964a520410f2ee3,35.56368878493189,139.71598125994203,236,5,30,37,25,<a_30><b_37><c_25>
4bc42ad8f8219c74f308b710,35.68264022822653,139.67427150149945,320,8,10,30,19,<a_10><b_30><c_19>
4bd8054309ecb713bfeb477c,35.69001892438558,139.70033526420593,360,14,61,50,1,<a_61><b_50><c_1>
4e970083775b4d5029467ca7,35.66175053246496,139.90081717700556,6,2,30,58,57,<a_30><b_58><c_57>
4f93aae0e4b0f08d404ed3a7,35.63913169285135,139.6739375713389,302,7,49,42,11,<a_49><b_42><c_11>
4b581fe5f964a5209c4b28e3,35.62970971159727,139.77840900421145,78,57,53,63,61,<a_53><b_63><c_61>
4da15989c6e96ea8d155bf5d,35.78545193921499,139.64325785636902,179,9,44,53,9,<a_44><b_53><c_9>
4e8d7ab777c8aa8707085f44,35.60738677037413,139.73570823669434,150,4,30,38,19,<a_30><b_38><c_19>
4b85f2f9f964a520097b31e3,35.65676557613909,139.75664421916008,249,4,5,24,2,<a_5><b_24><c_2>
4baae05df964a5209d8b3ae3,35.645849514723,139.82648491859436,249,4,30,23,59,<a_30><b_23><c_59>
4ba99394f964a520582f3ae3,35.707980403351016,139.61438655853271,184,10,61,7,4,<a_61><b_7><c_4>
4b55605df964a520c7e227e3,35.71816389245459,139.72744166851044,68,7,48,6,1,<a_48><b_6><c_1>
4f8edfd34fc6d76ddad4a1ea,35.63904869845579,139.60002064704895,104,8,20,2,22,<a_20><b_2><c_22>
4bc062f8f8219c74cd7cb110,35.82680826204713,139.8021411895752,47,7,51,25,12,<a_51><b_25><c_12>
4e6db04f45dd2932738d360f,35.669273022885584,139.61559891700745,47,6,30,61,41,<a_30><b_61><c_41>
4be2a864b02ec9b6b1514dc0,35.64865032364111,139.7435536980629,200,10,44,26,39,<a_44><b_26><c_39>
4bb6d6c046d4a59333e4c6c0,35.6352208049991,139.88508582115173,78,14,61,50,36,<a_61><b_50><c_36>
4bd37f0ccaff95210619d5f0,35.62702378786783,139.88905012607574,168,11,14,19,0,<a_14><b_19><c_0>
4b67a688f964a52084592be3,35.68837,139.735801,249,6,30,8,16,<a_30><b_8><c_16>
4b5a77ebf964a520fac628e3,35.688897014549035,139.69778716564178,247,8,30,47,47,<a_30><b_47><c_47>
4b83620af964a5209e0431e3,35.628719941761524,139.73716735839844,150,10,9,53,2,<a_9><b_53><c_2>
4b7776b0f964a520119c2ee3,35.58464751116916,139.74077224731445,302,12,61,7,38,<a_61><b_7><c_38>
4e829ee80aaf9b0a974750a6,35.685243525240566,139.76322880148925,315,9,63,7,22,<a_63><b_7><c_22>
4b641467f964a520199e2ae3,35.70845519715825,139.76938605308533,236,6,19,31,17,<a_19><b_31><c_17>
4cb1301439458cfa72b109a0,35.85887452161679,139.65807058947215,78,24,44,56,43,<a_44><b_56><c_43>
4c6a35cb35d3be9a13652106,35.5517701447048,139.7875575480408,267,8,24,2,12,<a_24><b_2><c_12>
4b64269af964a52069a12ae3,35.69113864002268,139.77020680904388,236,7,10,45,22,<a_10><b_45><c_22>
4d95d32eef7860fc7fa92e48,35.7654246142722,139.67363853100636,290,12,61,51,10,<a_61><b_51><c_10>
4e6831d4c65be3a564dc9918,35.8586743866561,139.65928673744202,65,22,20,11,29,<a_20><b_11><c_29>
4b5bf4fbf964a520e61e29e3,35.66050670271506,139.70700581235536,164,43,9,24,41,<a_9><b_24><c_41>
4b6d2022f964a520df672ce3,35.6423271129166,139.80445861816406,41,9,21,41,12,<a_21><b_41><c_12>
4b766b3ff964a520c04b2ee3,35.62488283273465,139.88254845142365,168,13,44,18,43,<a_44><b_18><c_43>
4ba95d07f964a5201e223ae3,35.77815818558097,139.63326930999756,47,14,53,61,62,<a_53><b_61><c_62>
4b6b6276f964a52020052ce3,35.74953170523952,139.6912214824972,184,8,61,2,5,<a_61><b_2><c_5>
4c84576ad34ca143dd493e80,35.55051996517305,139.78956162929535,272,7,61,49,44,<a_61><b_49><c_44>
4bc976afb6c49c7499868e91,35.70416880980547,139.57959585028428,251,16,20,1,5,<a_20><b_1><c_5>
4b5ce2fdf964a5205f4929e3,35.75065698186279,139.76214408874512,21,7,21,33,9,<a_21><b_33><c_9>
4eab884a7beb32cb143ea042,35.58796305574325,139.72963571548462,109,11,61,22,0,<a_61><b_22><c_0>
4ba08b41f964a520b47137e3,35.689062,139.69632895,349,6,48,56,22,<a_48><b_56><c_22>
4b6fbe90f964a52067fb2ce3,35.73187339525012,139.7133868932724,65,20,61,26,16,<a_61><b_26><c_16>
4bbc2b193de8c9b650b89aad,35.58108314763423,139.64155063033104,150,7,16,17,22,<a_16><b_17><c_22>
4bb6e94c46d4a59335f5c6c0,35.705266619333585,139.71877813339233,200,20,63,9,17,<a_63><b_9><c_17>
4e8518ad2c5b01afa7bd9328,35.7589795147857,139.71576329223225,207,8,48,61,35,<a_48><b_61><c_35>
4ba5d3eef964a5207c2439e3,35.65562249458578,139.90151166915894,88,3,10,2,14,<a_10><b_2><c_14>
4bf79a825efe2d7f6c4e6934,35.619475684726666,139.56405758857727,292,6,48,62,62,<a_48><b_62><c_62>
4c9150c757e5b60c3aa15f1c,35.551336669485046,139.78108450770378,272,18,9,34,5,<a_9><b_34><c_5>
4b5af345f964a520d3db28e3,35.51692797645308,139.73910460925893,90,6,48,9,40,<a_48><b_9><c_40>
4bbbbeaa2d9ea59358d59fce,35.711922412984755,139.77554708719254,249,10,44,3,50,<a_44><b_3><c_50>
4b629729f964a5203e4c2ae3,35.69899732709261,139.7542147678241,201,3,48,36,57,<a_48><b_36><c_57>
4b68c705f964a520728c2be3,35.6705597699597,139.75667028254168,21,6,35,34,11,<a_35><b_34><c_11>
4b67d58bf964a520dd5e2be3,35.70392929531675,139.5797297358513,150,20,52,23,5,<a_52><b_23><c_5>
4b6e6624f964a520c1bb2ce3,35.69942491846448,139.770770072937,65,15,21,45,5,<a_21><b_45><c_5>
4e477ee7887781a619b99d30,35.77032,139.660993,298,6,53,31,29,<a_53><b_31><c_29>
4e9637b230f8fb103d0ea31d,35.62189632,139.73891775,68,10,18,22,52,<a_18><b_22><c_52>
4ba1a18af964a520e5c437e3,35.67153393872776,139.48101103305817,278,28,51,30,37,<a_51><b_30><c_37>
4f9907a9e4b0b41ef3307559,35.65888829094965,139.7028619213013,68,5,10,14,16,<a_10><b_14><c_16>
4b6a7d2ff964a520a8d62be3,35.69884987331584,139.7698312997818,65,15,31,11,61,<a_31><b_11><c_61>
4b603623f964a5202ada29e3,35.63530437367261,139.51572332142723,298,6,48,41,3,<a_48><b_41><c_3>
4d0b46d76d26a093a023772d,35.6710085909218,139.7136202454567,148,7,30,30,27,<a_30><b_30><c_27>
4b605f30f964a52042e229e3,35.69853075991046,139.76995278409188,294,10,61,50,21,<a_61><b_50><c_21>
4b5576def964a52000e527e3,35.66735764411464,139.7054086625576,302,9,21,56,13,<a_21><b_56><c_13>
4d9edaa69bf0a35dba39030b,35.7295497,139.715352,294,5,48,9,63,<a_48><b_9><c_63>
4b7f98ddf964a5200a3630e3,35.61147388131702,139.6234909725184,139,29,9,48,41,<a_9><b_48><c_41>
4cc2c8b482388cfafbb36235,35.71982568365742,139.71353888930133,211,10,48,13,20,<a_48><b_13><c_20>
4dfaae1b18a8fc7fb43da87b,35.65640707091144,139.69955205917358,75,9,13,42,46,<a_13><b_42><c_46>
4b6a8091f964a5200ad72be3,35.633609808690444,139.71428006887436,33,3,30,3,40,<a_30><b_3><c_40>
4b531562f964a5207f8e27e3,35.686354686684226,139.76383924484253,39,11,48,16,13,<a_48><b_16><c_13>
4db3ac5081543d71da36c0ae,35.7013217,139.7710131,149,9,61,16,29,<a_61><b_16><c_29>
4b5ec301f964a520e09729e3,35.6916932,139.7061492,54,6,14,10,11,<a_14><b_10><c_11>
4ba742aff964a5206b8839e3,35.72392365171225,139.7520026564598,237,4,34,6,50,<a_34><b_6><c_50>
4ba09e86f964a5209a7437e3,35.698332,139.770521,33,6,48,23,31,<a_48><b_23><c_31>
4b63f098f964a520fb972ae3,35.696377573601644,139.77531454503986,249,25,31,46,17,<a_31><b_46><c_17>
4b5e14adf964a5209c7c29e3,35.66848368019983,139.70546989590596,289,8,44,24,1,<a_44><b_24><c_1>
4d295238915fa093789c050a,35.635906500418635,139.88271130254114,299,22,49,35,57,<a_49><b_35><c_57>
4f4a73d5e4b0156c30d49a15,35.644309,139.701065,42,23,48,52,57,<a_48><b_52><c_57>
4c147f19b7b9c9288a89ab37,35.712118,139.657978,269,8,61,8,32,<a_61><b_8><c_32>
4b542e03f964a520e9b327e3,35.76529598630138,139.7189454309294,47,10,11,49,14,<a_11><b_49><c_14>
4b8a5e9df964a520436a32e3,35.8595591324889,139.65552628040314,150,21,31,42,6,<a_31><b_42><c_6>
4e37c3f2a809a0c63b38be24,35.5584006413907,139.62854564289898,47,15,44,56,59,<a_44><b_56><c_59>
4b68081ef964a5209c642be3,35.6978653166906,139.7573482990265,236,6,10,2,46,<a_10><b_2><c_46>
4b6ab170f964a52059dc2be3,35.733312,139.768071,236,6,8,16,24,<a_8><b_16><c_24>
4b735a87f964a5204eaa2de3,35.788780906227785,139.7700559347868,78,9,61,29,13,<a_61><b_29><c_13>
4b63eec5f964a520a2972ae3,35.73622788963286,139.65257853269577,111,1,30,34,12,<a_30><b_34><c_12>
4c5386b4fd2ea593369a9128,35.528989141812794,139.69778448343277,74,10,24,49,24,<a_24><b_49><c_24>
4b72355ff964a520fa732de3,35.69051343108944,139.7843474149704,29,5,63,2,12,<a_63><b_2><c_12>
4b67f077f964a52091612be3,35.660383685691095,139.7064123853655,320,5,10,47,46,<a_10><b_47><c_46>
4d91e27c7379b60c48ebd507,35.58469131342501,139.6814788721226,248,10,49,62,11,<a_49><b_62><c_11>
4e8ed980f5b90ec678329c85,35.681173925501874,139.7676533460617,78,22,20,30,38,<a_20><b_30><c_38>
4d10c146b765224b8fabec32,35.688466725533054,139.72281459357075,42,2,30,31,57,<a_30><b_31><c_57>
4e0593822271dfa46ba3584d,35.77392394241805,139.5213006277704,39,12,44,18,13,<a_44><b_18><c_13>
4b77c271f964a5207aa92ee3,35.693892115122324,139.79253888130188,157,8,9,50,1,<a_9><b_50><c_1>
4d22cdac2fc48eeceb6079a1,35.629396,139.698016,66,2,48,29,57,<a_48><b_29><c_57>
4b53a380f964a520c2a527e3,35.75786619399485,139.65373992919922,297,11,53,61,19,<a_53><b_61><c_19>
4bd7eccb0b779c742f2106a0,35.62891615261471,139.7393560409546,360,6,63,57,57,<a_63><b_57><c_57>
4ced114ff368b1f74cba78f7,35.7152489732614,139.85993855156858,64,2,30,31,11,<a_30><b_31><c_11>
4d24841dfdfb236a72927967,35.75237227632619,139.54555436968803,47,37,44,56,60,<a_44><b_56><c_60>
4ee0787c30f810becab85a82,35.56003839100011,139.71036672592163,320,9,20,15,49,<a_20><b_15><c_49>
4b7f74d5f964a5208f2f30e3,35.729697,139.716091,33,5,34,24,8,<a_34><b_24><c_8>
4b5983faf964a520ca8a28e3,35.686653147537726,139.69682693481445,236,4,30,21,31,<a_30><b_21><c_31>
4bcbb51afb84c9b6c2731f3e,35.678479350505924,139.73606108672436,137,5,48,37,21,<a_48><b_37><c_21>
4b6044aff964a520d1dc29e3,35.69002763818664,139.83516991138458,150,6,4,50,6,<a_4><b_50><c_6>
4b628bbcf964a520f14a2ae3,35.67082446779076,139.72394943237305,155,3,30,48,16,<a_30><b_48><c_16>
4b5a2f21f964a520abb228e3,35.699009922821006,139.51148353237346,47,5,48,59,4,<a_48><b_59><c_4>
4ea54bf5f5b9efc00298e5c9,35.67553527159265,139.7636193037033,78,7,24,47,11,<a_24><b_47><c_11>
4b5a896ef964a5204bca28e3,35.72291980680917,139.75323915481567,39,9,48,0,1,<a_48><b_0><c_1>
4b0587b1f964a52025a022e3,35.66069856578814,139.7295187202376,120,6,48,0,59,<a_48><b_0><c_59>
4b93049bf964a520192f34e3,35.6550374530392,139.79665155656974,150,14,27,46,16,<a_27><b_46><c_16>
4e7ede55e5fa5ad2e5595d45,35.698257398219184,139.77315723896027,7,4,19,14,35,<a_19><b_14><c_35>
4c369f183849c9286272bcb1,35.6917008,139.68727,29,14,51,13,35,<a_51><b_13><c_35>
4b56f65bf964a520d02028e3,35.55197333300773,139.57941055297852,166,9,9,47,47,<a_9><b_47><c_47>
4b5abc27f964a5208cd228e3,35.6669588734712,139.47695553302765,16,7,60,23,57,<a_60><b_23><c_57>
4b5a9fd5f964a5204bce28e3,35.69407945253763,139.69927847385406,157,19,61,16,13,<a_61><b_16><c_13>
4c2565dd136d20a1499ee361,35.80226505975887,139.7183060646057,299,11,9,33,40,<a_9><b_33><c_40>
4bb49158f187a593373e14f8,35.65695191104732,139.70172464847565,54,5,30,18,45,<a_30><b_18><c_45>
4b58455bf964a5205d5028e3,35.56099300797882,139.59259495139122,297,6,20,61,43,<a_20><b_61><c_43>
4b9cb0d2f964a520937636e3,35.72971008,139.71401779,60,8,61,9,4,<a_61><b_9><c_4>
4b90f555f964a520219c33e3,35.68990549164955,139.70096211159677,47,5,14,42,14,<a_14><b_42><c_14>
4f9a8bcde4b065054ad4603e,35.712307,139.812319,12,36,44,18,43,<a_44><b_18><c_43>
4c283e6ced0ac9b6830160aa,35.6614844132692,139.7287073837551,289,12,61,34,4,<a_61><b_34><c_4>
4b6047b2f964a52076dd29e3,35.56380224340589,139.71507400274277,236,6,48,18,33,<a_48><b_18><c_33>
4d5907f324466ea8b8b3729f,35.70031361644626,139.48014199733734,78,44,51,41,55,<a_51><b_41><c_55>
4ccb856db5cdbfb71e0486c1,35.69824623894549,139.77204950450232,29,10,49,46,29,<a_49><b_46><c_29>
4b552b76f964a52091dd27e3,35.65405767767634,139.7626429796219,86,27,9,56,38,<a_9><b_56><c_38>
4c0634f5191f20a1441fe414,35.69845343826054,139.77585285902023,33,7,38,2,28,<a_38><b_2><c_28>
4b5c1f82f964a520cc2429e3,35.71155134379774,139.4784207431167,47,27,51,50,61,<a_51><b_50><c_61>
4c9eded12fb1a1436320ef40,35.65120692963393,139.5443218946457,251,22,51,42,44,<a_51><b_42><c_44>
4d600d76d979ba7aad3bc8c7,35.7115433415395,139.69806514390208,256,8,19,45,42,<a_19><b_45><c_42>
4e01b4027d8beaa164a05e9c,35.69825195265561,139.81353119015694,236,9,20,33,47,<a_20><b_33><c_47>
4d30faf38250f04da718e5e0,35.64641734285714,139.6603792,295,6,51,7,12,<a_51><b_7><c_12>
4ec2417c8b81127c0c3fc6ca,35.714770299430604,139.7779307008668,360,9,9,10,17,<a_9><b_10><c_17>
4db637f943a1369cb5e1c0fe,35.67438746,139.6042851,110,6,48,9,24,<a_48><b_9><c_24>
4d2164b1756e8cfa4b5f7554,35.5810018896392,139.67066131532192,248,6,35,11,22,<a_35><b_11><c_22>
4ef89bea7716bd3522ba46dd,35.5739201295829,139.66347634792328,78,55,44,30,14,<a_44><b_30><c_14>
4cf4467a6c29236a765f75a2,35.61872634075649,139.7280089790859,139,5,10,29,46,<a_10><b_29><c_46>
4b83bf49f964a520fc0e31e3,35.682189189477825,139.76793766021729,170,8,48,43,21,<a_48><b_43><c_21>
4f99dd2ee4b0a729e15c4498,35.67262833399278,139.7650507408847,236,10,53,18,5,<a_53><b_18><c_5>
4b639503f964a520d2842ae3,35.70653422497155,139.61644113063812,369,14,61,50,35,<a_61><b_50><c_35>
4bd9509de914a593a82b56fa,35.67214055752537,139.4803887605667,299,5,48,60,14,<a_48><b_60><c_14>
4b837487f964a520c60631e3,35.705975123542295,139.64973017448682,298,38,44,56,52,<a_44><b_56><c_52>
4bdba4253904a593ab934b9e,35.77626065549851,139.7301185131073,47,10,61,5,1,<a_61><b_5><c_1>
4b55abe7f964a52042eb27e3,35.71245816278065,139.77632761001587,39,5,62,22,34,<a_62><b_22><c_34>
4bed2b4abac3c9b6b5e0fde9,35.55409463537351,139.7297941267425,60,72,31,29,10,<a_31><b_29><c_10>
4b58303cf964a520674d28e3,35.77998277472222,139.72047328948975,54,9,35,28,27,<a_35><b_28><c_27>
4d4d051580cb6dcb45ef0a01,35.55136323862049,139.73291794057232,72,41,31,7,42,<a_31><b_7><c_42>
4b206ec2f964a520363224e3,35.6969090653226,139.79350984096527,169,21,13,20,52,<a_13><b_20><c_52>
4c778e1707818cfa39c7d4e3,35.551370253816344,139.73323224768782,39,42,31,13,6,<a_31><b_13><c_6>
4d5f6f7e29ef236a190e9959,35.65596494933789,139.6537756765612,269,6,30,18,59,<a_30><b_18><c_59>
4e868842e5fa57991e6571e5,35.56538155146603,139.64887826298636,269,13,30,62,59,<a_30><b_62><c_59>
4bddef4ce75c0f472e33c603,35.635477143942346,139.87951039187928,168,11,51,41,6,<a_51><b_41><c_6>
4dff83b71520e62579ed4053,35.66533980061608,139.67049837112427,237,11,35,1,46,<a_35><b_1><c_46>
4cb1761eeb65b1f78d1675cd,35.706781427502385,139.77509379386902,277,9,51,30,11,<a_51><b_30><c_11>
4b55252ef964a520c3dc27e3,35.69515016611264,139.68807892301558,29,13,8,2,30,<a_8><b_2><c_30>
4beb5a9061aca59356058500,35.55958017081161,139.70503449440002,153,9,44,49,62,<a_44><b_49><c_62>
4b62b9e2f964a5206d502ae3,35.701071,139.752745,16,10,51,54,14,<a_51><b_54><c_14>
4bc029a074a9a5937dc4cff6,35.65076666742627,139.87067699432373,139,10,18,2,37,<a_18><b_2><c_37>
4b778b2ff964a520c3a02ee3,35.697932841980155,139.77605134248734,60,9,9,13,52,<a_9><b_13><c_52>
4b6a954ff964a52048d92be3,35.706700670576986,139.66635736619352,65,11,61,4,21,<a_61><b_4><c_21>
4d2c00c8467d6ea8d302e595,35.55474023820442,139.73984306122793,153,13,44,16,35,<a_44><b_16><c_35>
4c3ad5b517689c747a4caa08,35.68719050727342,139.73630556063245,320,5,10,41,35,<a_10><b_41><c_35>
4bdd08424ffaa59375a86ef7,35.68066410996366,139.7978013753891,130,4,30,48,34,<a_30><b_48><c_34>
4b4e4775f964a520e3e726e3,35.65468716125392,139.71130459560118,342,52,61,13,5,<a_61><b_13><c_5>
4b63d70bf964a520c7932ae3,35.65060974169636,139.55764174461365,150,7,57,8,48,<a_57><b_8><c_48>
4e9a5090b803b562d648b28b,35.59506600870141,139.74340572222135,304,10,61,50,48,<a_61><b_50><c_48>
4f9ba8dde4b0873b66e5b7a8,35.658658649506194,139.7027472328961,149,4,8,2,19,<a_8><b_2><c_19>
4b1c698ef964a520110724e3,35.64662546850558,139.65325713157654,77,7,48,52,1,<a_48><b_52><c_1>
4d69cdd89bd6a143441f65df,35.546864,139.579125,69,6,61,4,2,<a_61><b_4><c_2>
4b78bc6ef964a52008e02ee3,35.68318265,139.7755659,320,11,20,31,9,<a_20><b_31><c_9>
4e366064ae60d86c3ac92cb6,35.72378646758014,139.7324252128601,88,9,48,3,4,<a_48><b_3><c_4>
4b3cd231f964a520c28725e3,35.69525574718184,139.7432506084442,179,7,48,46,44,<a_48><b_46><c_44>
4b9d62eef964a520d6a836e3,35.550856031548584,139.78192806243896,333,13,61,10,7,<a_61><b_10><c_7>
4c19b997d4d9c928eb7af129,35.65029588931171,139.54321682453156,31,15,63,12,35,<a_63><b_12><c_35>
4b738b50f964a52066b32de3,35.759677,139.629117,150,7,53,26,28,<a_53><b_26><c_28>
4becc63fbbe62d7f2d667f2b,35.580105319442296,139.64191406965256,236,3,10,2,46,<a_10><b_2><c_46>
4b56ad1af964a520471828e3,35.64339954376974,139.6466052532196,295,9,61,50,63,<a_61><b_50><c_63>
4b7dcc5cf964a52057d52fe3,35.68180596981601,139.76720219882893,360,17,61,7,16,<a_61><b_7><c_16>
4f40467ae4b0102f0d5f06b9,35.654438,139.84243,250,8,49,59,61,<a_49><b_59><c_61>
4b7915c2f964a5201aeb2ee3,35.65489893403161,139.74523544311523,289,41,44,30,8,<a_44><b_30><c_8>
4b5a9184f964a520b6cb28e3,35.66454877461668,139.66653138399124,149,7,19,3,35,<a_19><b_3><c_35>
4c5b988c6ebe2d7f1803ce2e,35.70713535049627,139.66659307479858,236,12,61,54,51,<a_61><b_54><c_51>
4b5a7ca1f964a520e4c728e3,35.55395130172831,139.6457347662073,236,8,14,5,63,<a_14><b_5><c_63>
4d9fab26a77d816e0b520809,35.66136661062587,139.90045945853197,10,7,48,2,33,<a_48><b_2><c_33>
4c7f1a55a7958cfa6bf88f2b,35.69745559105258,139.76145067476455,195,10,21,18,53,<a_21><b_18><c_53>
4b6512bff964a520d3e22ae3,35.55492363232725,139.57813918590546,298,9,49,41,22,<a_49><b_41><c_22>
4c75f322ff1fb60cb2d6f7a7,35.755556,139.690922,74,10,30,4,21,<a_30><b_4><c_21>
4b63fa34f964a5209c992ae3,35.73759409652858,139.65380058814765,156,9,51,2,12,<a_51><b_2><c_12>
4f9a15dce4b0a4ddf1407e81,35.69892960488224,139.77376687348846,107,14,51,51,52,<a_51><b_51><c_52>
4b5a810cf964a52089c828e3,35.689160610317174,139.70232546329498,277,7,8,31,57,<a_8><b_31><c_57>
4b74f7b7f964a520a1f92de3,35.66319096571419,139.734045462721,165,8,30,38,17,<a_30><b_38><c_17>
4b7343dff964a52030a52de3,35.55357724440525,139.57859247922897,308,8,61,4,63,<a_61><b_4><c_63>
4b63e8c5f964a520ab962ae3,35.69616191789127,139.75932240486145,111,5,49,56,27,<a_49><b_56><c_27>
4b778577f964a5209c9f2ee3,35.6743194663341,139.76400017738342,112,8,35,3,46,<a_35><b_3><c_46>
4f4f245ce4b07dc4efe60e83,35.69358130654273,139.70110172808083,111,6,11,1,5,<a_11><b_1><c_5>
4b5be67af964a520591c29e3,35.6796793288464,139.80805277824402,178,27,18,54,27,<a_18><b_54><c_27>
4b5bef0bf964a520e11d29e3,35.67150941146055,139.73709886046095,249,15,48,50,22,<a_48><b_50><c_22>
4ba61ca4f964a5207c3439e3,35.70003595347455,139.48041769367094,284,9,61,43,21,<a_61><b_43><c_21>
4b7e61a2f964a520e0ea2fe3,35.64569257933387,139.48976039886475,136,22,61,22,42,<a_61><b_22><c_42>
4b70ec9bf964a52073342de3,35.57362888322779,139.6621271967888,157,10,24,41,41,<a_24><b_41><c_41>
4e35ee6c483bf3839a34a225,35.65390511728452,139.69403743743896,68,2,30,18,22,<a_30><b_18><c_22>
4b923adff964a52074ed33e3,35.606514483669066,139.74880278110504,201,14,51,29,19,<a_51><b_29><c_19>
4e21802e483b041af1ed2a09,35.563291336480994,139.71629696186656,360,6,61,50,46,<a_61><b_50><c_46>
4e2183d918a88345f04c0e1e,35.56263055873643,139.7160530090332,78,12,61,60,35,<a_61><b_60><c_35>
4b77368af964a52054882ee3,35.683731668820435,139.77839827537537,289,6,16,17,29,<a_16><b_17><c_29>
4b56a90ff964a520de1728e3,35.64094077853332,139.63232517242432,207,11,21,29,51,<a_21><b_29><c_51>
4b932bfef964a5202a3934e3,35.653983576950985,139.8826503753662,288,8,21,8,45,<a_21><b_8><c_45>
4b289e95f964a520499424e3,35.606370555448706,139.67936038970947,78,8,21,50,37,<a_21><b_50><c_37>
4b7f937ff964a5201a3530e3,35.65150770143014,139.68738555908203,289,8,18,33,58,<a_18><b_33><c_58>
4ba75022f964a5201b8b39e3,35.67976212064721,139.76823806762695,299,22,51,25,35,<a_51><b_25><c_35>
4ce098ce3644a09339f7589f,35.66593969686205,139.7300243978126,149,3,30,58,31,<a_30><b_58><c_31>
4b5e41eff964a520718629e3,35.666065445673375,139.73003268241882,110,8,1,49,56,<a_1><b_49><c_56>
4f718830e4b05d91e3b0ffaf,35.58916279333553,139.72841804367917,78,77,53,28,10,<a_53><b_28><c_10>
4d5cbcf0935e60fc6e2939c0,35.66652741446597,139.48464274406433,279,8,63,56,2,<a_63><b_56><c_2>
4b64ee1bf964a52081da2ae3,35.69435174450777,139.7535127401352,88,6,16,62,4,<a_16><b_62><c_4>
4b7375b3f964a5209baf2de3,35.63863888719116,139.78925585746765,274,16,12,31,3,<a_12><b_31><c_3>
4cd0f3b67b685481b892c4f8,35.730434182506414,139.71602886915207,235,2,30,36,55,<a_30><b_36><c_55>
4b6c044ff964a520cf1f2ce3,35.67403685165472,139.7671922150854,235,10,10,57,14,<a_10><b_57><c_14>
4b57fd85f964a5200c4828e3,35.66550032035425,139.70371461163217,249,4,48,10,61,<a_48><b_10><c_61>
4b77d447f964a520bbab2ee3,35.524411596520935,139.64600443840027,47,5,34,29,31,<a_34><b_29><c_31>
4b5f0ffef964a5204aa429e3,35.69950333339069,139.725022315979,297,7,51,6,51,<a_51><b_6><c_51>
4ba9bb73f964a52004363ae3,35.65931647416463,139.7000026702881,149,3,30,13,32,<a_30><b_13><c_32>
4e50be57b61cf637a507dd8b,35.68715638922188,139.66187372803688,248,19,44,10,18,<a_44><b_10><c_18>
4b98a17af964a5207d4935e3,35.731582,139.714919,139,6,24,4,42,<a_24><b_4><c_42>
4b581a5df964a520fd4a28e3,35.67482496467672,139.7644078731537,290,13,51,10,58,<a_51><b_10><c_58>
4b6fdcf6f964a52044fe2ce3,35.6182066962164,139.56563472747803,47,4,30,59,49,<a_30><b_59><c_49>
4b76205cf964a520793e2ee3,35.554609404429975,139.57819819450378,249,8,10,2,14,<a_10><b_2><c_14>
4b7790abf964a520cca12ee3,35.783502361771724,139.72180366516113,297,17,53,48,43,<a_53><b_48><c_43>
4b723877f964a52077742de3,35.67199456850898,139.76438373327255,34,8,13,45,27,<a_13><b_45><c_27>
4ba5f5dcf964a520702b39e3,35.699271050066606,139.7650357658125,27,15,51,50,41,<a_51><b_50><c_41>
4b601563f964a5204cd529e3,35.67100096452835,139.79756265878677,54,2,30,29,35,<a_30><b_29><c_35>
4b650e24f964a520bfe12ae3,35.69615538304321,139.7601217031479,249,7,48,41,22,<a_48><b_41><c_22>
4bfc7266da7120a12e1d4afd,35.62608194908785,139.66434001922607,157,6,48,30,46,<a_48><b_30><c_46>
4cb9073f7148f04d3c3cd4ab,35.70477438215786,139.57930326461792,294,4,15,29,12,<a_15><b_29><c_12>
4b77b2aff964a52052a72ee3,35.655134309871,139.79300022125244,52,5,21,34,59,<a_21><b_34><c_59>
4dbba4291e72b351ca9f1229,35.64815700269864,139.71019246744729,158,8,10,50,46,<a_10><b_50><c_46>
4ecc024502d50c9c5b6b782d,35.547757184307024,139.78514671325684,267,6,48,35,54,<a_48><b_35><c_54>
4b63aefaf964a520e38b2ae3,35.60058268187745,139.54881191253662,184,7,61,13,30,<a_61><b_13><c_30>
4b6d24d3f964a520a9682ce3,35.68782737319575,139.78938460350037,10,5,48,41,19,<a_48><b_41><c_19>
4bf9f29eb182c9b670ca795a,35.67628043340278,139.74695205688477,85,9,48,52,13,<a_48><b_52><c_13>
4f9a07fb754a9874c5c28eab,35.68182317305289,139.661625623703,30,9,40,54,18,<a_40><b_54><c_18>
4b5a6180f964a52063c128e3,35.65933041675221,139.61657449605943,10,1,30,9,33,<a_30><b_9><c_33>
4b5bec5ff964a5207b1d29e3,35.560458837670126,139.69706794171893,41,9,19,20,17,<a_19><b_20><c_17>
4e917dc177c89cb9221fd7d5,35.69541694176286,139.75139379501343,360,12,51,51,14,<a_51><b_51><c_14>
4f55fb93e4b0cddfc15663cb,35.703058062391186,139.5625877380371,54,13,20,51,52,<a_20><b_51><c_52>
4b593d57f964a5209e8228e3,35.70813068243076,139.7524505853653,77,3,48,33,4,<a_48><b_33><c_4>
4b696c12f964a520bba12be3,35.69501831132718,139.76083517074585,164,6,48,14,31,<a_48><b_14><c_31>
4b7b91f9f964a5208c672fe3,35.66021651527643,139.7550469636917,289,11,30,31,46,<a_30><b_31><c_46>
4baef413f964a520c7e33be3,35.69873224993363,139.770405292511,294,15,44,7,59,<a_44><b_7><c_59>
4b6e6a99f964a5209bbc2ce3,35.53306439993099,139.69696640968323,288,11,61,37,1,<a_61><b_37><c_1>
4bbc50ad51b89c74f745872a,35.5618861299481,139.71390296746952,42,8,30,38,62,<a_30><b_38><c_62>
4b617b2ef964a5200d152ae3,35.701979508846684,139.77057680028878,236,8,40,31,22,<a_40><b_31><c_22>
4e1d0d48d22dc55c99b946d0,35.552395274480844,139.740361978924,184,19,24,59,56,<a_24><b_59><c_56>
4b67904cf964a5206e552be3,35.69945420215259,139.77493011963355,147,11,52,13,2,<a_52><b_13><c_2>
4b686016f964a520b5742be3,35.694277681183934,139.70336481928825,236,6,10,5,22,<a_10><b_5><c_22>
4de672d77d8b53987c61296d,35.5316412481479,139.6857923269272,289,9,20,46,48,<a_20><b_46><c_48>
4c863704d4e237043ef08888,35.661349724524925,139.70100045204163,33,11,63,10,12,<a_63><b_10><c_12>
4ea2800fe5e8ca72b76590b7,35.690881586071924,139.704852104187,297,9,51,41,14,<a_51><b_41><c_14>
4b5f7878f964a52045bc29e3,35.70627449813865,139.58081804215908,164,2,10,42,12,<a_10><b_42><c_12>
4b5af147f964a52069db28e3,35.626404617326685,139.62642967700958,249,15,61,45,13,<a_61><b_45><c_13>
4e563973d164a0684c5b7fe6,35.70447646813875,139.6655600310235,311,6,30,47,34,<a_30><b_47><c_34>
4bccef020687ef3b5f38e0cc,35.689963983401626,139.71205766285158,42,4,30,18,19,<a_30><b_18><c_19>
4b88f8b8f964a520f31532e3,35.532158,139.70607,237,7,61,16,1,<a_61><b_16><c_1>
4e5914d42271886714ee0742,35.74261,139.603328,224,8,30,44,19,<a_30><b_44><c_19>
4b598a4bf964a520b38b28e3,35.70162025220812,139.56080903539828,39,8,49,61,52,<a_49><b_61><c_52>
4b766616f964a520f84a2ee3,35.70038549599711,139.77272808551788,33,9,31,13,24,<a_31><b_13><c_24>
4bc16107920eb71308c71a2c,35.81934866192811,139.70511496067047,72,5,28,34,21,<a_28><b_34><c_21>
4bd77b1a0b779c74c85205a0,35.65313795204015,139.5437049865723,112,8,53,50,17,<a_53><b_50><c_17>
4b57e1e4f964a520064528e3,35.758772,139.816619,90,38,31,30,62,<a_31><b_30><c_62>
4be81cf788ed2d7f6770cb1d,35.69897185293632,139.480082988739,42,4,60,37,20,<a_60><b_37><c_20>
4befb597d4e4d13ae48515a7,35.70191237660248,139.73797470331192,247,6,48,49,50,<a_48><b_49><c_50>
4e6de796d4c0af8b793b3533,35.63811420537372,139.87681975892193,168,8,27,8,34,<a_27><b_8><c_34>
4c30db68ed37a59379806903,35.83474555051249,139.71016824245453,320,7,48,6,53,<a_48><b_6><c_53>
4cd5496194848cfa5b29e5b1,35.54467463678478,139.76855001961243,267,3,30,1,27,<a_30><b_1><c_27>
4c3be6197d002d7f3bd1ad18,35.62800049784653,139.73803639411926,236,8,9,13,29,<a_9><b_13><c_29>
4b6d3ee2f964a520596d2ce3,35.68090812464479,139.76839900016785,78,9,9,7,3,<a_9><b_7><c_3>
4b89dc05f964a520ea5132e3,35.626640077111574,139.8810839653015,168,12,20,15,42,<a_20><b_15><c_42>
4b7d3553f964a520cfb22fe3,35.605014128290854,139.74248617887497,236,4,48,6,56,<a_48><b_6><c_56>
4dc7fedd1f6ef43b8a5218e9,35.67999306574279,139.76953089237213,299,6,24,43,3,<a_24><b_43><c_3>
4b55bac9f964a5207bed27e3,35.58787580632915,139.73540782928467,78,22,51,42,1,<a_51><b_42><c_1>
4b726d42f964a520aa7a2de3,35.626055786741134,139.88469421863556,168,21,51,15,35,<a_51><b_15><c_35>
4b7a2564f964a5207f242fe3,35.63173717542186,139.79131042957306,320,7,49,34,2,<a_49><b_34><c_2>
4b57c4e0f964a520204028e3,35.700601,139.81652319431305,47,12,51,15,21,<a_51><b_15><c_21>
4b55441cf964a5204ae027e3,35.67546990618966,139.77059841156006,165,10,10,38,23,<a_10><b_38><c_23>
4b5bc13cf964a520531429e3,35.684215321456136,139.66179728507996,288,11,31,61,19,<a_31><b_61><c_19>
4ba471c8f964a520b59d38e3,35.70059587667792,139.81655235680287,302,11,21,31,50,<a_21><b_31><c_50>
4ba8bb5cf964a52080ea39e3,35.7005270767411,139.77279782295227,236,10,49,54,33,<a_49><b_54><c_33>
4dab038acda1652a2b99387a,35.727562414970926,139.77133561281585,78,7,9,46,35,<a_9><b_46><c_35>
4c4278bfda3dc92848a7cab9,35.73287930460081,139.71341371536255,256,12,35,60,17,<a_35><b_60><c_17>
4b628716f964a520764a2ae3,35.69979085412712,139.7742462158203,320,24,31,46,16,<a_31><b_46><c_16>
4b765f02f964a520c4492ee3,35.66116231025915,139.69741970300674,265,8,48,46,11,<a_48><b_46><c_11>
4b9c8f29f964a520257036e3,35.752954446508525,139.7302838131227,47,12,9,14,12,<a_9><b_14><c_12>
4daa46e75da3ba8a4788194e,35.657507639698174,139.70201921603012,360,14,61,51,30,<a_61><b_51><c_30>
4cf5e9a4e308236af171e3ac,35.69855858843733,139.77247884209498,7,4,48,10,50,<a_48><b_10><c_50>
4ba43ca0f964a520c88e38e3,35.548608288084765,139.57639038562775,69,4,61,2,10,<a_61><b_2><c_10>
4b6185c1f964a520af162ae3,35.639565319236375,139.63174849748611,39,3,34,16,42,<a_34><b_16><c_42>
4b6573cff964a520fdf02ae3,35.62436037718324,139.88803819772852,168,12,51,15,4,<a_51><b_15><c_4>
4b5a5190f964a520cfbc28e3,35.66644460893562,139.77230966091156,102,9,18,11,45,<a_18><b_11><c_45>
4cb2c0cacbab236aaff2b273,35.67939924819886,139.7577333722525,139,17,61,33,26,<a_61><b_33><c_26>
4b558502f964a52054e627e3,35.58053278311354,139.73975823857484,139,11,44,4,5,<a_44><b_4><c_5>
4db551ac7abad708f2538739,35.794053,139.628438,320,7,24,21,1,<a_24><b_21><c_1>
4b432cb6f964a520cddc25e3,35.657248,139.701684,109,4,30,60,32,<a_30><b_60><c_32>
4e87d0b561afa1258f9b4b61,35.70668774356863,139.65168314085057,311,7,30,58,53,<a_30><b_58><c_53>
4c9ad88f292a6dcb3bc1d276,35.70790199676214,139.64976489543915,236,2,30,6,26,<a_30><b_6><c_26>
4efbea98823142b925ae0cf4,35.603834189223015,139.7325088449184,102,26,61,0,30,<a_61><b_0><c_30>
4e4e4c3f2271a1bdc3cd53a8,35.604515253213656,139.7337710637633,140,30,61,26,42,<a_61><b_26><c_42>
4dcf62d9887785124410f7cf,35.66568192238077,139.48349475860596,279,7,19,36,35,<a_19><b_36><c_35>
4e8522a6a17cd14ccd75f7e0,35.71007992888079,139.81067061424255,141,19,44,7,19,<a_44><b_7><c_19>
4ba6cf47f964a520fb7039e3,35.60972009056539,139.74899053573608,149,7,49,8,31,<a_49><b_8><c_31>
4b5a8e55f964a52031cb28e3,35.745049365349225,139.6453070640564,168,5,61,10,11,<a_61><b_10><c_11>
4b584951f964a5200b5128e3,35.72780390503289,139.71351027488708,236,10,30,20,33,<a_30><b_20><c_33>
4b813063f964a520da9930e3,35.7386986,139.510171,288,4,48,2,21,<a_48><b_2><c_21>
4b614cedf964a520700f2ae3,35.74916804146749,139.76921439170837,295,5,53,2,5,<a_53><b_2><c_5>
4b5a9dc8f964a520e7cd28e3,35.662208,139.668619,52,5,30,13,23,<a_30><b_13><c_23>
4b5a9d21f964a520c6cd28e3,35.70372455643505,139.57805335521698,284,12,61,30,19,<a_61><b_30><c_19>
4b6b9eaef964a520de122ce3,35.85920543977127,139.6590023577833,249,9,9,7,12,<a_9><b_7><c_12>
4f7f9ceae4b023c637e055ec,35.65869726767273,139.7025776939217,284,10,61,43,11,<a_61><b_43><c_11>
4b9b4f42f964a520abff35e3,35.72946525761502,139.71403062343597,289,8,29,8,5,<a_29><b_8><c_5>
4b7a56a6f964a520002a2fe3,35.69872353708361,139.77286219596863,249,14,51,15,45,<a_51><b_15><c_45>
4bd962602e6f0f4780610a08,35.69263302200682,139.7063273191452,284,17,61,47,19,<a_61><b_47><c_19>
4c3d9640b169c9b6512f4768,35.71253656488773,139.77552831172943,298,11,51,1,20,<a_51><b_1><c_20>
4b5aed6bf964a520a9da28e3,35.58650174433296,139.5901224913805,157,4,30,38,35,<a_30><b_38><c_35>
4b0587a1f964a5207a9d22e3,35.6941317,139.701244,59,5,48,14,46,<a_48><b_14><c_46>
4b610be7f964a520b6072ae3,35.63253506643929,139.7930645942688,291,9,21,0,15,<a_21><b_0><c_15>
4f8cad0a121d5168df72a318,35.66872390875611,139.70593571662903,7,10,63,31,0,<a_63><b_31><c_0>
4c6466a87b241b8d1b38c4ac,35.63315418950063,139.7995126247406,304,34,19,35,54,<a_19><b_35><c_54>
4cf1ff21e942548192046ec5,35.74679308035374,139.73113507032394,56,12,35,50,63,<a_35><b_50><c_63>
4e977cb1dab441d104145a7a,35.69745279580018,139.77087133821084,322,16,9,12,21,<a_9><b_12><c_21>
4c1ee171eac020a1096e4ac2,35.70135477452107,139.77612376213074,294,8,61,18,2,<a_61><b_18><c_2>
4ba1e2d4f964a5208fd037e3,35.62810514463655,139.77428913116455,166,11,61,50,45,<a_61><b_50><c_45>
4bd7e5eef645c9b65ce0a6e0,35.59436472206261,139.57339972257614,289,15,20,46,30,<a_20><b_46><c_30>
4cf11810e3b9a09358783c53,35.70269495,139.77568701,289,9,9,13,1,<a_9><b_13><c_1>
4cefb7f482125481ad0f6ba1,35.546253610144085,139.72145435361128,299,6,1,2,57,<a_1><b_2><c_57>
4f9cfa22e4b0614493612dbd,35.70217714057042,139.64922201526892,319,12,19,6,18,<a_19><b_6><c_18>
4f9a800ae4b07e720c35128c,35.623598023965926,139.77473041910534,44,10,61,18,35,<a_61><b_18><c_35>
4c85a779e602b1f76bf1b97a,35.570214567965984,139.77004051208496,254,9,48,8,59,<a_48><b_8><c_59>
4b6a90a2f964a520c6d82be3,35.763765724830726,139.73982809251564,47,37,51,5,41,<a_51><b_5><c_41>
4f990aebd5fb0ea4fee6e720,35.71313764514634,139.66815948486328,289,18,10,47,46,<a_10><b_47><c_46>
4ef06a2b991107885b9fc2aa,35.687966,139.799685,33,11,55,2,57,<a_55><b_2><c_57>
4f7beb41a17c0aa6dd3758d5,35.71210099665022,139.6654987335205,54,20,30,58,63,<a_30><b_58><c_63>
4f62f9a6e4b041039c4b5c42,35.69873461108156,139.77299305282983,78,61,44,13,27,<a_44><b_13><c_27>
4be543152457a5936047ab15,35.69738174681695,139.7714513540268,52,8,30,44,34,<a_30><b_44><c_34>
4cb16fe4eb65b1f7caee74cd,35.70837352411299,139.7755055129528,41,6,30,48,58,<a_30><b_48><c_58>
4b60ea7ef964a5203f012ae3,35.661140517874124,139.66773569583893,150,14,63,56,36,<a_63><b_56><c_36>
4b59b638f964a520249428e3,35.66070587480067,139.69791556250286,236,10,20,14,38,<a_20><b_14><c_38>
4eeadd2e0e01182cafdbef3d,35.530819902507666,139.69953838583388,150,11,9,3,55,<a_9><b_3><c_55>
4b8b911ef964a520f5a232e3,35.66810897940685,139.7583472777995,33,7,30,21,61,<a_30><b_21><c_61>
4d47a3470bfd5481464f3500,35.711987748518546,139.8505711555481,248,3,16,49,59,<a_16><b_49><c_59>
4bb9e5a4935e952155772790,35.52852419562181,139.61721897125244,248,8,35,56,46,<a_35><b_56><c_46>
4bfd0344e529c9285c3aba8c,35.698910521335264,139.77361210855048,299,9,31,16,2,<a_31><b_16><c_2>
4bdaac55c79cc9289f5d7fe9,35.68198003744061,139.76864576339722,298,13,31,13,21,<a_31><b_13><c_21>
4de0514b52b1c1b3ce306e08,35.61890224395881,139.74491357803345,236,9,63,6,62,<a_63><b_6><c_62>
4c9b5712d4b1b1f722c4d735,35.691129926342995,139.69264268875122,299,6,10,19,41,<a_10><b_19><c_41>
4b79360ef964a52030ef2ee3,35.70376801668315,139.58058111490274,249,7,44,2,13,<a_44><b_2><c_13>
4b8a7615f964a520b36d32e3,35.6976736316861,139.77348446846008,54,9,61,61,13,<a_61><b_61><c_13>
4b569383f964a5209f1528e3,35.661480478403355,139.52317535877228,320,8,51,36,36,<a_51><b_36><c_36>
4ba7147af964a520ba7f39e3,35.75460558655398,139.7709310054779,65,7,44,29,34,<a_44><b_29><c_34>
4ba18f2cf964a5208cc037e3,35.76329879184181,139.7605562210083,248,8,51,11,1,<a_51><b_11><c_1>
4b6cdea4f964a5207b5a2ce3,35.68195389339741,139.62682127952576,150,2,30,22,19,<a_30><b_22><c_19>
4b73efdff964a520d7c02de3,35.633930266564896,139.88631963729858,165,7,61,7,35,<a_61><b_7><c_35>
4f07b695e4b0e89079dc7bb9,35.536390809619206,139.6345567703247,236,8,49,8,29,<a_49><b_8><c_29>
4bce89aac564ef3be584eef0,35.63960713032415,139.87629965053284,248,14,13,45,60,<a_13><b_45><c_60>
4bd8555235aad13a7c9390f3,35.64704395730496,139.8453140258789,248,7,48,18,46,<a_48><b_18><c_46>
4d1bd2157e10a35d424efa82,35.63111368126931,139.79297876358032,248,9,63,8,50,<a_63><b_8><c_50>
4b6ac70cf964a520e1df2be3,35.62855097302763,139.73754291342635,47,9,30,61,29,<a_30><b_61><c_29>
4bca6758fb84c9b6ed311d3e,35.76909663604191,139.87964630126953,248,3,48,57,41,<a_48><b_57><c_41>
4cb96af0d78f4688f52fb673,35.608517617964964,139.6479865091586,320,8,30,33,11,<a_30><b_33><c_11>
4ec75f452c5b532d0689d7ae,35.69087481607546,139.6874308491365,103,15,51,56,41,<a_51><b_56><c_41>
4b5ed024f964a5208c9929e3,35.690311,139.688371,342,5,61,31,19,<a_61><b_31><c_19>
4eedf73ee3002155941114e8,35.5499656708006,139.78866577148438,268,3,49,49,33,<a_49><b_49><c_33>
4be93179947820a1e7afb5db,35.58970453415978,139.66824531555176,78,34,44,16,61,<a_44><b_16><c_61>
4b55ca93f964a52033f027e3,35.693238609065915,139.8975419998169,297,8,51,1,43,<a_51><b_1><c_43>
4b5d165ef964a5200a5229e3,35.6880713659688,139.71445977687836,320,20,8,36,39,<a_8><b_36><c_39>
4f5d61fee4b085f52f100b6a,35.70122363395137,139.70051334655795,360,17,48,11,59,<a_48><b_11><c_59>
4e33c37afa76f00388c4e20c,35.70058061763312,139.70459224726076,274,13,61,40,6,<a_61><b_40><c_6>
4ceb8d7a948f224bdf54015e,35.555176759459854,139.78787183761597,272,8,40,36,2,<a_40><b_36><c_2>
4dc83345ae6031fcb005f6d3,35.676162182180555,139.71265114644078,320,3,10,25,45,<a_10><b_25><c_45>
4cb1bb22cbab236aec08ab73,35.709345,139.726774,320,11,45,51,46,<a_45><b_51><c_46>
4d58f0637e223704e2e0aa73,35.73219563599233,139.76665019989014,78,18,31,7,62,<a_31><b_7><c_62>
4b699595f964a52065a82be3,35.69624904914763,139.82841074466705,72,11,35,26,36,<a_35><b_26><c_36>
4b7241f2f964a520df752de3,35.69597,139.828544,47,5,55,9,12,<a_55><b_9><c_12>
4bd52d1829eb9c74890393e1,35.69526663871785,139.82835710048676,139,10,31,50,19,<a_31><b_50><c_19>
4dc5db557d8b14fb46364baa,35.75521070270481,139.6880078315735,289,9,44,13,34,<a_44><b_13><c_34>
4b767863f964a520b04d2ee3,35.65682114975369,139.79827880859375,65,9,48,50,40,<a_48><b_50><c_40>
4f9dfd34e4b030992b6eb2dc,35.56473103781783,139.68963931465436,320,10,20,26,63,<a_20><b_26><c_63>
4e5b77ea18388cd5cbbcca03,35.63152954035673,139.63761027589527,236,28,31,46,0,<a_31><b_46><c_0>
4b5bcdfbf964a5202c1729e3,35.71479277025588,139.6944558620453,182,13,48,8,63,<a_48><b_8><c_63>
4ef714469911b01ddb465dc4,35.70042713141645,139.77086634603052,322,23,51,13,37,<a_51><b_13><c_37>
4ce8d084b99754815109ff44,35.551294,139.787412,272,4,18,34,7,<a_18><b_34><c_7>
4d15ea5c380a8eecb8ba85fa,35.66530276031085,139.7685600035842,184,4,48,11,19,<a_48><b_11><c_19>
4f7cfeb5e4b0026159d3ba71,35.69092071367791,139.70165521095632,7,9,61,0,44,<a_61><b_0><c_44>
4b767d40f964a520ad4e2ee3,35.56701174253783,139.5646369457245,69,4,10,36,2,<a_10><b_36><c_2>
4c5db78b9b28d13ad5675a70,35.690837876741035,139.7016402518916,7,10,19,25,15,<a_19><b_25><c_15>
4b922028f964a5206de833e3,35.689788008310835,139.70146715641022,277,11,61,8,14,<a_61><b_8><c_14>
4b7e7155f964a5203fed2fe3,35.62069938736673,139.5698237164222,47,17,21,49,13,<a_21><b_49><c_13>
4b96f798f964a520d7f034e3,35.68143972547352,139.76713836193085,360,7,52,31,35,<a_52><b_31><c_35>
4b568336f964a520881328e3,35.70942655549364,139.72681939601898,236,12,18,19,52,<a_18><b_19><c_52>
4c061497c00ab71331c4b26b,35.712745636796214,139.70480918884277,45,13,31,40,2,<a_31><b_40><c_2>
4c3d090d933b0f475ff1e421,35.72953928824731,139.71264123916626,30,8,31,2,33,<a_31><b_2><c_33>
4b5be59df964a520331c29e3,35.70494862575341,139.5778226852417,284,8,49,16,61,<a_49><b_16><c_61>
4b5fb6a4f964a52088c929e3,35.65911597936348,139.69916582107544,31,6,48,59,7,<a_48><b_59><c_7>
4b8da8a9f964a520f00633e3,35.657470595402984,139.761224091053,99,4,48,41,57,<a_48><b_41><c_57>
4b5bba0ef964a5208d1229e3,35.63422587141174,139.71610343469365,39,9,8,53,30,<a_8><b_53><c_30>
4b7ad58ef964a520a93f2fe3,35.63068736714482,139.5501400950025,320,11,18,39,60,<a_18><b_39><c_60>
4f9d0a17e4b0d8e623301bd5,35.66897219773857,139.70418833379216,150,11,9,38,62,<a_9><b_38><c_62>
4ba45b91f964a5204d9838e3,35.67373009441699,139.76317888612814,99,7,44,13,56,<a_44><b_13><c_56>
4b57fd64f964a520064828e3,35.63330678951852,139.6618777513504,249,7,61,43,60,<a_61><b_43><c_60>
4ee03574c2eec58c03201688,35.631471209979544,139.71411108970642,68,7,48,37,14,<a_48><b_37><c_14>
4c93718c1221b1f71a0a1ae2,35.81065723497642,139.71733510494232,320,14,22,47,46,<a_22><b_47><c_46>
4b68f365f964a5208a942be3,35.64284153276434,139.7140735387802,284,7,48,6,26,<a_48><b_6><c_26>
4bdcf633edf50f4778dcc834,35.65664244230618,139.76198315620422,99,1,10,24,46,<a_10><b_24><c_46>
4bb535ba46d4a593f7bec4c0,35.679213078679965,139.71053570508957,149,8,10,38,57,<a_10><b_38><c_57>
4bf1f3153fa220a132ef1820,35.701935,139.745723,33,8,19,17,1,<a_19><b_17><c_1>
4b78dc61f964a520e0e42ee3,35.634126464629425,139.71361219882965,149,4,30,4,25,<a_30><b_4><c_25>
4b5501f5f964a5209cd727e3,35.58840802627616,139.73160982131958,148,25,61,61,2,<a_61><b_61><c_2>
4b55512ff964a52076e127e3,35.706123594365096,139.77458064414964,236,15,44,30,61,<a_44><b_30><c_61>
4ce2725a41ed224b4c8def3c,35.571083016845,139.7320348961669,320,38,31,46,41,<a_31><b_46><c_41>
4d96dc09c19fb60c924e8865,35.716530614625235,139.69493597745895,320,39,44,30,24,<a_44><b_30><c_24>
4b5d4104f964a520d35729e3,35.66166680231015,139.69953060150146,149,8,13,8,45,<a_13><b_8><c_45>
4b77b8def964a52035a82ee3,35.68707894735573,139.69689343306533,369,19,18,30,54,<a_18><b_30><c_54>
4b9db772f964a520a0bb36e3,35.74957787553665,139.80592178439488,149,7,28,2,41,<a_28><b_2><c_41>
4c95cd1a533aa093347fcc45,35.728642206538495,139.71154689788818,249,11,30,32,55,<a_30><b_32><c_55>
4f9e7adfe4b0e1cb008ec5ff,35.664795830035104,139.8393710302987,6,31,31,61,6,<a_31><b_61><c_6>
4dbb6cf96e810768bf451352,35.681487656521725,139.76596355438232,78,5,10,7,23,<a_10><b_7><c_23>
4b5923edf964a5209f7e28e3,35.672028651028704,139.47732791351524,236,16,31,47,46,<a_31><b_47><c_46>
4b63e9b0f964a520d7962ae3,35.67549605235727,139.47241187095642,288,4,11,1,46,<a_11><b_1><c_46>
4b6d4cadf964a52002702ce3,35.69635796308419,139.7759172320366,116,11,48,13,14,<a_48><b_13><c_14>
4b5c5e53f964a520c92c29e3,35.66057770998464,139.52343326769193,302,9,24,1,12,<a_24><b_1><c_12>
4b5a790bf964a5203bc728e3,35.62776068176947,139.69376385211945,153,7,27,42,63,<a_27><b_42><c_63>
4c4fc4e438b0be9a079b67fc,35.7520805918055,139.5946079492569,253,8,61,14,1,<a_61><b_14><c_1>
4b5d1132f964a5201d5129e3,35.65874331921091,139.69904243946075,33,9,34,13,41,<a_34><b_13><c_41>
4b6975d5f964a52038a32be3,35.667203,139.641462,224,5,30,33,8,<a_30><b_33><c_8>
4b88e5dff964a520861232e3,35.674851111055645,139.76915001869202,164,2,30,58,51,<a_30><b_58><c_51>
4b63faf7f964a520b8992ae3,35.688158506064,139.69879031181335,249,9,61,50,46,<a_61><b_50><c_46>
4bbd23944e069c743f719ee3,35.57131567222406,139.7322943202772,320,15,31,46,28,<a_31><b_46><c_28>
4b56d3b2f964a520471c28e3,35.67174290024932,139.7043263912201,52,2,30,14,9,<a_30><b_14><c_9>
4b826592f964a5207bd130e3,35.72787039680808,139.71350602805614,236,10,8,45,43,<a_8><b_45><c_43>
4b778993f964a52075a02ee3,35.697613978863615,139.64951096801275,320,23,49,50,1,<a_49><b_50><c_1>
4b7f4b67f964a520992530e3,35.69554763983261,139.70129013061523,140,16,49,6,46,<a_49><b_6><c_46>
4b7bf15af964a52002752fe3,35.689613731585375,139.69716489315033,54,13,61,47,1,<a_61><b_47><c_1>
4b707520f964a520a01b2de3,35.676655,139.80490272,10,1,30,14,59,<a_30><b_14><c_59>
4b69b0c0f964a520d9ad2be3,35.77754997360536,139.62996499446012,47,7,48,15,13,<a_48><b_15><c_13>
4bdfd8b26198c9b6d08418ff,35.78012263933789,139.71958387433378,36,8,18,14,51,<a_18><b_14><c_51>
4b737e00f964a5201db12de3,35.80508631383094,139.69823466994512,298,16,44,34,13,<a_44><b_34><c_13>
4c1abe943b2ab713fe053325,35.71887163578413,139.85767632722855,236,7,9,13,56,<a_9><b_13><c_56>
4b864312f964a520358431e3,35.675426329224585,139.7628951072693,274,7,61,4,35,<a_61><b_4><c_35>
4e0e526631513b962c15624d,35.85777876165242,139.70525443553925,290,6,30,28,43,<a_30><b_28><c_43>
4e7ef696b6342b7532a74622,35.85641912683817,139.70587880483336,45,6,30,21,15,<a_30><b_21><c_15>
4c2be7b9b34ad13ae397eace,35.74346797360312,139.60571094229317,150,6,9,38,0,<a_9><b_38><c_0>
4b5bea2af964a5200a1d29e3,35.660190364103926,139.70210015773773,249,10,44,61,47,<a_44><b_61><c_47>
4b81f28df964a520fdc430e3,35.671539,139.48109,298,16,9,54,3,<a_9><b_54><c_3>
4bcd94cbcc8cd13aa9b6c2cf,35.70293608902187,139.75469291210177,249,11,31,8,16,<a_31><b_8><c_16>
4c0a337b6071a5937522df32,35.73061490202457,139.49745163321495,236,6,48,34,1,<a_48><b_34><c_1>
4d4e02ba819554817d5bde93,35.74940313917125,139.5870065689087,253,17,31,46,36,<a_31><b_46><c_36>
4b05879ef964a520f49c22e3,35.6584207815346,139.6949815750122,59,8,55,9,33,<a_55><b_9><c_33>
4b99b91cf964a520548e35e3,35.796324416908995,139.77015048265457,78,10,48,1,18,<a_48><b_1><c_18>
4b558920f964a520cae627e3,35.684217500064975,139.78567510843277,33,3,30,39,20,<a_30><b_39><c_20>
4e60e20afa76cd64cd8a6022,35.7532865044643,139.70970690250397,298,66,44,16,8,<a_44><b_16><c_8>
4bd11c1e41b9ef3b8a8dfbe5,35.65771111217819,139.69645965664262,236,5,60,62,2,<a_60><b_62><c_2>
4bea618e61aca59396b18300,35.68957451926966,139.69690471887589,33,7,61,13,25,<a_61><b_13><c_25>
4ea93344e5fa276e76aca170,35.65821592584752,139.6970146894455,59,5,30,3,57,<a_30><b_3><c_57>
4cc783b073fd6dcb68ab1686,35.7150114715928,139.75176933584726,198,59,44,30,48,<a_44><b_30><c_48>
4b5ac173f964a52061d328e3,35.78184431297358,139.6442073583603,102,12,13,46,28,<a_13><b_46><c_28>
4b9cb1cef964a520d57636e3,35.785347498778435,139.640012383461,342,12,30,30,59,<a_30><b_30><c_59>
4c213fac497cb7130cb16cd8,35.7060267495325,139.65055614709854,33,7,38,7,46,<a_38><b_7><c_46>
4b91a03ff964a520ecca33e3,35.7573873414594,139.59835767745972,289,4,44,34,11,<a_44><b_34><c_11>
4b5adecbf964a52027d828e3,35.730333,139.70855497625502,99,13,31,47,10,<a_31><b_47><c_10>
4bae376ef964a5208a933be3,35.72250171582992,139.69253540039062,289,14,44,30,48,<a_44><b_30><c_48>
4eb771e80039f4f9edc04fae,35.70082929633428,139.70707163214684,110,25,16,54,41,<a_16><b_54><c_41>
4ba1c550f964a5209bcb37e3,35.535061907221255,139.7009222212332,152,12,61,32,1,<a_61><b_32><c_1>
4fa32e95e4b017e937535c8a,35.70403932237194,139.66614308130852,139,16,53,16,35,<a_53><b_16><c_35>
4b65971df964a52090f52ae3,35.72675983887166,139.702746,236,6,30,6,59,<a_30><b_6><c_59>
4b8da3a1f964a520cd0533e3,35.66013806173322,139.72996830940247,139,8,18,27,45,<a_18><b_27><c_45>
4c70dc04fa49a1cdba77a7e3,35.72383623824727,139.6641497708083,236,7,48,16,46,<a_48><b_16><c_46>
4e210e94b0fbdf9ba7a688f3,35.70010336926983,139.7718098755672,265,19,10,40,13,<a_10><b_40><c_13>
4bf71333508c0f47f0423d31,35.62523166843768,139.65919017791748,139,3,10,25,30,<a_10><b_25><c_30>
4bdd2392b0f5c92863da4be3,35.66742519522852,139.70757722854614,289,11,61,47,9,<a_61><b_47><c_9>
4c65f9ef7abde21efb7d6268,35.71393666,139.775845,78,10,61,60,42,<a_61><b_60><c_42>
4b236f0ff964a520ec5524e3,35.69422757948469,139.76033627986908,249,6,30,37,31,<a_30><b_37><c_31>
4b89d2fef964a5203a4f32e3,35.71439205890935,139.79849338531494,152,19,1,29,17,<a_1><b_29><c_17>
4f97d0e7e4b0cfeb46f64a05,35.552719641327904,139.7332472147349,15,24,31,34,30,<a_31><b_34><c_30>
4c3848f10a71c9b6ff6440c9,35.630087809440525,139.7754693144121,139,25,53,60,63,<a_53><b_60><c_63>
4c88590997828cfadf9c9baa,35.64533511424125,139.87016201019287,47,9,27,43,52,<a_27><b_43><c_52>
4d0dcb5deea9b60c6793603f,35.55020433332705,139.7882816218781,150,7,61,50,46,<a_61><b_50><c_46>
4ec3686d9a524f6c474457a0,35.63262125944109,139.5354550545364,47,8,61,32,52,<a_61><b_32><c_52>
4b742c95f964a52031cb2de3,35.72237106194896,139.7892665863037,320,11,51,34,46,<a_51><b_34><c_46>
4b58009ff964a5204f4828e3,35.66039337904523,139.69726738081064,7,6,61,4,21,<a_61><b_4><c_21>
4bc18262461576b08b1b7c32,35.70511415681647,139.81747537851334,200,10,61,29,16,<a_61><b_29><c_16>
4b56e5a7f964a520751e28e3,35.800994627295,139.71836775541306,288,12,21,47,11,<a_21><b_47><c_11>
4b9c5401f964a520ee5f36e3,35.688971,139.69997944,318,8,61,40,36,<a_61><b_40><c_36>
4b56906df964a520511528e3,35.60760484056446,139.7345334291458,249,3,30,22,20,<a_30><b_22><c_20>
4b55a232f964a520d9e927e3,35.8069419904843,139.71427738666534,47,18,44,28,35,<a_44><b_28><c_35>
4b90a4aff964a5201a9333e3,35.684197892583256,139.73701983690262,224,6,34,8,46,<a_34><b_8><c_46>
4b62cf64f964a520a2532ae3,35.70703080725239,139.8173815011978,47,11,51,46,15,<a_51><b_46><c_15>
4f46587de4b01fefa0ddab92,35.68984499190289,139.71473586704047,68,11,14,13,50,<a_14><b_13><c_50>
4e9b8af402d5df1b50afdc2e,35.65851589811509,139.6969283347549,41,10,61,10,2,<a_61><b_10><c_2>
4bd935b211dcc928c13ef933,35.667320392046754,139.80451817115136,156,24,51,57,49,<a_51><b_57><c_49>
4b56993af964a5204c1628e3,35.704617,139.580224,39,7,60,61,32,<a_60><b_61><c_32>
4baca0f4f964a5204eff3ae3,35.52435483943262,139.64603662490845,249,5,10,14,39,<a_10><b_14><c_39>
4b57e34cf964a5202f4528e3,35.711608801677066,139.70822632312775,164,8,44,49,15,<a_44><b_49><c_15>
4b80f2c7f964a520fd9230e3,35.75817091683515,139.87844467163086,102,4,48,25,6,<a_48><b_25><c_6>
4b599d05f964a520f38e28e3,35.721542493599244,139.52144533395767,269,7,44,58,53,<a_44><b_58><c_53>
4b6e33caf964a52056b12ce3,35.66935637023577,139.76482629776,236,2,10,13,18,<a_10><b_13><c_18>
4b65006cf964a520bbde2ae3,35.53007749650731,139.69742194656925,249,6,61,7,25,<a_61><b_7><c_25>
4b777bd8f964a520599d2ee3,35.703609118323136,139.57944005727768,31,6,55,27,45,<a_55><b_27><c_45>
4b65229af964a520c4e52ae3,35.67225386224957,139.7054958343506,88,6,48,33,21,<a_48><b_33><c_21>
4bad9461f964a520d35c3be3,35.700949639312846,139.77081298828125,36,12,21,11,9,<a_21><b_11><c_9>
4b59a792f964a5200a9128e3,35.729741,139.709382,52,10,51,42,14,<a_51><b_42><c_14>
4b77c7c2f964a52041aa2ee3,35.76319432230466,139.86124634742737,47,11,48,7,22,<a_48><b_7><c_22>
4f4ce067e4b00b42c399749c,35.64828765964821,139.7064547728103,6,4,49,34,46,<a_49><b_34><c_46>
4b5d826df964a520755f29e3,35.65677320389239,139.79797840118408,47,10,21,45,32,<a_21><b_45><c_32>
4b5be175f964a5206c1b29e3,35.69493771367451,139.81369614601135,284,10,20,39,17,<a_20><b_39><c_17>
4f9d0a4fe4b0b04585594d60,35.70076935796105,139.77083639295728,149,11,9,50,4,<a_9><b_50><c_4>
4b6403b7f964a5204a9b2ae3,35.637374562599966,139.6908938884735,47,8,27,10,15,<a_27><b_10><c_15>
4b681c58f964a520aa672be3,35.65504713371508,139.7930109500885,16,8,11,42,12,<a_11><b_42><c_12>
4b580f59f964a520f44928e3,35.69793502021435,139.64771032333374,150,5,19,10,28,<a_19><b_10><c_28>
4b690584f964a5202b972be3,35.7326136760934,139.7146475315094,236,5,48,11,29,<a_48><b_11><c_29>
4cf63e35c28df04dc6b8c915,35.69796333725348,139.77236598730087,33,7,48,55,50,<a_48><b_55><c_50>
4bd3a9809854d13a5f6afe4d,35.73546878555061,139.52489484200947,251,15,18,26,51,<a_18><b_26><c_51>
4f8bf595e4b0bae8994d5b67,35.61823701632187,139.7418339336356,236,5,30,58,3,<a_30><b_58><c_3>
4b5fbeb8f964a52000cb29e3,35.67276373151807,139.7946873307228,112,6,8,2,18,<a_8><b_2><c_18>
4fa3cbe1e4b0e7038a09e99d,35.69873046875,139.7616424560547,90,9,55,10,46,<a_55><b_10><c_46>
4d7f4abe95c1a143133ce1f2,35.672825,139.767138,42,10,55,24,62,<a_55><b_24><c_62>
4e20e124d22d0a3f59f2b5d1,35.701982432312285,139.69331861195894,320,16,48,47,52,<a_48><b_47><c_52>
4c14791982a3c9b6916afdf8,35.64913636841962,139.55072164535522,320,5,14,8,15,<a_14><b_8><c_15>
4e1d5d146284d5831b39c5b0,35.70059076587525,139.77038709867145,149,3,30,0,59,<a_30><b_0><c_59>
4e2ea20822717d705857b16a,35.82620736170521,139.65261979051655,290,5,44,42,36,<a_44><b_42><c_36>
4f880f83e4b002b909e95b47,35.66231918682028,139.70013937829262,230,11,20,53,12,<a_20><b_53><c_12>
4b4af331f964a5202e9026e3,35.70214777465637,139.77175,29,10,44,14,60,<a_44><b_14><c_60>
4b82669cf964a5209ed130e3,35.71007992888079,139.79099929332733,153,10,51,17,63,<a_51><b_17><c_63>
4b5edd04f964a520679b29e3,35.62672237886356,139.63458627462387,150,5,10,49,34,<a_10><b_49><c_34>
4bf99a395efe2d7f57866c34,35.667932,139.726904,59,2,30,23,9,<a_30><b_23><c_9>
4c244046f1272d7ff5d782c5,35.73695070804665,139.73550229300585,290,11,30,44,58,<a_30><b_44><c_58>
4b5eaae5f964a5205f9529e3,35.517829689693606,139.68659229576588,78,6,19,11,49,<a_19><b_11><c_49>
4c4a692d42b4d13a9bc52a7d,35.63068638876201,139.89129781723022,169,12,51,15,41,<a_51><b_15><c_41>
4de35fbdd4c070440582408e,35.58096535078233,139.64146614074707,236,2,30,33,55,<a_30><b_33><c_55>
4bd243e8462cb713d710dc07,35.785549851999605,139.72989052534103,167,14,61,50,47,<a_61><b_50><c_47>
4ba53e23f964a520b7f038e3,35.75088772159497,139.71214771270752,298,12,51,15,22,<a_51><b_15><c_22>
4b581895f964a520cb4a28e3,35.61911374160271,139.7314167022705,150,10,21,2,59,<a_21><b_2><c_59>
4db28a9cf7b12ee8facc16ff,35.64100360931038,139.54472674841008,264,7,16,16,46,<a_16><b_16><c_46>
4b55468ff964a5208fe027e3,35.69624904914763,139.76026251912117,150,11,51,59,6,<a_51><b_59><c_6>
4b55c56ff964a5203cef27e3,35.70482682750542,139.6723227715289,288,7,61,13,9,<a_61><b_13><c_9>
4badcbd8f964a520b1693be3,35.63010648813457,139.7930485010147,299,7,21,50,6,<a_21><b_50><c_6>
4b8d814cf964a520c2ff32e3,35.691770379263176,139.735466837883,248,4,31,56,12,<a_31><b_56><c_12>
4b56efccf964a520de1f28e3,35.608300480499395,139.74347859621048,47,9,44,2,19,<a_44><b_2><c_19>
4b677598f964a52042502be3,35.650801539768835,139.54418241977692,320,8,20,47,17,<a_20><b_47><c_17>
4b69485af964a520ae9d2be3,35.662840306046334,139.75991249084473,295,23,44,62,48,<a_44><b_62><c_48>
4b614a52f964a5202c0f2ae3,35.55386747256284,139.64643090963364,249,8,44,53,9,<a_44><b_53><c_9>
4b5fb2c7f964a520cbc829e3,35.70429521030637,139.69797760248184,236,3,30,29,31,<a_30><b_29><c_31>
4b05879cf964a520589c22e3,35.674655630536655,139.7607131195261,291,8,62,53,23,<a_62><b_53><c_23>
4ef6c81a4fc6f26c2602bc20,35.690694241145245,139.70356464385986,29,5,21,43,21,<a_21><b_43><c_21>
4e214d9a22717a5245c9838d,35.73030081982289,139.7105166282046,140,9,11,30,3,<a_11><b_30><c_3>
4c0d02ebb4c6d13a078a0c30,35.69321464707543,139.70395356416702,31,8,63,14,1,<a_63><b_14><c_1>
4bbeb16682a2ef3b45d52bd2,35.70668232878254,139.7533705830574,168,12,24,56,45,<a_24><b_56><c_45>
4d46a9321928a35d8c65ce70,35.53071574939312,139.6973955631256,236,5,1,16,47,<a_1><b_16><c_47>
4b9d3448f964a520339936e3,35.701359130802444,139.7402787208557,138,12,31,53,46,<a_31><b_53><c_46>
4b5f9016f964a520d6c129e3,35.73868546114357,139.65413689613342,274,12,61,49,31,<a_61><b_49><c_31>
4b62e80df964a52040582ae3,35.53138368117034,139.70021724700928,251,57,31,46,11,<a_31><b_46><c_11>
4bcac7393740b713c36f6165,35.66780435203274,139.7610765695572,278,8,61,20,33,<a_61><b_20><c_33>
4b5ae951f964a520f2d928e3,35.60253237406627,139.5071518421173,166,5,19,51,9,<a_19><b_51><c_9>
4b6e40e0f964a5206bb42ce3,35.62456451882763,139.73952770233154,236,4,61,6,2,<a_61><b_6><c_2>
4d97e8b7daec224b9c553d3e,35.599514126231014,139.53736942117206,342,9,49,15,49,<a_49><b_15><c_49>
4d1af9bd95d5f04d4633b982,35.63239554508733,139.79745268821716,301,12,51,2,13,<a_51><b_2><c_13>
4b7625a0f964a520ef3f2ee3,35.645712,139.675046,236,2,30,0,43,<a_30><b_0><c_43>
4b92e88af964a520122634e3,35.776582716547324,139.67864155769348,256,12,61,18,43,<a_61><b_18><c_43>
4b9afa64f964a520b6e835e3,35.65734445,139.750267,102,10,21,56,2,<a_21><b_56><c_2>
4eadec22490170218c8144ee,35.53871310312229,139.7454071044922,320,6,57,7,22,<a_57><b_7><c_22>
4b5e5fa4f964a520e38b29e3,35.619665377155464,139.70409840345383,149,2,30,6,9,<a_30><b_6><c_9>
4b5fc287f964a520cecb29e3,35.67187472657955,139.76290047168732,290,5,52,15,35,<a_52><b_15><c_35>
4b5c635ff964a5209c2d29e3,35.659015731774126,139.69684571027756,236,5,18,2,18,<a_18><b_2><c_18>
4b690990f964a52098972be3,35.5290917352104,139.69791054725647,284,11,9,52,53,<a_9><b_52><c_53>
4b73832bf964a52008b22de3,35.704771681744894,139.64974512041243,224,4,48,2,34,<a_48><b_2><c_34>
4c2ea8cf452620a190561c0f,35.53750176,139.7444442,320,9,20,61,14,<a_20><b_61><c_14>
4b77fdfdf964a5203bb12ee3,35.726897,139.693528,47,6,49,34,54,<a_49><b_34><c_54>
4b6a701df964a5205bd52be3,35.71992343964201,139.78270053863525,102,7,48,25,41,<a_48><b_25><c_41>
4b91b2e9f964a520c9d033e3,35.68499199173874,139.7741563618183,284,7,18,42,59,<a_18><b_42><c_59>
4bd4edd15631c9b6cf73a330,35.70018728253319,139.7719770669937,65,13,9,42,34,<a_9><b_42><c_34>
4b88c6bbf964a520000d32e3,35.69049818202984,139.70489501953125,284,15,63,54,33,<a_63><b_54><c_33>
4b9c91aff964a520af7036e3,35.745195220627465,139.49093788862228,28,3,30,21,55,<a_30><b_21><c_55>
4b9b4054f964a52059fc35e3,35.661743,139.70814589,99,13,9,3,46,<a_9><b_3><c_46>
4b63eb4ff964a52015972ae3,35.69001456748469,139.7058928012848,284,11,61,51,19,<a_61><b_51><c_19>
4cee34e1ed62721ef2675afd,35.7172841042901,139.81776237487793,47,9,24,61,44,<a_24><b_61><c_44>
4beca1120ddaa593a3d91dc3,35.6311878032065,139.7920399904251,149,10,27,6,56,<a_27><b_6><c_56>
4b642357f964a520d7a02ae3,35.670839720610644,139.62309300899506,320,9,53,31,39,<a_53><b_31><c_39>
4b97439cf964a520d2fd34e3,35.6642088271513,139.7639787197113,152,8,49,14,15,<a_49><b_14><c_15>
4b54fe5df964a520ffd627e3,35.66730316736823,139.72777426242828,68,8,55,24,61,<a_55><b_24><c_61>
4b63a212f964a52092882ae3,35.692203880192,139.70227047801018,15,5,30,42,26,<a_30><b_42><c_26>
4c145ee0a1010f4711714c18,35.708379,139.665566,253,8,15,6,46,<a_15><b_6><c_46>
4f5058a6e4b020de96c85691,35.655873268394124,139.69538270824364,149,7,21,6,24,<a_21><b_6><c_24>
4bb9653a53649c74c40448fb,35.70024064774503,139.77197840809822,42,29,31,56,38,<a_31><b_56><c_38>
4cca74673a78199c6371dd36,35.670802678043025,139.70464557409286,152,14,49,62,46,<a_49><b_62><c_46>
4b550232f964a520a5d727e3,35.62489920196185,139.70345032618047,139,8,48,18,45,<a_48><b_18><c_45>
4b556119f964a520d8e227e3,35.70683914428246,139.66541022062302,249,18,20,35,59,<a_20><b_35><c_59>
4b63d9d0f964a52042942ae3,35.729060265291,139.71884787082672,168,25,61,58,33,<a_61><b_58><c_33>
4b7a76dff964a5208a2d2fe3,35.564391,139.708988,47,12,61,4,14,<a_61><b_4><c_14>
4b76299cf964a520ec402ee3,35.69011041924916,139.7061449289322,149,13,61,56,37,<a_61><b_56><c_37>
4b49a6bef964a5202b7226e3,35.69091644089345,139.70405280590057,284,18,53,10,52,<a_53><b_10><c_52>
4c53fd36728920a1fea00082,35.65495995746399,139.79539275169373,299,12,51,2,18,<a_51><b_2><c_18>
4bf9fc15b182c9b68ad5795a,35.656634,139.697017,232,3,30,23,42,<a_30><b_23><c_42>
4b58293ff964a520904c28e3,35.673942876720616,139.76735069080735,16,4,30,13,6,<a_30><b_13><c_6>
4b49cd54f964a520d67326e3,35.65966733885538,139.72762942314148,109,2,30,8,59,<a_30><b_8><c_59>
4b5d5408f964a520005a29e3,35.534173218485726,139.71937894821167,47,14,31,61,14,<a_31><b_61><c_14>
4e5cc74ac65b58cf21fb7130,35.707606,139.77455,249,6,20,33,46,<a_20><b_33><c_46>
4f8d8fe0e4b0ca2accc32142,35.635105590965736,139.7148954659007,33,4,30,21,21,<a_30><b_21><c_21>
4f13e75d1081cbea053756bf,35.64923228744081,139.55816745758057,236,6,48,34,40,<a_48><b_34><c_40>
4b752a4df964a52098ff2de3,35.62402598603203,139.72270137261194,42,6,48,49,53,<a_48><b_49><c_53>
4dd0f72c22718eed7a746bce,35.69293472692579,139.6995748579502,111,5,48,31,14,<a_48><b_31><c_14>
4e3bbf56c65b4ec275cacff3,35.69552749056083,139.76846806704998,320,15,51,41,19,<a_51><b_41><c_19>
4bcc5aa468f976b0996a6283,35.669756763155824,139.83319580554962,139,10,61,56,36,<a_61><b_56><c_36>
4b543fa6f964a52080b527e3,35.66531583024641,139.71184730529785,249,16,48,49,46,<a_48><b_49><c_46>
4b65464df964a52080eb2ae3,35.704268375337634,139.64902772025437,298,46,31,50,63,<a_31><b_50><c_63>
4b6a8a74f964a52022d82be3,35.69132162707607,139.70543146133423,7,13,51,46,37,<a_51><b_46><c_37>
4b973a13f964a520b3fc34e3,35.70020035156797,139.76360321044922,248,10,19,45,44,<a_19><b_45><c_44>
4be3dab0f07b0f47effff843,35.698618982809,139.77521181106567,42,7,18,14,51,<a_18><b_14><c_51>
4b9df367f964a520f4c336e3,35.777333251760346,139.72090567356773,80,6,61,13,21,<a_61><b_13><c_21>
4b77ed03f964a520f7ae2ee3,35.68648322105728,139.7287505865097,42,11,49,47,51,<a_49><b_47><c_51>
4b6ad608f964a520abe22be3,35.72272600449263,139.68371897935867,150,3,30,9,16,<a_30><b_9><c_16>
4bd2e87cb221c9b63d70d8d0,35.730929374694824,139.49095129966736,109,3,55,38,13,<a_55><b_38><c_13>
4b6697e0f964a520fd242be3,35.62694530172658,139.7777384519577,109,6,51,13,53,<a_51><b_13><c_53>
4c0e2901d64c0f47efab275d,35.646695216791066,139.8010790348053,176,8,21,5,55,<a_21><b_5><c_55>
4b755bfbf964a5201e082ee3,35.694989,139.795652,42,1,30,58,15,<a_30><b_58><c_15>
4ec61f44b634b2fd72cb423d,35.685172,139.558587,299,25,30,36,55,<a_30><b_36><c_55>
4b0587a0f964a520739d22e3,35.662430616822235,139.69790518283844,59,1,30,58,46,<a_30><b_58><c_46>
4dd775ab8877f1150fea4e53,35.70629028868302,139.61331367492676,262,20,9,42,53,<a_9><b_42><c_53>
4b7f7bc8f964a520173130e3,35.665167649619534,139.73972082138062,157,10,30,0,59,<a_30><b_0><c_59>
4fa7002ee4b0419377190e50,35.66876983642578,139.83079528808594,295,13,13,26,0,<a_13><b_26><c_0>
4fa70790e4b09d4d46c5343e,35.6921372552386,139.7827688954809,320,7,30,31,50,<a_30><b_31><c_50>
4cd236d901eaf04dd3f2c25d,35.729892021491565,139.74739730358124,249,19,13,7,15,<a_13><b_7><c_15>
4b445028f964a520c8f325e3,35.691397,139.693881,249,10,48,14,0,<a_48><b_14><c_0>
4b5fabd6f964a52062c729e3,35.661372,139.696735,236,7,10,4,3,<a_10><b_4><c_3>
4ccf44417b6854819da4baf8,35.63107335018641,139.64256316423416,320,11,49,15,62,<a_49><b_15><c_62>
4b568a40f964a520851428e3,35.6866073981363,139.6889305114746,68,21,44,18,28,<a_44><b_18><c_28>
4b8520e7f964a520234d31e3,35.695190397934546,139.8139214515686,249,21,63,9,59,<a_63><b_9><c_59>
4b602bd1f964a52060d829e3,35.73057570987474,139.7890466451645,47,14,48,16,3,<a_48><b_16><c_3>
4b63fe46f964a520669a2ae3,35.729302,139.71641359,236,7,27,42,22,<a_27><b_42><c_22>
4b65415ef964a520c2ea2ae3,35.70110210979409,139.7708237171173,29,12,61,19,2,<a_61><b_19><c_2>
4b8e303bf964a520d01a33e3,35.68573161882203,139.7639787197113,90,11,53,22,62,<a_53><b_22><c_62>
4b5a6a26f964a520aac328e3,35.715052,139.752092,247,10,48,45,21,<a_48><b_45><c_21>
4cc3ed2fbc2395212f53bc33,35.731808076021835,139.5787400007248,72,8,31,47,2,<a_31><b_47><c_2>
4b712015f964a520853a2de3,35.690533037018895,139.6979159116745,90,8,13,26,28,<a_13><b_26><c_28>
4bd924a90115c9b66a977680,35.70959207725825,139.81385707855225,248,19,31,13,53,<a_31><b_13><c_53>
4b5e4260f964a520828629e3,35.657374704431405,139.6964192390442,33,6,30,53,37,<a_30><b_53><c_37>
4bd7f6805cf276b077449c00,35.67935688,139.7044551,320,15,9,4,58,<a_9><b_4><c_58>
4c637ccc79d1e21ed1e6d815,35.687401,139.727901,320,8,20,31,42,<a_20><b_31><c_42>
4b54725af964a52092bb27e3,35.70717455417737,139.65082168579102,47,7,48,50,9,<a_48><b_50><c_9>
4c4ccc7cf5afa593eb4985d6,35.68358352238149,139.7690212726593,299,7,61,54,57,<a_61><b_54><c_57>
4bd2b1a6b221c9b6f52ed8d0,35.731594929321204,139.57990436571097,320,10,61,13,36,<a_61><b_13><c_36>
4edb83006d869ce1d12eab0d,35.704739533393045,139.58069801330566,258,11,21,6,12,<a_21><b_6><c_12>
4e1158f51f6e671dd9e76103,35.54886587140447,139.78307348024725,272,7,18,10,19,<a_18><b_10><c_19>
4b5bcc94f964a520db1629e3,35.514993736606186,139.66550946235657,249,5,48,5,63,<a_48><b_5><c_63>
4ef80466b8f72ebea8c95e15,35.79401177330742,139.6834378737595,336,11,61,29,61,<a_61><b_29><c_61>
4b5fe880f964a52062d029e3,35.710692731932305,139.71853144396266,200,11,60,38,63,<a_60><b_38><c_63>
4b67df7bf964a520df5f2be3,35.701977720341134,139.77142453193665,65,10,8,28,4,<a_8><b_28><c_4>
4b7ffa0af964a520174830e3,35.71267159055801,139.7033849358559,251,24,31,59,50,<a_31><b_59><c_50>
4b6e8205f964a52021c02ce3,35.75006924556061,139.58620995283127,150,4,10,24,11,<a_10><b_24><c_11>
4b6e6ec0f964a52042bd2ce3,35.63688190656806,139.58892166614532,39,11,9,47,23,<a_9><b_47><c_23>
4bbfc528b492d13a974aa360,35.57702560071761,139.6569800376892,38,9,24,41,51,<a_24><b_41><c_51>
4caea5a6b4b0a35d71fa3ace,35.57693397631725,139.6544373035431,13,11,10,30,18,<a_10><b_30><c_18>
4c8c5f61f0ce236a7b0118ef,35.57744009074311,139.6497917175293,140,12,61,2,53,<a_61><b_2><c_53>
4cf241c4899c6ea8eb72f5c1,35.57694270245511,139.65059638023376,320,11,48,50,15,<a_48><b_50><c_15>
4b679b25f964a52065572be3,35.699856005659775,139.75323658294087,236,5,10,24,46,<a_10><b_24><c_46>
4e1d683fc65b6cd0da9a27c0,35.63328,139.530606,299,6,48,56,18,<a_48><b_56><c_18>
4e8e91ed6da16fd9cf1c258f,35.65192316233976,139.5441522519724,78,5,18,8,13,<a_18><b_8><c_13>
4cc56b3338aaa0932c741862,35.66420882715133,139.70317840576172,320,10,51,33,7,<a_51><b_33><c_7>
4b5c3a6af964a520e52729e3,35.624453326684744,139.7230213880539,251,3,8,30,51,<a_8><b_30><c_51>
4e40bbdc52b17005f5c2ca90,35.657843715588754,139.70147570242935,360,20,9,1,32,<a_9><b_1><c_32>
4f34b2a9e5e80a8966f5a832,35.770271823216014,139.6609604358673,27,5,48,60,22,<a_48><b_60><c_22>
4ba98ef6f964a5206b2e3ae3,35.66584753493768,139.89377617836,39,5,48,41,19,<a_48><b_41><c_19>
4b5806acf964a520fe4828e3,35.7028740132176,139.57954734563828,150,9,9,4,12,<a_9><b_4><c_12>
4b8ce9b6f964a520a4e032e3,35.686498470884416,139.7287479043007,31,3,30,58,31,<a_30><b_58><c_31>
4b4ea2dcf964a52019f326e3,35.65640489,139.695231,320,12,18,2,49,<a_18><b_2><c_49>
4b74c8faf964a520eff12de3,35.680202222988434,139.7953176498413,139,22,24,42,13,<a_24><b_42><c_13>
4b64235bf964a520d9a02ae3,35.6943571903377,139.69833299517632,234,8,48,50,6,<a_48><b_50><c_6>
4b9779f2f964a5203d0535e3,35.76604542086616,139.6711367368698,320,17,51,50,36,<a_51><b_50><c_36>
4d4971b083eda1cdb190a8b1,35.80344845802245,139.71782326698303,320,10,10,29,14,<a_10><b_29><c_14>
4ee9daa0e3001405fd92379a,35.63287552079942,139.58879727280305,149,10,49,20,0,<a_49><b_20><c_0>
4b42ea1df964a520e5da25e3,35.640110959914225,139.59895561948144,298,44,9,59,26,<a_9><b_59><c_26>
4b5c2150f964a520192529e3,35.576646,139.657302,16,5,61,13,35,<a_61><b_13><c_35>
4b73d86cf964a5205abd2de3,35.57651839289972,139.65714365243912,236,6,11,34,1,<a_11><b_34><c_1>
4b8cd1e5f964a52011de32e3,35.73668074337941,139.48698967695236,150,6,48,24,14,<a_48><b_24><c_14>
4c1f3d97fcf8c9b66d54ae0b,35.55144087097319,139.6719440817833,320,6,10,42,42,<a_10><b_42><c_42>
4f99465c77164b4e96586839,35.65516046269922,139.70212697982788,103,9,61,50,35,<a_61><b_50><c_35>
4b70b6b4f964a520242b2de3,35.66250906811297,139.7869062423706,248,28,51,10,12,<a_51><b_10><c_12>
4b6e6d0cf964a520febc2ce3,35.612424040050804,139.54450964927673,320,9,30,58,29,<a_30><b_58><c_29>
4c0e345bc700c9b6376fa3dd,35.615498581237546,139.54108715057373,47,5,8,37,39,<a_8><b_37><c_39>
4bb3b5ed715eef3b37bb86bb,35.70721157985851,139.77472364902496,78,26,20,63,16,<a_20><b_63><c_16>
4f2a6ff6e4b09f128674ca6a,35.65354994153411,139.7051357894896,31,6,49,41,50,<a_49><b_41><c_50>
4c7cf00648c6236a26e76211,35.708991464200004,139.77432103512072,251,17,18,52,63,<a_18><b_52><c_63>
4b5d9d22f964a520846329e3,35.70681736437037,139.66712951660156,47,9,34,18,3,<a_34><b_18><c_3>
4bbbc901e4529521413155a4,35.59889901684594,139.60898458957672,320,9,61,53,21,<a_61><b_53><c_21>
4bbbc9b63de8c9b640449aad,35.59944424903719,139.6079921722412,77,17,44,32,23,<a_44><b_32><c_23>
4b626703f964a52019462ae3,35.69703758,139.7511792,320,15,30,24,37,<a_30><b_24><c_37>
4b7e913ff964a5201df32fe3,35.56129521006999,139.71484065055847,320,9,44,14,17,<a_44><b_14><c_17>
4bce6f0368f976b0ff286683,35.81144463566703,139.71406817436218,290,13,14,31,3,<a_14><b_31><c_3>
4b85d9bdf964a520427631e3,35.65694755234099,139.7528314590454,289,17,30,8,34,<a_30><b_8><c_34>
4c9d5147ca44236a10e11f99,35.65665988,139.7955161,320,10,48,16,16,<a_48><b_16><c_16>
4bfa0ba51134b713575e0fc9,35.60989454167728,139.6854543685913,320,14,31,43,19,<a_31><b_43><c_19>
4b67b75ff964a520d45b2be3,35.667161527653654,139.6023166179657,236,4,30,3,32,<a_30><b_3><c_32>
4c0d8e50b1b676b06fd0e086,35.65651064487432,139.69774105134854,320,7,35,9,51,<a_35><b_9><c_51>
4bbaad9eb35776b00440cb01,35.69766491872041,139.75748777389526,224,9,63,34,46,<a_63><b_34><c_46>
4b5aceaef964a52087d528e3,35.648679,139.54301905,236,10,61,29,57,<a_61><b_29><c_57>
4bdf177c17fdef3b17b84e36,35.702522249413875,139.5891147851944,31,4,30,58,55,<a_30><b_58><c_55>
4b5d2402f964a5203a5429e3,35.664243693624634,139.76665019989014,68,5,48,61,42,<a_48><b_61><c_42>
4bd264dc77b29c74a5c98e82,35.531527744158005,139.70006704330444,72,8,35,31,48,<a_35><b_31><c_48>
4ceb214ce888f04db2f1506b,35.65305763009954,139.59646705507322,299,13,27,1,39,<a_27><b_1><c_39>
4fa79e97e4b0d905272a7e51,35.677979812887564,139.768460163942,52,9,48,22,53,<a_48><b_22><c_53>
4b60695cf964a5206fe429e3,35.53667891735346,139.63420271873474,150,12,44,13,22,<a_44><b_13><c_22>
4b583e7cf964a520554f28e3,35.659348,139.702638,138,14,31,13,53,<a_31><b_13><c_53>
4f659466e4b02cbb8015ec94,35.576655609575184,139.5358230058654,265,15,31,29,2,<a_31><b_29><c_2>
4d665761e07aa35d05bca78f,35.671843,139.797202,370,8,30,3,35,<a_30><b_3><c_35>
4f1055cae5e852ca73d9849f,35.742667750311625,139.8132482171059,289,30,53,61,43,<a_53><b_61><c_43>
4b591b60f964a520e47c28e3,35.68972961783758,139.6963499665569,249,26,18,7,41,<a_18><b_7><c_41>
4c16f42c6470a59347b557d2,35.67980134,139.7696328,320,20,61,15,39,<a_61><b_15><c_39>
4f6aa4bbe4b0803c8a465915,35.60017937208502,139.61106778915573,249,13,48,11,36,<a_48><b_11><c_36>
4b70eea4f964a520c9342de3,35.68682960926891,139.76690232753754,68,21,61,16,44,<a_61><b_16><c_44>
4b6bc07cf964a5206f172ce3,35.68332517863322,139.77386064533425,249,13,61,47,34,<a_61><b_47><c_34>
4bbad4963db7b713b2bd239a,35.63193773894066,139.79659974575043,301,8,8,16,57,<a_8><b_16><c_57>
4b6e71caf964a520acbd2ce3,35.63119597841596,139.6418336033821,320,9,31,2,32,<a_31><b_2><c_32>
4ba4b64df964a5204eae38e3,35.72961767354772,139.7098731994629,249,8,10,16,2,<a_10><b_16><c_2>
4c9b1afeeaa5a14396e1d1e4,35.631107538773584,139.64203850733955,47,30,31,13,31,<a_31><b_13><c_31>
4b63eb06f964a52009972ae3,35.651002055443115,139.5411193370819,88,8,20,31,9,<a_20><b_31><c_9>
4cfdd3f0f7b560fc1c2941b7,35.664330883205814,139.73134144113874,33,9,63,2,18,<a_63><b_2><c_18>
4b62c1a6f964a5206c512ae3,35.699032842676594,139.7747826576233,224,6,21,30,4,<a_21><b_30><c_4>
4dddd5441850efcef822c784,35.67110724187532,139.72071613073382,33,2,30,41,47,<a_30><b_41><c_47>
4b585453f964a5200d5328e3,35.65736716315669,139.7039290327716,236,7,48,3,14,<a_48><b_3><c_14>
4b7b4f6ff964a520ae5d2fe3,35.68971829766635,139.6924924850464,77,9,61,23,33,<a_61><b_23><c_33>
4bc904490687ef3bd735d9cc,35.55754215023714,139.71107482910156,0,5,48,31,2,<a_48><b_31><c_2>
4d882a40b799a35dab227d63,35.66194683215934,139.7300487756729,33,7,48,29,0,<a_48><b_29><c_0>
4fa1e560e4b04db7bd659270,35.697828880063284,139.70631763706925,68,12,61,60,63,<a_61><b_60><c_63>
4bfcf8ec8992a593a260abb0,35.645969,139.826823,29,9,21,42,35,<a_21><b_42><c_35>
4bd3f7b8046076b01b3c7771,35.688515779459195,139.78062987327576,290,16,51,42,36,<a_51><b_42><c_36>
4b5e61e1f964a5204c8c29e3,35.628882,139.741577,150,8,61,23,16,<a_61><b_23><c_16>
4b5db4e8f964a520c46729e3,35.71486139774748,139.70990820485943,302,12,10,42,13,<a_10><b_42><c_13>
4b8901a0f964a520d21732e3,35.64295051959506,139.73313599824905,31,9,30,10,34,<a_30><b_10><c_34>
4b57eb03f964a520314628e3,35.689799306155734,139.77636798324892,320,8,20,50,52,<a_20><b_50><c_52>
4b85ba2bf964a520666f31e3,35.6827055312222,139.7689300775528,249,5,8,3,51,<a_8><b_3><c_51>
4b5eadfff964a520b39529e3,35.65791517931231,139.69948634505272,236,4,30,13,63,<a_30><b_13><c_63>
4b5c1fa4f964a520d12429e3,35.71433848858381,139.75202385570154,47,36,31,46,41,<a_31><b_46><c_41>
4b6bc8fbf964a52072182ce3,35.63056430476898,139.7951915860176,149,10,63,40,4,<a_63><b_40><c_4>
4b6287f6f964a520864a2ae3,35.662856,139.7312957,21,7,48,15,27,<a_48><b_15><c_27>
4d357aee280e2c0fb2e159bc,35.67075474057702,139.64930891990662,200,17,51,15,41,<a_51><b_15><c_41>
4b55ceeef964a520fcf027e3,35.65657588163527,139.70060881624931,165,11,20,38,29,<a_20><b_38><c_29>
4b63c9c4f964a5209d912ae3,35.69762135387762,139.81427550315857,150,6,1,2,41,<a_1><b_2><c_41>
4ccd2ae1c0378cfaf3de8b48,35.69721184319223,139.81248378753662,302,8,11,42,6,<a_11><b_42><c_6>
4c559a9b1b46c9b66a5786d0,35.733441040657524,139.7089397907257,320,9,48,50,2,<a_48><b_50><c_2>
4b625b17f964a520ec432ae3,35.71419383479682,139.75215860194868,288,31,44,60,53,<a_44><b_60><c_53>
4b74e0ebf964a52087f62de3,35.69972115222563,139.77420330047607,249,5,24,19,0,<a_24><b_19><c_0>
4bc7eb742f94d13ac4e8127f,35.70378772061421,139.5798236131668,298,8,51,42,4,<a_51><b_42><c_4>
4bba6bfb935e9521c5222890,35.595428,139.74702704,295,20,31,42,42,<a_31><b_42><c_42>
4bc141ce920eb713f2931a2c,35.5768968902206,139.65095579624176,109,10,49,2,41,<a_49><b_2><c_41>
4fa7074de4b0baf7ce801821,35.680021,139.768938,355,11,61,2,16,<a_61><b_2><c_16>
4b575209f964a5203a3128e3,35.70328458386773,139.56120640039444,33,7,61,43,31,<a_61><b_43><c_31>
4f975d94e4b0ed363dce32bf,35.809634,139.723145,320,10,61,38,28,<a_61><b_38><c_28>
4d89541776e1236af8620343,35.681295932156175,139.7681361436844,78,12,51,51,37,<a_51><b_51><c_37>
5042dcd3e4b03be3a6f5d7ad,35.70278858900805,139.66654175148454,241,49,31,42,20,<a_31><b_42><c_20>
4b6fb4adf964a52076fa2ce3,35.66284141331156,139.5841938932127,150,5,30,21,29,<a_30><b_21><c_29>
4db25f2c4df053200617f178,35.67219285203343,139.76584553718567,36,6,51,22,28,<a_51><b_22><c_28>
4b65852ef964a52029f32ae3,35.673940340476015,139.66779470443726,47,7,11,29,35,<a_11><b_29><c_35>
4c4e1bf451c2c9289802d69d,35.72933232027134,139.7107859323376,360,37,44,16,41,<a_44><b_16><c_41>
4f1985c7e5e83189744e0372,35.71233620379411,139.7760272026062,292,4,48,15,46,<a_48><b_15><c_46>
4d5b9e11fb186dcb9176f59a,35.57985637882955,139.64427504685204,273,4,48,41,15,<a_48><b_41><c_15>
4e1b9df77d8bdabfd0f6f2df,35.78769737540788,139.70469385385513,78,12,48,42,18,<a_48><b_42><c_18>
4d8dbe13d4ec8cfa45de6089,35.580915,139.661298,33,6,49,13,42,<a_49><b_13><c_42>
4b657117f964a520b4f02ae3,35.67938302064493,139.47954654693604,320,9,61,47,28,<a_61><b_47><c_28>
4d6a043fde28224b1aff4abe,35.7284521283039,139.70961396958344,304,45,31,50,41,<a_31><b_50><c_41>
4b9f1acef964a520ea1337e3,35.71187437812223,139.75267762738943,109,16,49,47,19,<a_49><b_47><c_19>
4c3ffd74e26920a11b515ce7,35.76438265519374,139.73560094833374,72,8,61,5,19,<a_61><b_5><c_19>
4fa93f87e4b007be2cc7900c,35.76440464070406,139.675824052335,6,28,61,37,14,<a_61><b_37><c_14>
4e297e0f315171a3be0f0989,35.746912809695424,139.8418486118317,320,15,48,14,2,<a_48><b_14><c_2>
4e9ad1868231878c15990d48,35.750379233570875,139.80262509396945,249,13,30,22,62,<a_30><b_22><c_62>
4ef6f09c8b81ef98d054a00a,35.67626807810764,139.83409095250448,299,29,20,50,17,<a_20><b_50><c_17>
4da6b92893a04785b905e986,35.650290658428176,139.7445112466812,47,24,48,42,53,<a_48><b_42><c_53>
4cd1ea133e63721e5f6ea6cc,35.706313,139.776167,236,6,10,13,16,<a_10><b_13><c_16>
4bdef8a817fdef3b5db34e36,35.62977947464762,139.7940731048584,301,7,19,8,4,<a_19><b_8><c_4>
4dd0ee7d45ddbe15f8c40efe,35.62786642500824,139.73868549196217,236,4,48,9,15,<a_48><b_9><c_15>
4b8f8193f964a5207b5633e3,35.68695596434279,139.77313041687012,90,8,9,62,12,<a_9><b_62><c_12>
4b5502c8f964a520bed727e3,35.65636348354,139.69951182603836,68,5,30,9,22,<a_30><b_9><c_22>
4f78fff6e4b00df15d188da1,35.69540050508711,139.75984962628235,149,5,34,23,46,<a_34><b_23><c_46>
4b05879ef964a520f29c22e3,35.66016312329013,139.69747334718704,249,8,48,1,39,<a_48><b_1><c_39>
4b77aff7f964a520eba62ee3,35.6723976718602,139.76802349090576,150,5,30,55,17,<a_30><b_55><c_17>
4b55acd8f964a52068eb27e3,35.689851183529804,139.69734460115433,236,6,48,50,3,<a_48><b_50><c_3>
4fab71c1e4b0a0d47929aa2b,35.709975060182074,139.8085243007868,320,39,20,59,30,<a_20><b_59><c_30>
4bcd0dca68f976b08bd76383,35.695312383152825,139.74054157733917,186,10,51,1,14,<a_51><b_1><c_14>
4b6a58ccf964a520f3d22be3,35.679000871450775,139.7968663138265,200,3,30,39,20,<a_30><b_39><c_20>
4b6ccabcf964a520c8542ce3,35.71056995540639,139.68503326177597,150,1,30,38,36,<a_30><b_38><c_36>
4b63c919f964a5207f912ae3,35.73755160873031,139.65317398309708,236,12,51,40,42,<a_51><b_40><c_42>
4b5827f4f964a520744c28e3,35.69397020596737,139.6904219837245,90,10,48,42,56,<a_48><b_42><c_56>
4cf9ff84c671721e16e6ba18,35.714747547400734,139.70566936332244,149,7,48,33,11,<a_48><b_33><c_11>
4d2fcc3a5f806dcbe1f012ac,35.73025346257819,139.74773526191711,195,11,48,9,19,<a_48><b_9><c_19>
4da6c5246e81162ae784a0a1,35.65860384361886,139.7081297636032,68,3,30,38,17,<a_30><b_38><c_17>
4bc903fecc8cd13a44e1bacf,35.695695764052736,139.74212408065796,200,16,22,9,63,<a_22><b_9><c_63>
4b175f47f964a5200fc523e3,35.671957526477264,139.71667528152466,152,13,13,7,59,<a_13><b_7><c_59>
4b84bfbdf964a520144331e3,35.60220460628722,139.65818020850992,284,3,49,62,27,<a_49><b_62><c_27>
4b5e6140f964a5202f8c29e3,35.71359934139697,139.76450443267822,195,7,30,50,19,<a_30><b_50><c_19>
4be2b98c2ff376b0a0354fed,35.689870155325096,139.7791489501323,21,7,13,10,17,<a_13><b_10><c_17>
4bd5acaa6f649521c36d6fec,35.71242549521327,139.7063085436821,60,8,10,37,13,<a_10><b_37><c_13>
4faca666e4b017dfa53bf545,35.71033256515465,139.8123335838318,320,7,18,19,35,<a_18><b_19><c_35>
4e1f80e61f6effe84f5d6323,35.69334317039479,139.69292163848877,155,21,44,34,59,<a_44><b_34><c_59>
4dcdf6c9d22deadedd4761ce,35.64972147529627,139.5417851338733,158,10,20,60,9,<a_20><b_60><c_9>
4b5e5a68f964a520e88a29e3,35.695561,139.758614,149,4,48,2,46,<a_48><b_2><c_46>
4b5bfe34f964a5206c2029e3,35.69829277292956,139.74005262359702,201,9,10,19,57,<a_10><b_19><c_57>
4b761ee2f964a520183e2ee3,35.76261973739821,139.8260772228241,150,5,48,9,12,<a_48><b_9><c_12>
4c3032bd7cc0c9b65417ed9a,35.65502098084973,139.79760020971298,249,9,30,34,57,<a_30><b_34><c_57>
4b4c8907f964a5206db526e3,35.65975450996804,139.69955205917358,39,4,8,53,1,<a_8><b_53><c_1>
4d4ba192d28f3704b299f522,35.707359,139.72668,236,1,30,53,3,<a_30><b_53><c_3>
4b5ec998f964a520b59829e3,35.69553021343568,139.75202679634094,297,13,18,54,14,<a_18><b_54><c_14>
4d6378e479deb1f7c0b21a11,35.550678178414934,139.78231564164162,272,10,29,29,46,<a_29><b_29><c_46>
4c27713eaa77ef3bb7f298b0,35.717675047762526,139.7978452171883,320,16,51,57,8,<a_51><b_57><c_8>
4b73395af964a520e2a22de3,35.65633297236584,139.48875725269318,78,7,13,8,7,<a_13><b_8><c_7>
4b860a1df964a5204b7e31e3,35.664971527778704,139.73103046417236,57,10,44,26,24,<a_44><b_26><c_24>
4bd01ea09854d13af623f74d,35.657043443825444,139.70197409391403,277,7,10,16,1,<a_10><b_16><c_1>
4bb45dd0643cd13a0fa0395c,35.60983172820654,139.7477770104213,68,6,63,6,62,<a_63><b_6><c_62>
4b0587b2f964a5204aa022e3,35.66080055589748,139.6952927112579,369,2,30,55,17,<a_30><b_55><c_17>
4b457cf3f964a5203d0d26e3,35.64335943842988,139.5707043359477,36,6,53,62,17,<a_53><b_62><c_17>
4dfafda562e19b42f1e2d84e,35.84739138113131,139.67008531093597,33,6,48,46,44,<a_48><b_46><c_44>
4bed1ece91380f47bc709f18,35.6979,139.772406,236,16,31,10,38,<a_31><b_10><c_38>
4b627ab7f964a52020492ae3,35.62381015341253,139.7225734591484,236,4,30,15,8,<a_30><b_15><c_8>
4b865b78f964a520428731e3,35.692105852549915,139.77051258087158,54,5,30,22,23,<a_30><b_22><c_23>
4c8af8aa6418a1431c4de5ce,35.69812670459053,139.77338790893555,236,15,48,47,62,<a_48><b_47><c_62>
4ba4629df964a5200f9a38e3,35.66071016942371,139.7509758397794,139,8,49,2,45,<a_49><b_2><c_45>
4b64d07cf964a5202ed22ae3,35.678816546020855,139.78174567222595,149,7,8,6,57,<a_8><b_6><c_57>
4cc11a535684a35de7d7b60d,35.676572395489735,139.73782181739807,118,8,44,61,40,<a_44><b_61><c_40>
4b7294c4f964a520477f2de3,35.62005130174237,139.56918060779572,150,7,21,38,45,<a_21><b_38><c_45>
4b5937e2f964a520bd8128e3,35.70771860126417,139.7758038173357,249,11,27,42,5,<a_27><b_42><c_5>
4d43ae800349224b174cf24e,35.6543148502486,139.73660945892334,339,4,30,48,40,<a_30><b_48><c_40>
4b20586bf964a520e53024e3,35.653623,139.6157852,7,6,27,22,37,<a_27><b_22><c_37>
4facf155e4b068aefd8c4a59,35.70357629638829,139.77171502271403,109,13,31,10,17,<a_31><b_10><c_17>
4caafb0f97c8a1cd7af496a5,35.73027959078595,139.71140205860138,78,4,14,13,2,<a_14><b_13><c_2>
4ba305aaf964a520442838e3,35.683305038295295,139.73807677925944,33,10,30,55,55,<a_30><b_55><c_55>
4e14809ca809548274ac3f84,35.76142512627807,139.70609323381478,289,11,44,13,57,<a_44><b_13><c_57>
4c0f742698102d7f2f32e506,35.659911417731024,139.70094680786133,13,7,44,5,40,<a_44><b_5><c_40>
4b5baad8f964a520cb0e29e3,35.70419828655895,139.5801655948162,249,7,45,50,36,<a_45><b_50><c_36>
4d134c58d1848cfaf2a7c271,35.56240800217049,139.71692204475403,142,32,51,59,45,<a_51><b_59><c_45>
4b53afbff964a520cfa727e3,35.704970406176095,139.70896661281586,150,5,30,9,48,<a_30><b_9><c_48>
4b640169f964a520ec9a2ae3,35.674136440282616,139.76321160793304,164,6,52,14,11,<a_52><b_14><c_11>
4b892fd5f964a520a62132e3,35.70985648,139.6677178,320,10,10,47,46,<a_10><b_47><c_46>
4b6e6506f964a52096bb2ce3,35.69343901815916,139.70195531845093,298,10,18,41,9,<a_18><b_41><c_9>
4c9868a92778224ba8eca368,35.6936590319099,139.6972614526749,64,5,30,15,34,<a_30><b_15><c_34>
4ba1fca2f964a52002d537e3,35.72797156603984,139.77124750614166,360,10,9,48,37,<a_9><b_48><c_37>
4c32a08466e40f47eddfc68b,35.67348277238681,139.73909854888916,289,5,51,47,21,<a_51><b_47><c_21>
4d9313e2f10ea093314e201e,35.735661818828035,139.803364276886,320,28,31,46,47,<a_31><b_46><c_47>
4b7a81fbf964a520402f2fe3,35.70666054882758,139.84330236911774,150,8,61,16,15,<a_61><b_16><c_15>
4b797f67f964a520d7fc2ee3,35.528078550000004,139.700413,42,29,31,31,12,<a_31><b_31><c_12>
4b5dd8b2f964a5205b6f29e3,35.79719191007763,139.5664340257645,302,4,10,25,51,<a_10><b_25><c_51>
4e676b2218385016284ef87f,35.68621754932827,139.76602412867626,302,11,20,39,38,<a_20><b_39><c_38>
4d78504e4b30a1433e3791cb,35.77180622952462,139.7219032774273,129,16,44,11,61,<a_44><b_11><c_61>
4cd548fc89eb6dcb928f271e,35.67288114,139.803011,248,12,35,50,15,<a_35><b_50><c_15>
4b5e7815f964a520f68f29e3,35.66521232174923,139.71245348453522,289,5,30,23,9,<a_30><b_23><c_9>
4b632968f964a5206c672ae3,35.65865069872776,139.7091878950596,59,3,30,3,40,<a_30><b_3><c_40>
4e72bd34a8095a7c41feac06,35.688676987662376,139.69728291034698,237,2,30,58,46,<a_30><b_58><c_46>
4b748132f964a5209de02de3,35.772486,139.51995744,249,21,30,21,55,<a_30><b_21><c_55>
4dbcb023a86e0e98a1eaf2c5,35.72642994244674,139.56439018249512,215,6,49,6,40,<a_49><b_6><c_40>
4c786e003badb1f7bbf34b54,35.67242682071212,139.9014550718957,33,6,30,37,55,<a_30><b_37><c_55>
4da3ab379aa4721e4aef281a,35.64927586054533,139.5415323972702,153,8,48,25,58,<a_48><b_25><c_58>
4bef30a45e4aa59391b458bb,35.64905463463902,139.54132184386253,320,10,61,56,35,<a_61><b_56><c_35>
4f751d1fe4b0e09b8aa00420,35.62480870495168,139.77458953857422,369,43,44,51,38,<a_44><b_51><c_38>
4b9c626ff964a5209b6436e3,35.57361797510402,139.74167346954346,139,6,61,10,45,<a_61><b_10><c_45>
4bfbc423565f76b000ea05db,35.60429427799738,139.70633758406638,139,2,30,8,40,<a_30><b_8><c_40>
4eb1ffab0cd6e32c7422d967,35.777418328320394,139.72040355205536,7,5,8,22,0,<a_8><b_22><c_0>
4b14d1e9f964a520caa623e3,35.66046930950242,139.7292709350586,68,7,21,3,41,<a_21><b_3><c_41>
4c0af677ed259521833a1356,35.83618505037661,139.62112426757812,139,8,9,8,15,<a_9><b_8><c_15>
4f500dd6e4b0749a942147b6,35.70627815266385,139.68442487628295,78,26,53,3,61,<a_53><b_3><c_61>
4be440f82468c928a47bfe42,35.7774213504528,139.72111018098985,78,13,20,1,19,<a_20><b_1><c_19>
4ed16c31be7b9eece13e387d,35.69097250887648,139.70019422682358,322,10,31,46,11,<a_31><b_46><c_11>
4c1eb4d08b3aa593798a9c5f,35.65610631756425,139.69815731048584,149,5,16,39,1,<a_16><b_39><c_1>
4ea3b2f0a17c50a15cd796ac,35.7373338932855,139.7617471218109,78,13,61,51,14,<a_61><b_51><c_14>
4d073fe89d33a143cec0ca78,35.562619649115234,139.71857964992523,109,3,30,18,3,<a_30><b_18><c_3>
4b638fa4f964a5207a832ae3,35.66198795899387,139.708601611926,292,5,48,35,18,<a_48><b_35><c_18>
4b559d29f964a5201be927e3,35.656416,139.736449,236,3,30,35,57,<a_30><b_35><c_57>
4d6b514f2eaba35da721350d,35.84405617382336,139.6292245388031,30,11,44,29,0,<a_44><b_29><c_0>
4c82023c47cc224b0de2819f,35.76512698653267,139.85087156295776,248,9,35,50,34,<a_35><b_50><c_34>
4f543b42e4b07e4c64a76f38,35.70913754211642,139.76992782358036,225,12,48,25,4,<a_48><b_25><c_4>
4b206345f964a520ad3124e3,35.69192885789102,139.69379536807537,90,11,48,22,45,<a_48><b_22><c_45>
4facff666d866e7143cac536,35.66725086965674,139.69667673110962,274,22,61,20,33,<a_61><b_20><c_33>
4b5a95eaf964a5209ccc28e3,35.53495243810394,139.705211520195,236,6,48,8,56,<a_48><b_8><c_56>
4b63e4fdf964a52010962ae3,35.69726412126917,139.81018781661987,369,11,20,54,29,<a_20><b_54><c_29>
4fadf288e4b097c37e1fcb6d,35.67813491821289,139.79434204101562,146,3,30,44,27,<a_30><b_44><c_27>
4cb2443caef16dcb1818c054,35.64052226,139.5209169,320,3,30,9,4,<a_30><b_9><c_4>
4b07e10ef964a520b10023e3,35.6900319950868,139.7058928012848,149,7,52,27,0,<a_52><b_27><c_0>
4b5687b6f964a520261428e3,35.69200128959891,139.6939730644226,236,11,18,15,15,<a_18><b_15><c_15>
4b59aacaf964a520ba9128e3,35.56835354125326,139.55259382724762,150,12,61,48,3,<a_61><b_48><c_3>
4b629b4df964a520bf4c2ae3,35.70128215854757,139.77170004596158,149,6,49,2,45,<a_49><b_2><c_45>
4b71e808f964a52060632de3,35.66576037047686,139.73013997077942,146,4,30,58,59,<a_30><b_58><c_59>
4f97d2a6e4b0b093e48373bc,35.658754771687555,139.70265249046815,302,11,44,7,53,<a_44><b_7><c_53>
4b63a330f964a520dc882ae3,35.65187385687089,139.7250759601593,139,10,51,14,24,<a_51><b_14><c_24>
4c4c001b712ac9289b52b16d,35.6691248496037,139.69632804393768,139,8,61,61,19,<a_61><b_61><c_19>
4c6f62d3b5a5236a974a4d52,35.70185356719192,139.7712206840515,294,8,18,13,17,<a_18><b_13><c_17>
4f6d9414e4b03b3f39717881,35.71116016113324,139.81506943702698,296,6,48,33,58,<a_48><b_33><c_58>
4baa3202f964a5203f523ae3,35.7122124812954,139.7772267239463,33,8,61,7,38,<a_61><b_7><c_38>
4b6e64e2f964a52092bb2ce3,35.535961,139.67533813333333,288,11,9,3,45,<a_9><b_3><c_45>
4f83f0a27716785a16452fa1,35.62524474974696,139.7757053375244,7,5,57,17,47,<a_57><b_17><c_47>
4b6154f1f964a52056102ae3,35.67375731355513,139.76512402296066,284,15,51,24,33,<a_51><b_24><c_33>
4b64d9acf964a520dfd42ae3,35.571058,139.685889,150,8,24,7,4,<a_24><b_7><c_4>
4e81a8c50cd677d9b2a2cfc4,35.61444758116144,139.56621408462524,85,58,31,46,13,<a_31><b_46><c_13>
4da11c39b521224bee12eeed,35.59738387466808,139.71211750966646,157,6,24,6,15,<a_24><b_6><c_15>
4c9c3876d3c2b60c2f14b6bc,35.82236928778748,139.57520714502203,284,3,10,24,45,<a_10><b_24><c_45>
4b84a552f964a5209d3f31e3,35.576006380257155,139.57699841368435,153,5,18,5,35,<a_18><b_5><c_35>
4d41385a00e8a35dc62002fb,35.65920968895277,139.6991068124771,111,8,49,34,21,<a_49><b_34><c_21>
4fa7a9b0e4b0fd4c408edb28,35.57856481764923,139.6624476249954,54,2,30,13,42,<a_30><b_13><c_42>
4b8a2aacf964a520886232e3,35.53096022179986,139.70101922750473,65,10,24,35,22,<a_24><b_35><c_22>
4c78a18a794e224b240d6328,35.58227201356988,139.65352803468704,41,2,30,44,9,<a_30><b_44><c_9>
4b650944f964a520c5e02ae3,35.53157358232711,139.7000965476036,39,8,48,40,32,<a_48><b_40><c_32>
4c63debb86b6be9a5f848f34,35.72292193,139.65376,236,2,30,14,49,<a_30><b_14><c_49>
4e8ff3ab0aafb4070bbeec72,35.768968,139.823369,320,7,61,56,19,<a_61><b_56><c_19>
4b5e5a3af964a520e08a29e3,35.713886811296234,139.70444172620773,236,10,61,0,0,<a_61><b_0><c_0>
4f05a0a1f790d4c1a2cf4a29,35.67974904826333,139.7649121284485,90,6,61,42,1,<a_61><b_42><c_1>
4b94edacf964a5202d8834e3,35.70450865994141,139.66526806354523,31,7,51,54,12,<a_51><b_54><c_12>
4c2ef59466e40f471d29c18b,35.69946878,139.76901035,65,9,21,8,14,<a_21><b_8><c_14>
4fae44c2e4b05b8b55d2bb95,35.67073452897845,139.74242771553875,304,2,28,16,39,<a_28><b_16><c_39>
4b5bdcccf964a5205c1a29e3,35.84650432534296,139.6691358089447,112,8,48,61,4,<a_48><b_61><c_4>
4b91f25ef964a52098e033e3,35.69776079,139.777348,247,3,11,33,21,<a_11><b_33><c_21>
4c81e7e0d8086dcbf4e27152,35.721497853009865,139.47982549667358,47,1,30,46,3,<a_30><b_46><c_3>
4bed0d206e8c20a14adb6f61,35.69711599996218,139.8136156797409,146,9,24,14,36,<a_24><b_14><c_36>
4ee0a8cb0e61e7dd0d89b3b3,35.70544224901632,139.6181927492757,159,3,30,39,15,<a_30><b_39><c_15>
4c50435b371520a1abdf04c1,35.68099387748013,139.77086634603052,52,7,45,1,12,<a_45><b_1><c_12>
4b0587b4f964a52096a022e3,35.69633182375299,139.70069736242294,265,6,48,10,46,<a_48><b_10><c_46>
4e4786fb483b03d090ef465d,35.688982,139.796265,149,6,48,4,19,<a_48><b_4><c_19>
4b6c0836f964a52097202ce3,35.69541694176286,139.70316767692566,236,2,30,13,59,<a_30><b_13><c_59>
4c773a4159a3236a3260c118,35.763873371843545,139.6638786792755,251,12,51,41,5,<a_51><b_41><c_5>
4e6c6098d22d0f509611144b,35.64951649746714,139.54176524252955,38,10,9,32,35,<a_9><b_32><c_35>
4bfe86f68992a59320a3adb0,35.65805392092191,139.70321596082408,42,6,19,36,41,<a_19><b_36><c_41>
4bef27002ff520a17733e8a2,35.65884507498737,139.5184721412933,260,1,30,23,20,<a_30><b_23><c_20>
4b409a97f964a52044b925e3,35.66267850084596,139.65550750494003,78,9,20,11,34,<a_20><b_11><c_34>
4b5eaa04f964a520519529e3,35.532047241874345,139.69918459653854,33,3,17,17,46,<a_17><b_17><c_46>
4b7fa9baf964a520913830e3,35.53128820607622,139.69716766118074,236,5,48,49,40,<a_48><b_49><c_40>
4b6e6dc0f964a52021bd2ce3,35.551235741213,139.67544436454773,150,10,49,47,19,<a_49><b_47><c_19>
4b6e64c4f964a5208dbb2ce3,35.67367403117376,139.76002432043387,150,7,10,49,36,<a_10><b_49><c_36>
4b5e7d7bf964a520b79029e3,35.61845907826733,139.727588519454,320,3,30,23,36,<a_30><b_23><c_36>
4b7ce854f964a520f1a82fe3,35.75939621531338,139.51170719469482,298,9,9,42,3,<a_9><b_42><c_3>
4be128a3a7380f47086819b0,35.60419415474161,139.64971661567688,150,3,48,19,57,<a_48><b_19><c_57>
4b9c5618f964a520a06036e3,35.721210038464655,139.7576036044131,201,2,48,2,33,<a_48><b_2><c_33>
4b5f9dd0f964a520d1c429e3,35.65740040757024,139.54764342831209,47,1,30,3,47,<a_30><b_3><c_47>
4b5f704ef964a5205fba29e3,35.62361475086852,139.74745792700105,248,8,19,42,35,<a_19><b_42><c_35>
4b8a2d6cf964a520e56232e3,35.668529974688745,139.78329598903656,139,5,10,29,45,<a_10><b_29><c_45>
4b7a69a5f964a520292c2fe3,35.69189429264127,139.69765628897363,302,8,48,47,18,<a_48><b_47><c_18>
4b56d1eef964a520161c28e3,35.666048012836406,139.5030641555786,78,25,31,53,46,<a_31><b_53><c_46>
4b5e6123f964a520298c29e3,35.713329292971295,139.76179003715515,195,6,48,57,45,<a_48><b_57><c_45>
4b89fefdf964a520ba5a32e3,35.53180713830586,139.69867765903473,88,16,11,39,45,<a_11><b_39><c_45>
4b64f64ef964a52085dc2ae3,35.7739557,139.7702986,78,7,24,59,62,<a_24><b_59><c_62>
4c8f81d158668cfa00a1daec,35.7287902692643,139.71035599708557,249,6,48,49,31,<a_48><b_49><c_31>
4f3369ffe4b00df482467df6,35.530167866562024,139.69791859388351,299,9,31,22,45,<a_31><b_22><c_45>
4b70a7e7f964a520e9272de3,35.73190932080286,139.83496002852917,78,45,9,48,42,<a_9><b_48><c_42>
4b63c135f964a520fd8f2ae3,35.64910585448466,139.54301297664642,150,6,44,8,11,<a_44><b_8><c_11>
4b56c484f964a520bb1a28e3,35.700590243453455,139.57817137241364,33,8,49,25,38,<a_49><b_25><c_38>
4faf39dee4b05b8b563113fd,35.80517098360264,139.80510758478138,82,10,9,29,55,<a_9><b_29><c_55>
4b56dd34f964a520651d28e3,35.52990374641056,139.6967625617981,277,7,10,25,19,<a_10><b_25><c_19>
4d16e7a7f57860fc7888c69d,35.70011869529181,139.7456062962219,31,7,48,27,49,<a_48><b_27><c_49>
4b2ee999f964a52033e824e3,35.695345057733185,139.69054520130155,29,7,61,29,2,<a_61><b_29><c_2>
4b8623e3f964a520fd8031e3,35.61307820764718,139.6268105506897,249,3,10,14,46,<a_10><b_14><c_46>
4b6533cff964a520b3e82ae3,35.648991026529686,139.7447230628354,47,5,51,33,12,<a_51><b_33><c_12>
4b6801c5f964a520b1632be3,35.62928677180121,139.68319326639175,16,3,48,41,7,<a_48><b_41><c_7>
4bd7bf9835aad13a0da38ff3,35.847439212288954,139.7378432750702,289,6,61,29,35,<a_61><b_29><c_35>
4b55acbff964a52061eb27e3,35.69211589,139.58913889,78,8,24,30,61,<a_24><b_30><c_61>
4dc358a0c65b89d3ca3a103f,35.695709,139.759875,149,7,48,10,27,<a_48><b_10><c_27>
4b64112af964a520989d2ae3,35.78004112,139.720823,54,8,48,42,57,<a_48><b_42><c_57>
4f7801d6e4b0a35da4d41d7e,35.69899746438028,139.77300802990823,258,3,48,18,3,<a_48><b_18><c_3>
4bef4875d1b7d13aa89bcdec,35.64342164,139.809876,289,4,10,28,4,<a_10><b_28><c_4>
4e22273d62e1964dbb6f45c7,35.61169136599171,139.62146759033203,248,20,13,48,15,<a_13><b_48><c_15>
4c6c9ab423c1a1cd8e3d1acf,35.67440226369569,139.47313606739044,65,5,10,10,35,<a_10><b_10><c_35>
4dc3cbc0d4c0ad9c0f5d6f32,35.524647,139.68808031,10,13,51,22,6,<a_51><b_22><c_6>
4c11a000d41e76b070d5310d,35.56017803853671,139.55862879753113,184,5,10,6,33,<a_10><b_6><c_33>
4b6cd856f964a520a4582ce3,35.70470904071134,139.7532820701599,152,9,9,29,16,<a_9><b_29><c_16>
4f631effe4b08383b04be532,35.60151222446419,139.60666179891868,47,6,52,2,33,<a_52><b_2><c_33>
4b5b9fa6f964a520c00b29e3,35.63890046909202,139.749516248703,248,8,61,43,25,<a_61><b_43><c_25>
4b763ddff964a520ce442ee3,35.65553749835443,139.70034062862396,149,3,35,13,37,<a_35><b_13><c_37>
4b5c1fdaf964a520dc2429e3,35.71129083339696,139.47782456874847,36,19,51,10,36,<a_51><b_10><c_36>
4c82281147cc224b1be4829f,35.70218681994492,139.77041602134705,269,2,10,13,50,<a_10><b_13><c_50>
4b1055faf964a520226e23e3,35.698815021961416,139.77229356765747,224,7,18,29,45,<a_18><b_29><c_45>
4b662f5ff964a52003182be3,35.52427017648774,139.69326376980345,87,5,44,47,0,<a_44><b_47><c_0>
4d846161e83fa143c14d62a1,35.698102592554775,139.7711259399643,65,12,8,39,18,<a_8><b_39><c_18>
4faf7419e4b0fd09a9855332,35.5326876245068,139.61300951669293,41,8,51,13,12,<a_51><b_13><c_12>
4e2a13961f6ebe544244cbd5,35.716658445927635,139.48023389188612,248,65,31,46,61,<a_31><b_46><c_61>
4f841c23e4b0ecbe71173110,35.55314532645907,139.73358147977086,230,77,31,29,41,<a_31><b_29><c_41>
4b641db1f964a520ca9f2ae3,35.737499357077844,139.65252220630646,236,9,8,25,2,<a_8><b_25><c_2>
4f4f248ee4b0e52480e5c940,35.69399795788296,139.70127624914932,111,5,10,1,14,<a_10><b_1><c_14>
4d7c293034f7721e8508c125,35.69994768318275,139.77257251739502,21,5,19,34,45,<a_19><b_34><c_45>
4cd7e16915d8b60cdfff620e,35.650888720558626,139.54271256923676,224,8,48,10,49,<a_48><b_10><c_49>
4b9f8ca2f964a5209a2a37e3,35.77812336892307,139.7199046611786,82,4,61,34,43,<a_61><b_34><c_43>
4d8ed275d4ec8cfa3ee17d89,35.53588007063811,139.66730654239657,65,12,20,20,24,<a_20><b_20><c_24>
4b6a35b0f964a52035cd2be3,35.700960530071164,139.77067083120346,29,7,18,36,47,<a_18><b_36><c_47>
4b63e98df964a520dd962ae3,35.65929250198666,139.79360103607178,33,3,30,34,21,<a_30><b_34><c_21>
4c1990a16e02b71314c5627b,35.69366838339692,139.70096709789405,249,6,30,39,62,<a_30><b_39><c_62>
4b5ef154f964a520e79e29e3,35.635899855284784,139.6934299170971,247,6,8,3,39,<a_8><b_3><c_39>
4b442c17f964a52057f225e3,35.647015373830335,139.7483900014131,249,6,48,42,30,<a_48><b_42><c_30>
4bc596f96c26b7130d73ebf3,35.838372,139.66208906,237,3,48,20,59,<a_48><b_20><c_59>
4e2ad203483bb05f0597273a,35.698238,139.77543,247,6,48,13,62,<a_48><b_13><c_62>
4d892b80f607a0938928e586,35.535862609418885,139.66719388961792,47,11,61,2,22,<a_61><b_2><c_22>
4b7263aef964a52081792de3,35.704773822968626,139.65043761911912,149,9,45,41,19,<a_45><b_41><c_19>
4faf98e2e4b09f9a2ac100b2,35.74320563129795,139.60782674052555,54,10,8,51,59,<a_8><b_51><c_59>
4b7f81f0f964a520223230e3,35.68583531856602,139.81643736362457,47,16,51,1,35,<a_51><b_1><c_35>
4b5ab23ff964a52026d128e3,35.66181934787509,139.70019042491913,149,4,10,41,9,<a_10><b_41><c_9>
4e14759a45dd91b5f72ef138,35.57808581829864,139.57293033599854,150,8,35,38,2,<a_35><b_38><c_2>
4b0b3d37f964a520412f23e3,35.685766841531574,139.69101029976176,90,17,21,42,49,<a_21><b_42><c_49>
4bbc53e2afe1b713c141304b,35.69790888140009,139.70746994018555,297,17,31,5,29,<a_31><b_5><c_29>
4dca0771d4c07b35010d8994,35.70652346423267,139.69437557980044,320,6,48,13,35,<a_48><b_13><c_35>
4b753fa8f964a520bf022ee3,35.71015833332733,139.56187427043915,153,9,20,46,15,<a_20><b_46><c_15>
4bd665a46798ef3b482c658d,35.776371,139.722189,33,5,48,2,20,<a_48><b_2><c_20>
4f3d88c0e4b055e9688a5262,35.775772804536714,139.726884066015,6,16,61,47,13,<a_61><b_47><c_13>
4d54be39e7f1a1cd7ac3f2a4,35.75306854615859,139.5474146554063,251,10,61,51,4,<a_61><b_51><c_4>
4c5268a899ecc9b6e69ae15a,35.69601128709995,139.77551924010206,320,8,30,2,59,<a_30><b_2><c_59>
4c2822c69fb5d13a85389957,35.60823113888871,139.74843572561093,320,11,10,60,5,<a_10><b_60><c_5>
4dd2477b091ab7140d20a194,35.71735164424412,139.78484110133633,103,19,61,60,33,<a_61><b_60><c_33>
4c440d428c1f20a172e33b99,35.674092862589475,139.7410887479782,68,7,29,1,28,<a_29><b_1><c_28>
4ca7fd13b0b8236a466dafe6,35.727980197942244,139.56426169040483,207,20,24,41,22,<a_24><b_41><c_22>
4cc40054c844721e13bde601,35.695126,139.763418,275,8,48,9,22,<a_48><b_9><c_22>
4b638188f964a5203e7f2ae3,35.70705538310949,139.69206722634436,320,7,48,36,13,<a_48><b_36><c_13>
4bea6d01415e20a12300e5bb,35.86049277862334,139.65303987264633,302,9,48,13,62,<a_48><b_13><c_62>
4d9a99c073df8cfaf953e3ec,35.68969840619973,139.78735281152024,244,6,30,17,29,<a_30><b_17><c_29>
4b6b7959f964a520150b2ce3,35.62857366277127,139.74205348255416,320,18,10,2,45,<a_10><b_2><c_45>
4b567a65f964a5203b1228e3,35.624331,139.72404,56,3,30,9,29,<a_30><b_9><c_29>
4b8601caf964a520457d31e3,35.705349384577936,139.7588288784027,236,2,30,16,9,<a_30><b_16><c_9>
4b722c2ef964a5207f722de3,35.61955853894632,139.73092317581177,111,9,30,9,52,<a_30><b_9><c_52>
4bce55efc564ef3bda32eef0,35.71013951383199,139.71672090846204,186,8,61,2,16,<a_61><b_2><c_16>
4b70f526f964a520c0352de3,35.64240558395492,139.71343517303467,224,5,30,58,59,<a_30><b_58><c_59>
4b60182bf964a520aed529e3,35.699495,139.764492,39,10,18,14,22,<a_18><b_14><c_22>
4cc2a3b21e596dcb2777c467,35.697778187200235,139.7733771800995,65,9,18,22,41,<a_18><b_22><c_41>
4bb70369941ad13aef3920e3,35.673182083357,139.7636890411377,163,16,31,53,50,<a_31><b_53><c_50>
4e4f057852b1e893ad55dc91,35.714280357813465,139.77856478650767,104,13,31,42,46,<a_31><b_42><c_46>
4b972d57f964a5201ffb34e3,35.66885356104398,139.65028256177902,29,13,49,41,22,<a_49><b_41><c_22>
4bb83579cf2fc9b654659f02,35.53489132311334,139.70199957489967,103,7,48,41,2,<a_48><b_41><c_2>
4b67e8b0f964a520c5602be3,35.70079499038405,139.74211603403091,150,7,61,9,9,<a_61><b_9><c_9>
4f59c04fe4b0357e5cf78362,35.587936880929,139.71187949180603,38,8,51,30,60,<a_51><b_30><c_60>
4df3f87a45dd4e269342b05c,35.66646603461012,139.72767474547788,289,2,30,58,9,<a_30><b_58><c_9>
4b6a64b2f964a5204bd42be3,35.648904212564545,139.70219872620606,153,11,10,15,62,<a_10><b_15><c_62>
4b550c44f964a52031d927e3,35.67523245260541,139.7608329114883,90,5,16,19,1,<a_16><b_19><c_1>
4b556739f964a52078e327e3,35.69385726160119,139.7033393383026,77,6,61,28,13,<a_61><b_28><c_13>
4b637b97f964a520597d2ae3,35.56020858640292,139.7178715467453,152,3,48,61,52,<a_48><b_61><c_52>
4b41bd4cf964a520a6c825e3,35.60883474530835,139.72613275051117,78,21,44,50,34,<a_44><b_50><c_34>
4b64d13bf964a5206fd22ae3,35.560798,139.717662,148,7,61,2,13,<a_61><b_2><c_13>
4b910e19f964a5204ba133e3,35.77944938932249,139.7249560496022,47,10,48,3,38,<a_48><b_3><c_38>
4b6ac16ef964a52005df2be3,35.694163138443194,139.70044852522258,236,3,30,29,8,<a_30><b_29><c_8>
4b642833f964a520b1a12ae3,35.72995986238179,139.7109056234566,52,12,48,32,23,<a_48><b_32><c_23>
4c95e6ce82b56dcb38f1dcaa,35.73185162217999,139.7190597653389,294,8,9,17,33,<a_9><b_17><c_33>
4d8754f1f1e56ea82fd0ad8a,35.55367724396877,139.73511313620617,33,67,31,29,51,<a_31><b_29><c_51>
4c80b9672f1c236adf062943,35.65885,139.891091,201,12,24,13,12,<a_24><b_13><c_12>
4b56f830f964a520222128e3,35.561840152838045,139.71882574260235,236,7,48,18,21,<a_48><b_18><c_21>
4b63d36df964a5202e932ae3,35.699529471682304,139.77095246315002,65,8,48,15,43,<a_48><b_15><c_43>
4b60dbb7f964a5200cfe29e3,35.67458773583328,139.761272150751,320,8,30,33,62,<a_30><b_33><c_62>
4da1919e9935a093a7a6a26f,35.69653658161815,139.81443107128143,47,9,10,47,18,<a_10><b_47><c_18>
4b8cbd7af964a520eadb32e3,35.53680769244556,139.63508784770966,16,6,48,13,62,<a_48><b_13><c_62>
4da56eaa0437667c9b2b1bf4,35.619309976029854,139.70298796892166,236,7,55,15,34,<a_55><b_15><c_34>
4b923633f964a52093ec33e3,35.70246126234266,139.56095963716507,39,6,49,61,40,<a_49><b_61><c_40>
4b65687bf964a520b4ef2ae3,35.67286178292706,139.47986841201782,72,4,48,46,20,<a_48><b_46><c_20>
4c04e8af39d476b01f0a32a7,35.63091311568298,139.641991853714,47,10,51,49,1,<a_51><b_49><c_1>
4b77587ef964a520d6932ee3,35.657848879363954,139.5694257006319,156,4,30,53,49,<a_30><b_53><c_49>
4c5dece5d25320a1f884c77a,35.55273273995492,139.7880220413208,272,5,53,10,46,<a_53><b_10><c_46>
4fb11683e4b078fd5bf5ad9a,35.576562396297994,139.65554940780447,318,11,48,13,19,<a_48><b_13><c_19>
4fb11a3de4b09cca626ba652,35.69071698330187,139.70882602469135,320,7,49,58,19,<a_49><b_58><c_19>
4b8f2ea8f964a520a84c33e3,35.66566660945488,139.89395585905385,236,5,8,34,39,<a_8><b_34><c_39>
4b56f0c8f964a520fc1f28e3,35.572972211530725,139.66322422027588,320,10,30,17,55,<a_30><b_17><c_55>
4cb5461156fca1cd69f94d18,35.5784084319257,139.70040887235257,299,23,48,41,12,<a_48><b_41><c_12>
4bd025accaff95211b47cef0,35.62631100297577,139.7239933119827,299,24,48,42,52,<a_48><b_42><c_52>
4ebf5a195c5c3d470c8d20e4,35.62724641335589,139.73951375042998,68,22,13,42,2,<a_13><b_42><c_2>
4ba79e8cf964a52001a339e3,35.658434839031365,139.7785548008546,320,13,30,21,59,<a_30><b_21><c_59>
4b680989f964a520c7642be3,35.625713607297,139.7134291675527,249,3,48,14,46,<a_48><b_14><c_46>
4e4d9eaa2271a1bdc3c59809,35.706793,139.760601,249,8,10,28,4,<a_10><b_28><c_4>
4fad7a7c121d27340b446691,35.8041706703585,139.80441570281982,184,32,9,44,21,<a_9><b_44><c_21>
4c73266d376da093277fa8c6,35.666874,139.601274,30,4,10,58,53,<a_10><b_58><c_53>
4b581f40f964a520884b28e3,35.61198792534785,139.62863445281982,47,6,13,34,9,<a_13><b_34><c_9>
4dc080406e8124d25dcec7ff,35.78399193649636,139.67240676283836,47,6,20,31,21,<a_20><b_31><c_21>
4b970e98f964a520d5f534e3,35.69232804836567,139.71478164196014,47,4,30,25,14,<a_30><b_25><c_14>
4b698217f964a5202ea52be3,35.65293308280214,139.5443969964981,109,8,10,47,57,<a_10><b_47><c_57>
4b77c3bbf964a520b0a92ee3,35.63109188068649,139.63777273893356,109,27,31,56,63,<a_31><b_56><c_63>
4bdeee9217fdef3b59b04e36,35.630786671902506,139.79060232639313,61,6,30,37,25,<a_30><b_37><c_25>
4b7295cbf964a520787f2de3,35.65829120253399,139.70379938268744,236,3,30,55,34,<a_30><b_55><c_34>
4bd900152e6f0f4791850908,35.73770727490835,139.7112062573433,236,4,30,6,24,<a_30><b_6><c_24>
4b5a3f18f964a52042b728e3,35.695604275596324,139.70087975263596,166,24,61,26,18,<a_61><b_26><c_18>
4f7da0bae4b026d7f1da76f7,35.70002882618191,139.7735272376266,90,24,31,15,14,<a_31><b_15><c_14>
4b88f2a0f964a520d11432e3,35.572176,139.730502,47,6,30,49,59,<a_30><b_49><c_59>
4fab8e5ce4b024d2007199cd,35.572083,139.730916,110,16,10,54,12,<a_10><b_54><c_12>
4b820d48f964a52022c930e3,35.68400617473024,139.74060997366905,236,7,10,2,33,<a_10><b_2><c_33>
4cd69c0ea5b34688a5b39450,35.6658171022458,139.89239009797296,30,8,30,15,34,<a_30><b_15><c_34>
4c8864c0bbec6dcba1d3d358,35.64720960851579,139.694402217865,16,2,30,58,31,<a_30><b_58><c_31>
4b7968c0f964a52004f82ee3,35.73530093861229,139.74113537430205,47,6,48,2,14,<a_48><b_2><c_14>
4da6cb10a86e2156816b9d60,35.57332768216413,139.56883365713605,89,8,24,16,57,<a_24><b_16><c_57>
4b5c1c14f964a520582429e3,35.705090198394394,139.66583400964737,299,7,27,2,7,<a_27><b_2><c_7>
4baec495f964a52060d63be3,35.70755570007214,139.7313952445984,236,5,10,13,46,<a_10><b_13><c_46>
4b33251af964a520d51725e3,35.663807861613776,139.7302794456482,52,2,30,58,46,<a_30><b_58><c_46>
4b70baf6f964a520ef2b2de3,35.706386120885405,139.49972212314606,72,14,9,47,58,<a_9><b_47><c_58>
4b5bc939f964a520271629e3,35.72661829212688,139.69514921307564,236,9,13,50,21,<a_13><b_50><c_21>
4bd46acf29eb9c74258091e1,35.84013375578714,139.69522297382355,236,10,48,38,19,<a_48><b_38><c_19>
4c542c5706901b8d45d1574b,35.655807742468845,139.6939355134964,47,7,30,37,3,<a_30><b_37><c_3>
4ef2f6d8a17c40e85ae073f1,35.56499136582472,139.7274899482727,289,12,1,30,41,<a_1><b_30><c_41>
4e90f613d3e3187fc322232d,35.656379719244555,139.47815746866087,139,17,13,15,53,<a_13><b_15><c_53>
4b7c136df964a520787b2fe3,35.59601577,139.7112358,320,11,30,29,35,<a_30><b_29><c_35>
4b2acea4f964a52007b024e3,35.69103407580367,139.6994984149933,146,10,20,11,43,<a_20><b_11><c_43>
4f55d4ace4b05b4bc3afe877,35.536750800875026,139.63395935215453,322,10,51,30,37,<a_51><b_30><c_37>
4b6474ebf964a520a0b42ae3,35.69100641,139.7143484,320,6,30,55,47,<a_30><b_55><c_47>
4b55774ff964a5200ae527e3,35.66236088227685,139.73129332065582,39,7,61,8,19,<a_61><b_8><c_19>
4be4b1382457a5930aa1aa15,35.688195540575656,139.7272351384163,236,6,10,33,33,<a_10><b_33><c_33>
4bd275facaff95217703d3f0,35.68729651925395,139.4806611077357,186,13,30,9,60,<a_30><b_9><c_60>
4ee0421993ad1adedbb65a1a,35.74701552883572,139.8550790883404,302,6,28,2,22,<a_28><b_2><c_22>
4fb32a2fe4b06ee05ae0b3cd,35.62401703489411,139.72289590994308,236,2,30,23,42,<a_30><b_23><c_42>
4c02ea92187ec92861f5b47b,35.68982722052159,139.69869911670685,150,15,20,31,26,<a_20><b_31><c_26>
4bd2e9b041b9ef3b01dcfee5,35.58849527511025,139.7304081916809,164,7,61,50,1,<a_61><b_50><c_1>
4b6e5c29f964a5201aba2ce3,35.69593319789041,139.75811004638672,297,23,44,10,56,<a_44><b_10><c_56>
4d771a02926a6dcb83c34300,35.7136534,139.752211975,30,11,61,58,30,<a_61><b_58><c_30>
4e2a1455227197a112cb14c2,35.62058854979448,139.59695484923975,71,9,1,6,29,<a_1><b_6><c_29>
4b5e5066f964a520278929e3,35.70027876573162,139.77403163909912,320,9,44,45,35,<a_44><b_45><c_35>
4fb353f6e4b083029d7bbb17,35.662199,139.585212,91,11,10,24,9,<a_10><b_24><c_9>
4fb34da0e4b00cf2a9975456,35.72919730510024,139.71889056502047,162,9,49,54,46,<a_49><b_54><c_46>
4b701b85f964a52063072de3,35.66032983692497,139.79403018951416,320,14,48,61,40,<a_48><b_61><c_40>
4fb30a73e4b040288988b9b0,35.66550759300235,139.75903272628784,149,7,48,6,0,<a_48><b_6><c_0>
4e44e34a62e1b6355ab1b33e,35.794126239397016,139.7896498958206,39,11,30,9,8,<a_30><b_9><c_8>
4d5a68cc35966dcbce4c6028,35.662649,139.735373,42,4,30,6,59,<a_30><b_6><c_59>
4fa39809e4b0cbe2de9d4e06,35.70235467255875,139.57956101799917,30,8,24,61,18,<a_24><b_61><c_18>
4ba3010ef964a520592738e3,35.66049382614123,139.6684317290783,258,12,51,55,38,<a_51><b_55><c_38>
4b6311a2f964a520d4602ae3,35.569314,139.655037,33,3,30,8,49,<a_30><b_8><c_49>
4b15cdcaf964a5207eb423e3,35.66697477395476,139.75967493264488,249,6,48,24,8,<a_48><b_24><c_8>
4b615aa7f964a520e2102ae3,35.646196954394895,139.62062270225786,157,12,19,16,24,<a_19><b_16><c_24>
4b67a3ecf964a52022592be3,35.732601,139.716026,236,3,60,2,52,<a_60><b_2><c_52>
4f509953e4b044218ffe9b9f,35.69534834861335,139.7570545897703,42,3,10,2,57,<a_10><b_2><c_57>
4ee6a4ebe30005f8b9ef8e44,35.69649737270593,139.69118356704712,149,14,11,34,14,<a_11><b_34><c_14>
4b7688bdf964a520e1502ee3,35.829226500872785,139.73493576049805,47,5,35,61,35,<a_35><b_61><c_35>
4bd2853f046076b050487471,35.71590342704305,139.79215532541275,47,7,31,52,14,<a_31><b_52><c_14>
4b6d15a4f964a5202c662ce3,35.637531514326255,139.52377080917358,47,6,10,47,46,<a_10><b_47><c_46>
4de31382d22d2a4ecdd638e0,35.663467910993724,139.73177075386047,33,10,61,27,7,<a_61><b_27><c_7>
4d5653bfb4deb1f7f55f0f7a,35.7037665974487,139.5814419909498,118,2,30,6,59,<a_30><b_6><c_59>
4c0b29cdffb8c9b6c4f46c61,35.70145727,139.506548,299,23,31,11,2,<a_31><b_11><c_2>
4d732806d145a1cdb4c7bff3,35.69370141113399,139.72113512096763,298,13,61,0,52,<a_61><b_0><c_52>
4b5bd11ef964a520de1729e3,35.70213781227448,139.78074923157692,150,5,30,22,7,<a_30><b_22><c_7>
4d96c7dab188721e27b4ff36,35.83848029787286,139.80933355171948,150,2,30,29,59,<a_30><b_29><c_59>
4cf728e99d11b1f7cdd2c4ed,35.62304723947168,139.72232726415527,299,10,30,31,14,<a_30><b_31><c_14>
4e5b747c7d8b966a15e2565a,35.729648,139.710508,283,11,21,26,40,<a_21><b_26><c_40>
4cf6f4d6dc40a35d9afe4a54,35.69517732807865,139.6905130147934,289,13,30,14,31,<a_30><b_14><c_31>
4f87afbbe4b005979ca3fd23,35.561554341849394,139.57476928765877,194,9,51,8,2,<a_51><b_8><c_2>
4b4e8838f964a520b0f026e3,35.692842768685715,139.69391689332264,149,5,30,6,49,<a_30><b_6><c_49>
4cb03ad239458cfa440401a0,35.858178750768566,139.66161489486694,33,4,30,38,46,<a_30><b_38><c_46>
4b2cb6b5f964a520bec824e3,35.6991983860222,139.71815586090088,297,10,51,42,4,<a_51><b_42><c_4>
4f792e9de4b0b009efeb6ce5,35.684243807607174,139.74061644983823,68,14,20,17,22,<a_20><b_17><c_22>
4b6fbc9bf964a5203cfb2ce3,35.626679320341644,139.74106192588806,234,7,16,21,29,<a_16><b_21><c_29>
4b6f9365f964a52088f62ce3,35.531316,139.698649,47,4,19,34,17,<a_19><b_34><c_17>
4b9c7759f964a520ad6a36e3,35.750524197374055,139.7570961713791,236,7,30,9,33,<a_30><b_9><c_33>
4b05879af964a520ac9b22e3,35.68607583173909,139.76199388504028,291,13,22,50,33,<a_22><b_50><c_33>
4b788ea4f964a52094d62ee3,35.69299670784016,139.69535864781574,149,6,30,9,40,<a_30><b_9><c_40>
4e5a396963652d500d3989f6,35.690334799065525,139.83560979366302,299,10,19,50,12,<a_19><b_50><c_12>
4b88cc01f964a520d10d32e3,35.861604661826725,139.6453607082367,77,9,8,2,54,<a_8><b_2><c_54>
4b50117ff964a5202e1c27e3,35.662831589276216,139.70792591571808,39,9,18,8,2,<a_18><b_8><c_2>
4e755ba862e126351663d110,35.636077478541566,139.51894934559633,290,5,30,6,0,<a_30><b_6><c_0>
4e3cb4eed4c058f9dbfc31f0,35.6991440031811,139.77153030969777,39,11,51,15,8,<a_51><b_15><c_8>
4e4c8c2152b1075a638d21d8,35.71059935121059,139.7652504088746,203,9,18,27,51,<a_18><b_27><c_51>
4b5c1b45f964a5203b2429e3,35.7775239770986,139.71983326815786,298,12,61,2,5,<a_61><b_2><c_5>
4b5ce613f964a520f24929e3,35.749033077657145,139.75654900074005,153,4,10,22,17,<a_10><b_22><c_17>
4becc4af16e99c74e36f08e2,35.68325672779347,139.66375529766083,342,5,8,39,51,<a_8><b_39><c_51>
4b7c7f9ff964a5200a972fe3,35.625488,139.7241854667623,249,5,48,50,6,<a_48><b_50><c_6>
4b82a7a3f964a520c0dc30e3,35.66289260664705,139.66836869716644,150,9,10,38,48,<a_10><b_38><c_48>
4fb0e34de4b0df0ef8368449,35.69976310564026,139.76903424417637,320,10,21,47,9,<a_21><b_47><c_9>
4b5ac3c7f964a520b5d328e3,35.72982670063827,139.7156935930252,165,6,28,42,17,<a_28><b_42><c_17>
4b5aa231f964a520d0ce28e3,35.701263292557215,139.54489588737488,249,4,61,22,51,<a_61><b_22><c_51>
4ccb8626b5cdbfb7360586c1,35.69866428820991,139.77227415750687,149,9,48,45,49,<a_48><b_45><c_49>
4b974d99f964a520edfe34e3,35.705056,139.649844,21,8,61,60,35,<a_61><b_60><c_35>
4b4a8bd4f964a5205a8a26e3,35.66184277448959,139.73015539348123,249,5,48,36,35,<a_48><b_36><c_35>
4b64f247f964a52090db2ae3,35.68421096423828,139.481520652771,207,8,51,35,9,<a_51><b_35><c_9>
4b700834f964a52027042de3,35.68137378561468,139.76694761389294,360,24,48,10,62,<a_48><b_10><c_62>
4f223c20e4b04b5523273d4e,35.64303626649,139.67056348742025,269,3,30,34,55,<a_30><b_34><c_55>
4f773051d5fbf3ef1f494b1b,35.65893509775224,139.7033929824829,33,4,8,13,31,<a_8><b_13><c_31>
4ba97adaf964a520ae293ae3,35.73012200806771,139.71624708599606,33,5,61,13,2,<a_61><b_13><c_2>
4b5c4233f964a520d82829e3,35.65691486203587,139.700887799263,320,7,51,26,12,<a_51><b_26><c_12>
4b9352f0f964a520154034e3,35.688223861072935,139.79902982711792,232,1,30,58,9,<a_30><b_58><c_9>
4b0587b8f964a5202ca122e3,35.663759919947324,139.7105222940445,47,8,55,8,17,<a_55><b_8><c_17>
4facebb3e4b06d18cc2abb46,35.69871907158231,139.7741413064575,237,12,21,26,34,<a_21><b_26><c_34>
4b5c176df964a520d82329e3,35.657003,139.704553,237,8,55,2,20,<a_55><b_2><c_20>
4bbb0c39cf2fc9b6191ea202,35.69771284001997,139.82731640338898,78,9,31,48,37,<a_31><b_48><c_37>
4e97f1e7a17cc126ecf557e1,35.69355011428736,139.7026339173317,150,5,30,46,14,<a_30><b_46><c_14>
4b715033f964a520a4402de3,35.68237219706064,139.688640832901,111,4,13,15,13,<a_13><b_15><c_13>
4f9875cae4b0d1730d18fc06,35.672779,139.794534,111,14,51,30,42,<a_51><b_30><c_42>
4fb5317de4b067982ca907b2,35.6539101123991,139.56127194611275,329,33,44,51,57,<a_44><b_51><c_57>
4be57136910020a15defd214,35.69123884727058,139.6705949306488,47,11,21,2,40,<a_21><b_2><c_40>
4c779703fd4cef3b84603f78,35.69718570414092,139.82857167720795,78,5,63,0,35,<a_63><b_0><c_35>
4bdfde46ffdec9283b55eda1,35.705853,139.777428,302,19,51,26,2,<a_51><b_26><c_2>
4b7cb1f2f964a520a3a12fe3,35.69256452670024,139.69872373016358,249,3,10,31,3,<a_10><b_31><c_3>
4b737934f964a52048b02de3,35.7031095,139.771816,29,9,49,41,12,<a_49><b_41><c_12>
4b5d6b8af964a5207f5c29e3,35.67411465143903,139.66709733009338,256,3,30,13,40,<a_30><b_13><c_40>
4f8e54ede4b0bdaf06570a44,35.729606501085385,139.71251150270805,236,9,63,43,48,<a_63><b_43><c_48>
4e945bc2d5fb27b8eaec4956,35.73660236503065,139.74705398082733,78,12,51,30,16,<a_51><b_30><c_16>
4fb43d1be4b0d1f937f1330d,35.673430393728474,139.7567351654057,44,27,51,26,4,<a_51><b_26><c_4>
4f92741de4b015eb3ce76744,35.575071939819985,139.66333751608008,322,66,44,54,24,<a_44><b_54><c_24>
4dfc6459aeb7594e861feb3c,35.54900110216595,139.7844386100769,267,10,44,54,57,<a_44><b_54><c_57>
4b73ecc1f964a52053c02de3,35.70726602935832,139.75324988365173,157,3,30,34,40,<a_30><b_34><c_40>
4b6f953ef964a520d5f62ce3,35.683505091802445,139.68809902668,68,27,31,48,51,<a_31><b_48><c_51>
4cd822d81647a093a35be04c,35.700895361532524,139.70715541673732,320,14,48,41,14,<a_48><b_41><c_14>
4b5853c5f964a520f55228e3,35.71087654638685,139.57288355291328,207,7,61,1,15,<a_61><b_1><c_15>
4cfc5ea3d7206ea856d94369,35.649727,139.693434,299,1,30,17,33,<a_30><b_17><c_33>
4ba5ec35f964a5206e2939e3,35.6359009452485,139.87865388393402,78,9,61,58,37,<a_61><b_58><c_37>
4e9271ad775b74564cf77875,35.78903330286562,139.76021398895182,47,2,30,23,25,<a_30><b_23><c_25>
4c70ad09d7fab1f734775fc9,35.714896,139.7935313,274,7,49,40,22,<a_49><b_40><c_22>
4c46923e49fa952165e75562,35.65785742713063,139.70881506800652,152,4,48,22,2,<a_48><b_22><c_2>
4b5bd048f964a520ae1729e3,35.66696758979072,139.76696133613586,98,5,55,9,29,<a_55><b_9><c_29>
4b79d05df964a520d7132fe3,35.663599137834,139.75125426752857,184,5,48,2,21,<a_48><b_2><c_21>
4b5a432af964a52062b828e3,35.70081241563046,139.48171377182007,33,9,53,2,17,<a_53><b_2><c_17>
4bd5010e4e32d13aee55c080,35.70664258597979,139.63886548882192,184,1,30,2,49,<a_30><b_2><c_49>
4b5d2ab4f964a5204d5529e3,35.669126,139.688926,249,5,21,30,4,<a_21><b_30><c_4>
4b867585f964a520f98a31e3,35.692155955582045,139.7011587023735,140,4,10,3,23,<a_10><b_3><c_23>
4da13bf3d686b60c1dbea128,35.68028937167895,139.76808786392212,236,8,49,57,62,<a_49><b_57><c_62>
4c428104ce54e21eb4df0c1a,35.6264918247353,139.6723115444183,320,4,45,47,17,<a_45><b_47><c_17>
4b575b15f964a5203c3328e3,35.70649719897582,139.71742898225784,59,9,8,4,57,<a_8><b_4><c_57>
4ba20aeaf964a520eed737e3,35.74986244842206,139.5863789319992,39,4,8,53,16,<a_8><b_53><c_16>
4bd3c2ac462cb713e949df07,35.658459,139.680736,139,3,48,7,21,<a_48><b_7><c_21>
4bd7ff2ae914a593cc4552fa,35.70987956161143,139.80973720550537,367,17,44,8,19,<a_44><b_8><c_19>
4bc95ad93740b71323b45e65,35.562793583169835,139.71738925396463,299,14,31,15,19,<a_31><b_15><c_19>
4b6548d3f964a520e0eb2ae3,35.8329949825378,139.70685620835158,249,8,61,47,26,<a_61><b_47><c_26>
4b5b1194f964a520f6e128e3,35.72233132135101,139.64458622038364,78,9,31,7,3,<a_31><b_7><c_3>
4c0335a2f56c2d7f91a91c66,35.83292068773314,139.7068312743877,7,10,61,33,63,<a_61><b_33><c_63>
4b62a522f964a520c44d2ae3,35.63114856218948,139.78396654129028,289,8,14,18,0,<a_14><b_18><c_0>
4b5ec7b4f964a520769829e3,35.672911898045136,139.7426015138626,71,6,20,47,15,<a_20><b_47><c_15>
4b6fed9df964a52059002de3,35.53196866260376,139.700345993042,47,5,55,4,29,<a_55><b_4><c_29>
4bef9023ea570f47978b8fd2,35.6682793850276,139.8617935180664,298,5,49,6,17,<a_49><b_6><c_17>
4c7b25f7bd346dcb63cefaef,35.699276801171195,139.48068380355835,299,21,61,18,62,<a_61><b_18><c_62>
4c49326d9f2ad13aa39cf752,35.7538285061871,139.7101092338562,140,44,44,18,44,<a_44><b_18><c_44>
4b9b4620f964a520a2fd35e3,35.70110210979409,139.4814482331276,47,4,13,42,12,<a_13><b_42><c_12>
4b5aa7b4f964a520adcf28e3,35.70722246976144,139.63701903820038,342,7,61,16,17,<a_61><b_16><c_17>
4f127e8ce4b0d3f8a692bebc,35.70242423445524,139.7449028491974,248,3,48,14,4,<a_48><b_14><c_4>
4b6d07f4f964a520ec632ce3,35.58613079808126,139.58112716674805,269,3,30,31,16,<a_30><b_31><c_16>
4e1d11a7a809ef911eb8de08,35.70064824682683,139.48106845599102,299,6,20,36,26,<a_20><b_36><c_26>
4d1c105f8860a0935182b834,35.70321488502044,139.56014692783356,299,10,20,11,5,<a_20><b_11><c_5>
4cfa6230084f548183c37a09,35.68266732599283,139.76351331984867,221,6,61,25,43,<a_61><b_25><c_43>
4b0b88c7f964a520233223e3,35.66075915017324,139.72747653722763,258,1,30,6,59,<a_30><b_6><c_59>
4b925b94f964a52038f433e3,35.68156826776511,139.7665777802467,78,8,24,5,3,<a_24><b_5><c_3>
4b5a97e3f964a520e8cc28e3,35.690433,139.70412573,33,5,21,3,9,<a_21><b_3><c_9>
4bed05e89868a593e3db5c46,35.67146072580247,139.4787955284119,31,12,30,33,12,<a_30><b_33><c_12>
4b723a76f964a520c6742de3,35.7015464506764,139.73951160907745,102,11,63,33,0,<a_63><b_33><c_0>
4bbee631ba9776b0c157fec8,35.857931,139.654279,149,13,8,30,19,<a_8><b_30><c_19>
4ecbebf5f5b90c1c33daf9d3,35.70284117302773,139.66629756568227,42,1,30,58,0,<a_30><b_58><c_0>
4f60b8bee4b0f16f28f56245,35.70517544390063,139.6498347960457,60,10,24,5,51,<a_24><b_5><c_51>
4fb63c68e4b0a090d00192ad,35.83171659505202,139.7064547728103,6,41,44,30,43,<a_44><b_30><c_43>
4bc94f66937ca59378b5a592,35.57927254725758,139.75898444652557,299,13,61,56,43,<a_61><b_56><c_43>
4f165e84754a4f43c4b12624,35.709914,139.809866,298,46,21,12,58,<a_21><b_12><c_58>
4bd57c5b637ba5930b69f670,35.699028486268126,139.76970791816711,92,3,48,49,18,<a_48><b_49><c_18>
4fba1382e4b0c2549a602529,35.559424507858715,139.71732441414517,319,55,51,30,54,<a_51><b_30><c_54>
4b3afc11f964a520237025e3,35.6488443059925,139.63623851537704,106,9,24,34,37,<a_24><b_34><c_37>
4c2567c4f7ced13a1ba2246d,35.665697176183265,139.8352289199829,47,2,30,33,25,<a_30><b_33><c_25>
4f8e6173108190ace5425a50,35.69755165007971,139.76468682289124,200,3,10,2,3,<a_10><b_2><c_3>
4bad99d5f964a520395e3be3,35.618071510686605,139.56993967294693,230,15,51,33,46,<a_51><b_33><c_46>
4b7e7fa5f964a520a7ef2fe3,35.72835469377483,139.7120377139267,54,7,21,1,14,<a_21><b_1><c_14>
4d5e0050b6b9a1cd69b25d51,35.657740832976195,139.69654798507688,236,6,45,11,0,<a_45><b_11><c_0>
4b6125c5f964a5202a0b2ae3,35.66409,139.731452,236,6,48,6,31,<a_48><b_6><c_31>
4b5be31af964a520af1b29e3,35.70920549628505,139.7729627788067,177,6,10,45,50,<a_10><b_45><c_50>
4c8bf4108018a1cd932ae8d2,35.71247558547778,139.50799942016602,248,9,61,25,13,<a_61><b_25><c_13>
4b8a254bf964a520d26132e3,35.699416097425576,139.50682658007,320,9,51,33,42,<a_51><b_33><c_42>
4e39c62c18a8d2fcc6300ab8,35.66676652128479,139.7944640733268,78,68,61,60,36,<a_61><b_60><c_36>
4b5fce8df964a52072cd29e3,35.66717568475527,139.7932854627323,207,28,9,10,5,<a_9><b_10><c_5>
4c0775638b4520a178ec8697,35.65894381494771,139.69935357570648,236,8,4,47,9,<a_4><b_47><c_9>
4b74f27ff964a520f7f82de3,35.62733119563707,139.7413299721467,249,3,10,28,22,<a_10><b_28><c_22>
4b68bc65f964a520ff892be3,35.61897201643925,139.73135501146317,249,44,31,54,41,<a_31><b_54><c_41>
4bce3839ef109521c1c38386,35.65690614,139.7571713,320,7,48,52,13,<a_48><b_52><c_13>
4b551eb0f964a520d2db27e3,35.62601654320502,139.74082052707672,113,4,30,53,16,<a_30><b_53><c_16>
4b7b71a4f964a520db632fe3,35.67478138735952,139.7513723373413,297,9,20,61,2,<a_20><b_61><c_2>
4b67b334f964a5204d5b2be3,35.65766455633445,139.69605177640915,111,8,48,30,19,<a_48><b_30><c_19>
4b5e7606f964a520b88f29e3,35.669891861266166,139.72654178738594,109,5,30,18,18,<a_30><b_18><c_18>
4b66560ef964a520501e2be3,35.71201932734066,139.70709711313248,249,13,21,45,15,<a_21><b_45><c_15>
4bd271b9046076b0f8247471,35.701054190531394,139.77056354284286,149,21,22,2,27,<a_22><b_2><c_27>
4b5e891af964a520fe9129e3,35.69458264737002,139.76386606693268,277,6,10,6,50,<a_10><b_6><c_50>
4bee25f3767dc9b6f71cd4e9,35.71187507544309,139.7047370687866,47,9,51,24,57,<a_51><b_24><c_57>
4dfdc23f8877e9c474975aa6,35.71966669151427,139.79508834687255,284,19,31,46,22,<a_31><b_46><c_22>
4b63a9f3f964a520ac8a2ae3,35.66127345133032,139.70107823610306,60,4,8,3,57,<a_8><b_3><c_57>
4fbb0dfe121d47491a230af9,35.71035325515884,139.8120841383934,44,11,61,42,63,<a_61><b_42><c_63>
4b5d2da6f964a5209c5529e3,35.684997438207695,139.78365808725357,150,7,51,10,16,<a_51><b_10><c_16>
4bf64fe09abec9b6c69525e8,35.68931746027821,139.82643127441406,289,16,20,35,56,<a_20><b_35><c_56>
4e5607591838c793c072216f,35.64179743139245,139.74779158830643,269,3,30,47,31,<a_30><b_47><c_31>
4b9844d8f964a5207e3835e3,35.70921311902659,139.6651902794838,71,1,30,38,31,<a_30><b_38><c_31>
4b55b731f964a520edec27e3,35.565292461912755,139.65367555618286,224,15,53,34,9,<a_53><b_34><c_9>
4b5d27b7f964a520d45429e3,35.704722109004926,139.58152413368225,27,3,60,25,13,<a_60><b_25><c_13>
4e2be9d5d164223a6986ec4e,35.650600406014576,139.6371868966112,298,1,30,36,55,<a_30><b_36><c_55>
4bc449032a89ef3bad0ef688,35.67630657930485,139.7845834493637,320,9,10,23,46,<a_10><b_23><c_46>
4bf608399abec9b6493f25e8,35.67542790378711,139.78292368426548,150,6,27,4,14,<a_27><b_4><c_14>
4cfd9828c51fa1cdfb09f22b,35.66864517841427,139.72684665242176,68,13,51,51,51,<a_51><b_51><c_51>
4bc7ad4f2f94d13a9872127f,35.70341323630956,139.5794863774578,249,7,61,29,1,<a_61><b_29><c_1>
4b9618b7f964a520a5bc34e3,35.5878496314864,139.72789764404297,47,11,51,14,1,<a_51><b_14><c_1>
4fbb8244e4b009d97e01fa0f,35.84412049865814,139.62899884143073,39,9,51,29,19,<a_51><b_29><c_19>
4d81b7ba6282721ec08ae44d,35.66277889360331,139.70234831843544,7,6,11,26,51,<a_11><b_26><c_51>
4fbb6f79e4b04df08f1ded79,35.71337477686048,139.77650777740055,360,99,61,0,30,<a_61><b_0><c_30>
4fb880cce4b06b008d2ae4c8,35.642239922783666,139.6543836593628,354,19,31,13,2,<a_31><b_13><c_2>
4d6a2dd4342b8cfae3a2d32c,35.54405859700496,139.69121038913727,289,9,53,33,9,<a_53><b_33><c_9>
4e64f875b3ad9b56d0b1ddaa,35.74391734514843,139.67863082885742,297,11,44,56,14,<a_44><b_56><c_14>
4e181f4188777e96476d4345,35.55206062152848,139.78815078735352,272,7,11,1,57,<a_11><b_1><c_57>
4d8b67b34757721e6233cb69,35.69863074994315,139.56162016140445,320,22,21,45,35,<a_21><b_45><c_35>
4ee814eec2ee396080391184,35.63155841186143,139.6451300382614,33,10,48,49,60,<a_48><b_49><c_60>
4b6f480ff964a52001e92ce3,35.73604936004423,139.63854253292084,150,6,51,22,16,<a_51><b_22><c_16>
4ba32235f964a520142d38e3,35.69490353361182,139.6878446185624,320,14,16,4,17,<a_16><b_4><c_17>
4e140ab3183884325103f0e8,35.63859789978094,139.60005592106802,320,8,22,19,17,<a_22><b_19><c_17>
4b5c0b89f964a520412229e3,35.689284783228445,139.6982216835022,150,18,53,31,13,<a_53><b_31><c_13>
4ba454bcf964a520809638e3,35.63584862697324,139.8372459411621,268,9,21,6,19,<a_21><b_6><c_19>
4ca54d95931bb60c422389e2,35.815357754843234,139.70325585273406,302,6,48,62,35,<a_48><b_62><c_35>
4b7e09c6f964a5203fe02fe3,35.53103880205809,139.6969449520111,44,3,10,19,33,<a_10><b_19><c_33>
4b5f89baf964a52046c029e3,35.64406435648192,139.69905853271484,249,6,22,38,46,<a_22><b_38><c_46>
4d133957058fa35d58822c9f,35.562898,139.715402,33,3,30,23,21,<a_30><b_23><c_21>
4be64b5e2457a593d2c2ac15,35.645204333929705,139.6086412668228,298,66,31,5,41,<a_31><b_5><c_41>
4f73f597754a8f164820616f,35.709966677877404,139.81063842773438,298,9,20,8,42,<a_20><b_8><c_42>
4cb2a028db32f04d8597d14d,35.563634,139.714974,251,5,21,10,2,<a_21><b_10><c_2>
4ed0ae8b99114b488871de63,35.69817444411307,139.771804883308,74,9,53,50,63,<a_53><b_50><c_63>
4d087b1a304460fc297ed963,35.632310148153785,139.6596899823346,108,4,48,51,19,<a_48><b_51><c_19>
4de87ac6d22d09215a1df350,35.67428338035488,139.76278954775168,251,6,48,13,6,<a_48><b_13><c_6>
4fbcd3a8e4b040663f81f562,35.569715274958256,139.71666853842416,6,11,20,1,42,<a_20><b_1><c_42>
4fb72a58e4b08725a8b84880,35.700723404774784,139.81658233290418,277,6,8,58,5,<a_8><b_58><c_5>
4b6d5ebaf964a5204a732ce3,35.689613731585375,139.8271608352661,320,11,63,2,20,<a_63><b_2><c_20>
4ef1bafb49010b41f4aff956,35.68827048163034,139.82913615093284,6,17,31,43,19,<a_31><b_43><c_19>
4fb61ba2e4b07f06a7859b29,35.692786,139.697964,111,5,8,11,2,<a_8><b_11><c_2>
4de30eabd22d2a4ecdd5d075,35.730299186936136,139.71349015831947,150,9,35,56,6,<a_35><b_56><c_6>
4dedc1f081dc59d016fb6da1,35.712186884745726,139.70495627040313,55,15,21,42,37,<a_21><b_42><c_37>
4fba0af3e4b0eca653acd61d,35.51455672249845,139.71666853842416,6,23,20,59,52,<a_20><b_59><c_52>
4b72676af964a520f9792de3,35.67788403288121,139.70968008041382,342,6,49,36,31,<a_49><b_36><c_31>
4dbf431b6e8124d25db2c49f,35.848836129959146,139.60381923907573,139,10,61,25,15,<a_61><b_25><c_15>
4b4e9e51f964a520bdf226e3,35.635580495275136,139.61573839187622,90,13,51,6,18,<a_51><b_6><c_18>
4c0341e89a7920a156bdcf79,35.662417541599616,139.73178416490555,149,10,35,3,4,<a_35><b_3><c_4>
4b5a5103f964a520aabc28e3,35.701852369208225,139.76240520339687,184,5,48,1,59,<a_48><b_1><c_59>
4b6656c0f964a520651e2be3,35.673188,139.667186,249,7,30,3,49,<a_30><b_3><c_49>
4dbe4cc9f7b1ab37dd8a2419,35.63310186942741,139.63760375976562,329,14,31,30,20,<a_31><b_30><c_20>
4fb4d116e4b07f08905f1ada,35.686938536068645,139.7658884525299,44,12,13,54,12,<a_13><b_54><c_12>
4b0f4ddbf964a520576123e3,35.72644736208901,139.7188425064087,236,6,10,37,3,<a_10><b_37><c_3>
4fc05061e4b0bb073207eada,35.74940840262313,139.77067664348857,294,11,61,2,22,<a_61><b_2><c_22>
4fa9e2fae4b0f8337cbce1eb,35.67511624779178,139.76433693331077,196,3,8,2,37,<a_8><b_2><c_37>
4f0438279a523573225a0e48,35.604431084969775,139.59927939335313,296,3,48,41,57,<a_48><b_41><c_57>
4d85e73240a7a35dd5fc29be,35.693275641218925,139.69895526766777,60,5,10,40,56,<a_10><b_40><c_56>
4b9b09a7f964a520beed35e3,35.84849658370857,139.66912320601864,149,7,30,38,35,<a_30><b_38><c_35>
4fc06893e4b071420e506056,35.57851,139.698683,110,12,48,30,18,<a_48><b_30><c_18>
4eb4b10e93ad23656fdbf246,35.5780447871962,139.69909726586584,299,5,30,56,10,<a_30><b_56><c_10>
4b8b984bf964a520c6a332e3,35.6666581598653,139.75532054901123,269,8,16,3,46,<a_16><b_3><c_46>
4eae1ef39adf5c72de9a2110,35.71045017142278,139.70419228076935,149,3,30,6,0,<a_30><b_6><c_0>
4bda876b63c5c9b668522468,35.53000292,139.64315633,184,7,48,6,11,<a_48><b_6><c_11>
4b641ceaf964a520aa9f2ae3,35.70539243870691,139.63498537335826,165,10,9,7,63,<a_9><b_7><c_63>
4e25173e091a817e3dd67300,35.72859539253117,139.7197712212801,367,12,21,1,21,<a_21><b_1><c_21>
4b77a82cf964a520cfa52ee3,35.64397498853752,139.7344207763672,30,2,30,14,35,<a_30><b_14><c_35>
4b572355f964a520e02728e3,35.65745316068946,139.58760738372803,269,10,1,3,19,<a_1><b_3><c_19>
4bc9551db6c49c7453628e91,35.74249608790146,139.85240455253594,369,5,48,50,41,<a_48><b_50><c_41>
4eeaa1c619835bc6eede1ecb,35.52284121924397,139.68813376036218,320,12,27,33,57,<a_27><b_33><c_57>
4f9e4851e4b030992b987465,35.69566093054697,139.68265526226293,4,6,30,14,35,<a_30><b_14><c_35>
4de4bd833151aec9e5cd2088,35.62925625028608,139.79353666305542,249,9,21,7,63,<a_21><b_7><c_63>
4be823fd0e5a9c743fd48eea,35.757929315250465,139.68761086463928,290,10,49,22,40,<a_49><b_22><c_40>
4ba80590f964a5200bc739e3,35.73934120712846,139.65310156345367,139,12,61,49,18,<a_61><b_49><c_18>
4b81d7e0f964a520cdc030e3,35.6443115285954,139.74848063827656,249,18,48,16,54,<a_48><b_16><c_54>
4b5fcbe9f964a5200ccd29e3,35.6423976342725,139.71368851019537,249,5,10,15,15,<a_10><b_15><c_15>
4b62db49f964a520be552ae3,35.608734434636666,139.66740310192108,249,1,30,47,46,<a_30><b_47><c_46>
4f7cd211e4b0f6ec00953ee6,35.67568193254417,139.83668970189598,248,6,9,10,49,<a_9><b_10><c_49>
4c4651729be820a147887993,35.8193791107004,139.72485065460205,279,3,10,38,3,<a_10><b_38><c_3>
4b5d19edf964a520af5229e3,35.52399246630714,139.67557847499847,184,8,20,39,38,<a_20><b_39><c_38>
4f223d38e4b0dc27b72f06b2,35.695576928631944,139.69069123129847,0,5,34,25,29,<a_34><b_25><c_29>
4b65554df964a52095ed2ae3,35.56012787691343,139.7157134168112,109,5,48,1,34,<a_48><b_1><c_34>
4dd8b05f7d8b3226640fc404,35.542808883826744,139.57459714136883,146,1,30,58,39,<a_30><b_58><c_39>
4b599ce7f964a520ec8e28e3,35.66059570631528,139.7071534395218,249,5,10,2,47,<a_10><b_2><c_47>
4b5a908ff964a5208dcb28e3,35.7050809168713,139.58174875214957,236,5,45,3,12,<a_45><b_3><c_12>
4d89dc121508a1431294161e,35.7107463642181,139.77455332875252,30,2,30,23,13,<a_30><b_23><c_13>
4b757a14f964a520c00e2ee3,35.77136864891127,139.73429203033447,288,4,48,47,12,<a_48><b_47><c_12>
4fb4acd3e4b06fa0ebcb9f87,35.71009903666713,139.8107023098123,141,15,61,13,30,<a_61><b_13><c_30>
4b5807f5f964a520274928e3,35.53654795942072,139.57845836877823,150,9,30,47,57,<a_30><b_47><c_57>
4bf5b0904d5f20a188ee97fe,35.69758684405324,139.7422081652348,184,24,61,57,49,<a_61><b_57><c_49>
4b9c4fc5f964a5206f5e36e3,35.705714648759624,139.78006265346872,139,10,10,10,9,<a_10><b_10><c_9>
4cac8f542f08236a1ddb8c61,35.65428186327112,139.79659661879137,236,18,27,46,15,<a_27><b_46><c_15>
4d5b12c1f116b60cd5f32614,35.6565095011407,139.70530539751053,249,4,30,25,10,<a_30><b_25><c_10>
4c7f41fe171b224b106d10b1,35.70125563167004,139.77082494113915,39,17,61,16,1,<a_61><b_16><c_1>
4b60fd09f964a520da042ae3,35.66140606876383,139.72950058189778,298,29,31,34,6,<a_31><b_34><c_6>
4d8466e1f9f3a1cdf718b564,35.60586026239939,139.7335785627365,269,2,2,2,41,<a_2><b_2><c_41>
4bde440ce75c0f474985c703,35.793338,139.635932,69,6,30,48,27,<a_30><b_48><c_27>
4fbe6c43e4b099c7d5ae4957,35.63232578432,139.66028451919556,16,7,61,55,13,<a_61><b_55><c_13>
4c8ee690daa93704e5b650b1,35.682293765290844,139.78772163391113,237,7,30,23,61,<a_30><b_23><c_61>
4b596439f964a520e18628e3,35.704083246464904,139.58094693254088,236,8,52,62,35,<a_52><b_62><c_35>
4c00d6c1379020a1fc1e477f,35.692441324425666,139.89627063274384,157,41,31,51,47,<a_31><b_51><c_47>
4b7cce1df964a5200ca62fe3,35.72907332959166,139.7202104330063,181,6,61,34,62,<a_61><b_34><c_62>
4b6933b7f964a520939b2be3,35.6456969386544,139.4883120059967,88,5,9,6,53,<a_9><b_6><c_53>
4b6d2221f964a52044682ce3,35.674487,139.766776,290,5,48,10,13,<a_48><b_10><c_13>
4c19ebac4ff90f47dba01049,35.755097515861,139.76856529712677,47,10,14,53,41,<a_14><b_53><c_41>
4bcfc7aba8b3a593f8f8625f,35.80558027070056,139.69858646392822,47,7,14,61,46,<a_14><b_61><c_46>
4b5ae63ff964a5206dd928e3,35.658746,139.69870823,230,4,48,46,50,<a_48><b_46><c_50>
4fb79d0fe4b0516e873c92a2,35.539734541756545,139.69210624694824,47,11,51,58,3,<a_51><b_58><c_3>
4c8053bd74d7b60cbff16cd8,35.55340485274656,139.78742122650146,267,7,53,31,44,<a_53><b_31><c_44>
4b77d9b2f964a5204eac2ee3,35.6529352622649,139.5441797375679,33,9,53,54,41,<a_53><b_54><c_41>
4d97bf0eb188721e725d1837,35.67605383522596,139.80876088142395,248,14,63,41,9,<a_63><b_41><c_9>
4cf354021c158cfab920ddb5,35.62657495121481,139.72374888885966,236,3,30,41,20,<a_30><b_41><c_20>
4f46d29fe4b01e144ccf190c,35.62917197986473,139.74502745251726,289,18,20,35,52,<a_20><b_35><c_52>
4e22982f18501a60d2feff92,35.63445128036652,139.5789733529091,249,5,53,34,13,<a_53><b_34><c_13>
4b5a9381f964a52023cc28e3,35.71288828525175,139.72558956941998,291,6,10,53,50,<a_10><b_53><c_50>
4e7fe06e469005207438cf8e,35.7194035835219,139.7126661082888,68,11,44,60,1,<a_44><b_60><c_1>
4b058799f964a520929b22e3,35.68704310565643,139.6988707780838,291,5,10,28,3,<a_10><b_28><c_3>
4cc44adcb3de9c74d9e0b2c9,35.68578815121705,139.69946125520144,201,11,9,47,18,<a_9><b_47><c_18>
4b6015e2f964a5205dd529e3,35.71379208,139.7621441,320,7,30,60,13,<a_30><b_60><c_13>
4b52a479f964a520c08427e3,35.6225806062805,139.75031210593576,68,14,45,15,42,<a_45><b_15><c_42>
4b9f4f7bf964a520fc1b37e3,35.664299108211864,139.76646340633997,249,8,30,23,61,<a_30><b_23><c_61>
4c3ea125b0379521183b9ba7,35.68261620651813,139.68751698732376,236,8,38,8,61,<a_38><b_8><c_61>
4b6618b5f964a52074132be3,35.691016648420515,139.71433639526367,150,6,48,13,45,<a_48><b_13><c_45>
4e01667ca80917043438e3cc,35.73228925974733,139.70838457345965,68,7,31,33,33,<a_31><b_33><c_33>
4b9a4774f964a52033a935e3,35.70524266095736,139.75402235984802,168,12,9,26,38,<a_9><b_26><c_38>
4b9bb9d2f964a520521e36e3,35.57217433214827,139.7315759178303,72,16,13,39,51,<a_13><b_39><c_51>
4bdfaaa5e75c0f474f0dcc03,35.572154,139.731388,302,10,48,62,34,<a_48><b_62><c_34>
4b7e5df1f964a5208fea2fe3,35.705792,139.77383405,29,5,30,50,18,<a_30><b_50><c_18>
4b57da05f964a520ce4328e3,35.68117461549463,139.70382327116408,29,2,30,48,55,<a_30><b_48><c_55>
4de4ed721f6e3190cd49c53a,35.66610464417706,139.7588414015098,360,4,34,6,63,<a_34><b_6><c_63>
4c1c993363750f47e9cdb667,35.69439095447489,139.5610669255257,320,10,48,13,62,<a_48><b_13><c_62>
4f1bb321e4b07beffe476d76,35.562358908727155,139.7169515490532,138,35,51,11,60,<a_51><b_11><c_60>
4b8b2f70f964a5209e9632e3,35.710017479235766,139.69735214262823,42,10,21,54,38,<a_21><b_54><c_38>
4b6fa312f964a520a8f82ce3,35.70138859330834,139.753708,236,5,48,10,4,<a_48><b_10><c_4>
4bcaea7e511f95219388b0c7,35.65278052026228,139.5512741804123,111,9,49,8,41,<a_49><b_8><c_41>
4b59614cf964a520968628e3,35.69103843264887,139.76921439170837,236,4,48,10,14,<a_48><b_10><c_14>
4face297e4b08da80a24b185,35.731830571859334,139.7067115915074,33,4,10,13,20,<a_10><b_13><c_20>
4b5f6651f964a52021b829e3,35.53619000664703,139.6340525150299,33,9,61,53,14,<a_61><b_53><c_14>
4fc378f2a17cb87d1791f9af,35.515050500314125,139.67846989631653,341,40,13,33,36,<a_13><b_33><c_36>
4fc375b8a17cb87d179190e4,35.5364868456456,139.70354318618774,341,35,31,6,41,<a_31><b_6><c_41>
4cde581ac4f6a35d7759c96c,35.554871261096565,139.78719055652618,272,5,10,49,20,<a_10><b_49><c_20>
4b90702cf964a520528a33e3,35.747975127602786,139.7523593902588,38,15,51,17,4,<a_51><b_17><c_4>
4d991ed7744f370456af0058,35.6730823266213,139.73853580793127,68,1,30,38,5,<a_30><b_38><c_5>
4fae6180108139586b776b44,35.66712012522809,139.7571337223053,236,6,60,37,53,<a_60><b_37><c_53>
4e785b5345ddedd585e12793,35.69836043040856,139.76091776427447,202,4,16,47,46,<a_16><b_47><c_46>
4b5cf414f964a5205f4c29e3,35.681921213331364,139.6851298213005,150,7,60,58,43,<a_60><b_58><c_43>
4f94a6abe4b0f08d4105bca7,35.63852017467888,139.7450074924903,90,33,9,20,21,<a_9><b_20><c_21>
4b8a49d3f964a5201a6732e3,35.693599723129616,139.6992767671761,349,16,31,13,41,<a_31><b_13><c_41>
4c772d4bd06b224b32e7fdd6,35.690330235284726,139.7721892884942,109,2,30,38,46,<a_30><b_38><c_46>
4f968da0e4b07e54f0d11814,35.71469897684054,139.77801058529948,360,22,61,50,61,<a_61><b_50><c_61>
4b56decbf964a520931d28e3,35.72941408934363,139.7146850824356,236,5,49,10,1,<a_49><b_10><c_1>
4fa5f033e4b0c1088eba0e67,35.661862,139.697747,33,7,51,7,22,<a_51><b_7><c_22>
4fbe1031e4b09e81e68e5b51,35.70979971368958,139.81103201536905,58,11,13,15,13,<a_13><b_15><c_13>
4f04b2427beb72c3c5b0a9c3,35.70181653902226,139.7712180018425,294,11,61,16,60,<a_61><b_16><c_60>
4c2da82ae307d13af5300eda,35.64738397784032,139.72275853157043,248,5,30,18,53,<a_30><b_18><c_53>
4b6fabc1f964a52092f92ce3,35.67622814157291,139.76215481758118,90,4,30,18,40,<a_30><b_18><c_40>
4ba4b41df964a520a2ad38e3,35.65809333908134,139.6969275176525,0,7,61,53,35,<a_61><b_53><c_35>
4b8da6b9f964a5207b0633e3,35.700365892489685,139.8365753889084,157,2,30,6,34,<a_30><b_6><c_34>
4b7b3d9bf964a520fa592fe3,35.678903825236176,139.74031707240545,150,3,48,3,61,<a_48><b_3><c_61>
4f8791fae4b057e27ed35f94,35.7104422344089,139.81151658593973,249,12,21,46,15,<a_21><b_46><c_15>
4fc4c08ae4b013c9bb4f0951,35.576846714886095,139.69959497451782,92,58,31,46,63,<a_31><b_46><c_63>
4bd7bfeae914a593d6fc51fa,35.75215460141196,139.54459011554718,33,8,43,34,57,<a_43><b_34><c_57>
4f83a565754a411b15fa555d,35.7105939121815,139.81369614601135,140,21,61,51,56,<a_61><b_51><c_56>
4dd765dfae60680f1506559a,35.59074400749407,139.72819854525363,289,24,10,56,35,<a_10><b_56><c_35>
4f9e1a96e4b0849ad1a7e8ad,35.58154688677447,139.74866527959244,152,8,9,36,15,<a_9><b_36><c_15>
4b585058f964a520485228e3,35.690999221033536,139.7697588801384,236,3,30,42,36,<a_30><b_42><c_36>
4b62a832f964a520174e2ae3,35.65055259,139.72189,249,8,35,13,58,<a_35><b_13><c_58>
4b95c4c8f964a5209bb234e3,35.700174213496275,139.48057651519775,284,2,48,13,20,<a_48><b_13><c_20>
4c5012641886c9b6d58f1028,35.64223556327453,139.73325669765472,31,8,30,18,49,<a_30><b_18><c_49>
4c89d6892e3337049888be41,35.684415753220634,139.74340617656708,90,9,48,6,12,<a_48><b_6><c_12>
4eab640130f823f86e4c6b38,35.661044631309295,139.72423776984215,155,4,48,15,61,<a_48><b_15><c_61>
4b5588bdf964a520bde627e3,35.657022,139.753075,236,6,49,31,62,<a_49><b_31><c_62>
4befe475d4f70f476440390f,35.65835758143189,139.5743465423584,109,2,30,58,3,<a_30><b_58><c_3>
50039e5de4b01f40cee95728,35.63094186009854,139.6436474972093,320,21,31,2,63,<a_31><b_2><c_63>
4fc88482e4b005dcbe77a576,35.778117230372864,139.7210054331976,360,33,9,61,54,<a_9><b_61><c_54>
4b78ed63f964a5207ee62ee3,35.52802213802421,139.69809293746948,27,7,27,26,12,<a_27><b_26><c_12>
4b7ce23ef964a5204fa82fe3,35.652737727902334,139.5437693293284,302,7,53,24,38,<a_53><b_24><c_38>
4b58064bf964a520f24828e3,35.73280527707304,139.71583306789398,150,3,11,2,26,<a_11><b_2><c_26>
4ba2d31af964a520231c38e3,35.66392553649117,139.51068967580795,47,7,27,42,26,<a_27><b_42><c_26>
4fc59b42e4b0f1d460bfc925,35.64752616860872,139.7091950608666,67,14,55,2,33,<a_55><b_2><c_33>
4da3ff99540ea1cdf84e9cde,35.646453694057485,139.7105266024099,80,23,51,33,35,<a_51><b_33><c_35>
4b5c0506f964a5206e2129e3,35.749730678622626,139.71441453543298,31,4,30,29,23,<a_30><b_29><c_23>
4e62c403ae60e9edf5e86bb4,35.70207252891036,139.69541760904173,93,8,48,41,12,<a_48><b_41><c_12>
4b5fc27ff964a520cbcb29e3,35.51476231491998,139.70872521400452,47,7,61,3,14,<a_61><b_3><c_14>
4c9000990b9e37044e11645e,35.71263646435731,139.79246644200362,308,10,19,28,51,<a_19><b_28><c_51>
4b97b433f964a520b61035e3,35.593498610865446,139.71053158951318,47,8,48,56,19,<a_48><b_56><c_19>
4bfe624abf6576b03190aeb8,35.56906697629823,139.73494112491608,47,18,24,54,51,<a_24><b_54><c_51>
4f577be6e4b03d89ebbac9f9,35.72141191445885,139.61461024538502,6,19,61,51,30,<a_61><b_51><c_30>
4b5ba386f964a520d40c29e3,35.7843190285641,139.6576072021533,139,4,10,41,14,<a_10><b_41><c_14>
4ba6df1df964a5208f7439e3,35.813654536229265,139.63112354278564,248,8,9,10,30,<a_9><b_10><c_30>
4fb8ffc9e4b0bd07fde6f0b9,35.70552206517115,139.6192832280667,366,8,61,41,7,<a_61><b_41><c_7>
4b56f166f964a5201a2028e3,35.73250916627384,139.67056274414062,297,15,44,56,30,<a_44><b_56><c_30>
4c47c2deeb489c744054c947,35.733530650203406,139.70874623338844,149,4,8,19,1,<a_8><b_19><c_1>
4eb90c8377c89727388cbaab,35.6985009887328,139.77308790772344,290,11,51,15,7,<a_51><b_15><c_7>
4e4b003dd164d2bc73a848db,35.58065122499697,139.67047691345215,248,10,9,14,15,<a_9><b_14><c_15>
4b77afdff964a520e6a62ee3,35.73284882268592,139.5122855901718,65,3,8,1,46,<a_8><b_1><c_46>
4b5d0d9ff964a5208e5029e3,35.669015898485696,139.65003579854965,249,9,9,13,15,<a_9><b_13><c_15>
4c4eaa37ea24c9b651bffe15,35.71129083339696,139.5237922668457,207,9,61,49,7,<a_61><b_49><c_7>
4b7ab719f964a520bd382fe3,35.69937,139.771078,33,13,19,1,54,<a_19><b_1><c_54>
4b6d2824f964a5203b692ce3,35.66085721632741,139.69992220401764,165,10,19,20,9,<a_19><b_20><c_9>
4b72a8d7f964a52090822de3,35.68986643271309,139.70743507146835,236,7,21,8,19,<a_21><b_8><c_19>
4bfbc3d7d0382d7f2a07ca0a,35.72998782531286,139.7131723165512,224,7,59,14,47,<a_59><b_14><c_47>
4cdba26822bd721e6abdf647,35.66783915670641,139.5369069840216,299,6,52,8,35,<a_52><b_8><c_35>
4dcf5197d4c065592f967a26,35.687165103335644,139.66223180294037,249,31,44,62,35,<a_44><b_62><c_35>
4df9e00a6284226247b47bb8,35.54728284,139.72002249,313,5,10,13,46,<a_10><b_13><c_46>
4c9f05fa54c8a1cd2d92934b,35.62016250000656,139.70757991075516,269,8,30,31,55,<a_30><b_31><c_55>
4beb66876295c9b69cc28708,35.67914209994734,139.7412950442814,68,4,48,8,57,<a_48><b_8><c_57>
4e7e932a61af1ab402f21d81,35.61850323141686,139.7277957201004,149,1,30,21,35,<a_30><b_21><c_35>
4b5913eef964a520787b28e3,35.66561001155828,139.7381517291069,90,6,63,20,59,<a_63><b_20><c_59>
4e659bda2271573ad8f8dcb3,35.6700487491074,139.73358392715454,289,23,51,13,46,<a_51><b_13><c_46>
4c11dd7ba9420f47f0897d51,35.66998979,139.733593,320,20,30,23,16,<a_30><b_23><c_16>
4fc84e67e4b0c735a3239ebc,35.58347831270902,139.5820713043213,320,12,51,50,36,<a_51><b_50><c_36>
4badc56cf964a5203b683be3,35.561559,139.579925,60,2,30,58,55,<a_30><b_58><c_55>
4e83733f7ee6f1c63cda1420,35.692885948112306,139.6803523509725,203,4,35,28,63,<a_35><b_28><c_63>
4e3a125ad164c429b7276bf8,35.70595487506751,139.76227015256882,149,12,30,31,51,<a_30><b_31><c_51>
4b5d2ac9f964a520515529e3,35.69935303804768,139.7629326581955,225,7,48,13,62,<a_48><b_13><c_62>
4b61011bf964a52099052ae3,35.623818874440666,139.72304552793503,33,2,30,9,52,<a_30><b_9><c_52>
4b775577f964a520e2922ee3,35.659893983550354,139.5356127619743,289,7,18,33,53,<a_18><b_33><c_53>
4ba8b7f6f964a5206ae939e3,35.64760411856901,139.67795491218567,236,2,30,6,40,<a_30><b_6><c_40>
4ceefd960acea35d503decae,35.67962703924374,139.7670552134514,39,8,48,13,52,<a_48><b_13><c_52>
4b8ba3baf964a52048a532e3,35.64397157781321,139.60877762876274,290,12,30,0,19,<a_30><b_0><c_19>
4fcc9030e4b07d10e1769043,35.723715937681725,139.75021728742132,207,12,48,2,19,<a_48><b_2><c_19>
4b60e5abf964a5204c002ae3,35.646677,139.702127,235,4,30,6,8,<a_30><b_6><c_8>
4c6d154d23c1a1cd432e1bcf,35.724004,139.671206,38,2,30,31,16,<a_30><b_31><c_16>
4f969cd0bb3d831b8b2e2485,35.66796560208184,139.75948333740234,118,8,10,60,24,<a_10><b_60><c_24>
4bb6f632941ad13a7a3020e3,35.66297105748386,139.73248422145844,289,21,27,42,35,<a_27><b_42><c_35>
4bdd05d0645e0f47f8b06a19,35.55589249392332,139.57978069782257,236,9,27,10,41,<a_27><b_10><c_41>
4c43d741dcd61b8dcb9b7a56,35.69365576438339,139.7024904191494,33,3,48,42,46,<a_48><b_42><c_46>
4f586974e4b063a4abc49a0d,35.579903,139.663456,42,2,30,53,59,<a_30><b_53><c_59>
4fcd3fa0e4b032142f488075,35.70454666304816,139.48219861389168,6,21,61,43,16,<a_61><b_43><c_16>
4d0c5d61bdbfa35d514b6372,35.66433085974133,139.73108679056168,289,22,55,47,46,<a_55><b_47><c_46>
4d1a877d53248cfab270b996,35.568359,139.553113,299,6,19,49,18,<a_19><b_49><c_18>
4b9af828f964a520e5e735e3,35.6588566429501,139.7516030073166,207,2,10,33,35,<a_10><b_33><c_35>
4b14e085f964a52030a723e3,35.65772775698564,139.70033526420593,249,6,61,9,51,<a_61><b_9><c_51>
4eacfef282315d0ca56cddd8,35.65870409172528,139.6832710504532,236,5,48,3,39,<a_48><b_3><c_39>
4b62c644f964a52028522ae3,35.668917842352336,139.63315665721893,236,11,55,31,6,<a_55><b_31><c_6>
4b679f21f964a5202f582be3,35.67764686423426,139.76274462425715,249,6,35,9,33,<a_35><b_9><c_33>
4b8c68acf964a52051cf32e3,35.66699659309825,139.7394089701051,224,9,10,53,46,<a_10><b_53><c_46>
4b5cd5adf964a520654629e3,35.667157714273245,139.7399716079235,249,8,30,58,31,<a_30><b_58><c_31>
4b5a8289f964a520ecc828e3,35.621394,139.740052,29,2,30,18,49,<a_30><b_18><c_49>
4fb61750e4b03f88364e5b07,35.682096125210066,139.76694761389294,50,6,9,7,33,<a_9><b_7><c_33>
4c281659ed0ac9b6d1d15faa,35.66711576707677,139.76416110992432,289,13,9,61,35,<a_9><b_61><c_35>
4e9bee0c2c5b4d6405ede669,35.66028063711591,139.74322608713183,90,22,30,6,61,<a_30><b_6><c_61>
4bea24f8a9900f47f2451640,35.68784044425609,139.7297966480255,320,3,34,15,29,<a_34><b_15><c_29>
4fcdc146e4b032142f69dccb,35.69387074830626,139.76654826717223,54,4,30,21,35,<a_30><b_21><c_35>
4b582f6bf964a520484d28e3,35.620661,139.568649,47,4,30,2,59,<a_30><b_2><c_59>
4c21f6ad9085d13a8e7b85cc,35.73171183126306,139.7111100963448,78,10,48,59,13,<a_48><b_59><c_13>
4e7c291729c2e440a8b6492b,35.666287714011034,139.50305879116058,320,23,51,28,57,<a_51><b_28><c_57>
4b552a55f964a52067dd27e3,35.56230840756285,139.71336931941187,249,6,24,33,12,<a_24><b_33><c_12>
4e281ffab61c9d28cbf11873,35.55627504766181,139.726307899298,320,44,24,43,44,<a_24><b_43><c_44>
4b6cc077f964a520b1512ce3,35.540446049016325,139.68335688114166,269,4,30,42,19,<a_30><b_42><c_19>
4b627901f964a520ea482ae3,35.730028839028414,139.71421354723452,273,9,21,54,35,<a_21><b_54><c_35>
4b74ac6df964a520a3eb2de3,35.6955215002358,139.75816369056702,297,7,51,15,12,<a_51><b_15><c_12>
4ced1600ed62721e29ba53fd,35.562176717241194,139.71713662147522,237,15,55,15,37,<a_55><b_15><c_37>
4d568082b4deb1f76c6a117a,35.65163411242678,139.54570591449738,251,12,61,16,36,<a_61><b_16><c_36>
4cf495807e93f04daf4e5e69,35.67256117502126,139.724772317791,320,6,29,13,57,<a_29><b_13><c_57>
4b54739ff964a520c2bb27e3,35.700927,139.481572,236,10,48,38,47,<a_48><b_38><c_47>
4b62f7a9f964a520455b2ae3,35.712471229803846,139.68518614768982,47,12,31,2,12,<a_31><b_2><c_12>
4e75ad1162e126351685777b,35.62224907405543,139.70365852117538,289,4,30,29,59,<a_30><b_29><c_59>
4fa1ed0be4b0e0605dae0ab3,35.66372110673401,139.73164077324918,236,18,21,14,15,<a_21><b_14><c_15>
4b9ecdb6f964a5201e0337e3,35.64472689446831,139.74815127951817,207,14,61,26,19,<a_61><b_26><c_19>
4c45726cdcd61b8d94ae7c56,35.64405345795748,139.74722027778623,104,27,20,2,38,<a_20><b_2><c_38>
4bb1c529f964a5203da23ce3,35.63152557522694,139.64302481790293,47,13,12,8,31,<a_12><b_8><c_31>
4fcd54c7c2ee04dbc385a66e,35.670353807915966,139.73452806472778,73,18,51,57,52,<a_51><b_57><c_52>
4b763a0bf964a52027442ee3,35.66486257099232,139.7393774986267,249,13,30,37,3,<a_30><b_37><c_3>
4db61f3a0cb6729b6ab349bf,35.78982090785953,139.60715532302856,68,10,45,13,29,<a_45><b_13><c_29>
4bb91be37421a5934f7fc240,35.71864080326591,139.78378415107727,320,12,51,55,39,<a_51><b_55><c_39>
4fbad1b1e4b039e2d6fbf17d,35.86602997137174,139.6618326319478,299,14,61,50,4,<a_61><b_50><c_4>
4c786b18bd346dcbd041f2ef,35.64573,139.87198394,47,10,31,5,11,<a_31><b_5><c_11>
4fc19392e4b04422a137ac39,35.646913364912194,139.87185390869217,30,11,24,10,36,<a_24><b_10><c_36>
4cd22c6f06b546887721e594,35.712745636796214,139.7764027118683,49,15,51,42,36,<a_51><b_42><c_36>
4b888994f964a52018ff31e3,35.69619459212357,139.7594779729843,113,2,30,2,49,<a_30><b_2><c_49>
4b92018af964a52021e333e3,35.66325435153064,139.7408527135849,253,3,30,34,55,<a_30><b_34><c_55>
4c8861d8a0ffb60c5c0422c5,35.69456304,139.7398764,320,30,44,56,60,<a_44><b_56><c_60>
4bbae821b35776b04b6acb01,35.85796,139.65381,30,12,53,14,63,<a_53><b_14><c_63>
4b6e3965f964a520bdb22ce3,35.706516956828004,139.71895540655467,33,6,48,53,57,<a_48><b_53><c_57>
4e07ff7e45ddb2875c4e5b25,35.688838195539766,139.73796665668488,68,11,21,29,44,<a_21><b_29><c_44>
4b7bda67f964a520b5702fe3,35.61662242034849,139.56426666514787,60,32,9,46,35,<a_9><b_46><c_35>
4f614034e4b0deb11b2adeab,35.586674773860445,139.70692103670677,68,6,21,42,21,<a_21><b_42><c_21>
4b6ea309f964a520d6c42ce3,35.695919708078414,139.7688894755941,116,8,48,2,39,<a_48><b_2><c_39>
4b6977b2f964a52079a32be3,35.76637405237616,139.84877943992615,157,2,30,14,32,<a_30><b_14><c_32>
4ba6e6dcf964a520737639e3,35.683937,139.793958,149,2,30,23,33,<a_30><b_23><c_33>
4b593287f964a520fa8028e3,35.69813357516659,139.75088601070448,236,5,30,16,1,<a_30><b_16><c_1>
4ba8cc34f964a520a5ef39e3,35.572081,139.731343,150,8,49,54,24,<a_49><b_54><c_24>
4bc11842f8219c7409dfb210,35.67925229608861,139.83944535255432,211,7,30,58,23,<a_30><b_58><c_23>
4ee57421e4b0541d805e3a62,35.658145711487855,139.47976197103387,111,26,27,6,13,<a_27><b_6><c_13>
4fc01aa7e4b04422a0a3c011,35.724034978965946,139.75062151477363,194,39,48,2,52,<a_48><b_2><c_52>
4c864466e602b1f77162be7a,35.735139,139.861201,236,3,30,38,59,<a_30><b_38><c_59>
4b64f4bdf964a5202adc2ae3,35.658004531662044,139.69935089349747,113,2,30,38,28,<a_30><b_38><c_28>
4b77cf8df964a52023ab2ee3,35.666477,139.64144,370,7,55,6,31,<a_55><b_6><c_31>
4b98d23bf964a5200d5135e3,35.66605890835996,139.64056089520454,109,2,10,3,35,<a_10><b_3><c_35>
4fc64d1ce4b058a77a5f1643,35.696733042463535,139.55346003059444,6,16,52,1,53,<a_52><b_1><c_53>
4b66d6fef964a520ed2c2be3,35.62541916699922,139.72223281860352,149,4,30,9,25,<a_30><b_9><c_25>
4b767b0ff964a5202e4e2ee3,35.65374819772036,139.86525356769562,250,13,38,13,33,<a_38><b_13><c_33>
4bb9bed93db7b713c279229a,35.639698288601494,139.59775686264038,299,29,49,41,39,<a_49><b_41><c_39>
4ed59ffeb8f7304632d9fb82,35.649256869143656,139.69993494330694,149,5,8,2,8,<a_8><b_2><c_8>
4b651133f964a52074e22ae3,35.56492472104849,139.55397483928687,152,2,30,23,19,<a_30><b_23><c_19>
4b77988df964a5203ca32ee3,35.7216481066013,139.70617175102234,170,3,30,10,49,<a_30><b_10><c_49>
4fd2d7efe4b03121cdb874b2,35.63331749898868,139.66358168963947,239,2,30,21,57,<a_30><b_21><c_57>
4bfe459bb68d0f4748ece957,35.678616100190645,139.7194218635559,44,5,61,25,39,<a_61><b_25><c_39>
4e1c293bb3adc374621103c1,35.674136440282616,139.6683070063591,150,8,63,19,14,<a_63><b_19><c_14>
4b8e02a0f964a520e31533e3,35.7070569430762,139.83189225196838,78,13,20,0,26,<a_20><b_0><c_26>
4b987702f964a520594335e3,35.706981686301376,139.86922362547878,47,6,48,4,18,<a_48><b_4><c_18>
4b643707f964a5207da42ae3,35.642052463675704,139.67783153057098,262,3,30,8,49,<a_30><b_8><c_49>
4c36670593db0f47a80e1e92,35.554415193516455,139.5839086174965,320,9,48,9,14,<a_48><b_9><c_14>
4b289b08f964a520329424e3,35.66536377097857,139.73021507263184,253,6,57,2,3,<a_57><b_2><c_3>
4cc57815b3de9c74d9a9b3c9,35.69020191400778,139.76901590824127,236,1,30,2,9,<a_30><b_2><c_9>
4fa78b9de4b09571e0a1f8ca,35.68502140266677,139.7034788131714,52,22,20,26,62,<a_20><b_26><c_62>
4d202951756e8cfacdf16954,35.802072103074416,139.75978474001414,69,6,10,2,61,<a_10><b_2><c_61>
4bbf073c82a2ef3b121c2cd2,35.69685460874923,139.71323668956757,47,1,30,2,59,<a_30><b_2><c_59>
4fb4d217e4b07727d0b612ff,35.710623551384536,139.81286541138434,76,10,18,49,12,<a_18><b_49><c_12>
4bd7df01e914a5938f2452fa,35.71177867462193,139.7960901260376,298,7,44,18,53,<a_44><b_18><c_53>
4fd1e0aae4b0d639e42a8d19,35.72301107101386,139.74878504723975,194,7,30,23,25,<a_30><b_23><c_25>
4fb4b1cae4b0edf5d4c45ef3,35.70993183138244,139.81171131134033,39,8,61,13,13,<a_61><b_13><c_13>
4c1632f2a1010f47a5174f18,35.71088,139.56874797,320,7,61,13,24,<a_61><b_13><c_24>
4e2975158877f9158a7f1c7d,35.58072975655883,139.66132789850235,47,5,20,48,52,<a_20><b_48><c_52>
4cfa128fc671721e8b43bb18,35.660268817595735,139.66758012771606,236,7,49,13,22,<a_49><b_13><c_22>
4b701193f964a520c9052de3,35.841068717825934,139.73414719104767,284,4,48,38,13,<a_48><b_38><c_13>
4df3107cd4c01ff6b2eb2315,35.64255,139.67097,224,6,48,49,9,<a_48><b_49><c_9>
4d858345d5fab60ca1e5f99b,35.716833267297865,139.60723431007398,102,16,30,11,32,<a_30><b_11><c_32>
4b6e508bf964a520dab72ce3,35.82256311784901,139.6945685148239,47,2,30,9,40,<a_30><b_9><c_40>
4bd8c74b2e6f0f47e1910808,35.70078845591565,139.5662784576416,248,2,49,7,47,<a_49><b_7><c_47>
4d3677cb3612a093117e7f5d,35.69878852229449,139.69725740884007,68,4,48,25,14,<a_48><b_25><c_14>
4b772934f964a52099832ee3,35.6770522,139.755934,248,8,9,56,51,<a_9><b_56><c_51>
4b57e8bdf964a520eb4528e3,35.65208308779775,139.72647070884705,88,6,19,57,4,<a_19><b_57><c_4>
4bb2eac335f0c9b6a7dfbb83,35.67089419494362,139.76500868797302,69,9,21,53,59,<a_21><b_53><c_59>
4b67fa63f964a520bc622be3,35.860691679696714,139.65251684188843,291,6,35,14,15,<a_35><b_14><c_15>
4b5176bbf964a520cb4d27e3,35.62860221501849,139.70808684825897,102,4,34,6,61,<a_34><b_6><c_61>
4b89fe51f964a520985a32e3,35.580524701763146,139.64241296052933,224,4,48,30,0,<a_48><b_30><c_0>
4b500a5df964a520ab1b27e3,35.682682471079744,139.70186463825945,249,3,48,8,13,<a_48><b_8><c_13>
4c9da26a54c8a1cde7f5854b,35.67949843818688,139.77131564394094,67,11,30,53,34,<a_30><b_53><c_34>
4fcd50e66d86d680d45ab999,35.710487195582395,139.81130361557007,7,6,21,42,23,<a_21><b_42><c_23>
4bbdc00d8a4fb71363483d9d,35.69752551113977,139.81536984443665,72,5,20,33,44,<a_20><b_33><c_44>
4e601f091838ad3d0dc589fa,35.64801824304834,139.71002608537674,249,2,30,34,57,<a_30><b_34><c_57>
4c9da6bc46978cfa65fb997f,35.64712678295331,139.75018948316574,262,1,30,38,55,<a_30><b_38><c_55>
4b63147cf964a52085612ae3,35.580915177996545,139.6611937880516,33,2,10,13,46,<a_10><b_13><c_46>
4fd44a60e4b08568ea021660,35.541447789442266,139.62096131022403,82,7,20,39,46,<a_20><b_39><c_46>
4b5afe19f964a520d0dd28e3,35.60730390354594,139.73638951778412,236,2,30,41,19,<a_30><b_41><c_19>
4be5125b2457a5937e24ab15,35.65312051638078,139.75416719913483,248,3,48,18,46,<a_48><b_18><c_46>
4fd2e3ebe4b003bf7a30cc4b,35.72833329901063,139.56364731287948,6,17,31,61,14,<a_31><b_61><c_14>
4b792906f964a5206aed2ee3,35.65873242268907,139.69556629657745,265,6,7,10,1,<a_7><b_10><c_1>
4ca2c607f832a1cde02898e5,35.70075038487953,139.524462331523,153,10,51,30,42,<a_51><b_30><c_42>
4b2b666af964a52028b624e3,35.661129621679365,139.70096558332443,236,4,48,9,49,<a_48><b_9><c_49>
4b6bafd6f964a520a5152ce3,35.76444794769514,139.73560631275177,39,10,51,51,18,<a_51><b_51><c_18>
4b893887f964a520e02332e3,35.68950917,139.8261443,320,6,16,13,42,<a_16><b_13><c_42>
4f4e0262e4b0cb12b9c8bf36,35.7245333393114,139.64586927056206,47,2,48,18,35,<a_48><b_18><c_35>
4b529b9ff964a520be8327e3,35.69197950563355,139.70647484064102,249,7,18,32,34,<a_18><b_32><c_34>
4b62734df964a5201d482ae3,35.71939083618426,139.56242603900404,68,5,19,17,31,<a_19><b_17><c_31>
4b72af7df964a520b8832de3,35.65849923676496,139.57552134990692,33,6,61,60,35,<a_61><b_60><c_35>
4c23440a9085d13a608b87cc,35.69952794307615,139.76380565032673,33,6,30,22,16,<a_30><b_22><c_16>
4b62613cf964a52025452ae3,35.710133,139.753109,33,6,30,55,55,<a_30><b_55><c_55>
4e43c2c7b61cac6fc74c3cac,35.670433223701366,139.48544514513543,87,17,48,13,62,<a_48><b_13><c_62>
4c0721590ed3c928c331797d,35.70040401041638,139.77204009890556,236,6,19,42,29,<a_19><b_42><c_29>
4b5a9429f964a52049cc28e3,35.69119092208076,139.67021942138672,211,4,30,14,33,<a_30><b_14><c_33>
4b6691b0f964a5206a242be3,35.69110232236616,139.69818979535702,150,6,10,6,5,<a_10><b_6><c_5>
4bb84260314e95217456489d,35.67499491598657,139.7641557455063,71,4,30,17,27,<a_30><b_17><c_27>
4edce292e5e8df9326f0f896,35.64571873525347,139.74768161773682,80,13,61,43,63,<a_61><b_43><c_63>
4d1498d4401db60c7a75d9a4,35.68013250396747,139.7675085067749,7,23,31,13,15,<a_31><b_13><c_15>
4fc86545e4b0dd96d0ed481c,35.78275648874223,139.66595869726254,299,37,9,1,21,<a_9><b_1><c_21>
4fc867f8e4b011cce4b5adaa,35.76963162692889,139.66059686174688,299,22,44,56,24,<a_44><b_56><c_24>
4b569baef964a520951628e3,35.696404251462184,139.75666299462318,236,3,30,62,47,<a_30><b_62><c_47>
4cf8610ffc472d43b9222935,35.6854440473982,139.72902953624725,103,4,30,27,23,<a_30><b_27><c_23>
4b5edd85f964a520819b29e3,35.626952,139.562972,47,6,48,15,52,<a_48><b_15><c_52>
4b583c5ef964a520fd4e28e3,35.706246728552976,139.7202694416046,224,4,30,58,16,<a_30><b_58><c_16>
4b729b0cf964a52047802de3,35.69693857470085,139.70028896531508,66,5,18,2,44,<a_18><b_2><c_44>
4b6ba3baf964a520cd132ce3,35.699114,139.770549,65,13,51,13,3,<a_51><b_13><c_3>
4e1d6d80887794dc24916967,35.73214338082541,139.54987406730652,47,8,51,6,1,<a_51><b_6><c_1>
4d67c1d42433a143c3fa4fe0,35.68063905,139.7834945,320,8,48,34,39,<a_48><b_34><c_39>
4d8b84c9ff45a090ac5a1bae,35.78366772957149,139.66638922691345,320,12,44,19,25,<a_44><b_19><c_25>
4b714db4f964a52047402de3,35.712053083998775,139.6777081489563,320,5,48,42,20,<a_48><b_42><c_20>
4e56bb5bae60220987ba856a,35.57372141917428,139.76164151355533,312,10,30,14,41,<a_30><b_14><c_41>
4edce203e5e8df9326f0e2e0,35.64566206408351,139.74750459194183,80,21,11,22,34,<a_11><b_22><c_34>
4ea6d4017beb476c71b463e6,35.66667559256904,139.79325771331787,195,15,53,2,29,<a_53><b_2><c_29>
4b8f2c55f964a520384c33e3,35.7182321637793,139.75787811363872,109,8,30,22,19,<a_30><b_22><c_19>
4e128557b0fbfef99b9b9e98,35.61026251636765,139.55450703053415,195,11,13,15,28,<a_13><b_15><c_28>
4efd565ce5faf2869962f5e4,35.67846284918006,139.74040688547657,360,12,51,21,19,<a_51><b_21><c_19>
4bf0c9976f8aa593254ac23c,35.65887407735724,139.69787299633026,236,4,48,3,59,<a_48><b_3><c_59>
4fd6d5096d86434199f2760b,35.689953570847365,139.68776106834412,75,21,31,46,2,<a_31><b_46><c_2>
4cf9c134ee9cb60cab5586ad,35.69008863476733,139.78215605020523,152,7,53,34,4,<a_53><b_34><c_4>
4fd6fcd0e4b0269cfe72d21d,35.70039,139.645777,149,14,51,51,31,<a_51><b_51><c_31>
4bcf9669caff95217287cdf0,35.724269877280925,139.79102075099945,299,9,24,45,48,<a_24><b_45><c_48>
4b5d6e7bf964a520d45c29e3,35.684301,139.76655899178053,33,11,30,15,44,<a_30><b_15><c_44>
4db17c4a43a1bea42bcc1545,35.682332981185375,139.66313034296036,33,8,30,38,57,<a_30><b_38><c_57>
4ce29cd6f8cdb1f7fb07a312,35.55971164226399,139.71769849100338,302,32,20,59,23,<a_20><b_59><c_23>
4eccc1109a528a8ec715f4f4,35.64607579645397,139.86973867182115,299,13,8,50,53,<a_8><b_50><c_53>
4b89abd7f964a520bc4a32e3,35.657786,139.573116,320,4,10,4,4,<a_10><b_4><c_4>
4da3a7a822a5f04d7b832955,35.63112458155851,139.7978737950325,301,5,48,6,57,<a_48><b_6><c_57>
4b6d03ddf964a52016632ce3,35.700374,139.747848,184,6,10,37,22,<a_10><b_37><c_22>
4b946bf6f964a520cb7834e3,35.71221424462096,139.69950914382937,33,3,30,18,27,<a_30><b_18><c_27>
4c1192c0a9420f478b137d51,35.70510544466381,139.71831679344177,187,7,30,25,34,<a_30><b_25><c_34>
4d9941b297d06ea85d03470b,35.60621354254938,139.68278288841248,195,6,30,23,40,<a_30><b_23><c_40>
4fc85df4e4b081b29e760708,35.711115246247125,139.76410731871232,198,6,48,0,1,<a_48><b_0><c_1>
4fd236717b0c5e8ae08b23c1,35.662718271178115,139.7327470779419,249,5,48,8,48,<a_48><b_8><c_48>
4b639e17f964a5205a872ae3,35.70062968220428,139.5665053423108,129,11,44,18,34,<a_44><b_18><c_34>
4b63ef4cf964a520bd972ae3,35.661055739433166,139.6691431404696,236,2,30,8,16,<a_30><b_8><c_16>
4deae5011fc7d5135cb4c99b,35.66155366280792,139.70675148577394,68,2,30,15,57,<a_30><b_15><c_57>
4f547e11e4b09298101066ea,35.672005,139.797785,355,5,48,46,6,<a_48><b_46><c_6>
4ba0b13df964a520d97737e3,35.667059111088115,139.69382286071777,12,5,48,55,0,<a_48><b_55><c_0>
4c01ef42716bc9b69dc3bc55,35.697076791334865,139.79723811149597,138,9,51,47,34,<a_51><b_47><c_34>
4bb5b61c2ea19521b3b5aa2f,35.81478,139.586948,149,1,30,23,39,<a_30><b_23><c_39>
4bab68fff964a52031a73ae3,35.608406,139.717533,110,9,48,18,46,<a_48><b_18><c_46>
4b9b6547f964a520b30436e3,35.66547708532197,139.83520478010178,251,5,48,23,11,<a_48><b_23><c_11>
4e7e9a6bb803080f1ab8ec07,35.7889809805568,139.61284521418958,304,20,31,22,40,<a_31><b_22><c_40>
4fd4c296e4b0e8d49d74f08c,35.7062681797408,139.61810810108187,60,20,31,7,6,<a_31><b_7><c_6>
4bc9145afb84c9b61b831a3e,35.59050197205287,139.732406437397,291,6,48,46,2,<a_48><b_46><c_2>
4cc5057091413704b1d0c655,35.74362998361253,139.76080030202866,236,7,10,47,46,<a_10><b_47><c_46>
4b56d61df964a5208a1c28e3,35.707361860387685,139.7514420747757,298,8,61,12,39,<a_61><b_12><c_39>
4b5bf4ccf964a520e11e29e3,35.66083078246324,139.6688883673511,157,4,30,8,47,<a_30><b_8><c_47>
4f18f97c754afbc24010d083,35.660737357678165,139.69947963953018,68,5,10,47,46,<a_10><b_47><c_46>
4fa66165e4b01acec496872b,35.58726965930007,139.63010788174572,54,2,30,58,9,<a_30><b_58><c_9>
4faafef0e4b0db927cb8104c,35.6979262973077,139.7530219833119,320,9,30,58,45,<a_30><b_58><c_45>
4f787cee1081186a21c5525a,35.680655395139816,139.71149325370789,289,14,10,38,62,<a_10><b_38><c_62>
4f9f484fe4b0d2f1090133d5,35.69103403359677,139.697780939567,360,7,61,57,57,<a_61><b_57><c_57>
4b5cfca3f964a520de4d29e3,35.72830253218643,139.7439157962799,111,1,30,2,49,<a_30><b_2><c_49>
4b620dd7f964a520c7322ae3,35.65822900175815,139.7021296620369,249,3,30,13,16,<a_30><b_13><c_16>
4f2dbe0ce4b0bd78b733febc,35.59789333538927,139.5571382910272,103,5,8,49,41,<a_8><b_49><c_41>
4bcd4672fb84c9b6bde1213e,35.59047579806867,139.55391883850098,150,4,55,10,46,<a_55><b_10><c_46>
4bd27144b221c9b6efd3d7d0,35.660844140847146,139.70058739185333,318,4,48,10,24,<a_48><b_10><c_24>
4e2cca0fc65bcaf4003d6444,35.65503378143331,139.7064223588792,248,13,61,38,12,<a_61><b_38><c_12>
4d357b4272a8b1f7509bb9d0,35.719114694622085,139.79507336423072,47,19,20,4,52,<a_20><b_4><c_52>
4e80c3cab634f4e1e35933d9,35.7841331408676,139.6278932423433,320,4,10,15,16,<a_10><b_15><c_16>
4bb088cff964a5204f4a3ce3,35.562189808858776,139.71325010061264,236,4,48,34,33,<a_48><b_34><c_33>
4fd1e12ce4b0d6a2d4df5d5d,35.72315686177334,139.74904953498404,194,7,30,23,25,<a_30><b_23><c_25>
4b6a41e1f964a52089cf2be3,35.602608,139.7319,237,6,48,3,14,<a_48><b_3><c_14>
4fd3faa0e4b0b916ea82cd7e,35.64358926127794,139.6713808253608,149,9,31,2,15,<a_31><b_2><c_15>
4b5547dcf964a520aae027e3,35.672728,139.703748,236,3,30,6,8,<a_30><b_6><c_8>
4b9a0651f964a520869b35e3,35.64051353856067,139.48895037174225,47,3,30,26,19,<a_30><b_26><c_19>
4d63ca7ca45b54812a86052d,35.72300884673151,139.47981164673348,47,3,48,2,12,<a_48><b_2><c_12>
4b5853c6f964a520f65228e3,35.85928305806782,139.6471792459488,235,4,30,51,19,<a_30><b_51><c_19>
4fda7ecfe4b05b85932c4716,35.629043577200775,139.7763080715703,168,8,53,31,18,<a_53><b_31><c_18>
4fdc461be4b0503efc2fe9ef,35.640431494462334,139.48219861389168,6,8,51,1,35,<a_51><b_1><c_35>
4c0f46dc98102d7f7206e506,35.67408414704797,139.74109411239624,291,3,30,58,59,<a_30><b_58><c_59>
4bfaa1805efe2d7ff9dd6d34,35.636790350687654,139.8782730102539,291,5,10,22,22,<a_10><b_22><c_22>
4c43af73dcd61b8df3667a56,35.54877414315378,139.57781195640564,298,6,61,60,46,<a_61><b_60><c_46>
4b5e35a8f964a520de8329e3,35.65064461410742,139.54363390803337,249,6,48,39,40,<a_48><b_39><c_40>
4b714b25f964a520c53f2de3,35.67168952,139.6137911,320,2,30,47,20,<a_30><b_47><c_20>
4e543f34d22dad218dfb014d,35.57325035,139.66698755,80,58,51,51,35,<a_51><b_51><c_35>
4b5be1fff964a5207f1b29e3,35.681091,139.708248,33,2,30,49,9,<a_30><b_49><c_9>
4b5b2f6df964a5207ce928e3,35.662047076068994,139.66840624809265,47,5,48,2,56,<a_48><b_2><c_56>
4bf7983dc07c9c7490acbbef,35.64763681268489,139.5965337753296,260,1,30,23,38,<a_30><b_23><c_38>
4b6131f9f964a520950c2ae3,35.5936689609791,139.75559949874878,321,14,35,15,42,<a_35><b_15><c_42>
4dfdafe17d8b3050801931f0,35.78871563370498,139.66137886047363,299,15,9,56,15,<a_9><b_56><c_15>
4bb17800f964a52073953ce3,35.666706099791405,139.73060131072998,149,2,30,58,31,<a_30><b_58><c_31>
4e7d2730b8f724f0c247f712,35.65590812598447,139.48294130099035,248,22,13,26,17,<a_13><b_26><c_17>
4b5f9cbbf964a5208cc429e3,35.62781493958816,139.74785685429717,207,2,16,31,57,<a_16><b_31><c_57>
4fa8b151e4b06123d9ca9563,35.62669603571972,139.7481163476359,186,2,48,2,25,<a_48><b_2><c_25>
4c622da54be3b713169ad9e8,35.731160970241355,139.78983965892607,150,15,48,2,39,<a_48><b_2><c_39>
4b5bf28ef964a520791e29e3,35.811978,139.724902,65,8,51,42,20,<a_51><b_42><c_20>
4bc6be4fd35d9c748f32e33a,35.56398334,139.721911,320,6,21,45,38,<a_21><b_45><c_38>
4b6e880ef964a520e8c02ce3,35.67021838107378,139.6810801011184,47,14,30,58,57,<a_30><b_58><c_57>
4b710475f964a5206e372de3,35.70314812285625,139.74586346073795,297,9,14,26,50,<a_14><b_26><c_50>
4b700705f964a52004042de3,35.515352,139.664978,47,3,30,16,40,<a_30><b_16><c_40>
4ca6a93eb7106dcbfea860a5,35.80301338718077,139.7187352180481,288,8,24,41,35,<a_24><b_41><c_35>
4b558892f964a520b9e627e3,35.66029496874254,139.7292709350586,152,3,8,34,39,<a_8><b_34><c_39>
4f5c47a9e4b07bddef123705,35.70703592189128,139.76092774696315,236,5,30,21,38,<a_30><b_21><c_38>
4b8b3a32f964a520859832e3,35.54876977855108,139.57780122756958,47,5,44,33,0,<a_44><b_33><c_0>
4fdf8c30e4b01dfec0a860cb,35.588213286842844,139.72901169122125,48,14,44,2,55,<a_44><b_2><c_55>
4bdedba917fdef3b99a94e36,35.715968759313185,139.59587931632996,342,11,30,1,14,<a_30><b_1><c_14>
4b5c1f71f964a520ca2429e3,35.69573062,139.7778404,320,13,21,46,2,<a_21><b_46><c_2>
4f4f49aee4b09d63cc3ce813,35.70078167522316,139.4800401554959,360,9,61,61,2,<a_61><b_61><c_2>
4e2cf1f214955dbf7aea5d8c,35.65913559300756,139.5435333251953,202,16,61,53,48,<a_61><b_53><c_48>
4fd9b494e4b04149bc71fac3,35.70473672553274,139.77983297808444,362,2,30,14,31,<a_30><b_14><c_31>
4b6a7303f964a52097d52be3,35.69885858615206,139.72066640853882,184,7,10,59,33,<a_10><b_59><c_33>
4b5a8e48f964a5202dcb28e3,35.70182307340639,139.7712206840515,149,14,61,43,2,<a_61><b_43><c_2>
4ef092c84690b515747cec88,35.57567571562858,139.66321792123583,80,24,51,1,14,<a_51><b_1><c_14>
4fea124ce4b04b3061dbafe5,35.69780362115919,139.6475530917763,150,6,48,53,16,<a_48><b_53><c_16>
4fd59d3be4b08568ea89ced2,35.61937918639325,139.72817360230218,360,6,49,31,19,<a_49><b_31><c_19>
4ca7f4c844a8224bfcf41240,35.69427550284984,139.74116921424866,104,10,48,43,57,<a_48><b_43><c_57>
4bd1071141b9ef3b3f67fbe5,35.62974677322534,139.74160104990003,320,4,24,6,45,<a_24><b_6><c_45>
4fb44ae8e4b07727d08f7812,35.79529472380215,139.6834428585793,336,17,44,2,45,<a_44><b_2><c_45>
4fe430c7e4b08820ea1058af,35.701311,139.75222,236,10,48,53,21,<a_48><b_53><c_21>
4b5ee029f964a520ff9b29e3,35.70510326662551,139.66629803180695,157,6,5,34,39,<a_5><b_34><c_39>
4b572041f964a520672728e3,35.75565691850138,139.6963320672512,33,7,30,8,42,<a_30><b_8><c_42>
4c04a0f70b8eef3bdef4b882,35.6624934,139.5840995,251,7,18,10,51,<a_18><b_10><c_51>
4b611738f964a52052092ae3,35.66760481470138,139.76772135580546,249,5,61,7,17,<a_61><b_7><c_17>
4df5daf3aeb7170aa2f8ae18,35.70469597241562,139.77736294269562,68,8,40,2,30,<a_40><b_2><c_30>
4fa9da84e4b0ea8c6162755b,35.68259742975321,139.6872463986389,249,8,44,42,1,<a_44><b_42><c_1>
4feabbede4b0accd04c5d0e8,35.71505691293707,139.55346003059444,6,25,31,47,22,<a_31><b_47><c_22>
4cdcb786958f236ab67bb403,35.52920524264641,139.6957540512085,68,8,21,6,31,<a_21><b_6><c_31>
4ba5ea10f964a520102939e3,35.81554464844258,139.58780586719513,33,7,30,62,16,<a_30><b_62><c_16>
4ce653f6678aa093b780dbea,35.723155,139.56687,236,3,30,58,31,<a_30><b_58><c_31>
4e66065b2271573ad91f9d64,35.66435358507482,139.7314923730164,236,3,30,14,59,<a_30><b_14><c_59>
4e4ce33dd22d10a6c5d09601,35.73826,139.748662,308,8,44,2,12,<a_44><b_2><c_12>
4ee311860e011d5244d62a89,35.53123905182863,139.69681719262508,78,11,51,31,31,<a_51><b_31><c_31>
4b8b39cbf964a520729832e3,35.69684503229278,139.68302911996523,150,2,30,14,36,<a_30><b_14><c_36>
4da2f15d63b5a35df2f2061a,35.52320659125645,139.69232082366943,320,25,9,48,47,<a_9><b_48><c_47>
4bbd0df44e069c74d84a9ee3,35.71160009023425,139.7171312570572,299,54,31,50,6,<a_31><b_50><c_6>
4b63d6dbf964a520bb932ae3,35.802447791524074,139.57112789154053,47,9,45,28,3,<a_45><b_28><c_3>
4c35b4d83896e21ec18aed90,35.69892393239338,139.7747665643692,33,7,27,42,2,<a_27><b_42><c_2>
4b6511a9f964a52094e22ae3,35.66574293757328,139.73015069961548,146,3,30,3,21,<a_30><b_3><c_21>
4b722317f964a52080702de3,35.60719050669463,139.66853499412537,236,5,16,10,46,<a_16><b_10><c_46>
4d9066b0788c5481701b63fd,35.70936121786035,139.71635341644287,299,18,8,2,57,<a_8><b_2><c_57>
4bbca9474e069c740bb29de3,35.71431891785044,139.71590793119069,157,20,40,37,17,<a_40><b_37><c_17>
4daaa11e43a1128196fd230e,35.69598198971199,139.74230796072678,186,17,48,58,9,<a_48><b_58><c_9>
4f06dd220039c08d1271add0,35.62467789104938,139.88856196403503,168,8,44,10,36,<a_44><b_10><c_36>
4b8de478f964a520571233e3,35.706165307236894,139.6497351564616,21,9,51,57,2,<a_51><b_57><c_2>
4bfe8842b68d0f47994fea57,35.70616832025886,139.64954495429993,320,11,61,47,57,<a_61><b_47><c_57>
4cd9fab086846dcb7edad486,35.745598,139.580701,302,4,10,10,41,<a_10><b_10><c_41>
4ba72bf1f964a520338439e3,35.65422939149743,139.72619815389191,289,10,19,33,35,<a_19><b_33><c_35>
4d12dea40e9e8eec884f491c,35.65139872627249,139.723761677742,289,10,19,33,35,<a_19><b_33><c_35>
4fdbee86e4b03622b11f74b6,35.70939170876254,139.79257106781006,353,10,44,13,24,<a_44><b_13><c_24>
4b6b4de3f964a52089ff2be3,35.65944450940309,139.70035877272167,298,21,20,59,28,<a_20><b_59><c_28>
4c1ee1f1920076b03c15c4e9,35.69613142192906,139.74724173545837,104,22,30,17,47,<a_30><b_17><c_47>
4bf239d478cec928c247bb86,35.689657300802445,139.75035309791565,178,20,48,62,3,<a_48><b_62><c_3>
4f7fd8ffe4b088077e37f61f,35.689414810104914,139.74706840073176,129,14,13,33,12,<a_13><b_33><c_12>
4b7dee63f964a5209cda2fe3,35.694600073973994,139.74828243255615,142,18,10,41,53,<a_10><b_41><c_53>
4fe67e880039f20ba7a8b922,35.83540224402251,139.67764377593994,31,16,61,43,9,<a_61><b_43><c_9>
4c0768b6b4aa0f4754956562,35.623972,139.738971,283,11,61,7,38,<a_61><b_7><c_38>
4b73e388f964a520f7be2de3,35.58822530623615,139.72840333582246,249,15,30,9,31,<a_30><b_9><c_31>
4fed04efe4b038983bf0ff6b,35.61094737152573,139.55354707263248,195,11,31,46,57,<a_31><b_46><c_57>
4bc9b4eeb6c49c74b9cc8e91,35.73246126589407,139.71611738204956,33,3,30,16,6,<a_30><b_16><c_6>
4eea7bd077c8730d37d15cf2,35.730307693576115,139.7198133166133,103,13,61,53,21,<a_61><b_53><c_21>
4fded1d5e4b0a5a2803b71b1,35.61094124036004,139.55520629882812,203,21,31,61,31,<a_31><b_61><c_31>
4e83cf7ee5fa78bbc9892415,35.61084718890092,139.6273703310838,248,24,9,45,15,<a_9><b_45><c_15>
4b921313f964a52019e633e3,35.67484239559696,139.76917684078217,99,6,10,2,19,<a_10><b_2><c_19>
4c0c6de57189c928f193d5b6,35.72929820818802,139.71790797507603,320,6,7,13,45,<a_7><b_13><c_45>
4fc9e09be4b044ecbf5bc7b2,35.704839301852694,139.6727414190924,68,16,14,13,9,<a_14><b_13><c_9>
4b5a47faf964a520e2b928e3,35.6875572374694,139.7195988893509,47,18,20,11,60,<a_20><b_11><c_60>
4fe49523e4b02af3e62be14b,35.76452310523903,139.82190832631446,319,46,31,46,9,<a_31><b_46><c_9>
4b5eaf9af964a520e99529e3,35.739746147170884,139.74631369113922,47,2,30,46,18,<a_30><b_46><c_18>
4ca5b396931bb60c86008ce2,35.68096912819847,139.70683693885803,68,6,10,25,0,<a_10><b_25><c_0>
4b8348f2f964a520bd0031e3,35.738013163504526,139.75995540618896,289,10,9,47,9,<a_9><b_47><c_9>
4b5e5e30f964a5209b8b29e3,35.678152022586254,139.78299289941788,33,2,30,8,11,<a_30><b_8><c_11>
4b5aa441f964a52019cf28e3,35.837272582290474,139.72309543607457,298,3,48,15,18,<a_48><b_15><c_18>
4c3420e83896e21ea625eb90,35.702382850325414,139.77702230215073,236,1,30,29,59,<a_30><b_29><c_59>
4de99f1152b11677f026de31,35.664025777916585,139.85803842544556,8,8,9,31,37,<a_9><b_31><c_37>
4cb4152ca5c0ef3b702c647e,35.66888951500249,139.6824288368225,30,8,16,24,18,<a_16><b_24><c_18>
4b38bb29f964a520d54f25e3,35.68597561800512,139.76699352264404,90,13,61,10,13,<a_61><b_10><c_13>
4b98adbaf964a5202a4b35e3,35.662222,139.697498,149,7,61,7,19,<a_61><b_7><c_19>
4c2e057d7d85a593408a53f3,35.640912441258926,139.66939330101013,52,8,48,18,57,<a_48><b_18><c_57>
4c12d6efa9c220a1e4c7549d,35.69699401750276,139.74647998809814,77,19,48,42,57,<a_48><b_42><c_57>
4dd9b456fa76ad96d15ca4aa,35.69859834748406,139.74559631611015,90,11,13,42,34,<a_13><b_42><c_34>
4b79139ef964a520e2ea2ee3,35.6704627572079,139.74203020334244,106,3,30,58,46,<a_30><b_58><c_46>
4e7655b7a809582dd657cca3,35.6990241298594,139.7528100013733,155,18,16,33,46,<a_16><b_33><c_46>
4d3514fb280e2c0f299559bc,35.690790092092946,139.7474616765976,137,10,48,19,46,<a_48><b_19><c_46>
4fea686e6b747f5939b16123,35.691322,139.702979,65,175,53,10,29,<a_53><b_10><c_29>
4d8c52f72da46ea8dc2d246d,35.663623268899,139.71484060374397,34,6,48,56,13,<a_48><b_56><c_13>
4f1e39cbe4b0bd0242d73c27,35.81368164469626,139.8025102125954,109,5,30,16,9,<a_30><b_16><c_9>
4b66254cf964a5202a162be3,35.65986347372506,139.70610201358795,149,2,30,58,9,<a_30><b_58><c_9>
4f38ea22e4b0a67fedc06698,35.70009941162261,139.48103864992478,80,7,49,33,52,<a_49><b_33><c_52>
4ba36f0df964a520b33c38e3,35.69555635302964,139.74445760250092,104,13,10,41,46,<a_10><b_41><c_46>
4b5bc51bf964a5202d1529e3,35.74926010624978,139.58564702922584,249,5,30,8,59,<a_30><b_8><c_59>
4b59265bf964a520107f28e3,35.69901541704127,139.7746217250824,109,7,48,37,52,<a_48><b_37><c_52>
4ebd2e6c0aaf88633ba560ca,35.5617041904802,139.72437241922978,274,47,31,46,18,<a_31><b_46><c_18>
4b6d4180f964a520cf6d2ce3,35.631672574785526,139.64404601541634,320,7,55,2,19,<a_55><b_2><c_19>
4b558d12f964a5202ce727e3,35.712057439695535,139.60511684417725,47,3,30,44,34,<a_30><b_44><c_34>
4bbdfdfdf57ba59356baaeb9,35.632231,139.577783,236,2,30,6,9,<a_30><b_6><c_9>
4ca2f0701ee76dcbd5edf4dd,35.6724376662187,139.72510071101104,68,6,59,56,38,<a_59><b_56><c_38>
4f81a3f8754a2727a0eaa41e,35.750027,139.80548,360,4,35,41,19,<a_35><b_41><c_19>
4d7740e77484b60cb3a339d9,35.70017625600397,139.76926886986934,294,7,10,6,50,<a_10><b_6><c_50>
4c9b0936a004a1cded744d6e,35.664019240436154,139.85747784376144,149,5,10,9,61,<a_10><b_9><c_61>
4fa3574a121df8dabaf60d8b,35.698545,139.773275,78,50,31,46,36,<a_31><b_46><c_36>
4b56a13cf964a520231728e3,35.70618591208625,139.68652854272162,33,1,30,2,59,<a_30><b_2><c_59>
4b318e36f964a520f50825e3,35.646104965059195,139.68101031646933,155,2,30,62,49,<a_30><b_62><c_49>
4c125e0877cea593dadfcc60,35.70073676283654,139.54343116595652,320,4,10,41,16,<a_10><b_41><c_16>
4ea283d02c5b5cb4f4062dad,35.697966060045175,139.7766675800085,42,6,30,58,32,<a_30><b_58><c_32>
4b899e09f964a5209b4632e3,35.655343532257,139.75629150867462,299,8,49,17,46,<a_49><b_17><c_46>
4cfdf586c6cca35d2c8e9932,35.80139369378054,139.78307847345314,47,5,61,10,1,<a_61><b_10><c_1>
4d4bb2e5b496b60c8ac5c700,35.70041816849881,139.77261543273926,178,8,48,26,49,<a_48><b_26><c_49>
4b76184af964a5205c3c2ee3,35.65594722294431,139.79409992694855,156,16,49,8,11,<a_49><b_8><c_11>
4ca7591644a8224b61280c40,35.69789145551914,139.77459490299225,60,10,31,26,22,<a_31><b_26><c_22>
4f3f3273e4b0d1e98e3b1a27,35.66745652213975,139.69800032524932,172,4,48,4,57,<a_48><b_4><c_57>
4cd64b4467adf04d3b8e3291,35.72356871,139.4913563,320,3,48,29,31,<a_48><b_29><c_31>
4fe4fb82e4b0faa0b8c11baf,35.713682727520066,139.77637297589152,360,37,9,29,21,<a_9><b_29><c_21>
4b56b805f964a520731928e3,35.69190326170786,139.70576405525208,165,10,22,57,2,<a_22><b_57><c_2>
4d7433a07e5fa090e3bf1ae4,35.68145082,139.686081,265,7,19,2,46,<a_19><b_2><c_46>
4ddc5f70e4cdb993eaaa076e,35.63225602349182,139.74163055419922,68,1,30,19,25,<a_30><b_19><c_25>
4b5851c6f964a520835228e3,35.69947468862446,139.58698076102826,152,9,61,1,59,<a_61><b_1><c_59>
4d140765bb64224b2da5a965,35.68736770621208,139.7038221359253,236,8,53,13,28,<a_53><b_13><c_28>
4b9a4a6ff964a520f8a935e3,35.615007534788035,139.6988721191883,150,2,30,18,7,<a_30><b_18><c_7>
4dbd0a785da3ff58ec5af6f3,35.700886,139.527207,320,13,20,39,52,<a_20><b_39><c_52>
4e927b5c55037de99d680f92,35.62507687353331,139.6668656729847,320,8,44,2,60,<a_44><b_2><c_60>
4fdb0db4e4b0f97669a40f64,35.6661526098011,139.64245319366455,78,7,49,28,1,<a_49><b_28><c_1>
4cb0c4cdf2dbef3bc79479e5,35.53922818918761,139.7414857149124,289,3,10,41,4,<a_10><b_41><c_4>
4bc6850d04e8b713f83c362d,35.68815305981086,139.69372630119324,109,8,48,22,14,<a_48><b_22><c_14>
4b5a78d9f964a52032c728e3,35.667564655411844,139.55047488212583,102,2,30,37,55,<a_30><b_37><c_55>
4b5bc8f2f964a520181629e3,35.729925829295105,139.71268605742543,249,7,21,51,53,<a_21><b_51><c_53>
4b8f26bdf964a5204e4b33e3,35.67575097704269,139.7646814584732,109,5,48,53,57,<a_48><b_53><c_57>
4b7cddf9f964a520d2a72fe3,35.82884376,139.5697546,320,14,31,29,63,<a_31><b_29><c_63>
4bd6b4afcfa7b713a5ec27da,35.704528485059896,139.77798811779195,6,8,30,33,25,<a_30><b_33><c_25>
4db0dc21fa8ca4b3e9ebf365,35.858803,139.656509,152,12,20,11,42,<a_20><b_11><c_42>
4b6a23fff964a520d1c92be3,35.82751622985927,139.5726994606813,47,6,48,26,15,<a_48><b_26><c_15>
4c1c78af8b3aa593b2ff985f,35.749174571968645,139.58553403615952,298,7,49,9,19,<a_49><b_9><c_19>
4c3837e26ec69c7492a504a9,35.74890246730022,139.58560913801193,47,16,34,6,50,<a_34><b_6><c_50>
4c53afbd30f92d7fa03a32b9,35.729659,139.71462275,15,5,48,2,57,<a_48><b_2><c_57>
4e13dc61b61c18a826fd0fbb,35.8445997308649,139.64733481407166,249,2,30,23,20,<a_30><b_23><c_20>
4fdd4c6be4b0b4dd2943dea8,35.76153638146606,139.73710135513124,6,6,48,22,16,<a_48><b_22><c_16>
4b5abc2af964a5208fd228e3,35.71572485189807,139.71288800239563,30,13,31,13,46,<a_31><b_13><c_46>
4f69c4ade4b0ffb80ab56385,35.66170509865423,139.70010447470847,155,30,44,49,43,<a_44><b_49><c_43>
4de5c5f0e4cde71744b106d3,35.72869881878969,139.77139234542847,299,9,51,15,43,<a_51><b_15><c_43>
4ff30fe2e4b0cd045cee3e3c,35.7320101759778,139.48219861389168,6,32,44,13,44,<a_44><b_13><c_44>
4e958c9561af864d7cf2dffc,35.708381146934094,139.75181221961975,289,11,51,34,37,<a_51><b_34><c_37>
4c11bcc06e5dc9b6a8b7b02d,35.66691093369688,139.74005341529846,61,2,30,21,40,<a_30><b_21><c_40>
4ff65c3ce4b0b8fda9b5d5c9,35.599084109061174,139.7305981062697,289,21,44,16,53,<a_44><b_16><c_53>
4eae09bef5b936710bbe2713,35.70614059720313,139.70685620835158,207,7,13,33,27,<a_13><b_33><c_27>
4fdef3e2e4b0ef4c39d5a9eb,35.70466255063676,139.6132584607537,33,4,30,58,46,<a_30><b_58><c_46>
4fe82cf4c2eee335e586af8a,35.694997,139.76771,67,9,51,56,51,<a_51><b_56><c_51>
4b851388f964a520024b31e3,35.729628,139.565363,236,5,16,47,46,<a_16><b_47><c_46>
4b936af3f964a520484334e3,35.812628224250616,139.5842486339865,47,5,48,46,62,<a_48><b_46><c_62>
4e37e44fae6076788f17f502,35.528845,139.700468,42,10,27,43,43,<a_27><b_43><c_43>
4b788ce9f964a5201cd62ee3,35.729759390177435,139.71485556614533,224,3,10,31,35,<a_10><b_31><c_35>
4ffba4d6e4b0f784b86187da,35.705918,139.664356,355,22,31,1,9,<a_31><b_1><c_9>
4f4b4811e4b002a2ae79e5b7,35.753915574392806,139.58408564329147,248,11,14,7,6,<a_14><b_7><c_6>
4f3a4490e4b00bffdefa73a2,35.743919325136645,139.60654729735612,299,31,31,50,17,<a_31><b_50><c_17>
4f2bbd97e4b03d064afb7a7a,35.74381285016448,139.60601806640625,320,17,18,26,52,<a_18><b_26><c_52>
4ffa576ce4b0fe7c2268b9fa,35.75129549458537,139.716945352006,319,3,30,17,57,<a_30><b_17><c_57>
4bd6f99a637ba59364fef870,35.670353807915944,139.76649194955826,166,7,24,19,40,<a_24><b_19><c_40>
4b67b18af964a5200d5b2be3,35.655155663249005,139.70467203296334,59,1,30,58,31,<a_30><b_58><c_31>
4cb6ba87589f236af1a3393d,35.6271720392577,139.89781022071838,299,3,48,55,46,<a_48><b_55><c_46>
4b5d86b9f964a520196029e3,35.62531942217964,139.7200334072113,236,11,48,2,33,<a_48><b_2><c_33>
4ba9e7bbf964a5202c3d3ae3,35.67665487214801,139.764022461368,249,5,11,30,14,<a_11><b_30><c_14>
4b709943f964a52060242de3,35.73648044300146,139.74685549736023,146,12,63,9,56,<a_63><b_9><c_56>
4b5e7393f964a520448f29e3,35.66410422764,139.76044356822968,291,8,10,50,19,<a_10><b_50><c_19>
4c0dd208336220a1815bcb77,35.689583233119265,139.69169855117798,71,4,49,15,33,<a_49><b_15><c_33>
4fc1b019e4b0a06f8ea40e7b,35.70189520171462,139.771420480609,294,12,19,63,37,<a_19><b_63><c_37>
4b62f32ef964a520505a2ae3,35.694105592607094,139.7829955816269,291,17,51,29,42,<a_51><b_29><c_42>
4b94fb3bf964a5204d8a34e3,35.536888449601186,139.633526802063,150,5,30,13,10,<a_30><b_13><c_10>
4dcd3cb4ae603b786d10e73d,35.57555190487406,139.73423005909817,270,9,48,54,42,<a_48><b_54><c_42>
4b7be807f964a5201b732fe3,35.69204703590685,139.7520911693573,142,10,48,42,46,<a_48><b_42><c_46>
4fc6eac0e4b0a9a5f1f1364d,35.730357190521275,139.71695033964997,30,8,30,8,23,<a_30><b_8><c_23>
4b700e94f964a5203d052de3,35.551152816267354,139.67694640159607,148,8,30,47,20,<a_30><b_47><c_20>
4d30203b96fe6ea856031244,35.67359843176671,139.73702402040104,42,2,30,60,61,<a_30><b_60><c_61>
4b6ea359f964a520dfc42ce3,35.704755084634776,139.58095930167033,7,3,48,10,55,<a_48><b_10><c_55>
4b5d9956f964a520fa6229e3,35.693774484427365,139.69422519207,150,3,48,10,46,<a_48><b_10><c_46>
4fc391330cd636c43e535d22,35.68630240145625,139.69961643218994,156,12,8,30,18,<a_8><b_30><c_18>
4eeea60646907303c06bcf8c,35.67763020440388,139.67734068632126,308,1,30,58,11,<a_30><b_58><c_11>
4b85e917f964a5200c7931e3,35.69458482569571,139.74813222885132,322,21,61,38,57,<a_61><b_38><c_57>
4b661825f964a52058132be3,35.723451274915966,139.62544804958944,157,2,30,15,34,<a_30><b_15><c_34>
4ffee5dde4b04497d91e7c4c,35.66924001590465,139.55346003059444,6,13,63,42,43,<a_63><b_42><c_43>
4f6120f4e4b00c2afffaaa29,35.6860704382547,139.73043846509788,249,3,30,47,59,<a_30><b_47><c_59>
4b83685cf964a520880531e3,35.62536684186348,139.77207362651825,291,8,24,11,49,<a_24><b_11><c_49>
4b754431f964a52084032ee3,35.63660723861222,139.62090969085693,47,4,48,16,57,<a_48><b_16><c_57>
4be543b2d4f7c9b63a332520,35.63079103203619,139.77922439575195,320,7,24,58,2,<a_24><b_58><c_2>
4b628174f964a520dd492ae3,35.68873144981955,139.78714495897293,47,1,30,58,59,<a_30><b_58><c_59>
5000f1ffe4b025b257f698b2,35.698961,139.770433,236,7,11,2,3,<a_11><b_2><c_3>
4b595868f964a520ae8528e3,35.69920709882033,139.75462317466736,200,8,9,26,1,<a_9><b_26><c_1>
4ff41852e4b0211bc16088ae,35.67983619744879,139.76510524749756,153,7,16,25,37,<a_16><b_25><c_37>
4c00de9b8c1076b02aca2071,35.86049113090917,139.65196712348688,369,10,44,43,36,<a_44><b_43><c_36>
4b517c79f964a520294e27e3,35.66421427503879,139.5486254990101,269,2,30,29,53,<a_30><b_29><c_53>
4b676886f964a5200f4d2be3,35.63743966381126,139.58916058189536,157,3,8,49,57,<a_8><b_49><c_57>
4fb71cf0e4b0363b11e52277,35.624573911435455,139.7752496418747,302,10,61,58,45,<a_61><b_58><c_45>
4b78e19df964a52063e52ee3,35.85998990640277,139.65333723436112,39,6,61,50,57,<a_61><b_50><c_57>
4d466276019d59419489c18d,35.66759516229447,139.90628600120544,38,7,10,6,1,<a_10><b_6><c_1>
4b6ea493f964a52007c52ce3,35.694896325659066,139.76250618696213,277,4,8,53,39,<a_8><b_53><c_39>
4d6898902acd6ea8479b2fc0,35.70189330900192,139.7403070931837,298,8,19,9,41,<a_19><b_9><c_41>
4c2969f6ce3fc928e9cc6e88,35.66240882478335,139.7317573428154,150,7,10,11,17,<a_10><b_11><c_17>
4b6d2968f964a5207a692ce3,35.65606038717687,139.79755054560445,39,8,48,2,33,<a_48><b_2><c_33>
4c425c70ce54e21e499f0c1a,35.55375836435618,139.7872817516327,272,4,48,25,46,<a_48><b_25><c_46>
4b5bc814f964a520e31529e3,35.60323132932962,139.6528333425522,118,5,10,10,19,<a_10><b_10><c_19>
4b7f8b41f964a520c43330e3,35.660678517911784,139.72914218902588,141,3,30,23,59,<a_30><b_23><c_59>
4b851ccbf964a520804c31e3,35.775242237651504,139.77162837982178,288,2,8,34,39,<a_8><b_34><c_39>
4e3a6ebb2271ead2c0efd920,35.67038995075908,139.7071254958307,155,2,10,2,57,<a_10><b_2><c_57>
4fd58789e4b013c5817a38db,35.638726081253246,139.73987102508545,78,25,44,10,61,<a_44><b_10><c_61>
5005d1a6e4b004dc66e569ba,35.68842280329748,139.748849921483,289,14,48,1,22,<a_48><b_1><c_22>
4b592b24f964a520ee7f28e3,35.681587875893094,139.768608212471,90,3,34,23,19,<a_34><b_23><c_19>
4e608dc3091afcffd97a0b73,35.681820994378654,139.7721192240715,24,1,30,58,9,<a_30><b_58><c_9>
4b6688dbf964a5208d232be3,35.72250607,139.7947705,320,2,30,28,55,<a_30><b_28><c_55>
4f30a5b6e4b0a160e6e3a677,35.691374,139.76911,232,1,30,58,31,<a_30><b_58><c_31>
50063f53e4b07b3268e48b16,35.65155029420435,139.54986157711582,33,4,10,30,37,<a_10><b_30><c_37>
4c67a796b80abe9a87c6d0e5,35.70150461446279,139.77131566501237,234,6,9,13,33,<a_9><b_13><c_33>
4ba5abc1f964a520e81a39e3,35.73448612045241,139.809490442276,186,14,10,51,13,<a_10><b_51><c_13>
4d64ee49072a6ea89c2ff74d,35.69502157879785,139.74884569644928,289,12,10,25,9,<a_10><b_25><c_9>
4ed03c039adf254456bfafcb,35.65808251805014,139.57532656123317,320,6,29,1,5,<a_29><b_1><c_5>
4fee93c6e4b0a516c14de4b2,35.80389082150764,139.71859129732107,159,3,30,18,35,<a_30><b_18><c_35>
4c3934193849c92845fec0b1,35.6951119787671,139.8134869337082,7,2,10,4,14,<a_10><b_4><c_14>
4b5af493f964a5201edc28e3,35.52674296838259,139.70595717430115,184,8,61,10,22,<a_61><b_10><c_22>
5003c391e4b0a7c21378d0ad,35.700255507082375,139.7699777446139,149,12,63,19,2,<a_63><b_19><c_2>
5013db35e4b05355709e6b34,35.65722941558996,139.61461024538502,6,18,51,19,42,<a_51><b_19><c_42>
4cf073097e0da1cd73b78b97,35.82108422330816,139.56520557403564,320,7,61,43,51,<a_61><b_43><c_51>
4eafe2d49911374b1703603b,35.859387548727035,139.656974410294,80,1,30,3,16,<a_30><b_3><c_16>
50068d33e4b09db42e109224,35.69191360473633,139.78274536132812,297,5,14,2,51,<a_14><b_2><c_51>
4b63d7a7f964a520e2932ae3,35.62055490114128,139.68010810806933,289,8,10,49,29,<a_10><b_49><c_29>
4b6a4598f964a52029d02be3,35.66191766290159,139.72977496108524,320,14,31,8,18,<a_31><b_8><c_18>
4f856128e4b0da77740e2976,35.70877848855089,139.81449403392892,274,4,10,33,58,<a_10><b_33><c_58>
4fb887fae4b002b8bb7b72ac,35.69874038173285,139.77299305282983,242,4,30,46,59,<a_30><b_46><c_59>
4b05879af964a520c19b22e3,35.65301696037888,139.76220790066373,291,8,31,46,13,<a_31><b_46><c_13>
4fb5ba6be4b05ee27ddb27ff,35.728673,139.730354,236,2,30,3,9,<a_30><b_3><c_9>
4b5bf0e3f964a5202f1e29e3,35.77156359088422,139.63649455351143,269,3,30,58,15,<a_30><b_58><c_15>
4cc82b7d8c5b236a9f9cfd6d,35.689103425358816,139.72226165235045,42,4,30,47,10,<a_30><b_47><c_10>
4b824fd8f964a52095cf30e3,35.69214070683648,139.74647998809814,152,7,30,35,6,<a_30><b_35><c_6>
4cc12089aa5776b01ac17544,35.685215,139.784059,33,1,30,2,59,<a_30><b_2><c_59>
4bac59a2f964a5206df13ae3,35.614818,139.750223,91,8,24,41,56,<a_24><b_41><c_56>
4c3bb33316cb2d7f864f03a9,35.663363310511734,139.76279318332672,289,6,30,44,34,<a_30><b_44><c_34>
4d3cbab214aa8cfa6b9cac5e,35.68882076767683,139.69185948371887,299,10,30,58,9,<a_30><b_58><c_9>
4b5cec0df964a520ec4a29e3,35.75233294365008,139.59446116853644,68,10,61,16,1,<a_61><b_16><c_1>
4d9e85f59bf0a35d4a56fd0a,35.61989962871696,139.7288470656767,31,6,8,53,39,<a_8><b_53><c_39>
4dbfbd1d93a0b5a1561bfdad,35.67542594218785,139.84046308768643,299,8,18,4,35,<a_18><b_4><c_35>
5016cc31067d7f455bc7f416,35.675435044619505,139.8411512374878,47,12,40,2,50,<a_40><b_2><c_50>
4d241c75f39ca143fbdc72b8,35.675077712647415,139.7961384057999,289,7,30,62,49,<a_30><b_62><c_49>
4b9d4e0cf964a52011a236e3,35.67619328033399,139.81587409973145,248,7,48,49,62,<a_48><b_49><c_62>
501a7100e4b0265f38a0bf8b,35.688404707666365,139.71195791829453,157,10,31,16,14,<a_31><b_16><c_14>
4ea3c5c76da1455caced020e,35.620312013635775,139.72883209974077,296,2,30,23,25,<a_30><b_23><c_25>
4c1f12b863750f4749a9ba67,35.619288172228394,139.7288203239441,78,53,20,59,8,<a_20><b_59><c_8>
501532b0e4b0b960188601db,35.5684194290971,139.55330335525144,78,11,61,8,56,<a_61><b_8><c_56>
4bebfa31a9900f471e611840,35.69752333289438,139.8135969042778,299,5,27,42,44,<a_27><b_42><c_44>
50167c96e4b0c7c30e1fdf44,35.700514007759885,139.7752869129181,236,7,48,60,23,<a_48><b_60><c_23>
4ca328bbd7c3370461289e62,35.6888366443045,139.8276695287012,30,7,16,47,61,<a_16><b_47><c_61>
4b66667bf964a52045202be3,35.685459297423975,139.7886349260807,31,2,30,8,49,<a_30><b_8><c_49>
4f9a0e3ee4b0f4da80d96981,35.68619155883789,139.76632690429688,297,8,61,47,36,<a_61><b_47><c_36>
4b793061f964a52063ee2ee3,35.664141273315934,139.745192527771,150,3,48,22,40,<a_48><b_22><c_40>
5022f76ae4b0e35231520bc5,35.631580479931,139.79297083758186,274,73,13,11,26,<a_13><b_11><c_26>
4c55096406901b8d45b1c44c,35.70435858811599,139.58012828921284,149,5,48,10,46,<a_48><b_10><c_46>
4f214cbce4b0467cd78e49af,35.70666662905918,139.76846515592013,129,18,61,51,5,<a_61><b_51><c_5>
4b8892c0f964a520aa0132e3,35.63226038354538,139.78955626487732,291,4,48,34,33,<a_48><b_34><c_33>
4b83d154f964a520ea1131e3,35.658782546677315,139.6991202235222,54,5,30,58,21,<a_30><b_58><c_21>
4b058799f964a520959b22e3,35.670580269104704,139.72784934488865,291,16,10,2,3,<a_10><b_2><c_3>
4e86e5d49adf3873b412c3db,35.62947504987395,139.72612831601205,134,8,9,8,50,<a_9><b_8><c_50>
4fb75189e4b0cbfabc701eb6,35.644198075501144,139.8613984675617,138,25,49,50,48,<a_49><b_50><c_48>
5025ef85e4b063baa09c06df,35.66125540732433,139.6977759535382,294,26,61,51,61,<a_61><b_51><c_61>
500398c0e4b04575fea906c5,35.70027046928828,139.77050191799904,236,13,21,51,15,<a_21><b_51><c_15>
4cb53089e262b60ca81366e0,35.704905064890234,139.57950711250305,39,5,10,28,51,<a_10><b_28><c_51>
4b5a9196f964a520bbcb28e3,35.696706486681606,139.7690507769585,33,2,30,58,51,<a_30><b_58><c_51>
4e4630e4e4cd9d94fb1ee400,35.730348517429405,139.71127467259709,78,3,30,30,16,<a_30><b_30><c_16>
4dee450cd22deb0316f26bd1,35.67118181880524,139.76535201072693,356,5,35,61,47,<a_35><b_61><c_47>
4d37e9bcb8d5a0902b05ff1f,35.639759323645826,139.87439453601837,283,6,61,16,47,<a_61><b_16><c_47>
502251d5e4b04afbc68c1627,35.67001388516933,139.76949334144592,42,2,48,17,57,<a_48><b_17><c_57>
4bae0427f964a520387b3be3,35.64273716666667,139.66747178999998,54,4,16,18,46,<a_16><b_18><c_46>
50134169e4b06bc0bd580ffc,35.62551789703583,139.5720526547128,357,4,30,16,12,<a_30><b_16><c_12>
50023919e4b05e79b0f233cf,35.71246467942766,139.76851507572445,320,5,30,31,46,<a_30><b_31><c_46>
4b73ceb3f964a52086bc2de3,35.699349,139.74486505,236,1,30,41,33,<a_30><b_41><c_33>
4e9d3c7c82310f9e5f6a8122,35.538446828520414,139.74464535713196,47,3,30,20,33,<a_30><b_20><c_33>
4dd213d6fa767fb7078ae061,35.68938520321737,139.8263398834324,289,3,48,22,40,<a_48><b_22><c_40>
4b5bb616f964a520801129e3,35.75198916807895,139.54359769821167,88,3,30,17,57,<a_30><b_17><c_57>
500e310ce4b0f98ca1f58538,35.65645555429571,139.7138181819427,239,5,49,4,12,<a_49><b_4><c_12>
4c066607191f20a1d26ee414,35.80941738933424,139.57923889160156,68,36,61,16,54,<a_61><b_16><c_54>
4b5fd8d5f964a520aace29e3,35.77056008686252,139.74689374471416,47,5,9,14,36,<a_9><b_14><c_36>
4bceb3f9cc8cd13a3cc5c4cf,35.707613,139.665155,33,3,30,27,21,<a_30><b_27><c_21>
4d230ddbf7a9a1437da9449f,35.64209917086044,139.67305540671236,31,3,10,2,3,<a_10><b_2><c_3>
4b74d0dff964a5209cf32de3,35.58138418324621,139.64065074920654,236,3,30,23,38,<a_30><b_23><c_38>
4ebb5930b803cf8e0e92a672,35.685617087176496,139.7302838131227,248,1,30,34,40,<a_30><b_34><c_40>
4d3827b3fe80a1cd951b829f,35.6719037337128,139.7677912426681,236,2,30,6,59,<a_30><b_6><c_59>
4d2028ec6e8c3704f411f79f,35.70261558988855,139.73687434056458,298,4,48,13,51,<a_48><b_13><c_51>
4ed6ffadcc21a6423eddfac1,35.63603610063435,139.6096658706665,274,6,61,26,47,<a_61><b_26><c_47>
4daa3be34df01c19b18640dc,35.811696063067295,139.5765157609177,47,10,48,52,46,<a_48><b_52><c_46>
4bd197449854d13ab1c2f94d,35.66897667604681,139.74141597747803,320,8,30,21,55,<a_30><b_21><c_55>
4f2ca51ae4b00ef1a4516ea3,35.729485619538934,139.71783814696948,253,9,20,14,22,<a_20><b_14><c_22>
4b5bccc4f964a520e51629e3,35.645816855431136,139.71294438161465,109,1,30,34,40,<a_30><b_34><c_40>
4b57ea40f964a5202a4628e3,35.68933924497065,139.7785297036171,47,11,31,7,63,<a_31><b_7><c_63>
4f0c1c0ce4b03e74956e529e,35.65910944,139.743948,320,9,30,3,38,<a_30><b_3><c_38>
4b5be6c3f964a5206d1c29e3,35.71246155894786,139.77452572676046,178,3,48,2,12,<a_48><b_2><c_12>
4d57ecce577aa093699b4bb9,35.68986207580387,139.77737367153168,320,11,61,5,36,<a_61><b_5><c_36>
4b8c8aa5f964a520ced532e3,35.65627630872574,139.73716735839844,289,10,61,0,47,<a_61><b_0><c_47>
5031d1d4e4b04de6f4c2ad71,35.65140497738442,139.73710135513124,6,38,31,50,41,<a_31><b_50><c_41>
501a5de5e4b0960fbbd9d08a,35.690572634267426,139.6998451915852,360,10,61,50,43,<a_61><b_50><c_43>
4d47d2f1847e6dcbf3ad97c4,35.66232601498133,139.8557960987091,153,4,30,31,55,<a_30><b_31><c_55>
4b5e58f8f964a520ae8a29e3,35.64244251889299,139.71329949665736,320,3,30,44,36,<a_30><b_44><c_36>
4c70b4b2932aef3b5ee82477,35.67978172921902,139.7696167230606,146,22,18,42,23,<a_18><b_42><c_23>
4eb39dc829c212fb6b993466,35.66089482628954,139.70361488113437,50,5,30,58,31,<a_30><b_58><c_31>
502f7892e4b0fdd339b60d0b,35.66257,139.733259,150,6,30,16,31,<a_30><b_16><c_31>
50021a9fe4b0ed54498a8615,35.5646940473361,139.7276298485697,152,7,35,25,31,<a_35><b_25><c_31>
4eaea2810aaf9e9a249cf6a2,35.59469742022801,139.76078798947415,90,4,49,33,4,<a_49><b_33><c_4>
4c78a6cc81bca0938f08fb14,35.650474610959705,139.70171928405762,157,1,30,29,46,<a_30><b_29><c_46>
4df9e1e0c65bde78179bcc7d,35.72363404048964,139.67586278915405,299,2,30,17,42,<a_30><b_17><c_42>
4d353f9fc75a6ea84a9726ae,35.65189565178466,139.74500477313995,289,9,44,2,7,<a_44><b_2><c_7>
4b9b327ff964a52047f935e3,35.65416664920638,139.74514693021774,289,31,44,30,8,<a_44><b_30><c_8>
4e6870fbb3ad5d91975096c8,35.66469746486747,139.76366870102538,322,4,10,2,3,<a_10><b_2><c_3>
50456d1ce4b0cf6061e6ce00,35.701574526302295,139.7713597651901,150,8,9,16,33,<a_9><b_16><c_33>
4c306e223896e21e4487e590,35.65817785224812,139.5738438271561,33,6,4,24,57,<a_4><b_24><c_57>
4b8bba69f964a5209da832e3,35.639788167534306,139.6614090787631,47,2,30,58,9,<a_30><b_58><c_9>
4d8965186daeb60c94084fe0,35.674016864529634,139.77543935901826,90,12,61,50,31,<a_61><b_50><c_31>
4ce610d8e1eeb60c53db94ae,35.60864830335672,139.74829599753528,68,19,61,63,2,<a_61><b_63><c_2>
4d61b4385c39b1f74d06134a,35.610627,139.748905,298,3,10,39,19,<a_10><b_39><c_19>
4b948e72f964a520577d34e3,35.59465001128444,139.76038369287625,320,5,30,8,34,<a_30><b_8><c_34>
4fdebe75e4b044d93c219eaf,35.72322083441827,139.74990788069135,207,12,51,56,53,<a_51><b_56><c_53>
5035ed39e4b084f7d8fb370e,35.53701400756836,139.70278930664062,355,11,10,17,56,<a_10><b_17><c_56>
4c8bf913cf3ea1432efff051,35.54227412136079,139.71767854017793,135,2,30,53,16,<a_30><b_53><c_16>
4eab514e722efacf27bd8f64,35.677605148330144,139.7611141204834,103,6,30,16,27,<a_30><b_16><c_27>
50309fdce4b0265f8c143bcc,35.70192019052667,139.7705368630558,111,11,61,4,24,<a_61><b_4><c_24>
4ed0dbe293ad987b4d8d04a0,35.658085166623565,139.57525044679642,30,5,34,21,6,<a_34><b_21><c_6>
501b3957e4b002c187cdcc16,35.65964990462144,139.7025990486145,146,5,10,15,2,<a_10><b_15><c_2>
4db0bfffcda14b702a38163b,35.78050203737186,139.86712848272327,299,19,31,29,30,<a_31><b_29><c_30>
503ac6a7e4b07c3e085299b4,35.70746032536513,139.71666853842416,6,10,14,49,19,<a_14><b_49><c_19>
504296f8e4b029b249b129e8,35.73066966316824,139.71614234680476,251,5,27,10,46,<a_27><b_10><c_46>
4b5db78af964a520436829e3,35.671179176785564,139.70593864540118,342,4,48,49,57,<a_48><b_49><c_57>
4d415be3de17a0937c37006c,35.66369454490125,139.86185789108276,30,3,30,9,32,<a_30><b_9><c_32>
504f9ff3e88969c3957f6f8b,35.69134885725646,139.703049659729,7,25,44,37,44,<a_44><b_37><c_44>
4b5b1088f964a520b0e128e3,35.820573,139.571778,302,7,48,34,12,<a_48><b_34><c_12>
4cfc65ba084f548137278609,35.55248272508602,139.73753293467152,33,8,61,47,48,<a_61><b_47><c_48>
5028c06fe4b041e2a77de34a,35.71164219920488,139.77454070422522,298,5,61,53,14,<a_61><b_53><c_14>
4bf32d203f86c9b64ee3b11c,35.63595326348946,139.75150108337402,248,18,48,18,57,<a_48><b_18><c_57>
4f7ec44ae4b0f674852b57ec,35.66481867105209,139.85930859884047,140,5,51,30,46,<a_51><b_30><c_46>
4b723b7cf964a520f4742de3,35.70324973445169,139.75458025932312,298,5,48,50,30,<a_48><b_50><c_30>
4ffbbb98e4b095dbe1a7d709,35.74936453480226,139.80676097111055,236,6,48,10,25,<a_48><b_10><c_25>
4fcaa46ee4b0f59887a4a641,35.65404163092816,139.69374737965504,152,8,63,11,57,<a_63><b_11><c_57>
4b7d3318f964a5206fb22fe3,35.65783563384367,139.70830008387566,236,2,30,9,0,<a_30><b_9><c_0>
50729d07e4b07e253d512c49,35.75975757630673,139.8700862055994,6,14,51,51,43,<a_51><b_51><c_43>
4d86ffc8e83fa143161d9ba1,35.61219726070198,139.62819457054138,249,9,48,12,39,<a_48><b_12><c_39>
50015bffe4b0004dbe03a0de,35.709987495748095,139.66692049064517,54,11,35,45,51,<a_35><b_45><c_51>
507201f6e4b0fee14b0eac63,35.687323085041015,139.66229605244345,290,27,61,29,35,<a_61><b_29><c_35>
4b56fdbbf964a5200f2228e3,35.68821056959461,139.77955836737684,342,9,30,10,57,<a_30><b_10><c_57>
4ed062df9a52262b82c51d54,35.68743959743167,139.66192603111267,296,21,48,1,18,<a_48><b_1><c_18>
4be3b9ebb02ec9b6f24e50c0,35.79234334257586,139.79137276727332,320,20,9,45,34,<a_9><b_45><c_34>
50543f83e4b01f3aa51bacfa,35.56180479503798,139.72451209093234,360,20,31,61,6,<a_31><b_61><c_6>
4dbe23366e810768bf875d2c,35.7343380683153,139.80907201766968,195,18,48,38,57,<a_48><b_38><c_57>
5055b5d219a9bab7cbcf05a7,35.53656542049079,139.7036075592041,341,13,14,54,6,<a_14><b_54><c_6>
4eaf26ca7ee5df194f9a2ba2,35.68556303171938,139.73042848753892,78,4,61,8,35,<a_61><b_8><c_35>
4c253d6da852c928608ee46c,35.71113624275206,139.77434599747806,320,21,30,21,50,<a_30><b_21><c_50>
5074fd9ce4b091d9364bce9f,35.65879481523106,139.8556889992636,299,7,49,26,18,<a_49><b_26><c_18>
4d5fd26b5c39b1f7de4ffc49,35.68275128286119,139.70176219940186,289,7,30,34,40,<a_30><b_34><c_40>
4b63ba24f964a520718e2ae3,35.674916476965464,139.76215481758118,249,3,30,34,40,<a_30><b_34><c_40>
4e48d2bb81dc766f3e3d23bc,35.863827,139.652214,68,9,10,55,1,<a_10><b_55><c_1>
503d6169e4b0f03819e9ba38,35.624839295498994,139.71666853842416,6,11,51,15,36,<a_51><b_15><c_36>
505fc41bd63eb3d731139041,35.65596683736664,139.75566387176514,236,11,55,20,20,<a_55><b_20><c_20>
4b78c3adf964a52070e12ee3,35.67476795297995,139.76504075750282,33,2,30,49,40,<a_30><b_49><c_40>
4baded18f964a5201f733be3,35.55382066857774,139.64559528053385,118,2,30,58,9,<a_30><b_58><c_9>
4ff7d562e4b07a70b92e8380,35.73310982635617,139.71336433206957,356,2,2,34,49,<a_2><b_34><c_49>
4fe81ab0e4b09fd3745d5b33,35.72871083454514,139.5645452514319,152,8,48,4,21,<a_48><b_4><c_21>
4b7685b4f964a5203b502ee3,35.56479936193149,139.6406990289688,320,6,16,17,57,<a_16><b_17><c_57>
4b7b2ca3f964a520ec552fe3,35.59457273608474,139.76074805882342,336,3,10,10,50,<a_10><b_10><c_50>
505c5066e4b0b55be96c18f8,35.63924924362797,139.57907795906067,320,2,30,17,16,<a_30><b_17><c_16>
4c24795ff7ced13a9bdb226d,35.68933706650168,139.68382894992828,103,11,61,60,1,<a_61><b_60><c_1>
4f220e44e4b0085e478714d2,35.6243530688097,139.7300643077864,61,7,9,13,18,<a_9><b_13><c_18>
4dc36c36cc3f0ed9733d30ff,35.67999306574279,139.769868850708,15,21,18,54,51,<a_18><b_54><c_51>
4efab6659adf7bbf8b88a387,35.65701525642479,139.702328372783,78,15,20,59,49,<a_20><b_59><c_49>
4c6a2a1b8e7c0f47bea2e10f,35.706818,139.646496,184,6,48,25,22,<a_48><b_25><c_22>
506454bae4b0e9d02e688898,35.68597370737494,139.68603252931604,6,9,51,42,8,<a_51><b_42><c_8>
4fa0d9ffe4b0ac13ae59b280,35.70073853998405,139.77081143207448,349,7,48,57,45,<a_48><b_57><c_45>
50095b1ce4b078f59fa36967,35.67604033814789,139.78467632087802,47,8,40,34,21,<a_40><b_34><c_21>
505bea9ee4b033df3905fa31,35.700392030498534,139.77203607559204,236,7,20,15,41,<a_20><b_15><c_41>
4b563000f964a520510428e3,35.64036495070128,139.7045573410497,139,15,49,43,2,<a_49><b_43><c_2>
4d63c0496973a35deee7aaea,35.776251951127726,139.58557426929474,320,13,61,43,2,<a_61><b_43><c_2>
4df2ed4c18386ecb4e2ecdec,35.552524976859466,139.64728905746094,310,11,13,29,17,<a_13><b_29><c_17>
4ca7215144a8224bccd70940,35.62949565,139.755531,320,5,30,53,18,<a_30><b_53><c_18>
4c56a51bb7a31b8d89594eda,35.728833395469366,139.7155987035023,33,2,30,33,15,<a_30><b_33><c_15>
5065cfe1e4b07cd5b058dd15,35.70975112372884,139.72020237294475,307,14,31,31,22,<a_31><b_31><c_22>
5065ce69e4b08514ab7b5217,35.71127684553428,139.71953898355696,241,15,31,31,21,<a_31><b_31><c_21>
4e96cebef5b91722c7035ee6,35.65557018922335,139.7373926639557,87,8,51,43,51,<a_51><b_43><c_51>
500a467fe4b02a36e9c0a71b,35.71525445691788,139.8241889476776,152,2,10,33,57,<a_10><b_33><c_57>
4b7b4c88f964a5202f5d2fe3,35.702827184070124,139.84803646802902,0,5,10,10,1,<a_10><b_10><c_1>
50454f1ce4b0a0d1de04960f,35.620470120642864,139.57031097859092,85,13,31,13,41,<a_31><b_13><c_41>
4dbfe7ed432d4078bf71729f,35.60496922824849,139.67145978637268,156,1,30,23,55,<a_30><b_23><c_55>
4fc1aa91e4b09ab6884164b7,35.69076818701362,139.70027899283514,138,5,48,13,10,<a_48><b_13><c_10>
4b1f9625f964a520232724e3,35.65752404727952,139.703914073132,236,2,30,23,59,<a_30><b_23><c_59>
4e6aee3745ddadf2d0b3ee93,35.691808599457225,139.63375514618238,82,8,48,25,19,<a_48><b_25><c_19>
4b5a600af964a52005c128e3,35.689469023532986,139.76709736960547,320,10,48,4,41,<a_48><b_4><c_41>
4be686862468c928c2790143,35.82094736,139.5735591,236,5,30,22,49,<a_30><b_22><c_49>
4e7579361838f91889deecdf,35.816150359365544,139.73136139656572,264,19,44,11,59,<a_44><b_11><c_59>
5049d306e4b0dd0b0d605e0b,35.67673264552949,139.76420715103734,152,2,30,58,15,<a_30><b_58><c_15>
4ba31137f964a5205c2a38e3,35.71123856451719,139.7759735584259,249,2,30,34,40,<a_30><b_34><c_40>
4dab8f91cda1652a2ba69b16,35.66885742080033,139.82196828392216,68,8,48,34,14,<a_48><b_34><c_14>
4e7ec259f5b99d82baee78e2,35.686147406597975,139.47955830110723,262,21,8,25,63,<a_8><b_25><c_63>
50017911e4b07d578cf5a4f9,35.729652511434224,139.71802711486816,27,5,35,15,2,<a_35><b_15><c_2>
4d840d29509137040c5f775b,35.61233681730042,139.6285378932953,103,7,10,15,39,<a_10><b_15><c_39>
4b7cdb95f964a52093a72fe3,35.72693511052647,139.51340675354004,47,9,61,23,24,<a_61><b_23><c_24>
4fe04cd2e4b0dbb7f3efbe9e,35.846204289521964,139.67124938964844,47,10,51,15,43,<a_51><b_15><c_43>
50544260e4b06562e31468f3,35.69224918171448,139.7061780082776,78,9,53,61,56,<a_53><b_61><c_56>
50342860e4b0cb8fd900b652,35.775772804536714,139.726884066015,6,17,51,42,36,<a_51><b_42><c_36>
4f29f284e4b02271ae67d20f,35.73467840882071,139.80874909160926,206,9,30,31,9,<a_30><b_31><c_9>
4f8fd9d1e4b067570143afb7,35.612940315396045,139.50805415051212,299,2,30,58,59,<a_30><b_58><c_59>
4bc5892969369521de2d8488,35.703629,139.647352,33,3,30,9,33,<a_30><b_9><c_33>
4fd2d67ce4b0a071e0f308fc,35.6275837049015,139.73807178983688,360,16,61,50,2,<a_61><b_50><c_2>
4e0e9ff5c65ba20da222d1df,35.660606691281714,139.90117990071732,299,3,10,61,36,<a_10><b_61><c_36>
4c6daab1c524370400d528eb,35.60784035570243,139.72902417182922,320,8,30,8,46,<a_30><b_8><c_46>
4b55d254f964a52087f127e3,35.70310598044952,139.64880466461182,47,4,10,0,30,<a_10><b_0><c_30>
4e6daae214955284ba5d867f,35.65904182862774,139.70271232777344,201,8,19,36,12,<a_19><b_36><c_12>
4b5a9aecf964a5206ecd28e3,35.674098189178814,139.76025391924335,90,11,48,61,47,<a_48><b_61><c_47>
4df2cdd845dd4e26933ea5c5,35.80854293366903,139.8398133486165,10,20,51,51,8,<a_51><b_51><c_8>
508a5ac1e4b0cc3702c2c970,35.700234688476456,139.77019240553622,152,6,12,2,51,<a_12><b_2><c_51>
50475f0be4b0a2da2103a692,35.57428451702875,139.66327273550937,360,5,48,53,21,<a_48><b_53><c_21>
4c6e463610faa1434349f068,35.51481034589086,139.66429710388184,299,6,30,9,14,<a_30><b_9><c_14>
5066b1d5e4b08e43cfbdb193,35.65697370457544,139.54429507255554,194,8,16,18,26,<a_16><b_18><c_26>
4d6ba1f2c147721ec49343f5,35.686064,139.479524,320,3,30,55,17,<a_30><b_55><c_17>
4b77541ef964a52076922ee3,35.728871357683495,139.7099231660142,103,4,48,57,4,<a_48><b_57><c_4>
5066b188e4b08aab5f96aafc,35.656912682681714,139.54446673393247,194,8,61,0,13,<a_61><b_0><c_13>
4c776d385cd6b1f7571d3f94,35.664334420192326,139.87218288095096,251,7,48,0,15,<a_48><b_0><c_15>
4c2da0eee307d13a562a0eda,35.513059380110136,139.65837478637695,82,9,48,13,30,<a_48><b_13><c_30>
50612d22e4b0293cde221b5e,35.690071306569834,139.76800589568887,320,3,48,34,33,<a_48><b_34><c_33>
4bd6b9bbcfa7b713cdf127da,35.572749683688016,139.66810047626495,42,6,30,22,62,<a_30><b_22><c_62>
4fd6b885e4b0759f7360ee09,35.72406466110027,139.7506364862099,194,7,30,9,62,<a_30><b_9><c_62>
5087dd32e4b0d0efc69d8247,35.70084761227152,139.56364731287948,6,4,49,42,33,<a_49><b_42><c_33>
502dee03e4b078fb58c88cb9,35.69768932385541,139.76611897244226,103,2,30,4,25,<a_30><b_4><c_25>
4c4af51246240f47fd33a2f2,35.52932913223297,139.70073772865183,106,2,30,58,40,<a_30><b_58><c_40>
4bda813ac79cc928950d7fe9,35.57336842165813,139.75371569188954,258,8,30,33,42,<a_30><b_33><c_42>
4dc4829a1f6ef43b89fe57cc,35.815890475382034,139.7019875049591,320,5,48,5,50,<a_48><b_5><c_50>
5029d3e28055bcd858f0aa89,35.702056132756816,139.7529172897339,78,13,48,17,2,<a_48><b_17><c_2>
4c20312b920076b095f7c5e9,35.68443508071184,139.73404047363772,109,5,30,38,38,<a_30><b_38><c_38>
5088b9a9e4b023ef4957d11b,35.7502555847168,139.7501678466797,355,12,61,58,47,<a_61><b_58><c_47>
4da9609ffa8cc7649717a2c9,35.64358826802084,139.7483908129793,88,11,30,18,9,<a_30><b_18><c_9>
507608c9e4b065d50c23079f,35.63681901318398,139.49758832391444,289,3,30,15,62,<a_30><b_15><c_62>
5097ad0be4b03c3d305aca7a,35.7131536931629,139.77634801268266,283,31,44,11,2,<a_44><b_11><c_2>
4d26d5326e27a14323100924,35.70027876573162,139.47999715805054,320,6,30,25,31,<a_30><b_25><c_31>
4e5e3644814d9e0233e0151e,35.73003572718027,139.71511960029602,256,2,48,2,7,<a_48><b_2><c_7>
4f9bd6c5e4b08ea038fb2d6b,35.827036,139.80227,109,4,48,17,57,<a_48><b_17><c_57>
4e6dbef5d1647053b9cccb0f,35.69930142694057,139.50669239376984,237,7,48,15,52,<a_48><b_15><c_52>
4b63a396f964a52007892ae3,35.72240590300483,139.79162693023682,342,8,51,38,59,<a_51><b_38><c_59>
4ca28de1d7c337048e8b9962,35.68008892954844,139.76192951202393,68,8,48,4,57,<a_48><b_4><c_57>
4f35cc3fe4b0ea2d7c26c5ad,35.69345913287432,139.70743966610488,291,9,19,45,45,<a_19><b_45><c_45>
505a89cee4b043a9f0bb11a4,35.70940928025709,139.5226527820645,198,5,63,7,13,<a_63><b_7><c_13>
5089f33ee4b05789443b1f73,35.62456451882763,139.66265559196472,236,9,10,42,18,<a_10><b_42><c_18>
50889f48e4b08e1817997bb6,35.69669777361022,139.76901054382324,54,4,48,16,51,<a_48><b_16><c_51>
4b9c748af964a520fa6936e3,35.685073688734285,139.78338718414307,289,9,61,43,63,<a_61><b_43><c_63>
4b74ceaef964a52015f32de3,35.68923685686453,139.6967250108719,247,5,8,38,35,<a_8><b_38><c_35>
4cef93e27b94370470913353,35.67539172381494,139.76342347179843,356,1,30,38,46,<a_30><b_38><c_46>
4c43d1a5dd1f2d7f9b197ff9,35.783216,139.76092,150,2,30,38,19,<a_30><b_38><c_19>
4e4b90536284a0b024b4237d,35.68797769026027,139.66343745589256,141,16,48,56,46,<a_48><b_56><c_46>
4b931f7cf964a5206e3634e3,35.5876271449774,139.64728116989136,157,3,30,17,17,<a_30><b_17><c_17>
506e3bf6e4b0adf8de135fc7,35.70749267094753,139.66119979478205,52,4,30,14,43,<a_30><b_14><c_43>
508b67e1e4b09ddc7e3e4a6a,35.7349739074707,139.74844360351562,355,11,22,61,20,<a_22><b_61><c_20>
5072d4dee4b05fb6c4a9bb7d,35.68098977839691,139.76735694706835,78,2,10,42,1,<a_10><b_42><c_1>
4bb27af2a32876b0d5a800fe,35.69713342601256,139.57152485847473,135,1,30,6,59,<a_30><b_6><c_59>
4d6e822be277ba7a71a18287,35.69871046780678,139.5060682296753,290,14,44,2,14,<a_44><b_2><c_14>
4f31db587beb6b7533b1a584,35.70104983423335,139.76710081100464,342,2,8,34,46,<a_8><b_34><c_46>
4e7e9a75722e7b69f736a270,35.664925390249586,139.86049851512772,251,4,49,61,29,<a_49><b_61><c_29>
4b925636f964a520e9f233e3,35.661864,139.660203,236,2,30,3,21,<a_30><b_3><c_21>
50437fa7e4b06c0c2c93af24,35.53603192998399,139.74732040532055,6,7,21,33,46,<a_21><b_33><c_46>
4c466244f9652d7fe504152b,35.732768853377294,139.57708300272202,47,6,48,61,35,<a_48><b_61><c_35>
50657bf8e4b0679aca61ed7e,35.6680932649581,139.61305809874742,249,2,30,58,31,<a_30><b_58><c_31>
4b9c61b2f964a520696436e3,35.626280346605114,139.77070301771164,291,4,24,9,43,<a_24><b_9><c_43>
5070e52de4b0f322431b396a,35.53200628681955,139.6958812930276,236,3,30,58,1,<a_30><b_58><c_1>
4b587b03f964a520cd5928e3,35.85520921822732,139.6472543478012,249,2,30,4,18,<a_30><b_4><c_18>
4b5fe40ff964a520cdcf29e3,35.679433131668084,139.8222604393959,47,4,48,58,56,<a_48><b_58><c_56>
508e01cfe4b09ddc7fc368e0,35.65314666986842,139.54235315322876,236,2,30,58,55,<a_30><b_58><c_55>
4bdbd1be2a3a0f474adfb0b6,35.607731321002504,139.51151847839355,10,3,30,58,59,<a_30><b_58><c_59>
4b7a165cf964a52074222fe3,35.696845895694054,139.78007197380066,248,5,55,9,52,<a_55><b_9><c_52>
4bd942ed0115c9b6fcd77680,35.669937877346094,139.6157429801692,47,2,30,38,35,<a_30><b_38><c_35>
4b98f9f8f964a520c35935e3,35.66393136159599,139.7320099516008,261,3,30,38,31,<a_30><b_38><c_31>
50171f78e4b0e3bcfbea7d12,35.54844957089171,139.71533935249275,104,2,30,34,40,<a_30><b_34><c_40>
4d7eb4aa564b8cface6cf764,35.70630771272838,139.76975083351135,302,4,30,21,6,<a_30><b_21><c_6>
508efaefe4b0ae9e16f25268,35.669551936552395,139.73987102508545,68,17,14,10,46,<a_14><b_10><c_46>
4cb59b1c8db0a14380626316,35.65792767892501,139.66083604105685,320,19,48,10,33,<a_48><b_10><c_33>
4fdc8672e4b0d60dd872fbff,35.57766020476424,139.70031888276495,150,4,30,6,62,<a_30><b_6><c_62>
4b592a70f964a520d07f28e3,35.657549260419614,139.69789063230644,149,2,30,50,1,<a_30><b_50><c_1>
4b5851e2f964a520885228e3,35.62333812634651,139.7291884571314,249,6,48,15,51,<a_48><b_15><c_51>
50923e13e4b045f238b485ed,35.81564899018176,139.70362984069828,320,25,9,47,8,<a_9><b_47><c_8>
4fd8047ce4b0173fc1aba423,35.68293864644233,139.68672037124634,33,2,30,58,40,<a_30><b_58><c_40>
4b5d177bf964a520365229e3,35.626402825,139.723004,236,3,30,2,40,<a_30><b_2><c_40>
4d3ed17b6e0aa1cdf831f82c,35.65041410309922,139.6834328889401,302,4,10,10,12,<a_10><b_10><c_12>
508e145ee4b07e54b4895c20,35.59868481274909,139.65107532296017,207,1,30,3,55,<a_30><b_3><c_55>
4bacc2abf964a520f9093be3,35.65580181107076,139.6960458269287,16,6,30,2,35,<a_30><b_2><c_35>
4c555a0c728920a1d3404284,35.666304,139.710887,265,3,30,58,59,<a_30><b_58><c_59>
4cf8465dce1da1cd3e12c7e1,35.51520769191126,139.67824459075928,248,2,30,38,9,<a_30><b_38><c_9>
50964e09e4b08c7bec32b162,35.58651895543461,139.72798403621422,356,22,31,14,15,<a_31><b_14><c_15>
50523ff3e4127c7ce7474048,35.69134776804943,139.7068154811859,42,6,49,32,48,<a_49><b_32><c_48>
503a6607b0ed397ec7466bc3,35.74005057251864,139.7064547728103,6,4,30,15,25,<a_30><b_15><c_25>
507cd3ade4b071132438defb,35.68036244379114,139.7801874774194,90,5,49,3,9,<a_49><b_3><c_9>
505d82f4e4b071a17f4d28b8,35.66198107742602,139.6994861860598,59,5,30,3,61,<a_30><b_3><c_61>
5097c35c582feb73541cde49,35.732394,139.705407,29,2,8,2,57,<a_8><b_2><c_57>
4f9c9b5ae4b017646626814d,35.68168281085075,139.7659242932967,360,3,48,11,2,<a_48><b_11><c_2>
4b70d44ef964a52086302de3,35.78131,139.722481,33,1,30,31,55,<a_30><b_31><c_55>
4b554f0df964a5205be127e3,35.64782861789527,139.71073150634766,33,1,30,29,57,<a_30><b_29><c_57>
4eaa1dcd61af01ea2a3c1eca,35.688476392839746,139.6988828622369,201,5,61,7,57,<a_61><b_7><c_57>
509a0d24e4b05e37709ee244,35.64595,139.620838,156,7,10,19,62,<a_10><b_19><c_62>
4c14e5251b5cef3b6731eec4,35.69887556222005,139.506483660137,278,8,19,25,12,<a_19><b_25><c_12>
4b885821f964a520d6f031e3,35.610356835284044,139.75039064884186,291,4,10,58,40,<a_10><b_58><c_40>
4c3b50d4e927b713385f5eb2,35.52544631486378,139.62030351161957,139,9,24,42,44,<a_24><b_42><c_44>
4d4953a4f53c8cfad6691647,35.624735517741115,139.53030397856494,211,3,8,62,57,<a_8><b_62><c_57>
509b2c80498e0d95e9da4549,35.700677005881964,139.77294812161733,33,8,10,25,46,<a_10><b_25><c_46>
4db083ff93a061576842d636,35.661023411631206,139.66764309183554,298,8,21,10,9,<a_21><b_10><c_9>
509229a1e4b078f92c25a7ca,35.730324125586016,139.71122978811923,224,7,48,26,7,<a_48><b_26><c_7>
5095e268e4b087ea4402b37f,35.560652315091694,139.72356432512888,360,13,61,16,31,<a_61><b_16><c_31>
4cb24ddebabebfb7ca24a4ab,35.744463800835014,139.5816310868002,194,5,10,2,3,<a_10><b_2><c_3>
4d6ee15c5b5ca1cd68bd6444,35.54092878504995,139.70863652052253,302,2,30,33,55,<a_30><b_33><c_55>
4e831c2c30f8eeffd7caf194,35.55174638240904,139.67150688171387,242,22,31,46,18,<a_31><b_46><c_18>
4d6ccc5aa6ff721e999bba20,35.7478096855821,139.5821464061737,47,5,30,33,32,<a_30><b_33><c_32>
5049fef7e4b0f680c880cb5d,35.68106297770911,139.76899930000351,294,4,7,7,17,<a_7><b_7><c_17>
4b639c84f964a520ec862ae3,35.65395411326579,139.66350195938656,47,6,30,29,59,<a_30><b_29><c_59>
4e75f32315209522b16d4707,35.744335323712534,139.58235025405884,141,13,10,56,3,<a_10><b_56><c_3>
4e266385628436bf4d67eecf,35.70165209017868,139.75399687886238,103,9,21,28,45,<a_21><b_28><c_45>
4ef4056499111bd0a9093117,35.789654,139.660975,149,2,30,38,46,<a_30><b_38><c_46>
50938cc6e4b03898aee1b373,35.699067106559404,139.7705218866004,289,10,44,34,33,<a_44><b_34><c_33>
5096f18de4b0625eb8c9bc01,35.6664292057684,139.758432127033,366,2,30,4,21,<a_30><b_4><c_21>
4babf996f964a520c8da3ae3,35.63722197034836,139.74688231945038,236,4,30,18,40,<a_30><b_18><c_40>
50475f90e4b09309f71daf65,35.57452901906063,139.6632328705781,360,3,10,6,22,<a_10><b_6><c_22>
5032da28e4b05fc6a86674d3,35.69323926572031,139.73653007837484,360,2,30,8,55,<a_30><b_8><c_55>
4f476b4de4b0b0b998ddc18a,35.68900692407419,139.7362706357267,155,3,48,34,61,<a_48><b_34><c_61>
4ebf9900f790741160b58d54,35.822971641699176,139.5751623640055,25,3,30,9,51,<a_30><b_9><c_51>
4deb5752ae60e9892370702a,35.6996446293738,139.50670730334352,30,4,10,33,12,<a_10><b_33><c_12>
4d1c542c1cb9a143dac2ad2b,35.6997865,139.5070285,320,3,30,33,5,<a_30><b_33><c_5>
4d93245eb327370450849125,35.749578,139.586345,146,5,30,38,36,<a_30><b_38><c_36>
4daa2c870437dccbd7ffe00b,35.658665953873545,139.7460763156414,142,3,30,14,6,<a_30><b_14><c_6>
4e8549a62c5b8b7034f65ce2,35.66023721154528,139.66736900068784,7,3,11,34,4,<a_11><b_34><c_4>
4b63c29cf964a5204d902ae3,35.68600611785052,139.70301747322085,291,1,30,58,31,<a_30><b_58><c_31>
509ba850e4b09c7ac93590f5,35.70036492238343,139.77365704026516,138,2,30,14,14,<a_30><b_14><c_14>
4c8aba226418a1434a9ae2ce,35.55183426514661,139.666561685064,320,6,10,8,16,<a_10><b_8><c_16>
50168a85e4b01059208cb5e9,35.65935824514092,139.702393196178,67,5,45,50,11,<a_45><b_50><c_11>
50a639cde4b08d8e7cb6cbf1,35.5308685161173,139.6993066841141,68,8,35,31,63,<a_35><b_31><c_63>
4e58678dd22d61e8f3492755,35.698516,139.77024,245,1,30,20,55,<a_30><b_20><c_55>
508fa121e4b05af79d873667,35.56408264457594,139.717119919795,78,3,48,21,18,<a_48><b_21><c_18>
4fd5b2a2e4b06a2d8e0be9c5,35.6728262069376,139.72418785355643,78,10,31,53,45,<a_31><b_53><c_45>
4f602769e4b05ba8a66c8ba8,35.65727881334467,139.75048184394836,322,4,30,23,47,<a_30><b_23><c_47>
50939aaeb0ed269171da0367,35.697699770577486,139.77038383483887,60,5,51,4,35,<a_51><b_4><c_35>
4d9c1d315b6c236a2892e6a1,35.70755118085022,139.76778625074664,129,3,48,50,61,<a_48><b_50><c_61>
4ecf62889adf254455ab0c99,35.65687781300722,139.75665628910065,68,3,34,2,14,<a_34><b_2><c_14>
4b771cc4f964a520a77e2ee3,35.72918540222114,139.71745409385508,269,2,30,4,42,<a_30><b_4><c_42>
50acbbfce4b0ecba4156e37e,35.74784259503435,139.56696801290445,148,6,9,45,50,<a_9><b_45><c_50>
4c6ab1268d22c9281867ba45,35.74627256074248,139.5854429908362,180,2,10,31,46,<a_10><b_31><c_46>
4b725fecf964a5202b792de3,35.666092,139.774613,55,2,30,21,10,<a_30><b_21><c_10>
5066576fe4b02149def730fd,35.70847457701688,139.77454070422522,45,2,34,2,61,<a_34><b_2><c_61>
4e756587b993a71aa3d48575,35.69234983223584,139.71550583839417,129,1,30,10,41,<a_30><b_10><c_41>
4b8d1940f964a520d6e732e3,35.6896529438818,139.77084517478943,44,2,30,34,35,<a_30><b_34><c_35>
4b87d346f964a520eccd31e3,35.694944,139.831264,302,6,48,16,44,<a_48><b_16><c_44>
50b1880ae4b0ec22e8b4e780,35.70243637464421,139.77047024030892,149,2,30,28,0,<a_30><b_28><c_0>
4bcbcb67937ca593ec4eaa92,35.697105108678734,139.78643149137497,33,4,30,46,23,<a_30><b_46><c_23>
4f25566ee5e8a60dfbc4ba14,35.69487672080215,139.7853934764862,129,8,44,13,11,<a_44><b_13><c_11>
500e32fde4b07f8ff60564a0,35.74762430373588,139.7192047977324,66,1,30,33,57,<a_30><b_33><c_57>
505c13c4e4b02c16f2596d0d,35.65594252269533,139.57305271925694,304,1,30,23,59,<a_30><b_23><c_59>
4f93f84cbe776df060b89c90,35.666622,139.75815,360,3,10,4,6,<a_10><b_4><c_6>
50af8ac2e4b01aeaf3155564,35.6480566347622,139.61461024538502,6,4,8,25,39,<a_8><b_25><c_39>
4d324354c75a6ea8d7880cae,35.69184444491538,139.60511684417725,104,4,48,31,46,<a_48><b_31><c_46>
4d19d89885fc6dcbfb8ec04e,35.78941839838211,139.6599867939949,231,1,30,58,15,<a_30><b_58><c_15>
50b9da5ce4b048d44544d7d9,35.75934603427093,139.68603252931604,6,5,48,13,34,<a_48><b_13><c_34>
50508a34e4b0eec17d921ad7,35.67631520759149,139.76070313687347,320,3,10,17,46,<a_10><b_17><c_46>
4fe5005ce4b0f0c8f2a462cb,35.692457725210375,139.78142574520786,360,4,30,62,6,<a_30><b_62><c_6>
50068d9ae4b042636d7fe03e,35.69220352172852,139.7828369140625,297,4,34,2,29,<a_34><b_2><c_29>
4cad91100e7bbfb7b05b5b83,35.61494909744324,139.70006972551346,317,1,30,6,31,<a_30><b_6><c_31>
50b70ef6e4b0620488dc757c,35.66338074393492,139.70242738723755,70,1,30,23,16,<a_30><b_23><c_16>
50b9f006e4b09b57e747fc8d,35.570636,139.669687,320,4,10,47,46,<a_10><b_47><c_46>
50ba15e1e4b0cbe642206289,35.754451751708984,139.69264221191406,302,1,30,62,26,<a_30><b_62><c_26>
50bcb364e4b03830336d538f,35.70454666304816,139.48219861389168,6,2,48,34,57,<a_48><b_34><c_57>
4b7005f2f964a520d6032de3,35.65777570227388,139.6912533044815,157,1,30,0,26,<a_30><b_0><c_26>
50206058e4b0a43459425d5e,35.62660406307914,139.63177289083794,68,3,30,31,14,<a_30><b_31><c_14>
5045f9d4e4b08098dafb8dfc,35.69176887503318,139.78226458642987,360,2,30,34,14,<a_30><b_34><c_14>
50b7f19ee4b0a653ad210bb0,35.69134157895707,139.60494429887822,104,2,30,47,34,<a_30><b_47><c_34>
4d6c70e3369ba093ebe9c74c,35.68849148113619,139.7031212176456,320,1,30,38,57,<a_30><b_38><c_57>
4c8f037bdaa93704488e51b1,35.77322196091063,139.5208582017125,8,1,30,38,22,<a_30><b_38><c_22>
4b6f35b6f964a52076e42ce3,35.66819222322196,139.77380365133286,249,2,30,38,31,<a_30><b_38><c_31>
50bfd199498e2bfc141a8ca6,35.738191351001504,139.71034706697165,251,2,30,15,14,<a_30><b_15><c_14>
4b84a3a0f964a520583f31e3,35.72887736485677,139.70875740051267,8,1,30,31,40,<a_30><b_31><c_40>
50078fa8e4b01a0b00f96f97,35.607053763965126,139.7348936129846,78,2,18,42,17,<a_18><b_42><c_17>
